native,name,p_value,intersection_size,query_size,term_size,intersections,evidences
GO:0005515,protein binding,8.902617740766589e-14,124,161,14907,"['CFLAR', 'ABCC8', 'RB1CC1', 'BOD1L1', 'PLEKHA5', 'PPP1R12A', 'SPEN', 'ROCK1', 'NEDD4', 'KDM5A', 'NOTCH3', 'RGS11', 'PLXNA2', 'PDS5B', 'MYH9', 'TNRC6B', 'PNN', 'ANKRD12', 'NDFIP2', 'FLT1', 'BLOC1S6', 'DMPK', 'ENG', 'ANKRD26', 'TASOR2', 'SHOC2', 'LUC7L3', 'VWF', 'TNS2', 'FRK', 'MDN1', 'CCDC88A', 'FN1', 'AAK1', 'SRSF11', 'CNN3', 'STK11', 'SLIRP', 'TSHZ3', 'CYREN', 'ATP7B', 'ACVR1C', 'ATP5F1E', 'MCEE', 'OMG', 'GNG13', 'ZNF835', 'CCNT1', 'RBBP8NL', 'THEMIS2', 'ZNF331', 'ANO1', 'DCAF15', 'COQ3', 'JCHAIN', 'RIDA', 'MPRIP', 'IRS4', 'RNF128', 'EPHB2', 'TGFBRAP1', 'RALGPS1', 'NCBP1', 'AMIGO2', 'HMG20A', 'MED9', 'SIRT3', 'SLC22A14', 'PAM', 'TRIM7', 'IRAK1BP1', 'GINS4', 'ADGRL3', 'TMEM86A', 'MBIP', 'PRKCA', 'ATP5MC3', 'RBM45', 'SLC6A1', 'KIT', 'SNX22', 'TENT5B', 'MITD1', 'VMA21', 'ZNF148', 'APEH', 'RNF180', 'EML5', 'RBPMS2', 'VPS39', 'RNF187', 'REEP4', 'IL13', 'CXCL10', 'CTNND2', 'RNF150', 'GPR37', 'PGAM1', 'P2RY6', 'CERS6', 'SYT12', 'NLRP13', 'GCSAM', 'RPL15', 'CHST1', 'FOXC2', 'MTURN', 'CIMAP1D', 'GBP6', 'LRIT3', 'SRARP', 'KRT76', 'C6orf120', 'AKAP14', 'HEPACAM2', 'SLC15A5', 'HLA-DRB1', 'CTSE', 'H2BC26', 'PDLIM7', 'ZNF772', 'BPIFA1', 'ETFRF1', 'NBPF1']","[['IPI', 'IEA'], ['IPI'], ['IDA', 'IPI', 'IBA', 'IEA'], ['IPI'], ['IPI', 'IEA'], ['IDA', 'IPI', 'IEA'], ['IPI'], ['IPI', 'NAS', 'IEA'], ['IDA', 'IPI', 'IMP', 'ISS', 'IEA'], ['IDA', 'IPI'], ['IPI', 'HDA', 'IEA'], ['IPI'], ['IPI', 'IEA'], ['IPI'], ['IDA', 'IPI', 'HDA', 'IBA', 'NAS', 'IEA'], ['IPI'], ['IPI'], ['IEA'], ['IPI'], ['IPI', 'IBA'], ['IDA', 'IPI', 'TAS'], ['IPI'], ['IPI', 'ISS', 'IEA'], ['IPI', 'IEA'], ['IPI'], ['IDA', 'IPI', 'IEA'], ['IPI'], ['IDA', 'IPI', 'IEA'], ['IPI', 'IEA'], ['IPI', 'IBA', 'IEA'], ['IPI'], ['IDA', 'IPI', 'ISS', 'IBA', 'IEA'], ['IDA', 'IPI', 'IMP', 'IBA', 'IEA'], ['IDA', 'IPI'], ['IPI'], ['HDA', 'IBA', 'IEA'], ['IDA', 'IPI', 'IEA'], ['IPI'], ['IPI'], ['IPI'], ['IPI'], ['IPI', 'IMP'], ['IPI'], ['IPI'], ['IEA'], ['IPI', 'IBA', 'IEA'], ['IPI'], ['IPI', 'IEA'], ['IPI'], ['IPI'], ['IPI'], ['IPI', 'ISS', 'IEA'], ['IPI'], ['IPI'], ['IDA', 'IMP', 'IBA', 'IEA'], ['IPI'], ['IPI', 'HDA', 'IBA', 'IEA'], ['IPI', 'IBA', 'IEA'], ['IPI'], ['IDA', 'IPI', 'IEA'], ['IDA', 'IPI'], ['IPI'], ['IPI', 'IEA'], ['IPI', 'IEA'], ['IPI'], ['IPI'], ['IPI', 'IEA'], ['IPI'], ['IPI', 'IEA'], ['IPI', 'IEA'], ['IPI'], ['IPI'], ['IPI'], ['IPI'], ['IPI'], ['IPI', 'ISS'], ['IPI'], ['IPI'], ['IPI'], ['IDA', 'IPI', 'IBA', 'IEA'], ['IPI'], ['IPI'], ['IPI'], ['IPI'], ['IPI'], ['IPI'], ['IPI', 'IBA', 'IEA'], ['IBA', 'IEA'], ['IPI', 'IEA'], ['IPI', 'IEA'], ['IPI'], ['IPI', 'ISS', 'IBA'], ['IPI', 'IBA', 'IEA'], ['IDA', 'IPI', 'IBA', 'TAS', 'IEA'], ['IPI', 'IBA', 'IEA'], ['IPI'], ['IPI', 'IEA'], ['IPI'], ['IPI'], ['IPI'], ['IBA'], ['IEA'], ['IPI'], ['IPI', 'HDA'], ['IPI'], ['IPI'], ['IPI'], ['IPI'], ['IPI'], ['IEA'], ['IPI', 'IBA'], ['IPI'], ['IPI'], ['IPI', 'IBA'], ['IPI'], ['IPI'], ['IDA', 'IPI'], ['IEA'], ['IEA'], ['IPI', 'IBA', 'IEA'], ['IPI'], ['IPI'], ['IPI'], ['IPI']]"
GO:0005488,binding,6.61363444474372e-12,134,161,18100,"['CFLAR', 'ABCC8', 'RB1CC1', 'BOD1L1', 'PLEKHA5', 'PPP1R12A', 'SPEN', 'ROCK1', 'NEDD4', 'KDM5A', 'NOTCH3', 'ZNF638', 'RGS11', 'PLXNA2', 'PDS5B', 'MYH9', 'TNRC6B', 'PNN', 'ANKRD12', 'NDFIP2', 'FLT1', 'BLOC1S6', 'DMPK', 'ENG', 'ANKRD26', 'TASOR2', 'SHOC2', 'LUC7L3', 'VWF', 'TNS2', 'FRK', 'MDN1', 'NKTR', 'CCDC88A', 'FN1', 'AAK1', 'SRSF11', 'CNN3', 'STK11', 'SLIRP', 'TSHZ3', 'CYREN', 'ATP7B', 'ACVR1C', 'ATP5F1E', 'MCEE', 'OMG', 'GNG13', 'ZNF835', 'HOXD13', 'CCNT1', 'RBBP8NL', 'THEMIS2', 'ZNF331', 'ANO1', 'DCAF15', 'COQ3', 'JCHAIN', 'RIDA', 'MPRIP', 'IRS4', 'RNF128', 'EPHB2', 'TGFBRAP1', 'RSAD1', 'RALGPS1', 'NCBP1', 'AMIGO2', 'HMG20A', 'MED9', 'ZCCHC2', 'SIRT3', 'SLC22A14', 'PAM', 'TRIM7', 'IRAK1BP1', 'GINS4', 'ADGRL3', 'TMEM86A', 'MBIP', 'PRKCA', 'ATP5MC3', 'RBM45', 'SLC6A1', 'KIT', 'SNX22', 'TENT5B', 'MITD1', 'VMA21', 'ZNF148', 'APEH', 'RNF180', 'EML5', 'RBPMS2', 'VPS39', 'ZNF91', 'RNF187', 'REEP4', 'IL13', 'CXCL10', 'CTNND2', 'RNF150', 'GPR37', 'PGAM1', 'P2RY6', 'CERS6', 'SYT12', 'NLRP13', 'GCSAM', 'RPL15', 'CHST1', 'FOXC2', 'PUS1', 'MTURN', 'ZNF678', 'CIMAP1D', 'GALNT9', 'GBP6', 'LRIT3', 'SRARP', 'ZNF93', 'KRT76', 'C6orf120', 'AKAP14', 'HEPACAM2', 'SLC15A5', 'HLA-DRB1', 'CTSE', 'H2BC26', 'PDLIM7', 'ZNF772', 'BPIFA1', 'ETFRF1', 'NBPF1']","[['IPI', 'IEA'], ['IPI', 'IEA'], ['IDA', 'IPI', 'IBA', 'IEA'], ['IPI'], ['IPI', 'IBA', 'IEA'], ['IDA', 'IPI', 'IEA'], ['IPI', 'HDA', 'IBA', 'IEA'], ['IPI', 'NAS', 'IEA'], ['IDA', 'IPI', 'IMP', 'ISS', 'IEA'], ['IDA', 'IPI', 'IMP', 'IEA'], ['IPI', 'HDA', 'IEA'], ['HDA', 'IBA', 'TAS', 'IEA'], ['IPI'], ['IPI', 'IEA'], ['IDA', 'IPI'], ['IDA', 'IPI', 'HDA', 'IBA', 'NAS', 'IEA'], ['IPI', 'HDA', 'IEA'], ['IPI', 'HDA', 'IEA'], ['IEA'], ['IPI'], ['IPI', 'IBA', 'IEA'], ['IDA', 'IPI', 'TAS'], ['IDA', 'IPI', 'IEA'], ['IDA', 'IPI', 'ISS', 'TAS', 'IEA'], ['IPI', 'IEA'], ['IPI'], ['IDA', 'IPI', 'IEA'], ['IPI', 'IMP', 'HDA', 'IBA', 'IEA'], ['IDA', 'IPI', 'IEA'], ['IPI', 'IEA'], ['IPI', 'IBA', 'IEA'], ['IPI', 'IEA'], ['IBA', 'TAS'], ['IDA', 'IPI', 'ISS', 'IBA', 'IEA'], ['IDA', 'IPI', 'IMP', 'IBA', 'NAS', 'IEA'], ['IDA', 'IPI', 'IBA', 'IEA'], ['IPI', 'HDA', 'IBA', 'IEA'], ['HDA', 'IBA', 'IEA'], ['IDA', 'IPI', 'IEA'], ['IPI', 'HDA', 'IEA'], ['IDA', 'IPI', 'IBA', 'IEA'], ['IPI', 'IEA'], ['IDA', 'IPI', 'IBA', 'IEA'], ['IPI', 'IMP', 'IC', 'IEA'], ['IPI'], ['IPI', 'IEA'], ['IEA'], ['IPI', 'IBA', 'IEA'], ['IPI', 'IBA', 'IEA'], ['IDA', 'IBA', 'TAS', 'IEA'], ['IDA', 'IPI', 'IEA'], ['IPI'], ['IPI'], ['IPI', 'IBA', 'NAS', 'IEA'], ['IPI', 'ISS', 'IEA'], ['IPI', 'IEA'], ['IPI'], ['IDA', 'IMP', 'IBA', 'NAS', 'IEA'], ['IDA', 'IPI', 'HDA', 'IEA'], ['IPI', 'HDA', 'IBA', 'IEA'], ['IPI', 'IBA', 'IEA'], ['IPI', 'IEA'], ['IDA', 'IPI', 'ISS', 'TAS', 'IEA'], ['IDA', 'IPI'], ['IDA', 'IBA', 'IEA'], ['IPI'], ['IPI', 'IMP', 'HDA', 'IBA', 'TAS', 'IEA'], ['IPI', 'IEA'], ['IPI', 'IEA'], ['IPI'], ['IEA'], ['IDA', 'IPI', 'IBA', 'IEA'], ['IPI'], ['IDA', 'IPI', 'ISS', 'IEA'], ['IPI', 'IEA'], ['IPI'], ['IPI'], ['IDA', 'IPI', 'IEA'], ['IPI'], ['IPI'], ['IPI', 'ISS', 'TAS', 'IEA'], ['IPI', 'IEA'], ['IDA', 'IPI', 'HDA', 'IBA', 'IEA'], ['IPI', 'IEA'], ['IDA', 'IPI', 'IBA', 'IEA'], ['IPI', 'IBA', 'IEA'], ['IPI'], ['IPI', 'IMP'], ['IPI'], ['IDA', 'IPI', 'IBA', 'IEA'], ['IPI', 'HDA'], ['IPI', 'IBA', 'IEA'], ['IBA', 'IEA'], ['IDA', 'IPI', 'IBA', 'IEA'], ['IPI', 'IEA'], ['NAS', 'IEA'], ['IPI', 'IEA'], ['IPI', 'ISS', 'IBA'], ['IPI', 'IBA', 'IEA'], ['IDA', 'IPI', 'IMP', 'IBA', 'TAS', 'IEA'], ['IPI', 'IBA', 'IEA'], ['IPI', 'IEA'], ['IPI', 'IEA'], ['IPI'], ['IPI'], ['IPI', 'IEA'], ['IBA'], ['IEA'], ['IPI'], ['IPI', 'HDA', 'IBA', 'TAS'], ['IPI'], ['IDA', 'IPI', 'ISS', 'IBA', 'IEA'], ['IDA', 'HDA', 'IEA'], ['IPI'], ['IBA', 'IEA'], ['IPI'], ['IEA'], ['IPI', 'IBA', 'IEA'], ['IEA'], ['IPI', 'IBA'], ['IBA', 'NAS', 'IEA'], ['IPI'], ['IPI'], ['IPI', 'IBA'], ['IPI'], ['IPI'], ['IDA', 'IPI', 'HDA', 'IBA'], ['IEA'], ['IEA'], ['IPI', 'IBA', 'IEA'], ['IPI', 'IBA', 'IEA'], ['IPI', 'IEA'], ['IPI'], ['IPI']]"
GO:0003674,molecular_function,7.095201493110838e-12,140,161,19739,"['CFLAR', 'TFPI', 'ABCC8', 'RB1CC1', 'BOD1L1', 'PLEKHA5', 'PPP1R12A', 'SPEN', 'ROCK1', 'NEDD4', 'KDM5A', 'NOTCH3', 'ZNF638', 'RGS11', 'PLXNA2', 'PDS5B', 'MYH9', 'TNRC6B', 'PNN', 'ANKRD12', 'NDFIP2', 'FLT1', 'BLOC1S6', 'SLC17A7', 'DMPK', 'ENG', 'ANKRD26', 'TASOR2', 'SHOC2', 'LUC7L3', 'VWF', 'TNS2', 'FRK', 'MDN1', 'NKTR', 'CCDC88A', 'FN1', 'AAK1', 'SRSF11', 'CNN3', 'STK11', 'SLIRP', 'TSHZ3', 'CYREN', 'ATP7B', 'ACVR1C', 'ATP5F1E', 'MCEE', 'OMG', 'GNG13', 'ZNF835', 'HOXD13', 'CCNT1', 'RBBP8NL', 'THEMIS2', 'ZNF331', 'ANO1', 'DCAF15', 'COQ3', 'JCHAIN', 'RIDA', 'MPRIP', 'IRS4', 'RNF128', 'EPHB2', 'TGFBRAP1', 'RSAD1', 'RALGPS1', 'NCBP1', 'AMIGO2', 'HMG20A', 'CHST4', 'MED9', 'ZCCHC2', 'SIRT3', 'SLC22A14', 'PAM', 'TRIM7', 'IRAK1BP1', 'GINS4', 'ADGRL3', 'TMEM86A', 'MBIP', 'PRKCA', 'ATP5MC3', 'RBM45', 'SLC6A1', 'KIT', 'SNX22', 'TENT5B', 'MITD1', 'VMA21', 'ZNF148', 'APEH', 'RNF180', 'EML5', 'OR2D2', 'RBPMS2', 'VPS39', 'ZNF91', 'RNF187', 'REEP4', 'IL13', 'CXCL10', 'CTNND2', 'RNF150', 'GPR37', 'PGAM1', 'P2RY6', 'CERS6', 'SYT12', 'NLRP13', 'GCSAM', 'RPL15', 'CHST1', 'FOXC2', 'PUS1', 'MTURN', 'ZNF678', 'CIMAP1D', 'GALNT9', 'GBP6', 'LRIT3', 'SRARP', 'ZNF93', 'KRT76', 'C6orf120', 'AKAP14', 'HEPACAM2', 'SLC15A5', 'HLA-DRB1', 'CTSE', 'H2BC26', 'PDLIM7', 'ZNF772', 'BPIFA1', 'GJC2', 'ETFRF1', 'NBPF1', 'OPN1MW3']","[['IDA', 'IPI', 'IBA', 'IEA'], ['IBA', 'TAS', 'IEA'], ['IDA', 'IPI', 'IMP', 'ISS', 'IBA', 'TAS', 'NAS', 'IEA'], ['IDA', 'IPI', 'IBA', 'IEA'], ['IPI'], ['IPI', 'IBA', 'IEA'], ['IDA', 'IPI', 'IMP', 'IBA', 'IEA'], ['IDA', 'IPI', 'HDA', 'IBA', 'IEA'], ['IDA', 'IPI', 'IBA', 'TAS', 'NAS', 'IEA'], ['IDA', 'IPI', 'IMP', 'ISS', 'IBA', 'TAS', 'IEA'], ['IDA', 'IPI', 'IMP', 'ISS', 'IBA', 'TAS', 'IEA'], ['IPI', 'IMP', 'HDA', 'IEA'], ['HDA', 'IBA', 'TAS', 'IEA'], ['IPI', 'IBA', 'TAS'], ['IPI', 'ISS', 'IBA', 'IEA'], ['IDA', 'IPI'], ['IDA', 'IPI', 'IMP', 'HDA', 'IBA', 'NAS', 'IEA'], ['IPI', 'HDA', 'IEA'], ['IPI', 'HDA', 'NAS', 'IEA'], ['IEA'], ['IPI'], ['IDA', 'IPI', 'IMP', 'IBA', 'TAS', 'IEA'], ['IDA', 'IPI', 'TAS', 'IEA'], ['IDA', 'ISS', 'IBA', 'TAS', 'IEA'], ['IDA', 'IPI', 'IBA', 'IEA'], ['IDA', 'IPI', 'ISS', 'TAS', 'NAS', 'IEA'], ['IPI', 'IEA'], ['IPI'], ['IDA', 'IPI', 'IBA', 'TAS', 'IEA'], ['IPI', 'IMP', 'HDA', 'IBA', 'IEA'], ['IDA', 'IPI', 'RCA', 'IEA'], ['IDA', 'IPI', 'IBA', 'IEA'], ['EXP', 'IDA', 'IPI', 'IBA', 'TAS', 'IEA'], ['IPI', 'IEA'], ['IDA', 'IBA', 'TAS', 'IEA'], ['IDA', 'IPI', 'ISS', 'IBA', 'IEA'], ['IDA', 'IPI', 'IMP', 'HDA', 'ISS', 'IBA', 'RCA', 'NAS', 'IEA'], ['IDA', 'IPI', 'ISS', 'IBA', 'TAS', 'IEA'], ['IPI', 'HDA', 'IBA', 'IEA'], ['HDA', 'IBA', 'IEA'], ['IDA', 'IPI', 'IBA', 'TAS', 'IEA'], ['IPI', 'HDA', 'IEA'], ['IDA', 'IPI', 'ISA', 'IBA', 'IEA'], ['IPI', 'IEA'], ['IDA', 'IPI', 'IMP', 'IBA', 'TAS', 'NAS', 'IEA'], ['IDA', 'IPI', 'IMP', 'IBA', 'TAS', 'IC', 'IEA'], ['IDA', 'IPI', 'IBA', 'IEA'], ['IDA', 'IPI', 'IBA', 'TAS', 'IEA'], ['IEA'], ['IPI', 'IBA', 'IEA'], ['IPI', 'IBA', 'IEA'], ['IDA', 'IMP', 'ISS', 'ISA', 'IBA', 'TAS', 'IEA'], ['IDA', 'IPI', 'IBA', 'IEA'], ['IPI'], ['IPI'], ['IPI', 'IBA', 'NAS', 'IEA'], ['IDA', 'IPI', 'IMP', 'ISS', 'IBA', 'TAS', 'IEA'], ['IPI', 'IEA'], ['IDA', 'IPI', 'IGI', 'IBA', 'TAS', 'IEA'], ['IDA', 'IMP', 'IBA', 'NAS', 'IEA'], ['IDA', 'IPI', 'HDA', 'ISS', 'IBA', 'TAS', 'IEA'], ['IPI', 'HDA', 'IBA', 'IEA'], ['IPI', 'IBA', 'IEA'], ['IPI', 'IBA', 'TAS', 'IEA'], ['IDA', 'IPI', 'ISS', 'IBA', 'TAS', 'IEA'], ['IDA', 'IPI'], ['IDA', 'IBA', 'IEA'], ['IDA', 'IPI', 'IBA', 'NAS', 'IEA'], ['EXP', 'IPI', 'IMP', 'HDA', 'IBA', 'TAS', 'IEA'], ['IPI', 'IEA'], ['IPI', 'IEA'], ['IDA', 'IBA', 'TAS', 'IEA'], ['IPI', 'IEA'], ['IEA'], ['IDA', 'IPI', 'IMP', 'ISS', 'IBA', 'TAS', 'IEA'], ['IDA', 'IPI', 'IEA'], ['IDA', 'IPI', 'ISS', 'IBA', 'IEA'], ['IDA', 'IPI', 'IBA', 'IEA'], ['IPI', 'IEA'], ['IPI'], ['IDA', 'IPI', 'IBA', 'TAS', 'NAS', 'IEA'], ['IDA', 'IPI', 'IBA', 'IEA'], ['IDA', 'IPI'], ['EXP', 'IDA', 'IPI', 'IMP', 'ISS', 'IBA', 'TAS', 'IEA'], ['IPI', 'IEA'], ['IDA', 'IPI', 'HDA', 'IBA', 'IEA'], ['IDA', 'IPI', 'IMP', 'ISS', 'IBA', 'TAS', 'IEA'], ['IDA', 'IPI', 'IBA', 'TAS', 'IEA'], ['IPI', 'IBA', 'IEA'], ['IDA', 'IPI', 'IBA', 'IEA'], ['IPI', 'IMP'], ['IPI'], ['IDA', 'IPI', 'IBA', 'IEA'], ['IDA', 'IPI', 'HDA', 'IBA', 'TAS', 'IEA'], ['IPI', 'IBA', 'IEA'], ['IBA', 'IEA'], ['IBA', 'NAS', 'IEA'], ['IDA', 'IPI', 'IBA', 'IEA'], ['IPI', 'IEA'], ['IDA', 'NAS', 'IEA'], ['IDA', 'IPI', 'IEA'], ['IPI', 'ISS', 'IBA'], ['IDA', 'IPI', 'IBA', 'IEA'], ['IDA', 'IPI', 'IMP', 'IBA', 'TAS', 'IEA'], ['IPI', 'IBA', 'IEA'], ['IPI', 'IBA', 'IEA'], ['IDA', 'IPI', 'IBA', 'TAS', 'IEA'], ['EXP', 'IDA', 'IPI', 'IMP', 'NAS', 'IEA'], ['IDA', 'IPI', 'IBA', 'TAS', 'IEA'], ['IDA', 'IPI', 'IBA', 'TAS', 'IEA'], ['IBA'], ['IEA'], ['IPI'], ['IDA', 'IPI', 'HDA', 'IBA', 'TAS', 'NAS', 'IEA'], ['IDA', 'IPI', 'IBA', 'TAS', 'IEA'], ['IDA', 'IPI', 'ISS', 'ISA', 'IBA', 'IEA'], ['EXP', 'IDA', 'IMP', 'HDA', 'IBA', 'IEA'], ['IPI'], ['IBA', 'IEA'], ['IPI'], ['IBA', 'TAS', 'NAS', 'IEA'], ['IPI', 'IBA', 'IEA'], ['IEA'], ['IPI', 'IBA'], ['IDA', 'IBA', 'NAS', 'IEA'], ['IPI', 'IBA'], ['IPI'], ['IPI', 'IBA'], ['IPI'], ['IPI', 'IBA', 'IEA'], ['IDA', 'IPI', 'HDA', 'IBA', 'TAS', 'NAS'], ['IDA', 'IBA', 'IEA'], ['IEA'], ['IPI', 'IBA', 'IEA'], ['IPI', 'IBA', 'IEA'], ['IPI', 'IEA'], ['IMP', 'IBA', 'IEA'], ['IDA', 'IPI'], ['IPI'], ['IBA', 'IEA']]"
GO:0005575,cellular_component,4.6646180479414425e-11,145,161,21548,"['CFLAR', 'TFPI', 'ABCC8', 'RB1CC1', 'BOD1L1', 'PLEKHA5', 'PPP1R12A', 'SPEN', 'ROCK1', 'NEDD4', 'KDM5A', 'NOTCH3', 'ZNF638', 'RGS11', 'PLXNA2', 'PDS5B', 'MYH9', 'TNRC6B', 'PNN', 'ANKRD12', 'NDFIP2', 'FLT1', 'BLOC1S6', 'SLC17A7', 'DMPK', 'ENG', 'ANKRD26', 'TASOR2', 'SHOC2', 'LUC7L3', 'VWF', 'TNS2', 'FRK', 'MDN1', 'NKTR', 'CCDC88A', 'FN1', 'AAK1', 'SRSF11', 'CNN3', 'STK11', 'SLIRP', 'TSHZ3', 'CCDC18', 'CYREN', 'ATP7B', 'ACVR1C', 'ATP5F1E', 'MCEE', 'OMG', 'GNG13', 'ZNF835', 'HOXD13', 'CCNT1', 'RBBP8NL', 'THEMIS2', 'ZNF331', 'ANO1', 'DCAF15', 'COQ3', 'JCHAIN', 'RIDA', 'MPRIP', 'IRS4', 'RNF128', 'EPHB2', 'TGFBRAP1', 'RSAD1', 'RALGPS1', 'NCBP1', 'AMIGO2', 'HMG20A', 'CHST4', 'MED9', 'ZCCHC2', 'SIRT3', 'SLC22A14', 'PAM', 'TRIM7', 'IRAK1BP1', 'GINS4', 'ADGRL3', 'TMEM86A', 'MBIP', 'PRKCA', 'ATP5MC3', 'RBM45', 'SLC6A1', 'KIT', 'SNX22', 'TENT5B', 'MITD1', 'VMA21', 'ZNF148', 'APEH', 'RNF180', 'EML5', 'OR2D2', 'RBPMS2', 'VPS39', 'ZNF91', 'RNF187', 'REEP4', 'IL13', 'CXCL10', 'CKAP2L', 'CTNND2', 'RNF150', 'GPR37', 'PGAM1', 'P2RY6', 'CERS6', 'SYT12', 'NLRP13', 'GCSAM', 'RPL15', 'CHST1', 'FOXC2', 'PUS1', 'MTURN', 'ZNF678', 'CIMAP1D', 'XKRX', 'GALNT9', 'GBP6', 'LRIT3', 'SRARP', 'ZNF93', 'KRT76', 'C6orf120', 'NKAIN3', 'AKAP14', 'HEPACAM2', 'SLC15A5', 'HLA-DRB1', 'CTSE', 'H2BC26', 'PDLIM7', 'ZNF772', 'BPIFA1', 'GJC2', 'ETFRF1', 'NBPF1', 'OPN1MW3', 'NBPF9']","[['IDA', 'IBA', 'TAS', 'IEA'], ['IDA', 'HDA', 'IBA', 'TAS', 'IEA'], ['IDA', 'IPI', 'ISS', 'IBA', 'TAS', 'IEA'], ['IDA', 'IPI', 'ISS', 'IBA', 'TAS', 'IEA'], ['IDA', 'IPI', 'IBA', 'TAS', 'IEA'], ['IDA', 'HDA', 'IBA', 'IEA'], ['IDA', 'HDA', 'ISS', 'IBA', 'TAS', 'IEA'], ['IDA', 'HDA', 'IBA', 'IEA'], ['ISS', 'IBA', 'TAS', 'IEA'], ['IDA', 'IPI', 'IMP', 'HDA', 'ISS', 'IBA', 'TAS', 'IEA'], ['IDA', 'IBA', 'TAS', 'IEA'], ['IDA', 'IBA', 'TAS', 'IEA'], ['IDA', 'IBA', 'TAS', 'IEA'], ['IDA', 'IBA', 'TAS'], ['ISS', 'IBA', 'TAS', 'IEA'], ['IDA', 'ISS', 'IBA', 'TAS', 'IEA'], ['IDA', 'HDA', 'ISS', 'IBA', 'TAS', 'IEA'], ['IBA', 'TAS', 'IEA'], ['IDA', 'HDA', 'IBA', 'TAS', 'IEA'], ['IDA', 'IBA', 'IEA'], ['IDA', 'IBA', 'IEA'], ['IDA', 'HDA', 'IBA', 'TAS', 'IEA'], ['IDA', 'IPI', 'IBA', 'TAS', 'IEA'], ['IDA', 'ISS', 'IBA', 'TAS', 'IEA'], ['IDA', 'ISS', 'TAS', 'IEA'], ['IDA', 'IPI', 'HDA', 'IBA', 'IEA'], ['IDA'], ['IDA', 'IBA'], ['IDA', 'IBA', 'TAS', 'NAS', 'IEA'], ['IDA', 'IBA', 'TAS', 'IEA'], ['IDA', 'HDA', 'IBA', 'TAS', 'NAS', 'IEA'], ['IDA', 'HDA', 'IBA', 'IEA'], ['IDA', 'HDA', 'IBA', 'TAS', 'IEA'], ['IDA', 'HDA', 'IBA', 'IEA'], ['IBA', 'IEA'], ['IDA', 'IBA', 'IEA'], ['IDA', 'IPI', 'HDA', 'TAS', 'NAS', 'IEA'], ['IDA', 'ISS', 'IBA', 'TAS', 'IEA'], ['IDA', 'IBA', 'TAS', 'IEA'], ['IDA', 'HDA', 'IBA'], ['IDA', 'IPI', 'HDA', 'ISS', 'IBA', 'TAS', 'IEA'], ['IDA', 'HTP', 'HDA', 'TAS', 'IEA'], ['IDA', 'ISA', 'IBA', 'IEA'], ['IDA', 'IEA'], ['IDA', 'ISS', 'IBA', 'IEA'], ['IDA', 'HTP', 'HDA', 'IBA', 'TAS', 'IEA'], ['IDA', 'IBA', 'TAS', 'IEA'], ['IDA', 'IMP', 'HTP', 'IBA', 'TAS', 'NAS', 'IC', 'IEA'], ['HTP', 'TAS', 'IEA'], ['TAS', 'IEA'], ['IBA', 'TAS', 'IEA'], ['IEA'], ['IDA', 'ISA', 'IEA'], ['IDA', 'IPI', 'IBA', 'TAS', 'IEA'], ['HDA'], ['IBA', 'IEA'], ['IEA'], ['IDA', 'HDA', 'ISS', 'IBA', 'TAS', 'IEA'], ['IDA', 'IBA'], ['IDA', 'IPI', 'HTP', 'IBA', 'TAS', 'IEA'], ['IDA', 'IMP', 'HDA', 'IBA', 'TAS', 'NAS', 'IEA'], ['IDA', 'HTP', 'HDA', 'ISS', 'IBA', 'TAS', 'IEA'], ['IDA', 'HDA', 'IBA', 'IEA'], ['IBA', 'TAS', 'IEA'], ['IBA', 'TAS', 'IEA'], ['IDA', 'ISS', 'IBA', 'TAS', 'IEA'], ['IDA', 'IBA', 'NAS', 'IEA'], ['HTP', 'IBA', 'IEA'], ['IBA', 'IEA'], ['IDA', 'IPI', 'IMP', 'IBA', 'TAS', 'NAS', 'IEA'], ['IBA', 'IEA'], ['IBA', 'NAS', 'IEA'], ['IDA', 'IBA', 'TAS', 'NAS', 'IEA'], ['IDA', 'IPI', 'IBA', 'TAS', 'IEA'], ['IDA'], ['IDA', 'IMP', 'HTP', 'IBA', 'TAS', 'IEA'], ['IDA', 'IEA'], ['HDA', 'ISS', 'IBA', 'IEA'], ['IDA', 'IBA', 'IEA'], ['IEA'], ['IDA', 'IPI', 'ISS', 'IBA', 'TAS', 'NAS', 'IEA'], ['IDA', 'ISS', 'IBA', 'TAS', 'NAS', 'IEA'], ['ISS', 'IBA', 'IEA'], ['IDA', 'ISO', 'IBA', 'TAS', 'NAS', 'IEA'], ['IDA', 'HDA', 'ISS', 'TAS', 'IEA'], ['HTP', 'TAS', 'NAS', 'IEA'], ['IDA', 'IBA', 'IEA'], ['IDA', 'ISS', 'IBA', 'TAS', 'IEA'], ['IDA', 'IBA', 'TAS', 'IEA'], ['IEA'], ['IDA', 'IEA'], ['IDA', 'IMP', 'HDA', 'IBA', 'IEA'], ['IDA', 'IBA', 'IEA'], ['IDA', 'IEA'], ['IDA', 'HDA', 'TAS', 'IEA'], ['IBA', 'IEA'], ['HDA', 'IEA'], ['IBA', 'NAS', 'IEA'], ['IDA', 'IBA', 'IEA'], ['IDA', 'HDA', 'IBA', 'TAS', 'NAS', 'IEA'], ['IDA', 'IBA', 'IEA'], ['IDA', 'IEA'], ['IDA', 'IBA', 'IEA'], ['IDA', 'ISS', 'IBA', 'TAS', 'IEA'], ['IDA', 'IBA', 'TAS', 'IEA'], ['IDA', 'IBA', 'IEA'], ['IDA', 'IBA', 'TAS', 'IEA'], ['IBA', 'IEA'], ['IDA', 'IBA', 'TAS', 'IEA'], ['IDA', 'HDA', 'TAS'], ['IBA', 'TAS', 'IC', 'IEA'], ['HDA', 'TAS', 'IEA'], ['IBA', 'IEA'], ['IBA'], ['IEA'], ['IDA', 'IPI', 'HDA', 'IBA', 'TAS', 'NAS', 'IEA'], ['TAS', 'NAS', 'IEA'], ['IDA', 'ISA', 'IC', 'IEA'], ['IDA', 'HTP', 'IBA', 'TAS', 'IEA'], ['IDA', 'IBA', 'IEA'], ['IEA'], ['IDA', 'IBA'], ['IEA'], ['IBA', 'TAS', 'IEA'], ['HDA', 'IBA', 'IEA'], ['IEA'], ['IDA', 'IBA'], ['IBA', 'TAS', 'IEA'], ['HDA', 'IBA', 'TAS', 'NAS', 'IEA'], ['TAS', 'IEA'], ['IEA'], ['IDA', 'IMP', 'IBA', 'IEA'], ['IDA', 'IBA', 'IEA'], ['IBA', 'IEA'], ['IDA', 'IMP', 'HDA', 'IBA', 'TAS', 'NAS', 'IEA'], ['IDA', 'IBA', 'IEA'], ['IDA', 'HDA', 'TAS', 'IEA'], ['IDA', 'IBA', 'TAS', 'IEA'], ['IBA', 'IEA'], ['IDA', 'IBA', 'TAS', 'IEA'], ['IMP', 'IBA', 'IEA'], ['IDA', 'HTP', 'IBA', 'IEA'], ['IEA'], ['IBA', 'IEA'], ['IEA']]"
GO:0110165,cellular anatomical structure,4.6646180479414425e-11,144,161,21073,"['CFLAR', 'TFPI', 'ABCC8', 'RB1CC1', 'BOD1L1', 'PLEKHA5', 'PPP1R12A', 'SPEN', 'ROCK1', 'NEDD4', 'KDM5A', 'NOTCH3', 'ZNF638', 'RGS11', 'PLXNA2', 'PDS5B', 'MYH9', 'TNRC6B', 'PNN', 'ANKRD12', 'NDFIP2', 'FLT1', 'BLOC1S6', 'SLC17A7', 'DMPK', 'ENG', 'ANKRD26', 'TASOR2', 'SHOC2', 'LUC7L3', 'VWF', 'TNS2', 'FRK', 'MDN1', 'NKTR', 'CCDC88A', 'FN1', 'AAK1', 'SRSF11', 'CNN3', 'STK11', 'SLIRP', 'TSHZ3', 'CCDC18', 'CYREN', 'ATP7B', 'ACVR1C', 'ATP5F1E', 'MCEE', 'OMG', 'GNG13', 'ZNF835', 'HOXD13', 'CCNT1', 'RBBP8NL', 'THEMIS2', 'ZNF331', 'ANO1', 'COQ3', 'JCHAIN', 'RIDA', 'MPRIP', 'IRS4', 'RNF128', 'EPHB2', 'TGFBRAP1', 'RSAD1', 'RALGPS1', 'NCBP1', 'AMIGO2', 'HMG20A', 'CHST4', 'MED9', 'ZCCHC2', 'SIRT3', 'SLC22A14', 'PAM', 'TRIM7', 'IRAK1BP1', 'GINS4', 'ADGRL3', 'TMEM86A', 'MBIP', 'PRKCA', 'ATP5MC3', 'RBM45', 'SLC6A1', 'KIT', 'SNX22', 'TENT5B', 'MITD1', 'VMA21', 'ZNF148', 'APEH', 'RNF180', 'EML5', 'OR2D2', 'RBPMS2', 'VPS39', 'ZNF91', 'RNF187', 'REEP4', 'IL13', 'CXCL10', 'CKAP2L', 'CTNND2', 'RNF150', 'GPR37', 'PGAM1', 'P2RY6', 'CERS6', 'SYT12', 'NLRP13', 'GCSAM', 'RPL15', 'CHST1', 'FOXC2', 'PUS1', 'MTURN', 'ZNF678', 'CIMAP1D', 'XKRX', 'GALNT9', 'GBP6', 'LRIT3', 'SRARP', 'ZNF93', 'KRT76', 'C6orf120', 'NKAIN3', 'AKAP14', 'HEPACAM2', 'SLC15A5', 'HLA-DRB1', 'CTSE', 'H2BC26', 'PDLIM7', 'ZNF772', 'BPIFA1', 'GJC2', 'ETFRF1', 'NBPF1', 'OPN1MW3', 'NBPF9']","[['IDA', 'IBA', 'TAS', 'IEA'], ['IDA', 'HDA', 'IBA', 'TAS', 'IEA'], ['IDA', 'IPI', 'ISS', 'IBA', 'TAS', 'IEA'], ['IDA', 'IPI', 'ISS', 'IBA', 'TAS', 'IEA'], ['IDA', 'IPI', 'IBA', 'TAS', 'IEA'], ['IDA', 'HDA', 'IBA', 'IEA'], ['IDA', 'HDA', 'ISS', 'IBA', 'TAS', 'IEA'], ['IDA', 'HDA', 'IBA', 'IEA'], ['ISS', 'IBA', 'TAS', 'IEA'], ['IDA', 'IPI', 'IMP', 'HDA', 'ISS', 'IBA', 'TAS', 'IEA'], ['IDA', 'IBA', 'TAS', 'IEA'], ['IDA', 'IBA', 'TAS', 'IEA'], ['IDA', 'IBA', 'TAS', 'IEA'], ['IBA', 'TAS'], ['ISS', 'IBA', 'TAS', 'IEA'], ['IDA', 'ISS', 'IBA', 'TAS', 'IEA'], ['IDA', 'HDA', 'ISS', 'IBA', 'TAS', 'IEA'], ['IBA', 'TAS', 'IEA'], ['IDA', 'HDA', 'IBA', 'TAS', 'IEA'], ['IDA', 'IBA', 'IEA'], ['IDA', 'IBA', 'IEA'], ['IDA', 'HDA', 'IBA', 'TAS', 'IEA'], ['IDA', 'IBA', 'TAS', 'IEA'], ['IDA', 'ISS', 'IBA', 'TAS', 'IEA'], ['IDA', 'ISS', 'TAS', 'IEA'], ['IDA', 'HDA', 'IBA', 'IEA'], ['IDA'], ['IDA', 'IBA'], ['IDA', 'IBA', 'TAS', 'NAS', 'IEA'], ['IDA', 'IBA', 'TAS', 'IEA'], ['IDA', 'HDA', 'IBA', 'TAS', 'NAS', 'IEA'], ['IDA', 'HDA', 'IBA', 'IEA'], ['IDA', 'HDA', 'IBA', 'TAS', 'IEA'], ['IDA', 'HDA', 'IBA', 'IEA'], ['IBA', 'IEA'], ['IDA', 'IBA', 'IEA'], ['IDA', 'IPI', 'HDA', 'TAS', 'NAS', 'IEA'], ['IDA', 'ISS', 'IBA', 'TAS', 'IEA'], ['IDA', 'IBA', 'TAS', 'IEA'], ['IDA', 'HDA', 'IBA'], ['IDA', 'HDA', 'ISS', 'IBA', 'TAS', 'IEA'], ['IDA', 'HTP', 'HDA', 'TAS', 'IEA'], ['IDA', 'ISA', 'IBA', 'IEA'], ['IDA', 'IEA'], ['IDA', 'ISS', 'IBA', 'IEA'], ['IDA', 'HTP', 'HDA', 'IBA', 'TAS', 'IEA'], ['IDA', 'IBA', 'TAS', 'IEA'], ['IDA', 'IMP', 'HTP', 'IBA', 'TAS', 'NAS', 'IC', 'IEA'], ['HTP', 'TAS', 'IEA'], ['TAS', 'IEA'], ['IBA', 'TAS', 'IEA'], ['IEA'], ['IDA', 'ISA', 'IEA'], ['IDA', 'IPI', 'IBA', 'TAS', 'IEA'], ['HDA'], ['IBA', 'IEA'], ['IEA'], ['IDA', 'HDA', 'ISS', 'IBA', 'TAS', 'IEA'], ['IDA', 'HTP', 'IBA', 'TAS', 'IEA'], ['IDA', 'IMP', 'HDA', 'IBA', 'TAS', 'NAS', 'IEA'], ['IDA', 'HTP', 'HDA', 'ISS', 'IBA', 'TAS', 'IEA'], ['IDA', 'HDA', 'IBA', 'IEA'], ['IBA', 'TAS', 'IEA'], ['IBA', 'TAS', 'IEA'], ['IDA', 'ISS', 'IBA', 'TAS', 'IEA'], ['IDA', 'IBA', 'NAS', 'IEA'], ['HTP', 'IBA', 'IEA'], ['IBA', 'IEA'], ['IDA', 'IBA', 'TAS', 'NAS', 'IEA'], ['IBA', 'IEA'], ['IBA', 'NAS', 'IEA'], ['IDA', 'IBA', 'TAS', 'NAS', 'IEA'], ['IDA', 'IPI', 'IBA', 'TAS', 'IEA'], ['IDA'], ['IDA', 'IMP', 'HTP', 'IBA', 'TAS', 'IEA'], ['IDA', 'IEA'], ['HDA', 'ISS', 'IBA', 'IEA'], ['IDA', 'IBA', 'IEA'], ['IEA'], ['IDA', 'IPI', 'ISS', 'IBA', 'TAS', 'NAS', 'IEA'], ['IDA', 'ISS', 'IBA', 'TAS', 'NAS', 'IEA'], ['ISS', 'IBA', 'IEA'], ['IDA', 'ISO', 'IBA', 'TAS', 'NAS', 'IEA'], ['IDA', 'HDA', 'ISS', 'TAS', 'IEA'], ['HTP', 'TAS', 'NAS', 'IEA'], ['IDA', 'IEA'], ['IDA', 'ISS', 'IBA', 'TAS', 'IEA'], ['IDA', 'IBA', 'TAS', 'IEA'], ['IEA'], ['IDA', 'IEA'], ['IDA', 'IMP', 'HDA', 'IBA', 'IEA'], ['IDA', 'IBA', 'IEA'], ['IDA', 'IEA'], ['IDA', 'HDA', 'TAS', 'IEA'], ['IBA', 'IEA'], ['HDA', 'IEA'], ['IBA', 'NAS', 'IEA'], ['IDA', 'IBA', 'IEA'], ['IDA', 'HDA', 'IBA', 'TAS', 'NAS', 'IEA'], ['IDA', 'IBA', 'IEA'], ['IDA', 'IEA'], ['IDA', 'IBA', 'IEA'], ['IDA', 'ISS', 'IBA', 'TAS', 'IEA'], ['IDA', 'IBA', 'TAS', 'IEA'], ['IDA', 'IBA', 'IEA'], ['IDA', 'IBA', 'TAS', 'IEA'], ['IBA', 'IEA'], ['IDA', 'IBA', 'TAS', 'IEA'], ['IDA', 'HDA', 'TAS'], ['IBA', 'TAS', 'IC', 'IEA'], ['HDA', 'TAS', 'IEA'], ['IBA', 'IEA'], ['IBA'], ['IEA'], ['IDA', 'IPI', 'HDA', 'IBA', 'TAS', 'NAS', 'IEA'], ['TAS', 'NAS', 'IEA'], ['IDA', 'ISA', 'IC', 'IEA'], ['IDA', 'HTP', 'IBA', 'TAS', 'IEA'], ['IDA', 'IBA', 'IEA'], ['IEA'], ['IDA', 'IBA'], ['IEA'], ['IBA', 'TAS', 'IEA'], ['HDA', 'IBA', 'IEA'], ['IEA'], ['IDA', 'IBA'], ['IBA', 'TAS', 'IEA'], ['HDA', 'IBA', 'TAS', 'NAS', 'IEA'], ['TAS', 'IEA'], ['IEA'], ['IDA', 'IEA'], ['IDA', 'IBA', 'IEA'], ['IBA', 'IEA'], ['IDA', 'IMP', 'HDA', 'IBA', 'TAS', 'NAS', 'IEA'], ['IDA', 'IBA', 'IEA'], ['IDA', 'HDA', 'TAS', 'IEA'], ['IDA', 'IBA', 'TAS', 'IEA'], ['IBA', 'IEA'], ['IDA', 'IBA', 'TAS', 'IEA'], ['IMP', 'IBA', 'IEA'], ['IDA', 'HTP', 'IBA', 'IEA'], ['IEA'], ['IBA', 'IEA'], ['IEA']]"
GO:0005737,cytoplasm,4.6646180479414425e-11,106,161,12387,"['CFLAR', 'TFPI', 'ABCC8', 'RB1CC1', 'PLEKHA5', 'PPP1R12A', 'ROCK1', 'NEDD4', 'NOTCH3', 'ZNF638', 'RGS11', 'PDS5B', 'MYH9', 'TNRC6B', 'ANKRD12', 'NDFIP2', 'FLT1', 'BLOC1S6', 'SLC17A7', 'DMPK', 'TASOR2', 'SHOC2', 'VWF', 'TNS2', 'FRK', 'MDN1', 'NKTR', 'CCDC88A', 'FN1', 'AAK1', 'CNN3', 'STK11', 'SLIRP', 'CCDC18', 'CYREN', 'ATP7B', 'ATP5F1E', 'MCEE', 'CCNT1', 'THEMIS2', 'COQ3', 'RIDA', 'MPRIP', 'IRS4', 'RNF128', 'EPHB2', 'TGFBRAP1', 'RSAD1', 'RALGPS1', 'NCBP1', 'CHST4', 'ZCCHC2', 'SIRT3', 'SLC22A14', 'PAM', 'TRIM7', 'IRAK1BP1', 'GINS4', 'TMEM86A', 'MBIP', 'PRKCA', 'ATP5MC3', 'RBM45', 'KIT', 'SNX22', 'TENT5B', 'MITD1', 'VMA21', 'ZNF148', 'APEH', 'RNF180', 'EML5', 'RBPMS2', 'VPS39', 'RNF187', 'REEP4', 'IL13', 'CKAP2L', 'CTNND2', 'RNF150', 'GPR37', 'PGAM1', 'CERS6', 'SYT12', 'NLRP13', 'GCSAM', 'RPL15', 'CHST1', 'PUS1', 'MTURN', 'CIMAP1D', 'GALNT9', 'GBP6', 'LRIT3', 'SRARP', 'KRT76', 'C6orf120', 'AKAP14', 'HEPACAM2', 'HLA-DRB1', 'CTSE', 'H2BC26', 'PDLIM7', 'ETFRF1', 'NBPF1', 'NBPF9']","[['IDA', 'IBA', 'TAS'], ['IEA'], ['IEA'], ['IDA', 'IPI', 'ISS', 'IBA', 'TAS', 'IEA'], ['IDA', 'IBA', 'IEA'], ['IDA', 'ISS', 'IBA', 'TAS', 'IEA'], ['ISS', 'IBA', 'TAS', 'IEA'], ['IDA', 'ISS', 'IBA', 'TAS', 'IEA'], ['TAS', 'IEA'], ['TAS'], ['IBA'], ['TAS'], ['IDA', 'ISS', 'IBA', 'TAS', 'IEA'], ['IBA', 'TAS', 'IEA'], ['IDA'], ['IDA', 'IBA', 'IEA'], ['IDA', 'IEA'], ['IDA', 'IBA', 'TAS', 'IEA'], ['ISS', 'IBA', 'TAS', 'IEA'], ['IDA', 'ISS', 'TAS', 'IEA'], ['IDA'], ['IDA', 'IBA', 'TAS', 'NAS', 'IEA'], ['IDA', 'TAS', 'NAS'], ['IEA'], ['IDA', 'TAS', 'IEA'], ['IDA', 'IEA'], ['IBA'], ['IDA', 'IBA', 'IEA'], ['IDA', 'TAS'], ['IDA', 'ISS', 'TAS'], ['IDA'], ['IDA', 'ISS', 'IBA', 'TAS', 'IEA'], ['IDA', 'HTP', 'HDA', 'TAS', 'IEA'], ['IEA'], ['IDA', 'IBA', 'IEA'], ['IDA', 'HTP', 'TAS', 'IEA'], ['HTP', 'IBA', 'TAS', 'NAS', 'IC', 'IEA'], ['HTP', 'TAS', 'IEA'], ['IDA'], ['IBA', 'IEA'], ['IDA', 'HTP', 'IBA', 'TAS', 'IEA'], ['IDA', 'HTP', 'ISS', 'IBA', 'TAS', 'IEA'], ['IDA', 'IEA'], ['IBA'], ['IBA', 'TAS', 'IEA'], ['TAS'], ['IDA', 'IBA', 'NAS', 'IEA'], ['HTP', 'IBA', 'IEA'], ['IEA'], ['IDA', 'TAS', 'NAS', 'IEA'], ['IDA', 'IBA', 'TAS', 'NAS', 'IEA'], ['IDA'], ['IDA', 'IMP', 'HTP', 'TAS', 'IEA'], ['IDA', 'IEA'], ['ISS', 'IEA'], ['IDA', 'IBA', 'IEA'], ['IEA'], ['IEA'], ['ISS', 'IEA'], ['IDA', 'IBA', 'IEA'], ['IDA', 'HDA', 'ISS', 'TAS', 'IEA'], ['HTP', 'TAS', 'NAS', 'IEA'], ['IDA', 'IEA'], ['IEA'], ['IEA'], ['IDA', 'IEA'], ['IEA'], ['IDA', 'IBA', 'IEA'], ['IDA'], ['IDA', 'TAS', 'IEA'], ['IBA', 'IEA'], ['IEA'], ['IDA', 'IBA', 'IEA'], ['IDA', 'HDA', 'IBA', 'TAS', 'IEA'], ['IDA', 'IEA'], ['IDA', 'IBA', 'IEA'], ['IEA'], ['IDA', 'IBA', 'IEA'], ['IBA', 'TAS'], ['IBA'], ['IDA', 'IEA'], ['IDA', 'TAS'], ['TAS', 'IEA'], ['IBA', 'IEA'], ['IBA'], ['IEA'], ['IDA', 'IPI', 'HDA', 'IBA', 'TAS', 'NAS', 'IEA'], ['TAS', 'IEA'], ['IDA', 'HTP', 'TAS', 'IEA'], ['IDA', 'IBA', 'IEA'], ['IDA', 'IBA'], ['IBA', 'TAS', 'IEA'], ['IBA', 'IEA'], ['IEA'], ['IDA', 'IBA'], ['TAS', 'IEA'], ['TAS'], ['IDA', 'IEA'], ['IDA', 'IBA', 'IEA'], ['IDA', 'IBA', 'TAS', 'IEA'], ['IDA', 'IBA', 'IEA'], ['IDA'], ['IBA', 'TAS', 'IEA'], ['IDA', 'HTP', 'IBA', 'IEA'], ['IEA'], ['IEA']]"
GO:0005622,intracellular anatomical structure,1.1371403249165004e-09,127,161,17561,"['CFLAR', 'TFPI', 'ABCC8', 'RB1CC1', 'BOD1L1', 'PLEKHA5', 'PPP1R12A', 'SPEN', 'ROCK1', 'NEDD4', 'KDM5A', 'NOTCH3', 'ZNF638', 'RGS11', 'PDS5B', 'MYH9', 'TNRC6B', 'PNN', 'ANKRD12', 'NDFIP2', 'FLT1', 'BLOC1S6', 'SLC17A7', 'DMPK', 'ENG', 'ANKRD26', 'TASOR2', 'SHOC2', 'LUC7L3', 'VWF', 'TNS2', 'FRK', 'MDN1', 'NKTR', 'CCDC88A', 'FN1', 'AAK1', 'SRSF11', 'CNN3', 'STK11', 'SLIRP', 'TSHZ3', 'CCDC18', 'CYREN', 'ATP7B', 'ATP5F1E', 'MCEE', 'ZNF835', 'HOXD13', 'CCNT1', 'THEMIS2', 'ZNF331', 'ANO1', 'COQ3', 'RIDA', 'MPRIP', 'IRS4', 'RNF128', 'EPHB2', 'TGFBRAP1', 'RSAD1', 'RALGPS1', 'NCBP1', 'AMIGO2', 'HMG20A', 'CHST4', 'MED9', 'ZCCHC2', 'SIRT3', 'SLC22A14', 'PAM', 'TRIM7', 'IRAK1BP1', 'GINS4', 'TMEM86A', 'MBIP', 'PRKCA', 'ATP5MC3', 'RBM45', 'KIT', 'SNX22', 'TENT5B', 'MITD1', 'VMA21', 'ZNF148', 'APEH', 'RNF180', 'EML5', 'RBPMS2', 'VPS39', 'ZNF91', 'RNF187', 'REEP4', 'IL13', 'CKAP2L', 'CTNND2', 'RNF150', 'GPR37', 'PGAM1', 'CERS6', 'SYT12', 'NLRP13', 'GCSAM', 'RPL15', 'CHST1', 'FOXC2', 'PUS1', 'MTURN', 'ZNF678', 'CIMAP1D', 'GALNT9', 'GBP6', 'LRIT3', 'SRARP', 'ZNF93', 'KRT76', 'C6orf120', 'AKAP14', 'HEPACAM2', 'HLA-DRB1', 'CTSE', 'H2BC26', 'PDLIM7', 'ZNF772', 'ETFRF1', 'NBPF1', 'NBPF9']","[['IDA', 'IBA', 'TAS'], ['IEA'], ['IEA'], ['IDA', 'IPI', 'ISS', 'IBA', 'TAS', 'IEA'], ['IDA', 'IPI', 'IBA', 'TAS', 'IEA'], ['IDA', 'IBA', 'IEA'], ['IDA', 'ISS', 'IBA', 'TAS', 'IEA'], ['IDA', 'IBA', 'IEA'], ['ISS', 'IBA', 'TAS', 'IEA'], ['IDA', 'IPI', 'ISS', 'IBA', 'TAS', 'IEA'], ['IDA', 'IBA', 'TAS', 'IEA'], ['IDA', 'TAS', 'IEA'], ['IDA', 'IBA', 'TAS', 'IEA'], ['IBA'], ['IDA', 'ISS', 'IBA', 'TAS', 'IEA'], ['IDA', 'ISS', 'IBA', 'TAS', 'IEA'], ['IBA', 'TAS', 'IEA'], ['IDA', 'IBA', 'TAS', 'IEA'], ['IDA', 'IBA', 'IEA'], ['IDA', 'IBA', 'IEA'], ['IDA', 'IEA'], ['IDA', 'IBA', 'TAS', 'IEA'], ['ISS', 'IBA', 'TAS', 'IEA'], ['IDA', 'ISS', 'TAS', 'IEA'], ['IDA'], ['IDA'], ['IDA', 'IBA'], ['IDA', 'IBA', 'TAS', 'NAS', 'IEA'], ['IDA', 'IBA', 'TAS', 'IEA'], ['IDA', 'TAS', 'NAS'], ['IEA'], ['IDA', 'TAS', 'IEA'], ['IDA', 'IBA', 'IEA'], ['IBA'], ['IDA', 'IBA', 'IEA'], ['IDA', 'TAS'], ['IDA', 'ISS', 'TAS'], ['IDA', 'IBA', 'TAS', 'IEA'], ['IDA', 'IBA'], ['IDA', 'ISS', 'IBA', 'TAS', 'IEA'], ['IDA', 'HTP', 'HDA', 'TAS', 'IEA'], ['IDA', 'ISA', 'IBA', 'IEA'], ['IDA', 'IEA'], ['IDA', 'ISS', 'IBA', 'IEA'], ['IDA', 'HTP', 'TAS', 'IEA'], ['HTP', 'IBA', 'TAS', 'NAS', 'IC', 'IEA'], ['HTP', 'TAS', 'IEA'], ['IEA'], ['IDA', 'ISA', 'IEA'], ['IDA', 'IPI', 'IBA', 'TAS', 'IEA'], ['IBA', 'IEA'], ['IEA'], ['IDA'], ['IDA', 'HTP', 'IBA', 'TAS', 'IEA'], ['IDA', 'HTP', 'ISS', 'IBA', 'TAS', 'IEA'], ['IDA', 'IBA', 'IEA'], ['IBA'], ['IBA', 'TAS', 'IEA'], ['IDA', 'TAS'], ['IDA', 'IBA', 'NAS', 'IEA'], ['HTP', 'IBA', 'IEA'], ['IEA'], ['IDA', 'IBA', 'TAS', 'NAS', 'IEA'], ['IEA'], ['IBA', 'NAS', 'IEA'], ['IDA', 'IBA', 'TAS', 'NAS', 'IEA'], ['IDA', 'IPI', 'IBA', 'TAS', 'IEA'], ['IDA'], ['IDA', 'IMP', 'HTP', 'IBA', 'TAS', 'IEA'], ['IDA', 'IEA'], ['ISS', 'IEA'], ['IDA', 'IBA', 'IEA'], ['IEA'], ['IDA', 'IPI', 'ISS', 'IBA', 'TAS', 'NAS', 'IEA'], ['ISS', 'IEA'], ['IDA', 'ISO', 'IBA', 'TAS', 'NAS', 'IEA'], ['IDA', 'HDA', 'ISS', 'TAS', 'IEA'], ['HTP', 'TAS', 'NAS', 'IEA'], ['IDA', 'IEA'], ['IDA', 'IEA'], ['IEA'], ['IDA', 'IEA'], ['IDA', 'IEA'], ['IDA', 'IBA', 'IEA'], ['IDA', 'IEA'], ['IDA', 'TAS', 'IEA'], ['IBA', 'IEA'], ['IEA'], ['IDA', 'IBA', 'IEA'], ['IDA', 'HDA', 'IBA', 'TAS', 'IEA'], ['IDA', 'IBA', 'IEA'], ['IDA', 'IEA'], ['IDA', 'IBA', 'IEA'], ['IEA'], ['IDA', 'IBA', 'IEA'], ['IBA', 'TAS', 'IEA'], ['IBA'], ['IDA', 'IEA'], ['IDA', 'TAS'], ['TAS', 'IEA'], ['IBA', 'IEA'], ['IBA'], ['IEA'], ['IDA', 'IPI', 'HDA', 'IBA', 'TAS', 'NAS', 'IEA'], ['TAS', 'IEA'], ['IDA', 'ISA', 'IC', 'IEA'], ['IDA', 'HTP', 'IBA', 'TAS', 'IEA'], ['IDA', 'IBA', 'IEA'], ['IEA'], ['IDA', 'IBA'], ['IBA', 'TAS', 'IEA'], ['IBA', 'IEA'], ['IEA'], ['IDA', 'IBA'], ['IBA', 'TAS', 'IEA'], ['HDA', 'IBA', 'TAS', 'NAS', 'IEA'], ['TAS'], ['IDA', 'IEA'], ['IDA', 'IBA', 'IEA'], ['IDA', 'IBA', 'TAS', 'IEA'], ['IDA', 'IBA', 'IEA'], ['IDA', 'HDA', 'TAS', 'IEA'], ['IDA', 'IBA', 'TAS', 'IEA'], ['IBA', 'IEA'], ['IDA', 'HTP', 'IBA', 'IEA'], ['IEA'], ['IEA']]"
GO:0043229,intracellular organelle,2.487286166100622e-07,114,161,15804,"['TFPI', 'ABCC8', 'RB1CC1', 'BOD1L1', 'PLEKHA5', 'PPP1R12A', 'SPEN', 'ROCK1', 'NEDD4', 'KDM5A', 'NOTCH3', 'ZNF638', 'PDS5B', 'MYH9', 'TNRC6B', 'PNN', 'ANKRD12', 'NDFIP2', 'FLT1', 'BLOC1S6', 'SLC17A7', 'DMPK', 'ENG', 'ANKRD26', 'TASOR2', 'SHOC2', 'LUC7L3', 'VWF', 'FRK', 'MDN1', 'NKTR', 'CCDC88A', 'FN1', 'AAK1', 'SRSF11', 'CNN3', 'STK11', 'SLIRP', 'TSHZ3', 'CCDC18', 'CYREN', 'ATP7B', 'ATP5F1E', 'MCEE', 'ZNF835', 'HOXD13', 'CCNT1', 'THEMIS2', 'ZNF331', 'ANO1', 'COQ3', 'RIDA', 'MPRIP', 'RNF128', 'EPHB2', 'TGFBRAP1', 'RSAD1', 'NCBP1', 'AMIGO2', 'HMG20A', 'CHST4', 'MED9', 'SIRT3', 'SLC22A14', 'PAM', 'TRIM7', 'IRAK1BP1', 'GINS4', 'TMEM86A', 'MBIP', 'PRKCA', 'ATP5MC3', 'RBM45', 'KIT', 'SNX22', 'TENT5B', 'MITD1', 'VMA21', 'ZNF148', 'APEH', 'RNF180', 'EML5', 'RBPMS2', 'VPS39', 'ZNF91', 'RNF187', 'REEP4', 'CKAP2L', 'CTNND2', 'GPR37', 'PGAM1', 'CERS6', 'SYT12', 'RPL15', 'CHST1', 'FOXC2', 'PUS1', 'ZNF678', 'CIMAP1D', 'GALNT9', 'GBP6', 'LRIT3', 'SRARP', 'ZNF93', 'KRT76', 'C6orf120', 'AKAP14', 'HEPACAM2', 'HLA-DRB1', 'CTSE', 'H2BC26', 'PDLIM7', 'ZNF772', 'ETFRF1']","[['IEA'], ['IEA'], ['IDA', 'TAS', 'IEA'], ['IDA', 'IPI', 'IBA', 'TAS', 'IEA'], ['IDA'], ['IDA', 'ISS', 'IBA', 'TAS', 'IEA'], ['IDA', 'IBA', 'IEA'], ['ISS', 'IBA', 'TAS', 'IEA'], ['IDA', 'IPI', 'IEA'], ['IDA', 'IBA', 'TAS', 'IEA'], ['IDA', 'TAS', 'IEA'], ['IDA', 'IBA', 'TAS', 'IEA'], ['IDA', 'ISS', 'IBA', 'TAS', 'IEA'], ['IDA', 'ISS', 'IBA', 'IEA'], ['IBA', 'IEA'], ['IDA', 'IBA', 'TAS', 'IEA'], ['IDA', 'IBA', 'IEA'], ['IDA', 'IBA', 'IEA'], ['IDA', 'IEA'], ['IDA', 'IBA', 'IEA'], ['ISS', 'IBA', 'TAS', 'IEA'], ['IDA', 'ISS', 'TAS', 'IEA'], ['IDA'], ['IDA'], ['IDA', 'IBA'], ['IDA', 'IEA'], ['IDA', 'IBA', 'TAS', 'IEA'], ['IDA', 'TAS', 'NAS'], ['IDA', 'TAS', 'IEA'], ['IDA', 'IBA', 'IEA'], ['IBA'], ['IDA', 'IBA', 'IEA'], ['IDA', 'TAS'], ['IDA', 'ISS'], ['IDA', 'IBA', 'TAS', 'IEA'], ['IDA', 'IBA'], ['IDA', 'IBA', 'TAS', 'IEA'], ['IDA', 'HTP', 'HDA', 'TAS', 'IEA'], ['IDA', 'ISA', 'IBA', 'IEA'], ['IDA', 'IEA'], ['IDA', 'ISS', 'IBA', 'IEA'], ['IDA', 'HTP', 'TAS', 'IEA'], ['HTP', 'IBA', 'TAS', 'NAS', 'IC', 'IEA'], ['HTP', 'TAS', 'IEA'], ['IEA'], ['IDA', 'ISA', 'IEA'], ['IDA', 'IPI', 'IBA', 'TAS', 'IEA'], ['IBA', 'IEA'], ['IEA'], ['IDA'], ['IDA', 'HTP', 'IBA', 'TAS', 'IEA'], ['IDA', 'HTP', 'ISS', 'IBA', 'IEA'], ['IDA', 'IBA', 'IEA'], ['IBA', 'IEA'], ['IDA'], ['IDA', 'NAS', 'IEA'], ['HTP', 'IEA'], ['IDA', 'IBA', 'TAS', 'IEA'], ['IEA'], ['IBA', 'NAS', 'IEA'], ['IDA', 'IBA', 'TAS', 'NAS', 'IEA'], ['IDA', 'IPI', 'IBA', 'TAS', 'IEA'], ['IDA', 'IMP', 'HTP', 'IBA', 'TAS', 'IEA'], ['IDA', 'IEA'], ['ISS', 'IEA'], ['IDA', 'IEA'], ['IEA'], ['IDA', 'IPI', 'ISS', 'IBA', 'TAS', 'NAS', 'IEA'], ['ISS', 'IEA'], ['IDA', 'ISO', 'TAS', 'NAS', 'IEA'], ['IDA', 'HDA', 'TAS', 'IEA'], ['HTP', 'TAS', 'NAS', 'IEA'], ['IDA', 'IEA'], ['IDA', 'IEA'], ['IEA'], ['IDA', 'IEA'], ['IDA', 'IEA'], ['IDA', 'IBA', 'IEA'], ['IDA', 'IEA'], ['IDA', 'TAS'], ['IBA', 'IEA'], ['IEA'], ['IDA', 'IEA'], ['IDA', 'HDA', 'TAS', 'IEA'], ['IDA', 'IBA', 'IEA'], ['IDA', 'IEA'], ['IDA', 'IBA', 'IEA'], ['IDA', 'IBA', 'IEA'], ['IBA', 'IEA'], ['IDA', 'IEA'], ['TAS'], ['TAS', 'IEA'], ['IBA', 'IEA'], ['IDA', 'IPI', 'HDA', 'IBA', 'TAS', 'IEA'], ['TAS', 'IEA'], ['IDA', 'ISA', 'IC', 'IEA'], ['IDA', 'HTP', 'IBA', 'TAS', 'IEA'], ['IEA'], ['IDA', 'IBA'], ['IBA', 'TAS', 'IEA'], ['IBA', 'IEA'], ['IEA'], ['IDA', 'IBA'], ['IBA', 'TAS', 'IEA'], ['HDA', 'IBA', 'NAS', 'IEA'], ['TAS'], ['IDA'], ['IDA', 'IBA', 'IEA'], ['IDA', 'IBA', 'TAS', 'IEA'], ['IDA', 'IBA', 'IEA'], ['IDA', 'HDA', 'TAS', 'IEA'], ['IDA', 'IBA', 'IEA'], ['IBA', 'IEA'], ['IDA', 'HTP', 'IBA', 'IEA']]"
GO:0043231,intracellular membrane-bounded organelle,7.543989657386309e-07,106,161,14467,"['TFPI', 'ABCC8', 'RB1CC1', 'BOD1L1', 'PLEKHA5', 'PPP1R12A', 'SPEN', 'ROCK1', 'NEDD4', 'KDM5A', 'NOTCH3', 'ZNF638', 'PDS5B', 'MYH9', 'TNRC6B', 'PNN', 'ANKRD12', 'NDFIP2', 'FLT1', 'BLOC1S6', 'SLC17A7', 'DMPK', 'ENG', 'TASOR2', 'SHOC2', 'LUC7L3', 'VWF', 'FRK', 'MDN1', 'NKTR', 'CCDC88A', 'FN1', 'AAK1', 'SRSF11', 'STK11', 'SLIRP', 'TSHZ3', 'CYREN', 'ATP7B', 'ATP5F1E', 'MCEE', 'ZNF835', 'HOXD13', 'CCNT1', 'THEMIS2', 'ZNF331', 'ANO1', 'COQ3', 'RIDA', 'RNF128', 'EPHB2', 'TGFBRAP1', 'RSAD1', 'NCBP1', 'AMIGO2', 'HMG20A', 'CHST4', 'MED9', 'SIRT3', 'SLC22A14', 'PAM', 'TRIM7', 'IRAK1BP1', 'GINS4', 'TMEM86A', 'MBIP', 'PRKCA', 'ATP5MC3', 'RBM45', 'KIT', 'SNX22', 'TENT5B', 'MITD1', 'VMA21', 'ZNF148', 'APEH', 'RNF180', 'RBPMS2', 'VPS39', 'ZNF91', 'RNF187', 'REEP4', 'CTNND2', 'GPR37', 'PGAM1', 'CERS6', 'SYT12', 'RPL15', 'CHST1', 'FOXC2', 'PUS1', 'ZNF678', 'GALNT9', 'GBP6', 'LRIT3', 'SRARP', 'ZNF93', 'KRT76', 'C6orf120', 'HEPACAM2', 'HLA-DRB1', 'CTSE', 'H2BC26', 'PDLIM7', 'ZNF772', 'ETFRF1']","[['IEA'], ['IEA'], ['IDA', 'TAS', 'IEA'], ['IDA', 'IPI', 'IBA', 'TAS'], ['IDA'], ['IDA', 'TAS'], ['IDA', 'IBA', 'IEA'], ['TAS', 'IEA'], ['IDA', 'IPI', 'IEA'], ['IDA', 'IBA', 'TAS', 'IEA'], ['IDA', 'TAS', 'IEA'], ['IDA', 'IBA', 'TAS', 'IEA'], ['IDA', 'ISS', 'IBA', 'TAS', 'IEA'], ['IDA', 'ISS', 'IEA'], ['IBA'], ['IDA', 'IBA', 'TAS', 'IEA'], ['IDA', 'IBA', 'IEA'], ['IDA', 'IBA', 'IEA'], ['IEA'], ['IDA', 'IBA', 'IEA'], ['ISS', 'IBA', 'TAS', 'IEA'], ['IDA', 'ISS', 'TAS', 'IEA'], ['IDA'], ['IDA', 'IBA'], ['IDA', 'IEA'], ['IDA', 'IBA', 'TAS', 'IEA'], ['IDA', 'TAS', 'NAS'], ['IDA', 'TAS', 'IEA'], ['IDA', 'IBA', 'IEA'], ['IBA'], ['IDA', 'IEA'], ['IDA', 'TAS'], ['IDA', 'ISS'], ['IDA', 'IBA', 'TAS', 'IEA'], ['IDA', 'IBA', 'TAS', 'IEA'], ['IDA', 'HTP', 'HDA', 'TAS', 'IEA'], ['IDA', 'IBA', 'IEA'], ['IDA', 'IBA', 'IEA'], ['IDA', 'HTP', 'TAS', 'IEA'], ['HTP', 'IBA', 'TAS', 'NAS', 'IC', 'IEA'], ['HTP', 'TAS', 'IEA'], ['IEA'], ['IDA', 'IEA'], ['IDA', 'IPI', 'IBA', 'TAS', 'IEA'], ['IBA', 'IEA'], ['IEA'], ['IDA'], ['IDA', 'HTP', 'IBA', 'TAS', 'IEA'], ['IDA', 'HTP', 'ISS', 'IBA', 'IEA'], ['IBA', 'IEA'], ['IDA'], ['IDA', 'NAS', 'IEA'], ['HTP', 'IEA'], ['IDA', 'IBA', 'TAS', 'IEA'], ['IEA'], ['IBA', 'NAS', 'IEA'], ['IDA', 'IBA', 'TAS', 'NAS', 'IEA'], ['IDA', 'IPI', 'IBA', 'TAS', 'IEA'], ['IDA', 'IMP', 'HTP', 'IBA', 'TAS', 'IEA'], ['IDA', 'IEA'], ['ISS', 'IEA'], ['IDA', 'IEA'], ['IEA'], ['IDA', 'IPI', 'ISS', 'IBA', 'TAS', 'NAS', 'IEA'], ['ISS', 'IEA'], ['IDA', 'TAS', 'IEA'], ['IDA', 'HDA', 'TAS', 'IEA'], ['HTP', 'TAS', 'NAS', 'IEA'], ['IDA', 'IEA'], ['IDA', 'IEA'], ['IEA'], ['IDA', 'IEA'], ['IDA', 'IEA'], ['IDA', 'IBA', 'IEA'], ['IDA', 'IEA'], ['IDA', 'TAS'], ['IBA', 'IEA'], ['IDA', 'IEA'], ['IDA', 'HDA', 'TAS', 'IEA'], ['IDA', 'IBA', 'IEA'], ['IDA', 'IEA'], ['IDA', 'IBA', 'IEA'], ['IBA', 'IEA'], ['IDA', 'IEA'], ['TAS'], ['TAS', 'IEA'], ['IBA', 'IEA'], ['IDA', 'HDA'], ['TAS', 'IEA'], ['IDA', 'IC', 'IEA'], ['IDA', 'HTP', 'IBA', 'TAS', 'IEA'], ['IEA'], ['IBA', 'TAS', 'IEA'], ['IBA', 'IEA'], ['IEA'], ['IDA', 'IBA'], ['IBA', 'TAS', 'IEA'], ['HDA'], ['TAS'], ['IDA', 'IBA', 'IEA'], ['IDA', 'IBA', 'TAS', 'IEA'], ['IDA', 'IBA', 'IEA'], ['IDA', 'HDA', 'TAS', 'IEA'], ['IDA'], ['IBA', 'IEA'], ['IDA', 'HTP', 'IBA', 'IEA']]"
GO:0043227,membrane-bounded organelle,7.543989657386309e-07,111,161,15510,"['TFPI', 'ABCC8', 'RB1CC1', 'BOD1L1', 'PLEKHA5', 'PPP1R12A', 'SPEN', 'ROCK1', 'NEDD4', 'KDM5A', 'NOTCH3', 'ZNF638', 'PDS5B', 'MYH9', 'TNRC6B', 'PNN', 'ANKRD12', 'NDFIP2', 'FLT1', 'BLOC1S6', 'SLC17A7', 'DMPK', 'ENG', 'TASOR2', 'SHOC2', 'LUC7L3', 'VWF', 'FRK', 'MDN1', 'NKTR', 'CCDC88A', 'FN1', 'AAK1', 'SRSF11', 'STK11', 'SLIRP', 'TSHZ3', 'CYREN', 'ATP7B', 'ATP5F1E', 'MCEE', 'ZNF835', 'HOXD13', 'CCNT1', 'THEMIS2', 'ZNF331', 'ANO1', 'COQ3', 'JCHAIN', 'RIDA', 'RNF128', 'EPHB2', 'TGFBRAP1', 'RSAD1', 'NCBP1', 'AMIGO2', 'HMG20A', 'CHST4', 'MED9', 'SIRT3', 'SLC22A14', 'PAM', 'TRIM7', 'IRAK1BP1', 'GINS4', 'TMEM86A', 'MBIP', 'PRKCA', 'ATP5MC3', 'RBM45', 'KIT', 'SNX22', 'TENT5B', 'MITD1', 'VMA21', 'ZNF148', 'APEH', 'RNF180', 'EML5', 'RBPMS2', 'VPS39', 'ZNF91', 'RNF187', 'REEP4', 'CKAP2L', 'CTNND2', 'GPR37', 'PGAM1', 'CERS6', 'SYT12', 'RPL15', 'CHST1', 'FOXC2', 'PUS1', 'ZNF678', 'GALNT9', 'GBP6', 'LRIT3', 'SRARP', 'ZNF93', 'KRT76', 'C6orf120', 'AKAP14', 'HEPACAM2', 'HLA-DRB1', 'CTSE', 'H2BC26', 'PDLIM7', 'ZNF772', 'ETFRF1', 'OPN1MW3']","[['IEA'], ['IEA'], ['IDA', 'TAS', 'IEA'], ['IDA', 'IPI', 'IBA', 'TAS'], ['IDA'], ['IDA', 'TAS'], ['IDA', 'HDA', 'IBA', 'IEA'], ['TAS', 'IEA'], ['IDA', 'IPI', 'HDA', 'IEA'], ['IDA', 'IBA', 'TAS', 'IEA'], ['IDA', 'TAS', 'IEA'], ['IDA', 'IBA', 'TAS', 'IEA'], ['IDA', 'ISS', 'IBA', 'TAS', 'IEA'], ['IDA', 'HDA', 'ISS', 'IEA'], ['IBA'], ['IDA', 'IBA', 'TAS', 'IEA'], ['IDA', 'IBA', 'IEA'], ['IDA', 'IBA', 'IEA'], ['IEA'], ['IDA', 'IBA', 'IEA'], ['ISS', 'IBA', 'TAS', 'IEA'], ['IDA', 'ISS', 'TAS', 'IEA'], ['IDA'], ['IDA', 'IBA'], ['IDA', 'IEA'], ['IDA', 'IBA', 'TAS', 'IEA'], ['IDA', 'HDA', 'TAS', 'NAS'], ['IDA', 'HDA', 'TAS', 'IEA'], ['IDA', 'IBA', 'IEA'], ['IBA'], ['IDA', 'IEA'], ['IDA', 'HDA', 'TAS'], ['IDA', 'ISS'], ['IDA', 'IBA', 'TAS', 'IEA'], ['IDA', 'HDA', 'IBA', 'TAS', 'IEA'], ['IDA', 'HTP', 'HDA', 'TAS', 'IEA'], ['IDA', 'IBA', 'IEA'], ['IDA', 'IBA', 'IEA'], ['IDA', 'HTP', 'TAS', 'IEA'], ['HTP', 'IBA', 'TAS', 'NAS', 'IC', 'IEA'], ['HTP', 'TAS', 'IEA'], ['IEA'], ['IDA', 'IEA'], ['IDA', 'IPI', 'IBA', 'TAS', 'IEA'], ['IBA', 'IEA'], ['IEA'], ['IDA', 'HDA'], ['IDA', 'HTP', 'IBA', 'TAS', 'IEA'], ['HDA'], ['IDA', 'HTP', 'HDA', 'ISS', 'IBA', 'IEA'], ['IBA', 'IEA'], ['IDA'], ['IDA', 'NAS', 'IEA'], ['HTP', 'IEA'], ['IDA', 'IBA', 'TAS', 'IEA'], ['IEA'], ['IBA', 'NAS', 'IEA'], ['IDA', 'IBA', 'TAS', 'NAS', 'IEA'], ['IDA', 'IPI', 'IBA', 'TAS', 'IEA'], ['IDA', 'IMP', 'HTP', 'IBA', 'TAS', 'IEA'], ['IDA', 'IEA'], ['HDA', 'ISS', 'IEA'], ['IDA', 'IEA'], ['IEA'], ['IDA', 'IPI', 'ISS', 'IBA', 'TAS', 'NAS', 'IEA'], ['ISS', 'IEA'], ['IDA', 'TAS', 'IEA'], ['IDA', 'HDA', 'TAS', 'IEA'], ['HTP', 'TAS', 'NAS', 'IEA'], ['IDA', 'IEA'], ['IDA', 'IEA'], ['IEA'], ['IDA', 'IEA'], ['IDA', 'HDA', 'IEA'], ['IDA', 'IBA', 'IEA'], ['IDA', 'IEA'], ['IDA', 'HDA', 'TAS'], ['IBA', 'IEA'], ['HDA'], ['IDA', 'IEA'], ['IDA', 'HDA', 'TAS', 'IEA'], ['IDA', 'IBA', 'IEA'], ['IDA', 'IEA'], ['IDA', 'IBA', 'IEA'], ['IDA'], ['IBA', 'IEA'], ['IDA', 'IEA'], ['HDA', 'TAS'], ['TAS', 'IEA'], ['IBA', 'IEA'], ['IDA', 'HDA'], ['TAS', 'IEA'], ['IDA', 'IC', 'IEA'], ['IDA', 'HTP', 'IBA', 'TAS', 'IEA'], ['IEA'], ['IBA', 'TAS', 'IEA'], ['HDA', 'IBA', 'IEA'], ['IEA'], ['IDA', 'IBA'], ['IBA', 'TAS', 'IEA'], ['HDA'], ['TAS'], ['IDA'], ['IDA', 'IBA', 'IEA'], ['IDA', 'HDA', 'IBA', 'TAS', 'IEA'], ['IDA', 'IBA', 'IEA'], ['IDA', 'HDA', 'TAS', 'IEA'], ['IDA'], ['IBA', 'IEA'], ['IDA', 'HTP', 'IBA', 'IEA'], ['IBA', 'IEA']]"
GO:0043226,organelle,7.543989657386309e-07,116,161,16585,"['TFPI', 'ABCC8', 'RB1CC1', 'BOD1L1', 'PLEKHA5', 'PPP1R12A', 'SPEN', 'ROCK1', 'NEDD4', 'KDM5A', 'NOTCH3', 'ZNF638', 'PDS5B', 'MYH9', 'TNRC6B', 'PNN', 'ANKRD12', 'NDFIP2', 'FLT1', 'BLOC1S6', 'SLC17A7', 'DMPK', 'ENG', 'ANKRD26', 'TASOR2', 'SHOC2', 'LUC7L3', 'VWF', 'FRK', 'MDN1', 'NKTR', 'CCDC88A', 'FN1', 'AAK1', 'SRSF11', 'CNN3', 'STK11', 'SLIRP', 'TSHZ3', 'CCDC18', 'CYREN', 'ATP7B', 'ATP5F1E', 'MCEE', 'ZNF835', 'HOXD13', 'CCNT1', 'THEMIS2', 'ZNF331', 'ANO1', 'COQ3', 'JCHAIN', 'RIDA', 'MPRIP', 'RNF128', 'EPHB2', 'TGFBRAP1', 'RSAD1', 'NCBP1', 'AMIGO2', 'HMG20A', 'CHST4', 'MED9', 'SIRT3', 'SLC22A14', 'PAM', 'TRIM7', 'IRAK1BP1', 'GINS4', 'TMEM86A', 'MBIP', 'PRKCA', 'ATP5MC3', 'RBM45', 'KIT', 'SNX22', 'TENT5B', 'MITD1', 'VMA21', 'ZNF148', 'APEH', 'RNF180', 'EML5', 'RBPMS2', 'VPS39', 'ZNF91', 'RNF187', 'REEP4', 'CKAP2L', 'CTNND2', 'GPR37', 'PGAM1', 'CERS6', 'SYT12', 'RPL15', 'CHST1', 'FOXC2', 'PUS1', 'ZNF678', 'CIMAP1D', 'GALNT9', 'GBP6', 'LRIT3', 'SRARP', 'ZNF93', 'KRT76', 'C6orf120', 'AKAP14', 'HEPACAM2', 'HLA-DRB1', 'CTSE', 'H2BC26', 'PDLIM7', 'ZNF772', 'ETFRF1', 'OPN1MW3']","[['IEA'], ['IEA'], ['IDA', 'TAS', 'IEA'], ['IDA', 'IPI', 'IBA', 'TAS', 'IEA'], ['IDA', 'IEA'], ['IDA', 'ISS', 'IBA', 'TAS', 'IEA'], ['IDA', 'HDA', 'IBA', 'IEA'], ['ISS', 'IBA', 'TAS', 'IEA'], ['IDA', 'IPI', 'HDA', 'IEA'], ['IDA', 'IBA', 'TAS', 'IEA'], ['IDA', 'TAS', 'IEA'], ['IDA', 'IBA', 'TAS', 'IEA'], ['IDA', 'ISS', 'IBA', 'TAS', 'IEA'], ['IDA', 'HDA', 'ISS', 'IBA', 'IEA'], ['IBA', 'IEA'], ['IDA', 'IBA', 'TAS', 'IEA'], ['IDA', 'IBA', 'IEA'], ['IDA', 'IBA', 'IEA'], ['IDA', 'IEA'], ['IDA', 'IBA', 'IEA'], ['ISS', 'IBA', 'TAS', 'IEA'], ['IDA', 'ISS', 'TAS', 'IEA'], ['IDA'], ['IDA'], ['IDA', 'IBA'], ['IDA', 'IEA'], ['IDA', 'IBA', 'TAS', 'IEA'], ['IDA', 'HDA', 'TAS', 'NAS'], ['IDA', 'HDA', 'TAS', 'IEA'], ['IDA', 'IBA', 'IEA'], ['IBA'], ['IDA', 'IBA', 'IEA'], ['IDA', 'HDA', 'TAS'], ['IDA', 'ISS'], ['IDA', 'IBA', 'TAS', 'IEA'], ['IDA', 'IBA'], ['IDA', 'HDA', 'IBA', 'TAS', 'IEA'], ['IDA', 'HTP', 'HDA', 'TAS', 'IEA'], ['IDA', 'ISA', 'IBA', 'IEA'], ['IDA', 'IEA'], ['IDA', 'ISS', 'IBA', 'IEA'], ['IDA', 'HTP', 'TAS', 'IEA'], ['HTP', 'IBA', 'TAS', 'NAS', 'IC', 'IEA'], ['HTP', 'TAS', 'IEA'], ['IEA'], ['IDA', 'ISA', 'IEA'], ['IDA', 'IPI', 'IBA', 'TAS', 'IEA'], ['IBA', 'IEA'], ['IEA'], ['IDA', 'HDA'], ['IDA', 'HTP', 'IBA', 'TAS', 'IEA'], ['HDA'], ['IDA', 'HTP', 'HDA', 'ISS', 'IBA', 'IEA'], ['IDA', 'IBA', 'IEA'], ['IBA', 'IEA'], ['IDA'], ['IDA', 'NAS', 'IEA'], ['HTP', 'IEA'], ['IDA', 'IBA', 'TAS', 'IEA'], ['IEA'], ['IBA', 'NAS', 'IEA'], ['IDA', 'IBA', 'TAS', 'NAS', 'IEA'], ['IDA', 'IPI', 'IBA', 'TAS', 'IEA'], ['IDA', 'IMP', 'HTP', 'IBA', 'TAS', 'IEA'], ['IDA', 'IEA'], ['HDA', 'ISS', 'IEA'], ['IDA', 'IEA'], ['IEA'], ['IDA', 'IPI', 'ISS', 'IBA', 'TAS', 'NAS', 'IEA'], ['ISS', 'IEA'], ['IDA', 'ISO', 'TAS', 'NAS', 'IEA'], ['IDA', 'HDA', 'TAS', 'IEA'], ['HTP', 'TAS', 'NAS', 'IEA'], ['IDA', 'IEA'], ['IDA', 'IEA'], ['IEA'], ['IDA', 'IEA'], ['IDA', 'HDA', 'IEA'], ['IDA', 'IBA', 'IEA'], ['IDA', 'IEA'], ['IDA', 'HDA', 'TAS'], ['IBA', 'IEA'], ['HDA', 'IEA'], ['IDA', 'IEA'], ['IDA', 'HDA', 'TAS', 'IEA'], ['IDA', 'IBA', 'IEA'], ['IDA', 'IEA'], ['IDA', 'IBA', 'IEA'], ['IDA', 'IBA', 'IEA'], ['IBA', 'IEA'], ['IDA', 'IEA'], ['HDA', 'TAS'], ['TAS', 'IEA'], ['IBA', 'IEA'], ['IDA', 'IPI', 'HDA', 'IBA', 'TAS', 'IEA'], ['TAS', 'IEA'], ['IDA', 'ISA', 'IC', 'IEA'], ['IDA', 'HTP', 'IBA', 'TAS', 'IEA'], ['IEA'], ['IDA', 'IBA'], ['IBA', 'TAS', 'IEA'], ['HDA', 'IBA', 'IEA'], ['IEA'], ['IDA', 'IBA'], ['IBA', 'TAS', 'IEA'], ['HDA', 'IBA', 'NAS', 'IEA'], ['TAS'], ['IDA'], ['IDA', 'IBA', 'IEA'], ['IDA', 'HDA', 'IBA', 'TAS', 'IEA'], ['IDA', 'IBA', 'IEA'], ['IDA', 'HDA', 'TAS', 'IEA'], ['IDA', 'IBA', 'IEA'], ['IBA', 'IEA'], ['IDA', 'HTP', 'IBA', 'IEA'], ['IBA', 'IEA']]"
GO:0008150,biological_process,5.010913268214276e-06,134,161,20314,"['CFLAR', 'TFPI', 'ABCC8', 'RB1CC1', 'BOD1L1', 'PLEKHA5', 'PPP1R12A', 'SPEN', 'ROCK1', 'NEDD4', 'KDM5A', 'NOTCH3', 'ZNF638', 'RGS11', 'PLXNA2', 'PDS5B', 'MYH9', 'TNRC6B', 'PNN', 'NDFIP2', 'FLT1', 'BLOC1S6', 'SLC17A7', 'DMPK', 'ENG', 'ANKRD26', 'TASOR2', 'SHOC2', 'LUC7L3', 'VWF', 'TNS2', 'FRK', 'MDN1', 'NKTR', 'CCDC88A', 'FN1', 'AAK1', 'SRSF11', 'CNN3', 'STK11', 'SLIRP', 'TSHZ3', 'CYREN', 'ATP7B', 'ACVR1C', 'ATP5F1E', 'MCEE', 'OMG', 'GNG13', 'ZNF835', 'HOXD13', 'CCNT1', 'THEMIS2', 'ZNF331', 'ANO1', 'DCAF15', 'COQ3', 'JCHAIN', 'RIDA', 'IRS4', 'RNF128', 'EPHB2', 'NHSL1', 'ZNF670-ZNF695', 'TGFBRAP1', 'RSAD1', 'RALGPS1', 'NCBP1', 'AMIGO2', 'HMG20A', 'CHST4', 'MED9', 'SIRT3', 'SLC22A14', 'PAM', 'TRIM7', 'IRAK1BP1', 'GINS4', 'ADGRL3', 'TMEM86A', 'MBIP', 'PRKCA', 'ATP5MC3', 'RBM45', 'SLC6A1', 'KIT', 'SNX22', 'TENT5B', 'MITD1', 'VMA21', 'ZNF148', 'APEH', 'RNF180', 'OR2D2', 'RBPMS2', 'VPS39', 'ZNF91', 'RNF187', 'REEP4', 'IL13', 'CXCL10', 'CTNND2', 'RNF150', 'GPR37', 'PGAM1', 'P2RY6', 'CERS6', 'SYT12', 'NLRP13', 'GCSAM', 'RPL15', 'CHST1', 'FOXC2', 'PUS1', 'MTURN', 'ZNF678', 'GALNT9', 'GBP6', 'LRIT3', 'SRARP', 'ZNF93', 'KRT76', 'C6orf120', 'NKAIN3', 'HEPACAM2', 'SLC15A5', 'HLA-DRB1', 'CTSE', 'PDLIM7', 'ZNF772', 'BPIFA1', 'GJC2', 'ETFRF1', 'OPN1MW3']","[['IDA', 'IMP', 'IEP', 'ISS', 'IBA', 'TAS', 'IEA'], ['IDA', 'IEP', 'TAS', 'IEA'], ['ISS', 'IBA', 'TAS', 'NAS', 'IEA'], ['IDA', 'ISS', 'ISO', 'IBA', 'IEA'], ['IDA', 'IBA', 'IEA'], ['IEA'], ['IDA', 'IMP', 'IBA', 'IEA'], ['IDA', 'IMP', 'IBA', 'IEA'], ['IDA', 'IMP', 'IGI', 'ISS', 'IBA', 'TAS', 'IEA'], ['IDA', 'IPI', 'IMP', 'IEP', 'ISS', 'IBA', 'TAS', 'IEA'], ['IDA', 'ISS', 'IBA', 'IEA'], ['IMP', 'IBA', 'IEA'], ['IBA', 'TAS', 'IEA'], ['IBA', 'TAS', 'IEA'], ['ISS', 'IBA', 'IEA'], ['IDA', 'IMP', 'IBA', 'TAS', 'IEA'], ['IDA', 'IMP', 'IEP', 'HMP', 'ISS', 'NAS', 'IEA'], ['IDA', 'IMP', 'IBA', 'IEA'], ['TAS', 'IC', 'IEA'], ['IMP', 'HMP', 'IBA', 'IEA'], ['IDA', 'IMP', 'IGI', 'ISS', 'IBA', 'TAS', 'IEA'], ['IDA', 'ISS', 'IBA', 'NAS', 'IEA'], ['ISS', 'IBA', 'TAS', 'IEA'], ['IDA', 'IMP', 'ISS', 'IBA', 'IEA'], ['IDA', 'IMP', 'IGI', 'ISS', 'IBA', 'TAS', 'IEA'], ['ISS'], ['IEA'], ['IDA', 'IMP', 'IBA', 'NAS', 'IEA'], ['IMP', 'IBA', 'IEA'], ['IDA', 'IMP', 'IBA', 'TAS', 'NAS', 'IEA'], ['IDA', 'IMP', 'IBA', 'IEA'], ['IDA', 'IBA', 'IEA'], ['IDA', 'IBA', 'IEA'], ['IBA', 'IEA'], ['IDA', 'IMP', 'ISS', 'IBA', 'IEA'], ['IDA', 'IMP', 'IBA', 'NAS', 'IEA'], ['IDA', 'IMP', 'IBA', 'TAS', 'IEA'], ['TAS', 'IEA'], ['IEP', 'IBA', 'IEA'], ['IDA', 'IPI', 'IMP', 'ISS', 'IBA', 'TAS', 'IEA'], ['IEA'], ['IDA', 'ISS', 'IBA', 'IEA'], ['IDA', 'ISS', 'IBA', 'IEA'], ['IDA', 'IMP', 'IGI', 'IBA', 'TAS', 'IC', 'IEA'], ['IDA', 'IMP', 'IBA', 'IC', 'IEA'], ['IDA', 'IBA', 'NAS', 'IEA'], ['IDA', 'IBA', 'TAS'], ['IBA', 'IEA'], ['IBA', 'IEA'], ['IBA'], ['IMP', 'IBA', 'TAS', 'IEA'], ['IDA', 'IBA', 'TAS', 'NAS', 'IEA'], ['ISS', 'IBA', 'TAS', 'IEA'], ['IBA', 'IEA'], ['IDA', 'IMP', 'IGI', 'ISS', 'IBA', 'TAS', 'IEA'], ['IDA', 'IMP', 'IBA', 'IEA'], ['IGI', 'TAS', 'NAS', 'IEA'], ['IDA', 'IMP', 'IBA', 'NAS'], ['IDA', 'ISS', 'IBA', 'IEA'], ['IBA', 'TAS', 'IEA'], ['IMP', 'IBA', 'NAS', 'IC', 'IEA'], ['IDA', 'IMP', 'IGI', 'ISS', 'IBA', 'TAS', 'IEA'], ['IBA'], ['IEA'], ['IDA', 'IMP', 'IBA', 'TAS', 'NAS', 'IEA'], ['IBA', 'IEA'], ['IDA', 'IBA', 'NAS', 'IEA'], ['IDA', 'IPI', 'IMP', 'IBA', 'TAS', 'NAS', 'IEA'], ['ISS', 'IBA', 'IEA'], ['IBA', 'NAS', 'IEA'], ['IDA', 'ISS', 'IBA', 'TAS', 'IEA'], ['NAS', 'IEA'], ['IDA', 'IMP', 'ISS', 'TAS', 'IEA'], ['IEA'], ['IDA', 'ISS', 'IEA'], ['IDA', 'IBA', 'IEA'], ['ISS', 'IEA'], ['IBA', 'IEA'], ['ISS', 'IBA', 'TAS', 'NAS', 'IEA'], ['IEA'], ['IDA', 'IMP', 'ISS', 'ISO', 'IEA'], ['IDA', 'IMP', 'ISS', 'IBA', 'TAS', 'IEA'], ['IBA', 'NAS', 'IEA'], ['ISS', 'IEA'], ['IDA', 'ISS', 'IBA', 'TAS', 'NAS', 'IEA'], ['IDA', 'IMP', 'IEP', 'ISS', 'IBA', 'TAS', 'IEA'], ['IEA'], ['IMP', 'IBA'], ['IMP', 'IBA', 'IEA'], ['IBA', 'TAS', 'IEA'], ['EXP', 'IDA', 'HEP', 'IBA', 'TAS', 'IEA'], ['IDA', 'TAS', 'IEA'], ['IBA', 'IEA'], ['IBA', 'NAS', 'IEA'], ['IMP', 'ISS', 'IBA', 'IEA'], ['IDA', 'IMP', 'IBA', 'NAS', 'IEA'], ['IDA', 'IBA', 'IEA'], ['IDA', 'IMP', 'ISS', 'IEA'], ['IMP', 'IBA', 'IEA'], ['IDA', 'IMP', 'IGI', 'ISS', 'IBA', 'TAS', 'NAS', 'IEA'], ['IDA', 'IMP', 'IGI', 'IEP', 'IBA', 'TAS', 'IEA'], ['IMP', 'IBA', 'TAS', 'IEA'], ['IBA'], ['IDA', 'ISS', 'IBA', 'TAS', 'IEA'], ['IDA', 'TAS', 'IEA'], ['IDA', 'IMP', 'ISS', 'IBA', 'TAS', 'IC', 'IEA'], ['IDA', 'IBA', 'TAS', 'IEA'], ['IBA', 'IEA'], ['IBA'], ['IMP', 'IBA', 'IEA'], ['IBA', 'TAS', 'NAS', 'IC', 'IEA'], ['IDA', 'IBA', 'TAS', 'IEA'], ['IDA', 'IMP', 'ISS', 'IBA', 'NAS', 'IEA'], ['IDA', 'IMP', 'IBA', 'TAS', 'IEA'], ['IMP', 'IBA'], ['IBA', 'IEA'], ['IBA', 'TAS', 'NAS', 'IEA'], ['ISS', 'IBA', 'IEA'], ['IDA', 'IEA'], ['IMP', 'IBA'], ['IDA', 'IBA', 'IEA'], ['IBA', 'NAS', 'IEA'], ['IEA'], ['IBA', 'IEA'], ['IMP', 'IBA', 'IEA'], ['IBA', 'IEA'], ['IDA', 'IMP', 'IBA', 'TAS', 'NAS', 'IEA'], ['IDA', 'IBA', 'IEA'], ['IBA', 'TAS', 'IEA'], ['IBA', 'IEA'], ['IDA', 'IMP', 'IEP', 'IBA', 'NAS', 'IEA'], ['IMP', 'IBA', 'IEA'], ['IMP', 'IBA', 'IEA'], ['IBA', 'IEA']]"
GO:0016020,membrane,1.465762938462789e-05,78,161,9740,"['CFLAR', 'TFPI', 'ABCC8', 'RB1CC1', 'PLEKHA5', 'PPP1R12A', 'ROCK1', 'NEDD4', 'NOTCH3', 'RGS11', 'PLXNA2', 'MYH9', 'PNN', 'NDFIP2', 'FLT1', 'BLOC1S6', 'SLC17A7', 'DMPK', 'ENG', 'TNS2', 'FRK', 'MDN1', 'NKTR', 'CCDC88A', 'FN1', 'AAK1', 'STK11', 'TSHZ3', 'ATP7B', 'ACVR1C', 'ATP5F1E', 'OMG', 'GNG13', 'ANO1', 'COQ3', 'IRS4', 'RNF128', 'EPHB2', 'TGFBRAP1', 'RALGPS1', 'AMIGO2', 'CHST4', 'SLC22A14', 'PAM', 'ADGRL3', 'TMEM86A', 'PRKCA', 'ATP5MC3', 'SLC6A1', 'KIT', 'SNX22', 'MITD1', 'VMA21', 'APEH', 'RNF180', 'OR2D2', 'VPS39', 'REEP4', 'IL13', 'CXCL10', 'CTNND2', 'RNF150', 'GPR37', 'PGAM1', 'P2RY6', 'CERS6', 'SYT12', 'GCSAM', 'CHST1', 'XKRX', 'GALNT9', 'LRIT3', 'NKAIN3', 'HEPACAM2', 'SLC15A5', 'HLA-DRB1', 'GJC2', 'OPN1MW3']","[['IDA', 'IBA', 'IEA'], ['IDA', 'TAS', 'IEA'], ['IDA', 'IPI', 'ISS', 'IBA', 'TAS', 'IEA'], ['IDA', 'ISS', 'IBA', 'TAS', 'IEA'], ['HDA'], ['IDA'], ['ISS', 'IEA'], ['IDA', 'IMP', 'TAS', 'IEA'], ['IDA', 'IBA', 'TAS', 'IEA'], ['IBA', 'TAS'], ['ISS', 'IBA', 'TAS', 'IEA'], ['IDA', 'HDA', 'IEA'], ['HDA', 'TAS'], ['IEA'], ['IDA', 'IBA', 'TAS', 'IEA'], ['IDA', 'IEA'], ['IDA', 'ISS', 'IBA', 'TAS', 'IEA'], ['IDA', 'ISS', 'TAS', 'IEA'], ['IDA', 'IEA'], ['IEA'], ['IBA'], ['HDA'], ['IEA'], ['IDA', 'IEA'], ['TAS', 'IEA'], ['IDA', 'ISS', 'IEA'], ['ISS', 'IEA'], ['IDA'], ['IDA', 'HDA', 'IBA', 'TAS', 'IEA'], ['IDA', 'IBA', 'TAS', 'IEA'], ['IDA', 'IMP', 'IBA', 'TAS', 'NAS', 'IEA'], ['TAS', 'IEA'], ['IBA', 'TAS', 'IEA'], ['IDA', 'ISS', 'IBA', 'TAS', 'IEA'], ['IDA', 'TAS', 'IEA'], ['IBA', 'TAS', 'IEA'], ['IEA'], ['IDA', 'ISS', 'IBA', 'TAS', 'IEA'], ['IDA', 'IBA'], ['IBA', 'IEA'], ['IBA', 'IEA'], ['TAS', 'NAS', 'IEA'], ['IDA', 'IEA'], ['HDA', 'ISS', 'IEA'], ['IDA', 'IBA', 'TAS', 'NAS', 'IEA'], ['ISS', 'IBA', 'IEA'], ['IDA', 'ISS', 'TAS', 'IEA'], ['TAS', 'NAS', 'IEA'], ['IDA', 'IBA', 'TAS', 'IEA'], ['IDA', 'IBA', 'TAS', 'IEA'], ['IEA'], ['IDA', 'IEA'], ['IBA', 'IEA'], ['IDA'], ['IBA', 'IEA'], ['IBA', 'NAS', 'IEA'], ['IDA', 'HDA', 'IBA', 'TAS', 'NAS', 'IEA'], ['IBA', 'IEA'], ['IEA'], ['IEA'], ['IBA'], ['IEA'], ['IDA', 'IBA', 'TAS', 'IEA'], ['HDA'], ['IBA', 'TAS', 'IC', 'IEA'], ['HDA', 'TAS', 'IEA'], ['IBA', 'IEA'], ['IEA'], ['TAS', 'NAS', 'IEA'], ['IEA'], ['TAS', 'IEA'], ['IEA'], ['IEA'], ['IEA'], ['IBA', 'IEA'], ['IDA', 'IMP', 'HDA', 'IBA', 'TAS', 'NAS', 'IEA'], ['IBA', 'IEA'], ['IBA', 'IEA']]"
GO:0065007,biological regulation,1.8834982589280553e-05,96,161,12522,"['CFLAR', 'TFPI', 'ABCC8', 'RB1CC1', 'PPP1R12A', 'SPEN', 'ROCK1', 'NEDD4', 'KDM5A', 'NOTCH3', 'ZNF638', 'RGS11', 'PLXNA2', 'PDS5B', 'MYH9', 'TNRC6B', 'NDFIP2', 'FLT1', 'BLOC1S6', 'SLC17A7', 'DMPK', 'ENG', 'ANKRD26', 'TASOR2', 'SHOC2', 'VWF', 'TNS2', 'FRK', 'NKTR', 'CCDC88A', 'FN1', 'AAK1', 'STK11', 'SLIRP', 'TSHZ3', 'CYREN', 'ATP7B', 'ACVR1C', 'GNG13', 'ZNF835', 'HOXD13', 'CCNT1', 'THEMIS2', 'ZNF331', 'ANO1', 'DCAF15', 'JCHAIN', 'RIDA', 'IRS4', 'RNF128', 'EPHB2', 'ZNF670-ZNF695', 'TGFBRAP1', 'RALGPS1', 'NCBP1', 'AMIGO2', 'HMG20A', 'CHST4', 'MED9', 'SIRT3', 'IRAK1BP1', 'ADGRL3', 'MBIP', 'PRKCA', 'SLC6A1', 'KIT', 'TENT5B', 'MITD1', 'VMA21', 'ZNF148', 'RNF180', 'OR2D2', 'RBPMS2', 'VPS39', 'ZNF91', 'RNF187', 'IL13', 'CXCL10', 'CTNND2', 'GPR37', 'P2RY6', 'SYT12', 'NLRP13', 'GCSAM', 'FOXC2', 'MTURN', 'ZNF678', 'LRIT3', 'SRARP', 'ZNF93', 'NKAIN3', 'HLA-DRB1', 'ZNF772', 'BPIFA1', 'GJC2', 'OPN1MW3']","[['IDA', 'IMP', 'IEP', 'ISS', 'IBA', 'TAS', 'IEA'], ['IDA', 'TAS', 'IEA'], ['IEA'], ['IDA', 'ISO', 'IEA'], ['IDA', 'IEA'], ['IDA', 'IMP', 'IBA', 'IEA'], ['IDA', 'IMP', 'IGI', 'ISS', 'IBA', 'TAS', 'IEA'], ['IDA', 'IMP', 'ISS', 'IBA', 'TAS'], ['IDA', 'ISS', 'IBA', 'IEA'], ['IMP', 'IBA', 'IEA'], ['IBA'], ['IBA', 'TAS', 'IEA'], ['ISS', 'IBA', 'IEA'], ['IDA'], ['IMP', 'HMP', 'ISS', 'NAS', 'IEA'], ['IDA', 'IMP', 'IBA', 'IEA'], ['IMP', 'HMP', 'IBA'], ['IDA', 'IMP', 'IGI', 'IBA', 'TAS', 'IEA'], ['IDA', 'NAS', 'IEA'], ['IBA', 'IEA'], ['IDA', 'ISS', 'IBA', 'IEA'], ['IDA', 'IMP', 'IGI', 'ISS', 'TAS', 'IEA'], ['ISS'], ['IEA'], ['IDA', 'IMP', 'IBA', 'NAS', 'IEA'], ['IDA', 'IMP', 'IBA', 'NAS', 'IEA'], ['IDA', 'IMP', 'IBA'], ['IDA', 'IBA'], ['IEA'], ['IDA', 'IMP', 'ISS'], ['IDA', 'IEA'], ['IDA', 'IMP', 'IBA'], ['IDA', 'IMP', 'ISS', 'IBA', 'TAS', 'IEA'], ['IEA'], ['IDA', 'ISS', 'IBA', 'IEA'], ['IDA', 'IEA'], ['IEA'], ['IDA', 'IMP', 'IBA', 'IEA'], ['IBA', 'IEA'], ['IBA'], ['IMP', 'IBA', 'TAS', 'IEA'], ['IDA', 'IBA', 'TAS', 'IEA'], ['ISS', 'IBA', 'IEA'], ['IBA', 'IEA'], ['IMP', 'IGI', 'ISS'], ['IMP'], ['IDA'], ['IDA', 'ISS', 'IBA'], ['IBA', 'TAS', 'IEA'], ['IMP', 'IC', 'IEA'], ['IDA', 'IMP', 'IGI', 'ISS', 'IBA', 'IEA'], ['IEA'], ['IDA', 'TAS', 'NAS'], ['IDA', 'IBA', 'NAS', 'IEA'], ['IDA', 'IMP', 'IBA', 'NAS', 'IEA'], ['ISS', 'IBA', 'IEA'], ['IBA', 'NAS', 'IEA'], ['ISS', 'TAS'], ['NAS', 'IEA'], ['IDA', 'IMP', 'ISS', 'IEA'], ['ISS', 'IEA'], ['IBA', 'TAS', 'NAS', 'IEA'], ['IDA', 'IMP', 'ISS', 'ISO', 'IEA'], ['IDA', 'IMP', 'ISS', 'IBA', 'TAS', 'IEA'], ['TAS'], ['IDA', 'IMP', 'ISS', 'IBA', 'TAS', 'IEA'], ['IMP', 'IBA'], ['IMP'], ['TAS'], ['EXP', 'IDA', 'IBA', 'IEA'], ['IBA', 'IEA'], ['IEA'], ['IMP', 'ISS', 'IBA', 'IEA'], ['NAS'], ['IDA', 'IBA', 'IEA'], ['IMP', 'ISS'], ['IDA', 'IMP', 'IGI', 'ISS', 'IBA', 'NAS', 'IEA'], ['IDA', 'IMP', 'IBA', 'TAS', 'IEA'], ['IMP', 'TAS', 'IEA'], ['IDA', 'IBA', 'TAS', 'IEA'], ['IDA', 'IMP', 'ISS', 'IBA', 'TAS', 'IC', 'IEA'], ['IBA', 'IEA'], ['IBA'], ['IMP', 'IBA', 'IEA'], ['IDA', 'IMP', 'ISS', 'IBA', 'IEA'], ['IMP', 'IBA'], ['IBA', 'IEA'], ['IDA', 'IEA'], ['IMP', 'IBA'], ['IDA', 'IBA', 'IEA'], ['IBA', 'IEA'], ['IDA', 'IMP', 'IBA', 'NAS'], ['IBA', 'IEA'], ['IDA', 'IMP', 'IBA'], ['IBA', 'IEA'], ['IBA', 'IEA']]"
GO:0009987,cellular process,1.8834982589280553e-05,129,161,19603,"['CFLAR', 'TFPI', 'ABCC8', 'RB1CC1', 'BOD1L1', 'PPP1R12A', 'SPEN', 'ROCK1', 'NEDD4', 'KDM5A', 'NOTCH3', 'ZNF638', 'RGS11', 'PLXNA2', 'PDS5B', 'MYH9', 'TNRC6B', 'PNN', 'NDFIP2', 'FLT1', 'BLOC1S6', 'SLC17A7', 'DMPK', 'ENG', 'ANKRD26', 'TASOR2', 'SHOC2', 'LUC7L3', 'VWF', 'TNS2', 'FRK', 'MDN1', 'NKTR', 'CCDC88A', 'FN1', 'AAK1', 'SRSF11', 'CNN3', 'STK11', 'SLIRP', 'TSHZ3', 'CYREN', 'ATP7B', 'ACVR1C', 'ATP5F1E', 'MCEE', 'OMG', 'GNG13', 'ZNF835', 'HOXD13', 'CCNT1', 'THEMIS2', 'ZNF331', 'ANO1', 'DCAF15', 'COQ3', 'JCHAIN', 'RIDA', 'IRS4', 'RNF128', 'EPHB2', 'NHSL1', 'ZNF670-ZNF695', 'TGFBRAP1', 'RSAD1', 'RALGPS1', 'NCBP1', 'AMIGO2', 'HMG20A', 'CHST4', 'MED9', 'SIRT3', 'SLC22A14', 'PAM', 'TRIM7', 'IRAK1BP1', 'GINS4', 'ADGRL3', 'TMEM86A', 'MBIP', 'PRKCA', 'ATP5MC3', 'RBM45', 'SLC6A1', 'KIT', 'TENT5B', 'MITD1', 'VMA21', 'ZNF148', 'APEH', 'RNF180', 'OR2D2', 'RBPMS2', 'VPS39', 'ZNF91', 'RNF187', 'REEP4', 'IL13', 'CXCL10', 'CTNND2', 'RNF150', 'GPR37', 'PGAM1', 'P2RY6', 'CERS6', 'SYT12', 'GCSAM', 'RPL15', 'CHST1', 'FOXC2', 'PUS1', 'MTURN', 'ZNF678', 'GALNT9', 'LRIT3', 'SRARP', 'ZNF93', 'KRT76', 'C6orf120', 'HEPACAM2', 'SLC15A5', 'HLA-DRB1', 'CTSE', 'PDLIM7', 'ZNF772', 'BPIFA1', 'GJC2', 'ETFRF1', 'OPN1MW3']","[['IDA', 'IMP', 'IEP', 'ISS', 'IBA', 'TAS', 'IEA'], ['IEP', 'IEA'], ['ISS', 'IBA', 'NAS', 'IEA'], ['IDA', 'ISS', 'ISO', 'IBA', 'IEA'], ['IDA', 'IBA', 'IEA'], ['IDA', 'IMP', 'IBA', 'IEA'], ['IDA', 'IMP', 'IBA', 'IEA'], ['IDA', 'IMP', 'IGI', 'ISS', 'IBA', 'TAS', 'IEA'], ['IDA', 'IPI', 'IMP', 'IEP', 'ISS', 'IBA', 'TAS', 'IEA'], ['IDA', 'ISS', 'IBA', 'IEA'], ['IMP', 'IBA', 'IEA'], ['IBA', 'TAS', 'IEA'], ['IBA', 'TAS', 'IEA'], ['ISS', 'IBA', 'IEA'], ['IDA', 'IMP', 'IBA', 'TAS', 'IEA'], ['IDA', 'IMP', 'IEP', 'HMP', 'ISS', 'NAS', 'IEA'], ['IDA', 'IMP', 'IBA', 'IEA'], ['TAS', 'IC', 'IEA'], ['IMP', 'HMP', 'IBA', 'IEA'], ['IDA', 'IMP', 'IGI', 'IBA', 'TAS', 'IEA'], ['IDA', 'ISS', 'IBA', 'NAS', 'IEA'], ['ISS', 'IBA', 'IEA'], ['IDA', 'IMP', 'ISS', 'IBA', 'IEA'], ['IDA', 'IMP', 'IGI', 'ISS', 'IBA', 'TAS', 'IEA'], ['ISS'], ['IEA'], ['IDA', 'IMP', 'IBA', 'NAS', 'IEA'], ['IMP', 'IBA', 'IEA'], ['IDA', 'IBA', 'NAS', 'IEA'], ['IDA', 'IMP', 'IBA', 'IEA'], ['IDA', 'IBA', 'IEA'], ['IDA', 'IBA', 'IEA'], ['IBA', 'IEA'], ['IDA', 'IMP', 'ISS', 'IBA', 'IEA'], ['IDA', 'IMP', 'IBA', 'NAS', 'IEA'], ['IDA', 'IMP', 'IBA', 'TAS', 'IEA'], ['TAS', 'IEA'], ['IEP', 'IBA', 'IEA'], ['IDA', 'IPI', 'IMP', 'ISS', 'IBA', 'TAS', 'IEA'], ['IEA'], ['IDA', 'ISS', 'IBA', 'IEA'], ['IDA', 'ISS', 'IBA', 'IEA'], ['IBA', 'TAS', 'IC', 'IEA'], ['IDA', 'IMP', 'IBA', 'IC', 'IEA'], ['IDA', 'IBA', 'NAS', 'IEA'], ['IDA', 'IBA', 'TAS'], ['IBA', 'IEA'], ['IBA', 'IEA'], ['IBA'], ['IMP', 'IBA', 'TAS', 'IEA'], ['IDA', 'IBA', 'TAS', 'IEA'], ['ISS', 'IBA', 'TAS', 'IEA'], ['IBA', 'IEA'], ['IDA', 'IMP', 'IGI', 'ISS', 'IBA', 'TAS', 'IEA'], ['IDA', 'IMP', 'IBA', 'IEA'], ['IGI', 'TAS', 'NAS', 'IEA'], ['IDA', 'IMP'], ['IDA', 'ISS', 'IBA', 'IEA'], ['IBA', 'TAS', 'IEA'], ['IBA', 'NAS', 'IC', 'IEA'], ['IDA', 'IMP', 'IGI', 'ISS', 'IBA', 'IEA'], ['IBA'], ['IEA'], ['IDA', 'IMP', 'IBA', 'TAS', 'NAS', 'IEA'], ['IBA', 'IEA'], ['IDA', 'IBA', 'NAS', 'IEA'], ['IDA', 'IPI', 'IMP', 'IBA', 'TAS', 'NAS', 'IEA'], ['ISS', 'IBA', 'IEA'], ['IBA', 'NAS', 'IEA'], ['IDA', 'ISS', 'IBA', 'TAS', 'IEA'], ['NAS', 'IEA'], ['IDA', 'IMP', 'ISS', 'TAS', 'IEA'], ['IEA'], ['IDA', 'ISS', 'IEA'], ['IEA'], ['ISS', 'IEA'], ['IBA', 'IEA'], ['ISS', 'IBA', 'TAS', 'NAS', 'IEA'], ['IEA'], ['IDA', 'IMP', 'ISS', 'IEA'], ['IDA', 'IMP', 'ISS', 'IBA', 'TAS', 'IEA'], ['IBA', 'NAS', 'IEA'], ['IEA'], ['IDA', 'ISS', 'IBA', 'TAS', 'IEA'], ['IDA', 'IMP', 'ISS', 'IBA', 'TAS', 'IEA'], ['IMP', 'IBA'], ['IMP', 'IBA', 'IEA'], ['IBA', 'TAS', 'IEA'], ['EXP', 'IDA', 'IBA', 'IEA'], ['IDA', 'TAS', 'IEA'], ['IBA', 'IEA'], ['IEA'], ['IMP', 'ISS', 'IBA', 'IEA'], ['IDA', 'IMP', 'IBA', 'NAS', 'IEA'], ['IDA', 'IBA', 'IEA'], ['IDA', 'IMP', 'ISS', 'IEA'], ['IMP', 'IBA', 'IEA'], ['IDA', 'IMP', 'IGI', 'ISS', 'IBA', 'NAS', 'IEA'], ['IDA', 'IMP', 'IGI', 'IBA', 'TAS', 'IEA'], ['IMP', 'IBA', 'TAS', 'IEA'], ['IBA'], ['IDA', 'ISS', 'IBA', 'TAS', 'IEA'], ['IDA', 'TAS', 'IEA'], ['IDA', 'IMP', 'ISS', 'IBA', 'TAS', 'IC', 'IEA'], ['IDA', 'IBA', 'TAS', 'IEA'], ['IBA', 'IEA'], ['IMP', 'IBA', 'IEA'], ['IBA', 'TAS', 'NAS', 'IC', 'IEA'], ['IDA', 'IBA', 'TAS', 'IEA'], ['IDA', 'ISS', 'IBA', 'IEA'], ['IDA', 'IMP', 'IBA', 'TAS', 'IEA'], ['IMP', 'IBA'], ['IBA', 'IEA'], ['IBA', 'TAS', 'NAS', 'IEA'], ['IDA', 'IEA'], ['IMP', 'IBA'], ['IDA', 'IBA', 'IEA'], ['IBA', 'NAS'], ['IEA'], ['IMP', 'IBA', 'IEA'], ['IBA', 'IEA'], ['IDA', 'IMP', 'IBA', 'NAS', 'IEA'], ['IDA', 'IBA', 'IEA'], ['IBA', 'TAS', 'IEA'], ['IBA', 'IEA'], ['IDA', 'IMP', 'IBA'], ['IMP', 'IBA', 'IEA'], ['IMP', 'IBA', 'IEA'], ['IBA', 'IEA']]"
GO:0010647,positive regulation of cell communication,1.9643141543182257e-05,28,161,1768,"['CFLAR', 'ABCC8', 'RB1CC1', 'ROCK1', 'NEDD4', 'NDFIP2', 'FLT1', 'ENG', 'SHOC2', 'VWF', 'CCDC88A', 'FN1', 'AAK1', 'STK11', 'TSHZ3', 'ANO1', 'EPHB2', 'SIRT3', 'IRAK1BP1', 'MBIP', 'PRKCA', 'KIT', 'GPR37', 'P2RY6', 'SYT12', 'MTURN', 'SRARP', 'HLA-DRB1']","[['IEP', 'IEA'], ['IEA'], ['IEA'], ['IMP'], ['IMP'], ['HMP'], ['IDA', 'IMP', 'IBA'], ['IDA', 'IMP', 'IGI'], ['IMP', 'IBA'], ['IDA'], ['IDA', 'ISS'], ['IDA'], ['IDA'], ['IMP', 'IEA'], ['ISS'], ['IMP', 'IGI'], ['ISS', 'IEA'], ['IEA'], ['IEA'], ['IDA'], ['IDA', 'IMP', 'ISS', 'TAS'], ['IMP', 'IBA', 'TAS', 'IEA'], ['IDA', 'IBA', 'IEA'], ['IDA'], ['IEA'], ['IMP'], ['IMP', 'IBA'], ['IDA', 'IMP']]"
GO:0023056,positive regulation of signaling,1.9643141543182257e-05,28,161,1768,"['CFLAR', 'ABCC8', 'RB1CC1', 'ROCK1', 'NEDD4', 'NDFIP2', 'FLT1', 'ENG', 'SHOC2', 'VWF', 'CCDC88A', 'FN1', 'AAK1', 'STK11', 'TSHZ3', 'ANO1', 'EPHB2', 'SIRT3', 'IRAK1BP1', 'MBIP', 'PRKCA', 'KIT', 'GPR37', 'P2RY6', 'SYT12', 'MTURN', 'SRARP', 'HLA-DRB1']","[['IEP', 'IEA'], ['IEA'], ['IEA'], ['IMP'], ['IMP'], ['HMP'], ['IDA', 'IMP', 'IBA'], ['IDA', 'IMP', 'IGI'], ['IMP', 'IBA'], ['IDA'], ['IDA', 'ISS'], ['IDA'], ['IDA'], ['IMP', 'IEA'], ['ISS'], ['IMP', 'IGI'], ['ISS', 'IEA'], ['IEA'], ['IEA'], ['IDA'], ['IDA', 'IMP', 'ISS', 'TAS'], ['IMP', 'IBA', 'TAS', 'IEA'], ['IDA', 'IBA', 'IEA'], ['IDA'], ['IEA'], ['IMP'], ['IMP', 'IBA'], ['IDA', 'IMP']]"
GO:0050789,regulation of biological process,2.1978457493820312e-05,93,161,12124,"['CFLAR', 'TFPI', 'ABCC8', 'RB1CC1', 'PPP1R12A', 'SPEN', 'ROCK1', 'NEDD4', 'KDM5A', 'NOTCH3', 'ZNF638', 'RGS11', 'PLXNA2', 'PDS5B', 'MYH9', 'TNRC6B', 'NDFIP2', 'FLT1', 'BLOC1S6', 'SLC17A7', 'DMPK', 'ENG', 'ANKRD26', 'TASOR2', 'SHOC2', 'VWF', 'TNS2', 'FRK', 'NKTR', 'CCDC88A', 'FN1', 'AAK1', 'STK11', 'SLIRP', 'TSHZ3', 'CYREN', 'ACVR1C', 'GNG13', 'ZNF835', 'HOXD13', 'CCNT1', 'THEMIS2', 'ZNF331', 'ANO1', 'DCAF15', 'JCHAIN', 'RIDA', 'IRS4', 'RNF128', 'EPHB2', 'ZNF670-ZNF695', 'TGFBRAP1', 'RALGPS1', 'NCBP1', 'AMIGO2', 'HMG20A', 'CHST4', 'MED9', 'SIRT3', 'IRAK1BP1', 'ADGRL3', 'MBIP', 'PRKCA', 'SLC6A1', 'KIT', 'TENT5B', 'ZNF148', 'RNF180', 'OR2D2', 'RBPMS2', 'VPS39', 'ZNF91', 'RNF187', 'IL13', 'CXCL10', 'CTNND2', 'GPR37', 'P2RY6', 'SYT12', 'NLRP13', 'GCSAM', 'FOXC2', 'MTURN', 'ZNF678', 'LRIT3', 'SRARP', 'ZNF93', 'NKAIN3', 'HLA-DRB1', 'ZNF772', 'BPIFA1', 'GJC2', 'OPN1MW3']","[['IDA', 'IMP', 'IEP', 'ISS', 'IBA', 'TAS', 'IEA'], ['IDA', 'IEA'], ['IEA'], ['IDA', 'ISO', 'IEA'], ['IDA', 'IEA'], ['IDA', 'IMP', 'IBA', 'IEA'], ['IDA', 'IMP', 'IGI', 'ISS', 'IBA', 'TAS', 'IEA'], ['IDA', 'IMP', 'ISS', 'IBA', 'TAS'], ['IDA', 'ISS', 'IBA', 'IEA'], ['IMP', 'IBA', 'IEA'], ['IBA'], ['IBA', 'TAS', 'IEA'], ['ISS', 'IBA', 'IEA'], ['IDA'], ['IMP', 'ISS', 'NAS', 'IEA'], ['IDA', 'IMP', 'IBA', 'IEA'], ['IMP', 'HMP', 'IBA'], ['IDA', 'IMP', 'IGI', 'IBA', 'TAS', 'IEA'], ['IDA', 'NAS', 'IEA'], ['IBA', 'IEA'], ['IDA', 'ISS', 'IBA', 'IEA'], ['IDA', 'IMP', 'IGI', 'ISS', 'TAS', 'IEA'], ['ISS'], ['IEA'], ['IDA', 'IMP', 'IBA', 'NAS', 'IEA'], ['IDA'], ['IDA', 'IMP', 'IBA'], ['IDA', 'IBA'], ['IEA'], ['IDA', 'IMP', 'ISS'], ['IDA', 'IEA'], ['IDA', 'IMP', 'IBA'], ['IDA', 'IMP', 'ISS', 'IBA', 'TAS', 'IEA'], ['IEA'], ['IDA', 'ISS', 'IBA', 'IEA'], ['IDA', 'IEA'], ['IDA', 'IMP', 'IBA', 'IEA'], ['IBA', 'IEA'], ['IBA'], ['IMP', 'IBA', 'TAS', 'IEA'], ['IDA', 'IBA', 'TAS', 'IEA'], ['ISS', 'IBA', 'IEA'], ['IBA', 'IEA'], ['IMP', 'IGI', 'ISS'], ['IMP'], ['IDA'], ['IDA', 'ISS', 'IBA'], ['IBA', 'TAS', 'IEA'], ['IC', 'IEA'], ['IDA', 'IMP', 'IGI', 'ISS', 'IBA', 'IEA'], ['IEA'], ['IDA', 'TAS', 'NAS'], ['IDA', 'IBA', 'NAS', 'IEA'], ['IDA', 'IMP', 'IBA', 'NAS', 'IEA'], ['ISS', 'IBA', 'IEA'], ['IBA', 'NAS', 'IEA'], ['ISS', 'TAS'], ['NAS', 'IEA'], ['IMP', 'ISS', 'IEA'], ['ISS', 'IEA'], ['IBA', 'TAS', 'NAS', 'IEA'], ['IDA', 'IMP', 'ISS', 'ISO', 'IEA'], ['IDA', 'IMP', 'ISS', 'IBA', 'TAS', 'IEA'], ['TAS'], ['IDA', 'IMP', 'ISS', 'IBA', 'TAS', 'IEA'], ['IMP', 'IBA'], ['EXP', 'IDA', 'IBA', 'IEA'], ['IBA', 'IEA'], ['IEA'], ['IMP', 'ISS', 'IBA', 'IEA'], ['NAS'], ['IDA', 'IBA', 'IEA'], ['IMP', 'ISS'], ['IDA', 'IMP', 'IGI', 'ISS', 'IBA', 'NAS', 'IEA'], ['IDA', 'IMP', 'IBA', 'TAS', 'IEA'], ['IMP', 'TAS', 'IEA'], ['IDA', 'IBA', 'TAS', 'IEA'], ['IDA', 'IMP', 'ISS', 'IBA', 'TAS', 'IC', 'IEA'], ['IBA', 'IEA'], ['IBA'], ['IMP', 'IBA', 'IEA'], ['IDA', 'IMP', 'ISS', 'IBA', 'IEA'], ['IMP', 'IBA'], ['IBA', 'IEA'], ['IDA', 'IEA'], ['IMP', 'IBA'], ['IDA', 'IBA', 'IEA'], ['IBA', 'IEA'], ['IDA', 'IMP', 'IBA', 'NAS'], ['IBA', 'IEA'], ['IDA', 'IMP', 'IBA'], ['IBA', 'IEA'], ['IBA', 'IEA']]"
GO:0050794,regulation of cellular process,8.431752434584368e-05,89,161,11692,"['CFLAR', 'TFPI', 'ABCC8', 'RB1CC1', 'PPP1R12A', 'SPEN', 'ROCK1', 'NEDD4', 'KDM5A', 'NOTCH3', 'ZNF638', 'RGS11', 'PLXNA2', 'PDS5B', 'MYH9', 'TNRC6B', 'NDFIP2', 'FLT1', 'BLOC1S6', 'SLC17A7', 'DMPK', 'ENG', 'ANKRD26', 'TASOR2', 'SHOC2', 'VWF', 'TNS2', 'FRK', 'NKTR', 'CCDC88A', 'FN1', 'AAK1', 'STK11', 'SLIRP', 'TSHZ3', 'CYREN', 'ACVR1C', 'GNG13', 'ZNF835', 'HOXD13', 'CCNT1', 'THEMIS2', 'ZNF331', 'ANO1', 'DCAF15', 'JCHAIN', 'RIDA', 'IRS4', 'RNF128', 'EPHB2', 'ZNF670-ZNF695', 'TGFBRAP1', 'RALGPS1', 'NCBP1', 'AMIGO2', 'HMG20A', 'CHST4', 'MED9', 'SIRT3', 'IRAK1BP1', 'ADGRL3', 'MBIP', 'PRKCA', 'KIT', 'TENT5B', 'ZNF148', 'RNF180', 'OR2D2', 'RBPMS2', 'VPS39', 'ZNF91', 'RNF187', 'IL13', 'CXCL10', 'CTNND2', 'GPR37', 'P2RY6', 'SYT12', 'GCSAM', 'FOXC2', 'MTURN', 'ZNF678', 'LRIT3', 'SRARP', 'ZNF93', 'HLA-DRB1', 'ZNF772', 'BPIFA1', 'OPN1MW3']","[['IDA', 'IMP', 'IEP', 'ISS', 'IBA', 'TAS', 'IEA'], ['IEA'], ['IEA'], ['IDA', 'ISO', 'IEA'], ['IDA', 'IEA'], ['IDA', 'IMP', 'IBA', 'IEA'], ['IDA', 'IMP', 'IGI', 'ISS', 'IBA', 'TAS', 'IEA'], ['IDA', 'IMP', 'ISS', 'IBA', 'TAS'], ['IDA', 'ISS', 'IBA', 'IEA'], ['IMP', 'IBA', 'IEA'], ['IBA'], ['IBA', 'TAS', 'IEA'], ['ISS', 'IBA', 'IEA'], ['IDA'], ['IMP', 'ISS', 'NAS', 'IEA'], ['IDA', 'IMP', 'IBA', 'IEA'], ['IMP', 'HMP', 'IBA'], ['IDA', 'IMP', 'IGI', 'IBA', 'TAS', 'IEA'], ['IDA', 'IEA'], ['IEA'], ['ISS', 'IBA', 'IEA'], ['IDA', 'IMP', 'IGI', 'ISS', 'TAS', 'IEA'], ['ISS'], ['IEA'], ['IDA', 'IMP', 'IBA', 'NAS', 'IEA'], ['IDA'], ['IDA', 'IMP', 'IBA'], ['IDA', 'IBA'], ['IEA'], ['IDA', 'IMP', 'ISS'], ['IDA', 'IEA'], ['IDA', 'IMP', 'IBA'], ['IDA', 'IMP', 'ISS', 'IBA', 'TAS', 'IEA'], ['IEA'], ['IDA', 'ISS', 'IBA', 'IEA'], ['IDA', 'IEA'], ['IDA', 'IMP', 'IBA', 'IEA'], ['IBA', 'IEA'], ['IBA'], ['IMP', 'IBA', 'TAS', 'IEA'], ['IDA', 'IBA', 'TAS', 'IEA'], ['ISS', 'IBA', 'IEA'], ['IBA', 'IEA'], ['IMP', 'IGI', 'ISS'], ['IMP'], ['IDA'], ['IDA', 'ISS', 'IBA'], ['IBA', 'TAS', 'IEA'], ['IC', 'IEA'], ['IDA', 'IMP', 'IGI', 'ISS', 'IBA', 'IEA'], ['IEA'], ['IDA', 'TAS', 'NAS'], ['IDA', 'IBA', 'NAS', 'IEA'], ['IDA', 'IMP', 'IBA', 'NAS', 'IEA'], ['ISS', 'IBA', 'IEA'], ['IBA', 'NAS', 'IEA'], ['ISS'], ['NAS', 'IEA'], ['IMP', 'ISS', 'IEA'], ['ISS', 'IEA'], ['IBA', 'TAS', 'NAS', 'IEA'], ['IDA', 'IMP', 'ISS', 'IEA'], ['IDA', 'IMP', 'ISS', 'IBA', 'TAS', 'IEA'], ['IDA', 'IMP', 'ISS', 'IBA', 'TAS', 'IEA'], ['IMP', 'IBA'], ['EXP', 'IDA', 'IBA', 'IEA'], ['IBA', 'IEA'], ['IEA'], ['IMP', 'ISS', 'IBA', 'IEA'], ['NAS'], ['IDA', 'IBA', 'IEA'], ['IMP', 'ISS'], ['IDA', 'IMP', 'IGI', 'ISS', 'IBA', 'NAS', 'IEA'], ['IDA', 'IMP', 'IBA', 'TAS', 'IEA'], ['IMP', 'TAS', 'IEA'], ['IDA', 'IBA', 'TAS', 'IEA'], ['IDA', 'IMP', 'ISS', 'IBA', 'TAS', 'IC', 'IEA'], ['IBA', 'IEA'], ['IMP', 'IBA', 'IEA'], ['IDA', 'ISS', 'IBA', 'IEA'], ['IMP', 'IBA'], ['IBA', 'IEA'], ['IDA'], ['IMP', 'IBA'], ['IDA', 'IBA', 'IEA'], ['IDA', 'IMP', 'IBA', 'NAS'], ['IBA', 'IEA'], ['IDA', 'IMP', 'IBA'], ['IBA', 'IEA']]"
GO:0080090,regulation of primary metabolic process,8.49777285068197e-05,51,161,5133,"['TFPI', 'PPP1R12A', 'SPEN', 'ROCK1', 'NEDD4', 'KDM5A', 'NOTCH3', 'ZNF638', 'MYH9', 'TNRC6B', 'NDFIP2', 'FLT1', 'ENG', 'FRK', 'NKTR', 'CCDC88A', 'FN1', 'STK11', 'SLIRP', 'TSHZ3', 'CYREN', 'ZNF835', 'HOXD13', 'CCNT1', 'ZNF331', 'RIDA', 'RNF128', 'ZNF670-ZNF695', 'TGFBRAP1', 'NCBP1', 'HMG20A', 'MED9', 'SIRT3', 'MBIP', 'PRKCA', 'KIT', 'TENT5B', 'ZNF148', 'RNF180', 'RBPMS2', 'ZNF91', 'RNF187', 'IL13', 'CXCL10', 'GPR37', 'P2RY6', 'FOXC2', 'ZNF678', 'ZNF93', 'HLA-DRB1', 'ZNF772']","[['IEA'], ['IDA'], ['IDA', 'IBA'], ['IMP', 'ISS', 'TAS', 'IEA'], ['IDA', 'IMP'], ['IDA', 'IBA', 'IEA'], ['IMP', 'IEA'], ['IBA'], ['ISS', 'IEA'], ['IDA', 'IMP', 'IBA', 'IEA'], ['IMP', 'IBA'], ['IDA'], ['IDA', 'IMP', 'ISS', 'IEA'], ['IDA'], ['IEA'], ['IDA'], ['IDA'], ['IDA', 'IMP'], ['IEA'], ['IDA', 'IBA'], ['IDA', 'IEA'], ['IBA'], ['IMP', 'IBA', 'TAS', 'IEA'], ['IDA', 'IBA', 'TAS', 'IEA'], ['IBA', 'IEA'], ['IDA', 'ISS', 'IBA'], ['IC'], ['IEA'], ['IDA'], ['IDA', 'IMP', 'IBA', 'NAS', 'IEA'], ['NAS', 'IEA'], ['NAS', 'IEA'], ['ISS'], ['IDA', 'IMP', 'ISS'], ['TAS', 'IEA'], ['IMP'], ['IMP', 'IBA'], ['EXP', 'IDA', 'IBA', 'IEA'], ['IBA', 'IEA'], ['ISS', 'IEA'], ['IBA', 'IEA'], ['IMP'], ['IGI'], ['TAS'], ['IEA'], ['IDA', 'TAS'], ['IDA', 'ISS', 'IBA', 'IEA'], ['IBA', 'IEA'], ['IBA', 'IEA'], ['IDA'], ['IBA', 'IEA']]"
GO:0048522,positive regulation of cellular process,0.00011935859146710991,54,161,5679,"['CFLAR', 'ABCC8', 'RB1CC1', 'PPP1R12A', 'SPEN', 'ROCK1', 'NEDD4', 'KDM5A', 'NOTCH3', 'MYH9', 'TNRC6B', 'NDFIP2', 'FLT1', 'BLOC1S6', 'ENG', 'SHOC2', 'VWF', 'CCDC88A', 'FN1', 'AAK1', 'STK11', 'TSHZ3', 'CYREN', 'ACVR1C', 'HOXD13', 'CCNT1', 'ANO1', 'JCHAIN', 'RIDA', 'RNF128', 'EPHB2', 'NCBP1', 'AMIGO2', 'CHST4', 'MED9', 'SIRT3', 'IRAK1BP1', 'MBIP', 'PRKCA', 'KIT', 'TENT5B', 'ZNF148', 'RNF180', 'RBPMS2', 'RNF187', 'IL13', 'CXCL10', 'GPR37', 'P2RY6', 'SYT12', 'FOXC2', 'MTURN', 'SRARP', 'HLA-DRB1']","[['IEP', 'IBA', 'IEA'], ['IEA'], ['ISO', 'IEA'], ['IDA'], ['IMP'], ['IMP', 'IGI', 'ISS', 'IEA'], ['IDA', 'IMP'], ['IDA'], ['IMP', 'IEA'], ['ISS', 'IEA'], ['IMP', 'IBA'], ['IMP', 'HMP', 'IBA'], ['IDA', 'IMP', 'IBA', 'TAS'], ['IDA', 'IEA'], ['IDA', 'IMP', 'IGI', 'ISS', 'IEA'], ['IMP', 'IBA', 'IEA'], ['IDA'], ['IDA', 'IMP', 'ISS'], ['IDA', 'IEA'], ['IDA'], ['IDA', 'IMP', 'IBA', 'IEA'], ['ISS'], ['IEA'], ['IDA'], ['IMP', 'IEA'], ['IDA', 'IBA'], ['IMP', 'IGI'], ['IDA'], ['IDA'], ['IC'], ['IMP', 'IGI', 'ISS', 'IEA'], ['IMP', 'NAS'], ['IBA', 'IEA'], ['ISS'], ['NAS'], ['IMP', 'ISS', 'IEA'], ['IEA'], ['IDA'], ['IDA', 'IMP', 'ISS', 'TAS'], ['IDA', 'IMP', 'ISS', 'IBA', 'TAS', 'IEA'], ['IMP', 'IBA'], ['IEA'], ['IBA', 'IEA'], ['ISS'], ['IMP', 'ISS'], ['IGI', 'ISS', 'IBA', 'NAS', 'IEA'], ['IDA', 'TAS', 'IEA'], ['IDA', 'IBA', 'IEA'], ['IDA', 'IMP', 'ISS', 'TAS'], ['IEA'], ['IDA', 'ISS', 'IEA'], ['IMP', 'IBA'], ['IMP', 'IBA'], ['IDA', 'IMP', 'IBA']]"
GO:0050896,response to stimulus,0.00012334253942829977,73,161,8934,"['CFLAR', 'TFPI', 'ABCC8', 'RB1CC1', 'BOD1L1', 'PPP1R12A', 'SPEN', 'ROCK1', 'NEDD4', 'NOTCH3', 'RGS11', 'PLXNA2', 'PDS5B', 'MYH9', 'NDFIP2', 'FLT1', 'BLOC1S6', 'DMPK', 'ENG', 'SHOC2', 'VWF', 'TNS2', 'FRK', 'CCDC88A', 'FN1', 'AAK1', 'STK11', 'CYREN', 'ATP7B', 'ACVR1C', 'OMG', 'GNG13', 'HOXD13', 'CCNT1', 'THEMIS2', 'ANO1', 'JCHAIN', 'IRS4', 'EPHB2', 'TGFBRAP1', 'RALGPS1', 'NCBP1', 'CHST4', 'SIRT3', 'PAM', 'TRIM7', 'IRAK1BP1', 'GINS4', 'ADGRL3', 'MBIP', 'PRKCA', 'KIT', 'ZNF148', 'OR2D2', 'RBPMS2', 'IL13', 'CXCL10', 'CTNND2', 'GPR37', 'P2RY6', 'CERS6', 'NLRP13', 'GCSAM', 'CHST1', 'FOXC2', 'MTURN', 'GBP6', 'LRIT3', 'SRARP', 'HLA-DRB1', 'BPIFA1', 'GJC2', 'OPN1MW3']","[['IDA', 'IMP', 'IEP', 'ISS', 'IBA', 'IEA'], ['IDA', 'IEP', 'TAS', 'IEA'], ['IEA'], ['IEA'], ['IDA', 'IEA'], ['IEA'], ['IEA'], ['IMP', 'IGI', 'ISS', 'IBA', 'TAS', 'IEA'], ['IDA', 'IMP', 'IEP', 'ISS', 'TAS'], ['IBA', 'IEA'], ['IBA', 'TAS', 'IEA'], ['ISS', 'IBA', 'IEA'], ['IBA'], ['IDA', 'IMP', 'HMP', 'NAS'], ['HMP'], ['IDA', 'IMP', 'IBA', 'TAS', 'IEA'], ['IDA', 'IEA'], ['IBA', 'IEA'], ['IDA', 'IMP', 'IGI', 'TAS'], ['IDA', 'IMP', 'IBA', 'NAS', 'IEA'], ['IDA', 'IMP', 'IBA', 'TAS', 'NAS', 'IEA'], ['IDA', 'IBA', 'IEA'], ['IBA'], ['IDA', 'ISS'], ['IDA', 'NAS', 'IEA'], ['IDA'], ['IDA', 'IMP', 'ISS', 'IBA', 'TAS', 'IEA'], ['IDA', 'IBA', 'IEA'], ['IDA', 'IC'], ['IMP', 'IBA', 'IEA'], ['IBA'], ['IBA', 'IEA'], ['IEA'], ['IEA'], ['IBA', 'IEA'], ['IMP', 'IGI', 'ISS'], ['IDA', 'IBA', 'NAS'], ['IBA', 'TAS', 'IEA'], ['IMP', 'ISS', 'IBA', 'IEA'], ['IDA', 'TAS'], ['IDA', 'IBA', 'NAS', 'IEA'], ['IMP'], ['TAS', 'IEA'], ['TAS', 'IEA'], ['IDA'], ['IDA', 'IBA', 'IEA'], ['ISS', 'IEA'], ['IBA'], ['IBA', 'TAS', 'NAS', 'IEA'], ['IDA'], ['IDA', 'IMP', 'ISS', 'IBA', 'TAS'], ['IDA', 'IMP', 'ISS', 'IBA', 'TAS', 'IEA'], ['TAS'], ['IBA', 'IEA'], ['ISS'], ['IDA', 'IGI', 'IBA', 'TAS', 'IEA'], ['IDA', 'IMP', 'IEP', 'IBA', 'TAS', 'IEA'], ['IMP', 'TAS', 'IEA'], ['IDA', 'ISS', 'IBA', 'TAS', 'IEA'], ['IDA', 'ISS', 'IBA', 'TAS', 'IC', 'IEA'], ['IEA'], ['IBA'], ['IMP', 'IBA', 'IEA'], ['IEA'], ['IDA', 'ISS', 'IEA'], ['IMP'], ['ISS', 'IBA', 'IEA'], ['IDA', 'IEA'], ['IMP', 'IBA'], ['IDA', 'IMP', 'IBA', 'TAS', 'NAS', 'IEA'], ['IDA', 'IEP', 'IBA', 'NAS', 'IEA'], ['IEA'], ['IBA', 'IEA']]"
GO:0007166,cell surface receptor signaling pathway,0.00012334253942829977,34,161,2806,"['CFLAR', 'RB1CC1', 'SPEN', 'NEDD4', 'NOTCH3', 'PLXNA2', 'MYH9', 'FLT1', 'DMPK', 'ENG', 'SHOC2', 'TNS2', 'FRK', 'CCDC88A', 'FN1', 'AAK1', 'STK11', 'ACVR1C', 'THEMIS2', 'IRS4', 'EPHB2', 'TGFBRAP1', 'ADGRL3', 'PRKCA', 'KIT', 'RBPMS2', 'IL13', 'CXCL10', 'CTNND2', 'P2RY6', 'GCSAM', 'FOXC2', 'LRIT3', 'HLA-DRB1']","[['IDA', 'IMP', 'IBA'], ['IEA'], ['IEA'], ['ISS'], ['IBA', 'IEA'], ['ISS', 'IBA', 'IEA'], ['NAS'], ['IDA', 'IMP', 'IBA', 'TAS', 'IEA'], ['IEA'], ['IDA', 'IMP', 'TAS'], ['NAS', 'IEA'], ['IDA', 'IBA'], ['IBA'], ['IDA'], ['IDA'], ['IDA'], ['IMP', 'IBA', 'IEA'], ['IMP', 'IBA', 'IEA'], ['IBA', 'IEA'], ['IBA', 'IEA'], ['ISS', 'IBA', 'IEA'], ['TAS'], ['IEA'], ['IMP'], ['IDA', 'IMP', 'ISS', 'IBA', 'IEA'], ['ISS'], ['IDA'], ['IMP', 'IBA', 'TAS'], ['IMP', 'IEA'], ['IEA'], ['IMP', 'IBA', 'IEA'], ['IDA', 'IEA'], ['IDA'], ['IDA']]"
GO:0043408,regulation of MAPK cascade,0.00012334253942829977,15,161,635,"['CFLAR', 'RB1CC1', 'ROCK1', 'FLT1', 'SHOC2', 'FN1', 'EPHB2', 'SIRT3', 'MBIP', 'PRKCA', 'KIT', 'GPR37', 'P2RY6', 'MTURN', 'HLA-DRB1']","[['IEA'], ['IEA'], ['IMP'], ['IDA', 'IBA'], ['IDA'], ['IDA'], ['ISS', 'IEA'], ['IEA'], ['IDA'], ['ISS'], ['IMP'], ['IDA', 'IBA', 'IEA'], ['IDA'], ['IMP'], ['IDA']]"
GO:0048518,positive regulation of biological process,0.00012334253942829977,56,161,6084,"['CFLAR', 'ABCC8', 'RB1CC1', 'PPP1R12A', 'SPEN', 'ROCK1', 'NEDD4', 'KDM5A', 'NOTCH3', 'MYH9', 'TNRC6B', 'NDFIP2', 'FLT1', 'BLOC1S6', 'ENG', 'SHOC2', 'VWF', 'CCDC88A', 'FN1', 'AAK1', 'STK11', 'TSHZ3', 'CYREN', 'ACVR1C', 'HOXD13', 'CCNT1', 'THEMIS2', 'ANO1', 'JCHAIN', 'RIDA', 'RNF128', 'EPHB2', 'NCBP1', 'AMIGO2', 'CHST4', 'MED9', 'SIRT3', 'IRAK1BP1', 'MBIP', 'PRKCA', 'KIT', 'TENT5B', 'ZNF148', 'RNF180', 'RBPMS2', 'RNF187', 'IL13', 'CXCL10', 'GPR37', 'P2RY6', 'SYT12', 'GCSAM', 'FOXC2', 'MTURN', 'SRARP', 'HLA-DRB1']","[['IEP', 'IBA', 'IEA'], ['IEA'], ['ISO', 'IEA'], ['IDA'], ['IMP'], ['IMP', 'IGI', 'ISS', 'IEA'], ['IDA', 'IMP'], ['IDA'], ['IMP', 'IEA'], ['ISS', 'IEA'], ['IMP', 'IBA'], ['IMP', 'HMP', 'IBA'], ['IDA', 'IMP', 'IBA', 'TAS'], ['IDA', 'IEA'], ['IDA', 'IMP', 'IGI', 'ISS', 'IEA'], ['IMP', 'IBA', 'IEA'], ['IDA'], ['IDA', 'IMP', 'ISS'], ['IDA', 'IEA'], ['IDA'], ['IDA', 'IMP', 'IBA', 'IEA'], ['ISS'], ['IEA'], ['IDA'], ['IMP', 'IEA'], ['IDA', 'IBA'], ['IBA', 'IEA'], ['IMP', 'IGI'], ['IDA'], ['IDA'], ['IC'], ['IMP', 'IGI', 'ISS', 'IEA'], ['IMP', 'NAS'], ['IBA', 'IEA'], ['ISS'], ['NAS'], ['IMP', 'ISS', 'IEA'], ['IEA'], ['IDA'], ['IDA', 'IMP', 'ISS', 'TAS'], ['IDA', 'IMP', 'ISS', 'IBA', 'TAS', 'IEA'], ['IMP', 'IBA'], ['IEA'], ['IBA', 'IEA'], ['ISS'], ['IMP', 'ISS'], ['IGI', 'ISS', 'IBA', 'NAS', 'IEA'], ['IDA', 'TAS', 'IEA'], ['IDA', 'IBA', 'IEA'], ['IDA', 'IMP', 'ISS', 'TAS'], ['IEA'], ['IMP', 'IBA', 'IEA'], ['IDA', 'ISS', 'IEA'], ['IMP', 'IBA'], ['IMP', 'IBA'], ['IDA', 'IMP', 'IBA']]"
GO:1902533,positive regulation of intracellular signal transduction,0.00012334253942829977,20,161,1103,"['CFLAR', 'RB1CC1', 'ROCK1', 'NEDD4', 'NDFIP2', 'FLT1', 'ENG', 'SHOC2', 'VWF', 'CCDC88A', 'FN1', 'IRAK1BP1', 'MBIP', 'PRKCA', 'KIT', 'GPR37', 'P2RY6', 'MTURN', 'SRARP', 'HLA-DRB1']","[['IEP', 'IEA'], ['IEA'], ['IMP'], ['IMP'], ['HMP'], ['IDA', 'IMP', 'IBA'], ['IDA', 'IMP', 'IGI'], ['IMP', 'IBA'], ['IDA'], ['ISS'], ['IDA'], ['IEA'], ['IDA'], ['ISS'], ['IMP', 'TAS'], ['IDA', 'IBA', 'IEA'], ['IDA'], ['IMP'], ['IMP', 'IBA'], ['IDA']]"
GO:0071495,cellular response to endogenous stimulus,0.00013225689219944676,21,161,1235,"['CFLAR', 'TFPI', 'ROCK1', 'NEDD4', 'FLT1', 'BLOC1S6', 'ENG', 'SHOC2', 'TNS2', 'STK11', 'ACVR1C', 'IRS4', 'EPHB2', 'TGFBRAP1', 'PRKCA', 'KIT', 'RBPMS2', 'P2RY6', 'FOXC2', 'LRIT3', 'SRARP']","[['IEA'], ['IEP'], ['IMP'], ['IDA', 'ISS'], ['IDA', 'IEA'], ['IEA'], ['IDA', 'TAS'], ['NAS', 'IEA'], ['IDA', 'IBA'], ['IMP', 'IEA'], ['IBA', 'IEA'], ['IBA', 'IEA'], ['IEA'], ['TAS'], ['IDA'], ['IEA'], ['ISS'], ['IEA'], ['IDA'], ['IDA'], ['IMP', 'IBA']]"
GO:0023052,signaling,0.00015646411467960054,58,161,6480,"['CFLAR', 'ABCC8', 'RB1CC1', 'PPP1R12A', 'SPEN', 'ROCK1', 'NEDD4', 'NOTCH3', 'RGS11', 'PLXNA2', 'MYH9', 'NDFIP2', 'FLT1', 'BLOC1S6', 'SLC17A7', 'DMPK', 'ENG', 'SHOC2', 'VWF', 'TNS2', 'FRK', 'CCDC88A', 'FN1', 'AAK1', 'STK11', 'TSHZ3', 'ACVR1C', 'GNG13', 'THEMIS2', 'ANO1', 'IRS4', 'EPHB2', 'TGFBRAP1', 'RALGPS1', 'CHST4', 'SIRT3', 'IRAK1BP1', 'ADGRL3', 'MBIP', 'PRKCA', 'SLC6A1', 'KIT', 'OR2D2', 'RBPMS2', 'IL13', 'CXCL10', 'CTNND2', 'GPR37', 'P2RY6', 'SYT12', 'GCSAM', 'FOXC2', 'MTURN', 'LRIT3', 'SRARP', 'HLA-DRB1', 'GJC2', 'OPN1MW3']","[['IDA', 'IMP', 'IEP', 'IBA', 'IEA'], ['IEA'], ['IEA'], ['IEA'], ['IEA'], ['IMP', 'IGI', 'IBA', 'TAS', 'IEA'], ['IDA', 'IMP', 'ISS'], ['IBA', 'IEA'], ['IBA', 'TAS', 'IEA'], ['ISS', 'IBA', 'IEA'], ['NAS'], ['HMP'], ['IDA', 'IMP', 'IBA', 'TAS', 'IEA'], ['NAS'], ['IBA'], ['IBA', 'IEA'], ['IDA', 'IMP', 'IGI', 'TAS'], ['IDA', 'IMP', 'IBA', 'NAS', 'IEA'], ['IDA'], ['IDA', 'IBA'], ['IBA'], ['IDA', 'ISS'], ['IDA'], ['IDA'], ['IDA', 'IMP', 'IBA', 'TAS', 'IEA'], ['ISS'], ['IMP', 'IBA', 'IEA'], ['IBA', 'IEA'], ['IBA', 'IEA'], ['IMP', 'IGI', 'ISS'], ['IBA', 'TAS', 'IEA'], ['ISS', 'IBA', 'IEA'], ['IDA', 'TAS'], ['IDA', 'IBA', 'NAS', 'IEA'], ['TAS'], ['IEA'], ['ISS', 'IEA'], ['IBA', 'TAS', 'NAS', 'IEA'], ['IDA'], ['IDA', 'IMP', 'ISS', 'IBA', 'TAS'], ['TAS'], ['IDA', 'IMP', 'ISS', 'IBA', 'TAS', 'IEA'], ['IEA'], ['ISS'], ['IDA'], ['IDA', 'IMP', 'IBA', 'TAS'], ['IMP', 'TAS', 'IEA'], ['IDA', 'IBA', 'TAS', 'IEA'], ['IDA', 'IBA', 'TAS', 'IC', 'IEA'], ['IEA'], ['IMP', 'IBA', 'IEA'], ['IDA', 'IEA'], ['IMP', 'IBA'], ['IDA', 'IEA'], ['IMP', 'IBA'], ['IDA', 'IMP', 'NAS'], ['IBA', 'IEA'], ['IBA', 'IEA']]"
GO:0007154,cell communication,0.00018131393815673972,58,161,6520,"['CFLAR', 'ABCC8', 'RB1CC1', 'PPP1R12A', 'SPEN', 'ROCK1', 'NEDD4', 'NOTCH3', 'RGS11', 'PLXNA2', 'MYH9', 'NDFIP2', 'FLT1', 'BLOC1S6', 'SLC17A7', 'DMPK', 'ENG', 'SHOC2', 'VWF', 'TNS2', 'FRK', 'CCDC88A', 'FN1', 'AAK1', 'STK11', 'TSHZ3', 'ACVR1C', 'GNG13', 'THEMIS2', 'ANO1', 'IRS4', 'EPHB2', 'TGFBRAP1', 'RALGPS1', 'CHST4', 'SIRT3', 'IRAK1BP1', 'ADGRL3', 'MBIP', 'PRKCA', 'SLC6A1', 'KIT', 'OR2D2', 'RBPMS2', 'IL13', 'CXCL10', 'CTNND2', 'GPR37', 'P2RY6', 'SYT12', 'GCSAM', 'FOXC2', 'MTURN', 'LRIT3', 'SRARP', 'HLA-DRB1', 'GJC2', 'OPN1MW3']","[['IDA', 'IMP', 'IEP', 'IBA', 'IEA'], ['IEA'], ['IEA'], ['IEA'], ['IEA'], ['IMP', 'IGI', 'IBA', 'TAS', 'IEA'], ['IDA', 'IMP', 'ISS'], ['IBA', 'IEA'], ['IBA', 'TAS', 'IEA'], ['ISS', 'IBA', 'IEA'], ['NAS'], ['HMP'], ['IDA', 'IMP', 'IBA', 'TAS', 'IEA'], ['NAS'], ['IBA'], ['IBA', 'IEA'], ['IDA', 'IMP', 'IGI', 'TAS'], ['IDA', 'IMP', 'IBA', 'NAS', 'IEA'], ['IDA'], ['IDA', 'IBA'], ['IBA'], ['IDA', 'ISS'], ['IDA'], ['IDA'], ['IDA', 'IMP', 'IBA', 'TAS', 'IEA'], ['ISS'], ['IMP', 'IBA', 'IEA'], ['IBA', 'IEA'], ['IBA', 'IEA'], ['IMP', 'IGI', 'ISS'], ['IBA', 'TAS', 'IEA'], ['ISS', 'IBA', 'IEA'], ['IDA', 'TAS'], ['IDA', 'IBA', 'NAS', 'IEA'], ['TAS'], ['IEA'], ['ISS', 'IEA'], ['IBA', 'TAS', 'NAS', 'IEA'], ['IDA'], ['IDA', 'IMP', 'ISS', 'IBA', 'TAS'], ['TAS'], ['IDA', 'IMP', 'ISS', 'IBA', 'TAS', 'IEA'], ['IEA'], ['ISS'], ['IDA'], ['IDA', 'IMP', 'IBA', 'TAS'], ['IMP', 'TAS', 'IEA'], ['IDA', 'IBA', 'TAS', 'IEA'], ['IDA', 'IBA', 'TAS', 'IC', 'IEA'], ['IEA'], ['IMP', 'IBA', 'IEA'], ['IDA', 'IEA'], ['IMP'], ['IDA', 'IEA'], ['IMP', 'IBA'], ['IDA', 'IMP', 'NAS'], ['IMP', 'IBA', 'IEA'], ['IBA', 'IEA']]"
GO:0042127,regulation of cell population proliferation,0.00021851448018448668,24,161,1632,"['CFLAR', 'ABCC8', 'RB1CC1', 'NOTCH3', 'PDS5B', 'FLT1', 'ENG', 'SHOC2', 'TNS2', 'CCDC88A', 'FN1', 'STK11', 'ACVR1C', 'HOXD13', 'EPHB2', 'PRKCA', 'KIT', 'TENT5B', 'RBPMS2', 'RNF187', 'IL13', 'CXCL10', 'P2RY6', 'HLA-DRB1']","[['ISS', 'IEA'], ['IEA'], ['IDA', 'IEA'], ['IEA'], ['IDA'], ['IGI', 'IBA', 'TAS', 'IEA'], ['IMP', 'TAS'], ['IEA'], ['IMP'], ['ISS'], ['IDA'], ['IMP', 'IEA'], ['IMP'], ['IEA'], ['IMP'], ['IMP'], ['IBA', 'TAS', 'IEA'], ['IMP'], ['ISS'], ['ISS'], ['IEA'], ['IDA', 'TAS', 'IEA'], ['IMP'], ['IMP']]"
GO:0005654,nucleoplasm,0.0002463146118308547,42,161,4291,"['BOD1L1', 'PLEKHA5', 'PPP1R12A', 'SPEN', 'NEDD4', 'KDM5A', 'NOTCH3', 'ZNF638', 'PDS5B', 'MYH9', 'TNRC6B', 'PNN', 'ANKRD12', 'ENG', 'TASOR2', 'SHOC2', 'LUC7L3', 'FRK', 'MDN1', 'CCDC88A', 'SRSF11', 'STK11', 'TSHZ3', 'HOXD13', 'CCNT1', 'ANO1', 'EPHB2', 'NCBP1', 'MED9', 'SIRT3', 'GINS4', 'MBIP', 'PRKCA', 'RBM45', 'ZNF148', 'RNF187', 'FOXC2', 'PUS1', 'ZNF93', 'HEPACAM2', 'H2BC26', 'PDLIM7']","[['IDA', 'IPI', 'IBA', 'TAS'], ['IDA'], ['TAS'], ['IDA'], ['IDA'], ['TAS'], ['IDA', 'TAS'], ['IDA', 'TAS', 'IEA'], ['IDA', 'TAS'], ['IDA'], ['IBA'], ['IDA', 'TAS', 'IEA'], ['IDA', 'IBA'], ['IDA'], ['IDA', 'IBA'], ['IDA'], ['IDA', 'TAS', 'IEA'], ['IDA'], ['IDA', 'IEA'], ['IDA'], ['IDA', 'IBA', 'TAS'], ['IDA', 'TAS'], ['IDA'], ['IDA'], ['IDA', 'IPI', 'IBA', 'TAS'], ['IDA'], ['IDA'], ['IDA', 'TAS'], ['TAS'], ['TAS'], ['IPI', 'ISS', 'IBA', 'TAS'], ['IDA', 'TAS'], ['TAS'], ['IDA'], ['IDA'], ['IDA'], ['IDA'], ['IDA'], ['TAS'], ['IDA'], ['IDA', 'TAS'], ['IDA']]"
GO:0009893,positive regulation of metabolic process,0.00028093484199070247,37,161,3371,"['ABCC8', 'RB1CC1', 'PPP1R12A', 'ROCK1', 'NEDD4', 'KDM5A', 'NOTCH3', 'MYH9', 'TNRC6B', 'NDFIP2', 'FLT1', 'ENG', 'CCDC88A', 'FN1', 'STK11', 'CYREN', 'HOXD13', 'CCNT1', 'JCHAIN', 'RIDA', 'RNF128', 'EPHB2', 'NCBP1', 'MED9', 'SIRT3', 'MBIP', 'KIT', 'TENT5B', 'ZNF148', 'RNF180', 'RNF187', 'IL13', 'CXCL10', 'GPR37', 'P2RY6', 'FOXC2', 'HLA-DRB1']","[['IEA'], ['ISO', 'IEA'], ['IDA'], ['IMP', 'IGI', 'ISS', 'IEA'], ['IDA'], ['IDA'], ['IMP', 'IEA'], ['ISS', 'IEA'], ['IMP', 'IBA'], ['IMP', 'IBA'], ['IDA'], ['IDA', 'ISS', 'IEA'], ['IDA'], ['IDA'], ['IDA', 'IMP'], ['IEA'], ['IMP', 'IEA'], ['IDA', 'IBA'], ['IDA'], ['IDA'], ['IC'], ['IMP', 'ISS'], ['IMP', 'NAS'], ['NAS'], ['IMP', 'ISS'], ['IDA'], ['IDA', 'IMP', 'ISS', 'IEA'], ['IMP', 'IBA'], ['IEA'], ['IBA', 'IEA'], ['IMP'], ['IGI', 'ISS', 'IBA', 'IEA'], ['TAS'], ['IEA'], ['IDA', 'TAS'], ['IDA', 'ISS', 'IEA'], ['IDA']]"
GO:0009967,positive regulation of signal transduction,0.0003170789566718715,23,161,1559,"['CFLAR', 'RB1CC1', 'ROCK1', 'NEDD4', 'NDFIP2', 'FLT1', 'ENG', 'SHOC2', 'VWF', 'CCDC88A', 'FN1', 'AAK1', 'STK11', 'EPHB2', 'IRAK1BP1', 'MBIP', 'PRKCA', 'KIT', 'GPR37', 'P2RY6', 'MTURN', 'SRARP', 'HLA-DRB1']","[['IEP', 'IEA'], ['IEA'], ['IMP'], ['IMP'], ['HMP'], ['IDA', 'IMP', 'IBA'], ['IDA', 'IMP', 'IGI'], ['IMP', 'IBA'], ['IDA'], ['IDA', 'ISS'], ['IDA'], ['IDA'], ['IMP', 'IEA'], ['ISS'], ['IEA'], ['IDA'], ['IDA', 'IMP', 'ISS'], ['IMP', 'IBA', 'TAS', 'IEA'], ['IDA', 'IBA', 'IEA'], ['IDA'], ['IMP'], ['IMP', 'IBA'], ['IDA']]"
GO:0048731,system development,0.0003393373109345425,41,161,3996,"['CFLAR', 'ABCC8', 'RB1CC1', 'PLEKHA5', 'PPP1R12A', 'SPEN', 'ROCK1', 'NEDD4', 'NOTCH3', 'PLXNA2', 'MYH9', 'FLT1', 'BLOC1S6', 'SLC17A7', 'ENG', 'SHOC2', 'TNS2', 'CCDC88A', 'FN1', 'STK11', 'CYREN', 'ACVR1C', 'OMG', 'HOXD13', 'ANO1', 'EPHB2', 'AMIGO2', 'HMG20A', 'ADGRL3', 'PRKCA', 'RBM45', 'KIT', 'ZNF148', 'RBPMS2', 'IL13', 'CXCL10', 'CTNND2', 'GPR37', 'FOXC2', 'LRIT3', 'PDLIM7']","[['IEA'], ['IEA'], ['IEA'], ['IEA'], ['IBA'], ['IMP'], ['IMP', 'IGI', 'ISS', 'IEA'], ['IEP', 'ISS', 'IBA', 'IEA'], ['IEA'], ['IBA', 'IEA'], ['IDA'], ['IMP', 'ISS', 'IBA', 'IEA'], ['ISS', 'IEA'], ['IEA'], ['IMP', 'ISS', 'IBA', 'IEA'], ['IEA'], ['IEA'], ['ISS', 'IEA'], ['IDA', 'IBA', 'IEA'], ['ISS', 'IEA'], ['ISS', 'IEA'], ['IBA'], ['IBA'], ['TAS', 'IEA'], ['ISS'], ['ISS', 'IBA', 'TAS', 'IEA'], ['IBA', 'IEA'], ['IEA'], ['ISS', 'IBA'], ['IMP', 'IEA'], ['ISS', 'IEA'], ['IDA', 'IEP', 'ISS', 'IEA'], ['HEP'], ['ISS'], ['NAS'], ['IDA', 'IEA'], ['IMP', 'IBA'], ['IEA'], ['IMP', 'ISS', 'IEA'], ['IEA'], ['IBA']]"
GO:0009719,response to endogenous stimulus,0.00034518799469194513,22,161,1463,"['CFLAR', 'TFPI', 'ABCC8', 'ROCK1', 'NEDD4', 'FLT1', 'BLOC1S6', 'ENG', 'SHOC2', 'TNS2', 'STK11', 'ACVR1C', 'IRS4', 'EPHB2', 'TGFBRAP1', 'PRKCA', 'KIT', 'RBPMS2', 'P2RY6', 'FOXC2', 'LRIT3', 'SRARP']","[['IEA'], ['IEP'], ['IEA'], ['IMP', 'ISS', 'IEA'], ['IDA', 'ISS'], ['IDA', 'IEA'], ['IEA'], ['IDA', 'TAS'], ['NAS', 'IEA'], ['IDA', 'IBA'], ['IMP', 'IEA'], ['IBA', 'IEA'], ['IBA', 'IEA'], ['IEA'], ['TAS'], ['IDA'], ['IEA'], ['ISS'], ['IEA'], ['IDA'], ['IDA'], ['IMP', 'IBA']]"
GO:0043434,response to peptide hormone,0.00034518799469194513,12,161,456,"['CFLAR', 'ABCC8', 'ROCK1', 'FLT1', 'SHOC2', 'TNS2', 'ACVR1C', 'IRS4', 'EPHB2', 'PRKCA', 'KIT', 'FOXC2']","[['IEA'], ['IEA'], ['IMP', 'ISS', 'IEA'], ['IEA'], ['IEA'], ['IDA', 'IBA'], ['IEA'], ['IBA', 'IEA'], ['IEA'], ['IDA'], ['IEA'], ['IDA']]"
GO:0008283,cell population proliferation,0.0003452342236601114,26,161,1950,"['CFLAR', 'ABCC8', 'RB1CC1', 'NOTCH3', 'PDS5B', 'FLT1', 'ENG', 'SHOC2', 'TNS2', 'CCDC88A', 'FN1', 'STK11', 'ACVR1C', 'HOXD13', 'EPHB2', 'GINS4', 'PRKCA', 'KIT', 'TENT5B', 'RBPMS2', 'RNF187', 'IL13', 'CXCL10', 'P2RY6', 'FOXC2', 'HLA-DRB1']","[['ISS', 'IEA'], ['IEA'], ['IDA', 'IEA'], ['IEA'], ['IDA', 'TAS'], ['IGI', 'IBA', 'TAS', 'IEA'], ['IMP', 'TAS'], ['IEA'], ['IMP'], ['ISS'], ['IDA'], ['IMP', 'IEA'], ['IDA', 'IMP'], ['IEA'], ['IMP'], ['IEA'], ['IMP'], ['IBA', 'TAS', 'IEA'], ['IMP'], ['ISS'], ['ISS'], ['IEA'], ['IDA', 'TAS', 'IEA'], ['IMP'], ['IEA'], ['IMP']]"
GO:0023051,regulation of signaling,0.0003705047293979279,37,161,3451,"['CFLAR', 'ABCC8', 'RB1CC1', 'ROCK1', 'NEDD4', 'RGS11', 'NDFIP2', 'FLT1', 'DMPK', 'ENG', 'SHOC2', 'VWF', 'TNS2', 'CCDC88A', 'FN1', 'AAK1', 'STK11', 'TSHZ3', 'ACVR1C', 'ANO1', 'EPHB2', 'RALGPS1', 'SIRT3', 'IRAK1BP1', 'MBIP', 'PRKCA', 'KIT', 'RBPMS2', 'CTNND2', 'GPR37', 'P2RY6', 'SYT12', 'GCSAM', 'MTURN', 'LRIT3', 'SRARP', 'HLA-DRB1']","[['IDA', 'IMP', 'IEP', 'IEA'], ['IEA'], ['IEA'], ['IMP'], ['IMP', 'ISS'], ['TAS', 'IEA'], ['HMP'], ['IDA', 'IMP', 'IBA'], ['IEA'], ['IDA', 'IMP', 'IGI', 'TAS'], ['IDA', 'IMP', 'IBA'], ['IDA'], ['IDA', 'IBA'], ['IDA', 'ISS'], ['IDA'], ['IDA'], ['IMP', 'IBA', 'TAS', 'IEA'], ['ISS'], ['IEA'], ['IMP', 'IGI'], ['ISS', 'IEA'], ['IDA'], ['IEA'], ['IEA'], ['IDA'], ['IDA', 'IMP', 'ISS', 'TAS'], ['IMP', 'IBA', 'TAS', 'IEA'], ['ISS'], ['IMP'], ['IDA', 'IBA', 'IEA'], ['IDA'], ['IEA'], ['IMP', 'IBA', 'IEA'], ['IMP', 'IBA'], ['IDA'], ['IMP', 'IBA'], ['IDA', 'IMP']]"
GO:0010646,regulation of cell communication,0.0003725300357973207,37,161,3459,"['CFLAR', 'ABCC8', 'RB1CC1', 'ROCK1', 'NEDD4', 'RGS11', 'NDFIP2', 'FLT1', 'DMPK', 'ENG', 'SHOC2', 'VWF', 'TNS2', 'CCDC88A', 'FN1', 'AAK1', 'STK11', 'TSHZ3', 'ACVR1C', 'ANO1', 'EPHB2', 'RALGPS1', 'SIRT3', 'IRAK1BP1', 'MBIP', 'PRKCA', 'KIT', 'RBPMS2', 'CTNND2', 'GPR37', 'P2RY6', 'SYT12', 'GCSAM', 'MTURN', 'LRIT3', 'SRARP', 'HLA-DRB1']","[['IDA', 'IMP', 'IEP', 'IEA'], ['IEA'], ['IEA'], ['IMP'], ['IMP', 'ISS'], ['TAS', 'IEA'], ['HMP'], ['IDA', 'IMP', 'IBA'], ['IEA'], ['IDA', 'IMP', 'IGI', 'TAS'], ['IDA', 'IMP', 'IBA'], ['IDA'], ['IDA', 'IBA'], ['IDA', 'ISS'], ['IDA'], ['IDA'], ['IMP', 'IBA', 'TAS', 'IEA'], ['ISS'], ['IEA'], ['IMP', 'IGI'], ['ISS', 'IEA'], ['IDA'], ['IEA'], ['IEA'], ['IDA'], ['IDA', 'IMP', 'ISS', 'TAS'], ['IMP', 'IBA', 'TAS', 'IEA'], ['ISS'], ['IMP'], ['IDA', 'IBA', 'IEA'], ['IDA'], ['IEA'], ['IMP', 'IBA', 'IEA'], ['IMP'], ['IDA'], ['IMP', 'IBA'], ['IDA', 'IMP']]"
GO:0007275,multicellular organism development,0.0003725300357973207,45,161,4659,"['CFLAR', 'ABCC8', 'RB1CC1', 'PLEKHA5', 'PPP1R12A', 'SPEN', 'ROCK1', 'NEDD4', 'NOTCH3', 'PLXNA2', 'MYH9', 'FLT1', 'BLOC1S6', 'SLC17A7', 'ENG', 'SHOC2', 'TNS2', 'CCDC88A', 'FN1', 'STK11', 'CYREN', 'ACVR1C', 'OMG', 'HOXD13', 'ANO1', 'EPHB2', 'AMIGO2', 'HMG20A', 'GINS4', 'ADGRL3', 'MBIP', 'PRKCA', 'RBM45', 'KIT', 'ZNF148', 'RBPMS2', 'IL13', 'CXCL10', 'CTNND2', 'GPR37', 'FOXC2', 'MTURN', 'LRIT3', 'HLA-DRB1', 'PDLIM7']","[['IEA'], ['IEA'], ['IEA'], ['IEA'], ['IBA'], ['IMP'], ['IMP', 'IGI', 'ISS', 'IBA', 'IEA'], ['IEP', 'ISS', 'IBA', 'IEA'], ['IEA'], ['IBA', 'IEA'], ['IDA', 'IEA'], ['IMP', 'ISS', 'IBA', 'IEA'], ['ISS', 'IEA'], ['IEA'], ['IMP', 'ISS', 'IBA', 'IEA'], ['IEA'], ['IEA'], ['ISS', 'IEA'], ['IDA', 'IBA', 'IEA'], ['ISS', 'IEA'], ['ISS', 'IEA'], ['IDA', 'IBA'], ['IBA'], ['TAS', 'IEA'], ['ISS'], ['ISS', 'IBA', 'TAS', 'IEA'], ['IBA', 'IEA'], ['IEA'], ['IEA'], ['ISS', 'IBA'], ['ISS', 'ISO', 'IEA'], ['IMP', 'ISS', 'IEA'], ['ISS', 'IEA'], ['IDA', 'IEP', 'ISS', 'IEA'], ['HEP'], ['ISS'], ['NAS'], ['IDA', 'IEA'], ['IMP', 'IBA'], ['IEA'], ['IMP', 'ISS', 'IEA'], ['IMP', 'IBA'], ['IEA'], ['IDA'], ['IBA']]"
GO:0000165,MAPK cascade,0.0004264185981983275,15,161,746,"['CFLAR', 'RB1CC1', 'ROCK1', 'FLT1', 'SHOC2', 'FN1', 'EPHB2', 'SIRT3', 'MBIP', 'PRKCA', 'KIT', 'GPR37', 'P2RY6', 'MTURN', 'HLA-DRB1']","[['IEA'], ['IEA'], ['IMP'], ['IDA', 'IBA'], ['IDA'], ['IDA'], ['ISS', 'IEA'], ['IEA'], ['IDA'], ['ISS'], ['IMP'], ['IDA', 'IBA', 'IEA'], ['IDA'], ['IMP'], ['IDA']]"
GO:0012505,endomembrane system,0.0004378612646446499,45,161,4877,"['TFPI', 'ABCC8', 'RB1CC1', 'ROCK1', 'NEDD4', 'NOTCH3', 'MYH9', 'NDFIP2', 'FLT1', 'BLOC1S6', 'SLC17A7', 'DMPK', 'VWF', 'FRK', 'CCDC88A', 'FN1', 'AAK1', 'SLIRP', 'ATP7B', 'RNF128', 'TGFBRAP1', 'CHST4', 'PAM', 'TRIM7', 'TMEM86A', 'PRKCA', 'KIT', 'MITD1', 'VMA21', 'ZNF148', 'APEH', 'RNF180', 'VPS39', 'REEP4', 'GPR37', 'PGAM1', 'CERS6', 'SYT12', 'CHST1', 'GALNT9', 'LRIT3', 'C6orf120', 'HEPACAM2', 'HLA-DRB1', 'CTSE']","[['IEA'], ['IEA'], ['IDA', 'TAS'], ['TAS', 'IEA'], ['IDA'], ['TAS', 'IEA'], ['ISS', 'IEA'], ['IDA', 'IBA', 'IEA'], ['IEA'], ['IDA', 'IBA', 'IEA'], ['ISS', 'IBA', 'TAS', 'IEA'], ['ISS', 'TAS', 'IEA'], ['IDA', 'TAS', 'NAS'], ['TAS'], ['IDA'], ['TAS'], ['ISS', 'IEA'], ['IEA'], ['IDA', 'TAS', 'IEA'], ['IBA', 'IEA'], ['IDA', 'NAS', 'IEA'], ['IDA', 'IBA', 'TAS', 'NAS', 'IEA'], ['ISS', 'IEA'], ['IEA'], ['ISS', 'IEA'], ['IDA'], ['IEA'], ['IEA'], ['IBA', 'IEA'], ['IDA'], ['IDA', 'TAS'], ['IBA', 'IEA'], ['IDA', 'TAS', 'IEA'], ['IDA', 'IBA', 'IEA'], ['IDA', 'IEA'], ['TAS'], ['TAS', 'IEA'], ['IBA', 'IEA'], ['TAS', 'IEA'], ['IBA', 'TAS', 'IEA'], ['IEA'], ['TAS'], ['IDA', 'IBA', 'IEA'], ['IDA', 'IBA', 'TAS', 'IEA'], ['IDA', 'IBA', 'IEA']]"
GO:0031410,cytoplasmic vesicle,0.00044457437023883226,29,161,2527,"['ABCC8', 'ROCK1', 'MYH9', 'NDFIP2', 'FLT1', 'BLOC1S6', 'SLC17A7', 'VWF', 'FRK', 'CCDC88A', 'FN1', 'AAK1', 'SLIRP', 'ATP7B', 'RNF128', 'TGFBRAP1', 'PAM', 'KIT', 'SNX22', 'MITD1', 'VMA21', 'APEH', 'VPS39', 'PGAM1', 'SYT12', 'GBP6', 'C6orf120', 'HLA-DRB1', 'CTSE']","[['IEA'], ['TAS'], ['ISS', 'IEA'], ['IEA'], ['IEA'], ['IDA', 'IBA', 'IEA'], ['ISS', 'IBA', 'TAS', 'IEA'], ['IDA', 'TAS', 'NAS'], ['TAS'], ['IDA', 'IEA'], ['TAS'], ['ISS'], ['IEA'], ['IDA', 'IEA'], ['IBA', 'IEA'], ['IDA', 'NAS', 'IEA'], ['ISS', 'IEA'], ['IEA'], ['IEA'], ['IEA'], ['IEA'], ['TAS'], ['IDA', 'TAS', 'IEA'], ['TAS'], ['IBA', 'IEA'], ['IBA', 'IEA'], ['TAS'], ['IDA', 'IBA', 'TAS', 'IEA'], ['IDA', 'IBA', 'IEA']]"
GO:0097708,intracellular vesicle,0.00044457437023883226,29,161,2535,"['ABCC8', 'ROCK1', 'MYH9', 'NDFIP2', 'FLT1', 'BLOC1S6', 'SLC17A7', 'VWF', 'FRK', 'CCDC88A', 'FN1', 'AAK1', 'SLIRP', 'ATP7B', 'RNF128', 'TGFBRAP1', 'PAM', 'KIT', 'SNX22', 'MITD1', 'VMA21', 'APEH', 'VPS39', 'PGAM1', 'SYT12', 'GBP6', 'C6orf120', 'HLA-DRB1', 'CTSE']","[['IEA'], ['TAS'], ['ISS', 'IEA'], ['IEA'], ['IEA'], ['IDA', 'IBA', 'IEA'], ['ISS', 'IBA', 'TAS', 'IEA'], ['IDA', 'TAS', 'NAS'], ['TAS'], ['IDA', 'IEA'], ['TAS'], ['ISS'], ['IEA'], ['IDA', 'IEA'], ['IBA', 'IEA'], ['IDA', 'NAS', 'IEA'], ['ISS', 'IEA'], ['IEA'], ['IEA'], ['IEA'], ['IEA'], ['TAS'], ['IDA', 'TAS', 'IEA'], ['TAS'], ['IBA', 'IEA'], ['IBA', 'IEA'], ['TAS'], ['IDA', 'IBA', 'TAS', 'IEA'], ['IDA', 'IBA', 'IEA']]"
GO:0032870,cellular response to hormone stimulus,0.0006069250531832527,14,161,676,"['CFLAR', 'TFPI', 'ROCK1', 'NEDD4', 'FLT1', 'SHOC2', 'TNS2', 'IRS4', 'EPHB2', 'PRKCA', 'KIT', 'P2RY6', 'FOXC2', 'SRARP']","[['IEA'], ['IEP'], ['IMP'], ['IDA'], ['IEA'], ['IEA'], ['IDA', 'IBA'], ['IBA', 'IEA'], ['IEA'], ['IDA'], ['IEA'], ['IEA'], ['IDA'], ['IMP', 'IBA']]"
GO:0048584,positive regulation of response to stimulus,0.0006069250531832527,28,161,2301,"['CFLAR', 'RB1CC1', 'ROCK1', 'NEDD4', 'NDFIP2', 'FLT1', 'ENG', 'SHOC2', 'VWF', 'CCDC88A', 'FN1', 'AAK1', 'STK11', 'CYREN', 'THEMIS2', 'EPHB2', 'IRAK1BP1', 'MBIP', 'PRKCA', 'KIT', 'CXCL10', 'GPR37', 'P2RY6', 'GCSAM', 'FOXC2', 'MTURN', 'SRARP', 'HLA-DRB1']","[['IEP', 'IEA'], ['IEA'], ['IMP'], ['IMP'], ['HMP'], ['IDA', 'IMP', 'IBA'], ['IDA', 'IMP', 'IGI'], ['IMP', 'IBA'], ['IDA'], ['IDA', 'ISS'], ['IDA'], ['IDA'], ['IMP', 'IEA'], ['IEA'], ['IBA', 'IEA'], ['ISS'], ['IEA'], ['IDA'], ['IDA', 'IMP', 'ISS'], ['IMP', 'IBA', 'TAS', 'IEA'], ['IDA', 'IEA'], ['IDA', 'IBA', 'IEA'], ['IDA'], ['IMP', 'IBA', 'IEA'], ['ISS', 'IEA'], ['IMP'], ['IMP', 'IBA'], ['IDA', 'IBA']]"
GO:0019222,regulation of metabolic process,0.0006069250531832527,57,161,6720,"['CFLAR', 'TFPI', 'ABCC8', 'RB1CC1', 'PPP1R12A', 'SPEN', 'ROCK1', 'NEDD4', 'KDM5A', 'NOTCH3', 'ZNF638', 'MYH9', 'TNRC6B', 'NDFIP2', 'FLT1', 'ENG', 'TASOR2', 'FRK', 'NKTR', 'CCDC88A', 'FN1', 'STK11', 'SLIRP', 'TSHZ3', 'CYREN', 'ZNF835', 'HOXD13', 'CCNT1', 'ZNF331', 'JCHAIN', 'RIDA', 'RNF128', 'EPHB2', 'ZNF670-ZNF695', 'TGFBRAP1', 'NCBP1', 'HMG20A', 'MED9', 'SIRT3', 'MBIP', 'PRKCA', 'KIT', 'TENT5B', 'ZNF148', 'RNF180', 'RBPMS2', 'ZNF91', 'RNF187', 'IL13', 'CXCL10', 'GPR37', 'P2RY6', 'FOXC2', 'ZNF678', 'ZNF93', 'HLA-DRB1', 'ZNF772']","[['IEA'], ['IEA'], ['IEA'], ['ISO', 'IEA'], ['IDA'], ['IDA', 'IMP', 'IBA', 'IEA'], ['IMP', 'IGI', 'ISS', 'TAS', 'IEA'], ['IDA', 'IMP', 'TAS'], ['IDA', 'ISS', 'IBA', 'IEA'], ['IMP', 'IEA'], ['IBA'], ['ISS', 'IEA'], ['IDA', 'IMP', 'IBA', 'IEA'], ['IMP', 'IBA'], ['IDA'], ['IDA', 'IMP', 'ISS', 'TAS', 'IEA'], ['IEA'], ['IDA'], ['IEA'], ['IDA'], ['IDA'], ['IDA', 'IMP'], ['IEA'], ['IDA', 'IBA', 'IEA'], ['IDA', 'IEA'], ['IBA'], ['IMP', 'IBA', 'TAS', 'IEA'], ['IDA', 'IBA', 'TAS', 'IEA'], ['IBA', 'IEA'], ['IDA'], ['IDA', 'ISS', 'IBA'], ['IC', 'IEA'], ['IMP', 'ISS', 'IEA'], ['IEA'], ['IDA'], ['IDA', 'IMP', 'IBA', 'NAS', 'IEA'], ['IBA', 'NAS', 'IEA'], ['NAS', 'IEA'], ['IMP', 'ISS', 'IEA'], ['IDA', 'IMP', 'ISS'], ['ISS', 'TAS', 'IEA'], ['IDA', 'IMP', 'ISS', 'IEA'], ['IMP', 'IBA'], ['EXP', 'IDA', 'IBA', 'IEA'], ['IBA', 'IEA'], ['ISS', 'IEA'], ['IDA', 'IBA', 'IEA'], ['IMP'], ['IGI', 'ISS', 'IBA', 'IEA'], ['TAS'], ['IEA'], ['IDA', 'TAS'], ['IDA', 'ISS', 'IBA', 'IEA'], ['IBA', 'IEA'], ['IDA', 'IBA', 'IEA'], ['IDA', 'IMP'], ['IBA', 'IEA']]"
GO:0032501,multicellular organismal process,0.0007552606652821556,60,161,7285,"['CFLAR', 'TFPI', 'ABCC8', 'RB1CC1', 'PLEKHA5', 'PPP1R12A', 'SPEN', 'ROCK1', 'NEDD4', 'NOTCH3', 'PLXNA2', 'MYH9', 'FLT1', 'BLOC1S6', 'SLC17A7', 'DMPK', 'ENG', 'SHOC2', 'VWF', 'TNS2', 'CCDC88A', 'FN1', 'STK11', 'TSHZ3', 'CYREN', 'ACVR1C', 'OMG', 'GNG13', 'HOXD13', 'THEMIS2', 'ANO1', 'DCAF15', 'JCHAIN', 'RNF128', 'EPHB2', 'AMIGO2', 'HMG20A', 'GINS4', 'ADGRL3', 'MBIP', 'PRKCA', 'RBM45', 'SLC6A1', 'KIT', 'ZNF148', 'RNF180', 'OR2D2', 'RBPMS2', 'IL13', 'CXCL10', 'CTNND2', 'GPR37', 'FOXC2', 'MTURN', 'LRIT3', 'KRT76', 'HLA-DRB1', 'PDLIM7', 'BPIFA1', 'OPN1MW3']","[['ISS', 'IEA'], ['IDA', 'TAS', 'IEA'], ['IEA'], ['IEA'], ['IEA'], ['IBA'], ['IMP'], ['IMP', 'IGI', 'ISS', 'IBA', 'TAS', 'IEA'], ['IEP', 'ISS', 'IBA', 'IEA'], ['IEA'], ['IBA', 'IEA'], ['IDA', 'HMP', 'ISS', 'IEA'], ['IMP', 'ISS', 'IBA', 'IEA'], ['ISS', 'IEA'], ['IEA'], ['IDA', 'IBA', 'IEA'], ['IMP', 'ISS', 'IBA', 'IEA'], ['IEA'], ['IDA', 'IMP', 'IBA', 'NAS', 'IEA'], ['IEA'], ['ISS', 'IEA'], ['IDA', 'IBA', 'IEA'], ['ISS', 'IEA'], ['ISS'], ['ISS', 'IEA'], ['IDA', 'IBA', 'IEA'], ['IBA'], ['IEA'], ['TAS', 'IEA'], ['ISS', 'IEA'], ['IMP', 'ISS'], ['IMP'], ['IMP'], ['IEA'], ['IMP', 'ISS', 'IBA', 'TAS', 'IEA'], ['IBA', 'IEA'], ['IEA'], ['IEA'], ['ISS', 'IBA'], ['ISS', 'ISO', 'IEA'], ['IDA', 'IMP', 'ISS', 'IEA'], ['ISS', 'IEA'], ['ISS', 'NAS'], ['IDA', 'IMP', 'IEP', 'ISS', 'IBA', 'TAS', 'IEA'], ['HEP'], ['IEA'], ['IBA', 'NAS', 'IEA'], ['ISS'], ['IGI', 'ISS', 'NAS', 'IEA'], ['IDA', 'IGI', 'TAS', 'IEA'], ['IMP', 'IBA'], ['IEA'], ['IMP', 'ISS', 'IEA'], ['IMP', 'IBA'], ['IEA'], ['IBA'], ['IDA', 'IMP', 'IBA'], ['IBA', 'IEA'], ['IDA', 'IBA'], ['IEA']]"
GO:0009725,response to hormone,0.0008022639796458815,16,161,902,"['CFLAR', 'TFPI', 'ABCC8', 'ROCK1', 'NEDD4', 'FLT1', 'SHOC2', 'TNS2', 'ACVR1C', 'IRS4', 'EPHB2', 'PRKCA', 'KIT', 'P2RY6', 'FOXC2', 'SRARP']","[['IEA'], ['IEP'], ['IEA'], ['IMP', 'ISS', 'IEA'], ['IDA'], ['IEA'], ['IEA'], ['IDA', 'IBA'], ['IEA'], ['IBA', 'IEA'], ['IEA'], ['IDA'], ['IEA'], ['IEA'], ['IDA'], ['IMP', 'IBA']]"
GO:0071375,cellular response to peptide hormone stimulus,0.0008022639796458815,10,161,350,"['CFLAR', 'ROCK1', 'FLT1', 'SHOC2', 'TNS2', 'IRS4', 'EPHB2', 'PRKCA', 'KIT', 'FOXC2']","[['IEA'], ['IMP'], ['IEA'], ['IEA'], ['IDA', 'IBA'], ['IBA', 'IEA'], ['IEA'], ['IDA'], ['IEA'], ['IDA']]"
GO:0030054,cell junction,0.0008478640329688052,27,161,2359,"['ABCC8', 'PLEKHA5', 'PPP1R12A', 'ROCK1', 'MYH9', 'PNN', 'FLT1', 'BLOC1S6', 'SLC17A7', 'ENG', 'TNS2', 'AAK1', 'CNN3', 'GNG13', 'ANO1', 'MPRIP', 'EPHB2', 'ADGRL3', 'SLC6A1', 'KIT', 'CTNND2', 'GPR37', 'SYT12', 'RPL15', 'LRIT3', 'PDLIM7', 'GJC2']","[['IEA'], ['IEA'], ['HDA'], ['IEA'], ['ISS', 'IEA'], ['TAS', 'IEA'], ['HDA'], ['IEA'], ['ISS', 'IBA', 'TAS', 'IEA'], ['HDA'], ['IDA', 'HDA', 'IBA', 'IEA'], ['ISS', 'IBA', 'IEA'], ['HDA'], ['IEA'], ['IEA'], ['HDA'], ['TAS', 'IEA'], ['ISS', 'IBA', 'IEA'], ['IEA'], ['IEA'], ['IBA', 'IEA'], ['IEA'], ['IEA'], ['IEA'], ['IEA'], ['IDA', 'IBA'], ['IMP', 'IBA', 'IEA']]"
GO:0048583,regulation of response to stimulus,0.0010236566621983933,39,161,3961,"['CFLAR', 'TFPI', 'RB1CC1', 'ROCK1', 'NEDD4', 'RGS11', 'NDFIP2', 'FLT1', 'DMPK', 'ENG', 'SHOC2', 'VWF', 'TNS2', 'CCDC88A', 'FN1', 'AAK1', 'STK11', 'CYREN', 'THEMIS2', 'EPHB2', 'RALGPS1', 'SIRT3', 'IRAK1BP1', 'MBIP', 'PRKCA', 'KIT', 'RBPMS2', 'IL13', 'CXCL10', 'CTNND2', 'GPR37', 'P2RY6', 'NLRP13', 'GCSAM', 'FOXC2', 'MTURN', 'LRIT3', 'SRARP', 'HLA-DRB1']","[['IDA', 'IMP', 'IEP', 'IEA'], ['IDA'], ['IEA'], ['IMP'], ['IMP', 'ISS'], ['TAS', 'IEA'], ['HMP'], ['IDA', 'IMP', 'IBA'], ['IEA'], ['IDA', 'IMP', 'IGI', 'TAS'], ['IDA', 'IMP', 'IBA'], ['IDA'], ['IDA', 'IBA'], ['IDA', 'ISS'], ['IDA'], ['IDA'], ['IMP', 'IBA', 'TAS', 'IEA'], ['IDA', 'IEA'], ['IBA', 'IEA'], ['IMP', 'ISS', 'IEA'], ['IDA'], ['IEA'], ['IEA'], ['IDA'], ['IDA', 'IMP', 'ISS'], ['IDA', 'IMP', 'IBA', 'TAS', 'IEA'], ['ISS'], ['IGI'], ['IDA', 'IEA'], ['IMP'], ['IDA', 'IBA', 'IEA'], ['IDA'], ['IBA'], ['IMP', 'IBA', 'IEA'], ['ISS', 'IEA'], ['IMP'], ['IDA'], ['IMP', 'IBA'], ['IDA', 'IBA']]"
GO:0031982,vesicle,0.0010377680973544423,38,161,4004,"['ABCC8', 'SPEN', 'ROCK1', 'NEDD4', 'MYH9', 'NDFIP2', 'FLT1', 'BLOC1S6', 'SLC17A7', 'VWF', 'FRK', 'CCDC88A', 'FN1', 'AAK1', 'STK11', 'SLIRP', 'ATP7B', 'ANO1', 'JCHAIN', 'RIDA', 'RNF128', 'TGFBRAP1', 'PAM', 'PRKCA', 'KIT', 'SNX22', 'MITD1', 'VMA21', 'APEH', 'EML5', 'VPS39', 'PGAM1', 'SYT12', 'GBP6', 'KRT76', 'C6orf120', 'HLA-DRB1', 'CTSE']","[['IEA'], ['HDA'], ['TAS'], ['HDA'], ['HDA', 'ISS', 'IEA'], ['IEA'], ['IEA'], ['IDA', 'IBA', 'IEA'], ['ISS', 'IBA', 'TAS', 'IEA'], ['IDA', 'HDA', 'TAS', 'NAS'], ['HDA', 'TAS'], ['IDA', 'IEA'], ['IDA', 'HDA', 'TAS'], ['ISS'], ['HDA'], ['IEA'], ['IDA', 'IEA'], ['HDA'], ['HDA'], ['HDA'], ['IBA', 'IEA'], ['IDA', 'NAS', 'IEA'], ['HDA', 'ISS', 'IEA'], ['HDA'], ['IEA'], ['IEA'], ['HDA', 'IEA'], ['IEA'], ['HDA', 'TAS'], ['HDA'], ['IDA', 'TAS', 'IEA'], ['HDA', 'TAS'], ['IBA', 'IEA'], ['HDA', 'IBA', 'IEA'], ['HDA'], ['TAS'], ['IDA', 'HDA', 'IBA', 'TAS', 'IEA'], ['IDA', 'IBA', 'IEA']]"
GO:0043410,positive regulation of MAPK cascade,0.0011082395124608312,11,161,449,"['CFLAR', 'RB1CC1', 'ROCK1', 'FLT1', 'MBIP', 'PRKCA', 'KIT', 'GPR37', 'P2RY6', 'MTURN', 'HLA-DRB1']","[['IEA'], ['IEA'], ['IMP'], ['IDA', 'IBA'], ['IDA'], ['ISS'], ['IMP'], ['IDA', 'IBA', 'IEA'], ['IDA'], ['IMP'], ['IDA']]"
GO:0070848,response to growth factor,0.0011757692942869083,14,161,731,"['CFLAR', 'ROCK1', 'NEDD4', 'FLT1', 'BLOC1S6', 'ENG', 'SHOC2', 'STK11', 'ACVR1C', 'EPHB2', 'TGFBRAP1', 'KIT', 'RBPMS2', 'LRIT3']","[['IEA'], ['ISS', 'IEA'], ['ISS'], ['IDA', 'IEA'], ['IEA'], ['IDA', 'TAS'], ['NAS', 'IEA'], ['IMP', 'IEA'], ['IBA', 'IEA'], ['IEA'], ['TAS'], ['IEA'], ['ISS'], ['IDA']]"
GO:0048523,negative regulation of cellular process,0.0012013178001234162,48,161,5427,"['CFLAR', 'TFPI', 'ABCC8', 'RB1CC1', 'SPEN', 'ROCK1', 'NEDD4', 'KDM5A', 'NOTCH3', 'RGS11', 'PDS5B', 'MYH9', 'TNRC6B', 'NDFIP2', 'FLT1', 'ENG', 'ANKRD26', 'TASOR2', 'SHOC2', 'TNS2', 'FRK', 'FN1', 'STK11', 'SLIRP', 'TSHZ3', 'CYREN', 'ACVR1C', 'RIDA', 'RNF128', 'EPHB2', 'NCBP1', 'AMIGO2', 'HMG20A', 'SIRT3', 'MBIP', 'PRKCA', 'KIT', 'TENT5B', 'ZNF148', 'RBPMS2', 'ZNF91', 'IL13', 'CXCL10', 'GCSAM', 'FOXC2', 'ZNF93', 'HLA-DRB1', 'BPIFA1']","[['IDA', 'IMP', 'ISS', 'TAS', 'IEA'], ['IEA'], ['IEA'], ['IDA', 'IEA'], ['IDA', 'IMP', 'IEA'], ['IMP', 'IGI', 'ISS', 'TAS', 'IEA'], ['IMP', 'ISS'], ['IEA'], ['IEA'], ['IEA'], ['IDA'], ['IMP', 'ISS', 'IEA'], ['IDA', 'IMP', 'IBA', 'IEA'], ['IMP'], ['IGI'], ['IDA', 'IMP', 'ISS', 'TAS', 'IEA'], ['ISS'], ['IEA'], ['IEA'], ['IDA', 'IMP', 'IBA'], ['IDA'], ['IDA', 'IEA'], ['IMP', 'ISS', 'IEA'], ['IEA'], ['IDA'], ['IDA', 'IEA'], ['IDA', 'IMP', 'IEA'], ['IDA', 'ISS', 'IBA'], ['IEA'], ['IMP', 'ISS', 'IEA'], ['IDA', 'IMP', 'IBA', 'NAS', 'IEA'], ['ISS'], ['IEA'], ['IEA'], ['IDA'], ['IMP', 'ISS', 'TAS'], ['IEA'], ['IMP', 'IBA'], ['EXP', 'IDA'], ['IMP', 'ISS', 'IBA'], ['IDA', 'IEA'], ['IMP', 'NAS', 'IEA'], ['IEA'], ['IMP', 'IBA'], ['ISS', 'IEA'], ['IDA', 'IEA'], ['IMP'], ['IMP', 'IBA']]"
GO:0050793,regulation of developmental process,0.0012013178001234162,28,161,2421,"['CFLAR', 'ABCC8', 'SPEN', 'ROCK1', 'NEDD4', 'NOTCH3', 'MYH9', 'FLT1', 'BLOC1S6', 'DMPK', 'ENG', 'ANKRD26', 'SHOC2', 'FN1', 'STK11', 'HOXD13', 'EPHB2', 'AMIGO2', 'HMG20A', 'MBIP', 'PRKCA', 'KIT', 'RBPMS2', 'IL13', 'CXCL10', 'FOXC2', 'MTURN', 'HLA-DRB1']","[['ISS'], ['IEA'], ['IMP'], ['IMP', 'IGI', 'ISS', 'IEA'], ['ISS', 'IBA'], ['IEA'], ['IMP', 'IEA'], ['IMP'], ['IDA'], ['ISS', 'IEA'], ['ISS', 'IEA'], ['ISS'], ['IEA'], ['IEA'], ['IEA'], ['IEA'], ['ISS', 'IEA'], ['IBA', 'IEA'], ['IEA'], ['ISS', 'ISO', 'IEA'], ['IMP', 'ISS'], ['IDA', 'ISS', 'IEA'], ['IMP', 'ISS', 'IBA'], ['NAS'], ['IDA', 'IEA'], ['ISS', 'IEA'], ['IMP', 'IBA'], ['IDA']]"
GO:0048856,anatomical structure development,0.0012013178001234162,51,161,5908,"['CFLAR', 'ABCC8', 'RB1CC1', 'PLEKHA5', 'PPP1R12A', 'SPEN', 'ROCK1', 'NEDD4', 'NOTCH3', 'PLXNA2', 'MYH9', 'FLT1', 'BLOC1S6', 'SLC17A7', 'DMPK', 'ENG', 'SHOC2', 'TNS2', 'CCDC88A', 'FN1', 'CNN3', 'STK11', 'SLIRP', 'CYREN', 'ATP7B', 'ACVR1C', 'OMG', 'HOXD13', 'ANO1', 'EPHB2', 'AMIGO2', 'HMG20A', 'SLC22A14', 'GINS4', 'ADGRL3', 'MBIP', 'PRKCA', 'RBM45', 'KIT', 'ZNF148', 'RBPMS2', 'IL13', 'CXCL10', 'CTNND2', 'GPR37', 'FOXC2', 'MTURN', 'LRIT3', 'KRT76', 'HLA-DRB1', 'PDLIM7']","[['ISS', 'IBA', 'IEA'], ['IEA'], ['IEA'], ['IEA'], ['IBA'], ['IMP'], ['IMP', 'IGI', 'ISS', 'IBA', 'IEA'], ['IEP', 'ISS', 'IBA', 'IEA'], ['IEA'], ['IBA', 'IEA'], ['IDA', 'IMP', 'IEP', 'IEA'], ['IMP', 'ISS', 'IBA', 'IEA'], ['ISS', 'IEA'], ['IEA'], ['ISS', 'IEA'], ['IMP', 'ISS', 'IBA', 'IEA'], ['IEA'], ['IEA'], ['ISS', 'IEA'], ['IDA', 'IBA', 'IEA'], ['IEP'], ['ISS', 'IEA'], ['IEA'], ['ISS', 'IEA'], ['IEA'], ['IDA', 'IBA'], ['IBA'], ['TAS', 'IEA'], ['ISS'], ['ISS', 'IBA', 'TAS', 'IEA'], ['IBA', 'IEA'], ['IEA'], ['IEA'], ['IEA'], ['ISS', 'IBA'], ['ISS', 'ISO', 'IEA'], ['IMP', 'ISS', 'IEA'], ['ISS', 'IEA'], ['IDA', 'IEP', 'ISS', 'IBA', 'TAS', 'IEA'], ['HEP'], ['IMP', 'ISS', 'IBA'], ['NAS'], ['IDA', 'TAS', 'IEA'], ['IMP', 'IBA'], ['IEA'], ['IMP', 'ISS', 'IBA', 'NAS', 'IEA'], ['IMP', 'IBA'], ['IEA'], ['IBA', 'IEA'], ['IDA', 'TAS'], ['IBA']]"
GO:0005886,plasma membrane,0.0013789089369990288,49,161,5839,"['CFLAR', 'TFPI', 'ABCC8', 'PPP1R12A', 'ROCK1', 'NEDD4', 'NOTCH3', 'RGS11', 'PLXNA2', 'MYH9', 'PNN', 'FLT1', 'SLC17A7', 'DMPK', 'ENG', 'TNS2', 'FRK', 'NKTR', 'CCDC88A', 'FN1', 'AAK1', 'TSHZ3', 'ATP7B', 'ACVR1C', 'OMG', 'GNG13', 'ANO1', 'IRS4', 'EPHB2', 'RALGPS1', 'AMIGO2', 'SLC22A14', 'ADGRL3', 'PRKCA', 'SLC6A1', 'KIT', 'OR2D2', 'IL13', 'CXCL10', 'CTNND2', 'GPR37', 'P2RY6', 'SYT12', 'GCSAM', 'XKRX', 'NKAIN3', 'HLA-DRB1', 'GJC2', 'OPN1MW3']","[['IDA', 'IBA', 'IEA'], ['IDA', 'TAS'], ['IDA', 'IPI', 'TAS', 'IEA'], ['IDA'], ['ISS', 'IEA'], ['IDA', 'IMP', 'TAS', 'IEA'], ['IDA', 'IBA', 'TAS', 'IEA'], ['IBA', 'TAS'], ['ISS', 'IBA', 'TAS', 'IEA'], ['IDA', 'IEA'], ['TAS'], ['IDA', 'IBA', 'TAS', 'IEA'], ['TAS', 'IEA'], ['ISS', 'IEA'], ['IDA', 'IEA'], ['IEA'], ['IBA'], ['IEA'], ['IDA', 'IEA'], ['TAS', 'IEA'], ['IDA', 'IEA'], ['IDA'], ['IDA', 'IBA', 'TAS'], ['IDA', 'IBA', 'TAS'], ['TAS', 'IEA'], ['IBA', 'TAS', 'IEA'], ['IDA', 'ISS', 'IBA', 'TAS', 'IEA'], ['IBA', 'TAS', 'IEA'], ['IDA', 'ISS', 'IBA', 'TAS', 'IEA'], ['IBA', 'IEA'], ['IEA'], ['IEA'], ['IDA', 'IBA', 'IEA'], ['IDA', 'ISS', 'TAS', 'IEA'], ['IDA', 'IBA', 'TAS', 'IEA'], ['IDA', 'IBA', 'TAS', 'IEA'], ['IBA', 'IEA'], ['IEA'], ['IEA'], ['IBA'], ['IDA', 'IBA', 'TAS', 'IEA'], ['IBA', 'TAS', 'IC', 'IEA'], ['IBA'], ['IEA'], ['IEA'], ['IEA'], ['IDA', 'IMP', 'IBA', 'TAS', 'IEA'], ['IBA', 'IEA'], ['IBA', 'IEA']]"
GO:0032868,response to insulin,0.001385807139483575,9,161,307,"['CFLAR', 'ABCC8', 'FLT1', 'TNS2', 'ACVR1C', 'IRS4', 'EPHB2', 'KIT', 'FOXC2']","[['IEA'], ['IEA'], ['IEA'], ['IDA', 'IBA'], ['IEA'], ['IBA', 'IEA'], ['IEA'], ['IEA'], ['IDA']]"
GO:0036211,protein modification process,0.001385807139483575,27,161,2321,"['PPP1R12A', 'ROCK1', 'NEDD4', 'NDFIP2', 'FLT1', 'DMPK', 'TNS2', 'FRK', 'NKTR', 'CCDC88A', 'FN1', 'AAK1', 'STK11', 'ACVR1C', 'CCNT1', 'DCAF15', 'RNF128', 'EPHB2', 'HMG20A', 'CHST4', 'SIRT3', 'TRIM7', 'PRKCA', 'KIT', 'RNF180', 'RNF187', 'HLA-DRB1']","[['IMP'], ['IDA', 'IEA'], ['IDA', 'ISS', 'IEA'], ['IMP', 'IBA'], ['IDA', 'IEA'], ['IDA', 'IEA'], ['IDA'], ['IEA'], ['IEA'], ['IDA'], ['IDA'], ['IDA', 'IEA'], ['IDA', 'IMP', 'TAS', 'IEA'], ['IC', 'IEA'], ['TAS'], ['IDA', 'IBA', 'IEA'], ['IEA'], ['ISS', 'IEA'], ['IEA'], ['TAS'], ['IDA', 'IMP', 'ISS'], ['IEA'], ['IDA', 'ISS', 'IEA'], ['IDA', 'IMP', 'IEA'], ['IEA'], ['IDA', 'IMP', 'IEA'], ['IDA']]"
GO:0009966,regulation of signal transduction,0.001385807139483575,32,161,3010,"['CFLAR', 'RB1CC1', 'ROCK1', 'NEDD4', 'RGS11', 'NDFIP2', 'FLT1', 'DMPK', 'ENG', 'SHOC2', 'VWF', 'TNS2', 'CCDC88A', 'FN1', 'AAK1', 'STK11', 'EPHB2', 'RALGPS1', 'SIRT3', 'IRAK1BP1', 'MBIP', 'PRKCA', 'KIT', 'RBPMS2', 'CTNND2', 'GPR37', 'P2RY6', 'GCSAM', 'MTURN', 'LRIT3', 'SRARP', 'HLA-DRB1']","[['IDA', 'IMP', 'IEP', 'IEA'], ['IEA'], ['IMP'], ['IMP', 'ISS'], ['TAS', 'IEA'], ['HMP'], ['IDA', 'IMP', 'IBA'], ['IEA'], ['IDA', 'IMP', 'IGI', 'TAS'], ['IDA', 'IMP', 'IBA'], ['IDA'], ['IDA', 'IBA'], ['IDA', 'ISS'], ['IDA'], ['IDA'], ['IMP', 'IBA', 'TAS', 'IEA'], ['ISS', 'IEA'], ['IDA'], ['IEA'], ['IEA'], ['IDA'], ['IDA', 'IMP', 'ISS'], ['IMP', 'IBA', 'TAS', 'IEA'], ['ISS'], ['IMP'], ['IDA', 'IBA', 'IEA'], ['IDA'], ['IMP', 'IBA', 'IEA'], ['IMP'], ['IDA'], ['IMP', 'IBA'], ['IDA']]"
GO:0051252,regulation of RNA metabolic process,0.001385807139483575,36,161,3592,"['PPP1R12A', 'SPEN', 'ROCK1', 'NEDD4', 'KDM5A', 'NOTCH3', 'TNRC6B', 'ENG', 'FRK', 'NKTR', 'SLIRP', 'TSHZ3', 'ZNF835', 'HOXD13', 'CCNT1', 'ZNF331', 'RIDA', 'ZNF670-ZNF695', 'TGFBRAP1', 'NCBP1', 'HMG20A', 'MED9', 'MBIP', 'PRKCA', 'TENT5B', 'ZNF148', 'RBPMS2', 'ZNF91', 'RNF187', 'IL13', 'CXCL10', 'FOXC2', 'ZNF678', 'ZNF93', 'HLA-DRB1', 'ZNF772']","[['IDA'], ['IDA', 'IBA'], ['ISS', 'IEA'], ['IMP'], ['IDA', 'IBA', 'IEA'], ['IMP', 'IEA'], ['IMP', 'IBA'], ['IDA', 'IMP', 'ISS', 'IEA'], ['IDA'], ['IEA'], ['IEA'], ['IDA', 'IBA'], ['IBA'], ['IMP', 'IBA', 'TAS', 'IEA'], ['IDA', 'IBA', 'IEA'], ['IBA', 'IEA'], ['IDA'], ['IEA'], ['IDA'], ['IMP', 'IBA', 'NAS'], ['NAS', 'IEA'], ['NAS', 'IEA'], ['IDA', 'IMP', 'ISS'], ['TAS'], ['IBA'], ['EXP', 'IDA', 'IBA', 'IEA'], ['ISS', 'IEA'], ['IBA', 'IEA'], ['IMP'], ['IGI'], ['TAS'], ['IDA', 'ISS', 'IBA', 'IEA'], ['IBA', 'IEA'], ['IBA', 'IEA'], ['IDA'], ['IBA', 'IEA']]"
GO:0001944,vasculature development,0.001385807139483575,14,161,754,"['CFLAR', 'ABCC8', 'ROCK1', 'NOTCH3', 'MYH9', 'FLT1', 'ENG', 'FN1', 'STK11', 'EPHB2', 'PRKCA', 'KIT', 'CXCL10', 'FOXC2']","[['IEA'], ['IEA'], ['IMP'], ['IEA'], ['IDA'], ['IMP', 'ISS', 'IBA', 'IEA'], ['IMP', 'ISS', 'IBA', 'IEA'], ['IEA'], ['ISS', 'IEA'], ['ISS', 'IEA'], ['IMP', 'IEA'], ['IDA'], ['IDA', 'IEA'], ['IMP', 'ISS', 'IEA']]"
GO:0032502,developmental process,0.0014292262336859363,54,161,6487,"['CFLAR', 'ABCC8', 'RB1CC1', 'PLEKHA5', 'PPP1R12A', 'SPEN', 'ROCK1', 'NEDD4', 'NOTCH3', 'PLXNA2', 'MYH9', 'FLT1', 'BLOC1S6', 'SLC17A7', 'DMPK', 'ENG', 'ANKRD26', 'SHOC2', 'TNS2', 'FRK', 'CCDC88A', 'FN1', 'CNN3', 'STK11', 'SLIRP', 'CYREN', 'ATP7B', 'ACVR1C', 'OMG', 'HOXD13', 'ANO1', 'EPHB2', 'NHSL1', 'AMIGO2', 'HMG20A', 'SLC22A14', 'GINS4', 'ADGRL3', 'MBIP', 'PRKCA', 'RBM45', 'KIT', 'ZNF148', 'RBPMS2', 'IL13', 'CXCL10', 'CTNND2', 'GPR37', 'FOXC2', 'MTURN', 'LRIT3', 'KRT76', 'HLA-DRB1', 'PDLIM7']","[['ISS', 'IBA', 'IEA'], ['IEA'], ['IEA'], ['IEA'], ['IBA'], ['IMP'], ['IMP', 'IGI', 'ISS', 'IBA', 'IEA'], ['IEP', 'ISS', 'IBA', 'IEA'], ['IEA'], ['IBA', 'IEA'], ['IDA', 'IMP', 'IEP', 'IEA'], ['IMP', 'ISS', 'IBA', 'IEA'], ['IDA', 'ISS', 'IEA'], ['IEA'], ['ISS', 'IEA'], ['IMP', 'ISS', 'IBA', 'IEA'], ['ISS'], ['IEA'], ['IEA'], ['IBA'], ['ISS', 'IEA'], ['IDA', 'IBA', 'IEA'], ['IEP'], ['ISS', 'IEA'], ['IEA'], ['ISS', 'IEA'], ['IEA'], ['IDA', 'IBA'], ['IBA'], ['TAS', 'IEA'], ['ISS'], ['ISS', 'IBA', 'TAS', 'IEA'], ['IBA'], ['IBA', 'IEA'], ['IEA'], ['IEA'], ['IEA'], ['ISS', 'IBA'], ['ISS', 'ISO', 'IEA'], ['IMP', 'ISS', 'IEA'], ['ISS', 'IEA'], ['IDA', 'IEP', 'ISS', 'IBA', 'TAS', 'IEA'], ['HEP'], ['IMP', 'ISS', 'IBA'], ['NAS'], ['IDA', 'TAS', 'IEA'], ['IMP', 'IBA'], ['IEA'], ['IMP', 'ISS', 'IBA', 'NAS', 'IEA'], ['IMP', 'IBA'], ['IEA'], ['IBA', 'IEA'], ['IDA', 'TAS'], ['IBA', 'IEA']]"
GO:1902531,regulation of intracellular signal transduction,0.0014465469843507866,24,161,1934,"['CFLAR', 'RB1CC1', 'ROCK1', 'NEDD4', 'NDFIP2', 'FLT1', 'ENG', 'SHOC2', 'VWF', 'CCDC88A', 'FN1', 'STK11', 'EPHB2', 'RALGPS1', 'SIRT3', 'IRAK1BP1', 'MBIP', 'PRKCA', 'KIT', 'GPR37', 'P2RY6', 'MTURN', 'SRARP', 'HLA-DRB1']","[['IEP', 'IEA'], ['IEA'], ['IMP'], ['IMP'], ['HMP'], ['IDA', 'IMP', 'IBA'], ['IDA', 'IMP', 'IGI'], ['IDA', 'IMP', 'IBA'], ['IDA'], ['ISS'], ['IDA'], ['IMP', 'TAS', 'IEA'], ['ISS', 'IEA'], ['IDA'], ['IEA'], ['IEA'], ['IDA'], ['ISS'], ['IMP', 'TAS'], ['IDA', 'IBA', 'IEA'], ['IDA'], ['IMP'], ['IMP', 'IBA'], ['IDA']]"
GO:0035295,tube development,0.001524654718577965,17,161,1089,"['ABCC8', 'ROCK1', 'NOTCH3', 'PLXNA2', 'MYH9', 'FLT1', 'BLOC1S6', 'ENG', 'FN1', 'HOXD13', 'EPHB2', 'PRKCA', 'KIT', 'RBPMS2', 'IL13', 'CXCL10', 'FOXC2']","[['IEA'], ['IMP'], ['IEA'], ['IEA'], ['IDA'], ['IMP', 'ISS', 'IBA', 'IEA'], ['IEA'], ['IMP', 'ISS', 'IBA', 'IEA'], ['IEA'], ['IEA'], ['ISS', 'IEA'], ['IMP', 'IEA'], ['ISS', 'IEA'], ['ISS'], ['NAS'], ['IDA', 'IEA'], ['ISS', 'IEA']]"
GO:0048869,cellular developmental process,0.0015675983810410103,41,161,4412,"['CFLAR', 'ABCC8', 'PPP1R12A', 'SPEN', 'ROCK1', 'NEDD4', 'NOTCH3', 'MYH9', 'FLT1', 'BLOC1S6', 'DMPK', 'ENG', 'ANKRD26', 'SHOC2', 'FRK', 'CCDC88A', 'FN1', 'CNN3', 'STK11', 'SLIRP', 'ACVR1C', 'OMG', 'ANO1', 'EPHB2', 'NHSL1', 'HMG20A', 'SLC22A14', 'ADGRL3', 'PRKCA', 'RBM45', 'KIT', 'RBPMS2', 'IL13', 'CXCL10', 'CTNND2', 'GPR37', 'FOXC2', 'MTURN', 'KRT76', 'HLA-DRB1', 'PDLIM7']","[['ISS', 'IBA', 'IEA'], ['IEA'], ['IBA'], ['IMP'], ['IMP', 'IGI', 'ISS', 'IEA'], ['IEP', 'ISS', 'IBA'], ['IEA'], ['IMP', 'IEP', 'IEA'], ['IEA'], ['IDA', 'ISS', 'IEA'], ['ISS', 'IEA'], ['IMP', 'ISS', 'IBA', 'IEA'], ['ISS'], ['IEA'], ['IBA'], ['ISS'], ['IDA', 'IEA'], ['IEP'], ['IEA'], ['IEA'], ['IDA'], ['IBA'], ['ISS'], ['ISS', 'IBA', 'IEA'], ['IBA'], ['IEA'], ['IEA'], ['ISS'], ['ISS'], ['IEA'], ['IDA', 'ISS', 'IBA', 'TAS', 'IEA'], ['IMP', 'ISS', 'IBA'], ['NAS'], ['IEA'], ['IMP', 'IBA'], ['IEA'], ['IBA', 'IEA'], ['IMP', 'IBA'], ['IBA'], ['IDA'], ['IEA']]"
GO:0007167,enzyme-linked receptor protein signaling pathway,0.0015675983810410103,16,161,982,"['NEDD4', 'FLT1', 'ENG', 'SHOC2', 'TNS2', 'FRK', 'CCDC88A', 'STK11', 'ACVR1C', 'IRS4', 'EPHB2', 'TGFBRAP1', 'KIT', 'RBPMS2', 'FOXC2', 'LRIT3']","[['ISS'], ['IDA', 'IMP', 'IBA', 'TAS', 'IEA'], ['IDA', 'IMP', 'TAS'], ['NAS'], ['IDA', 'IBA'], ['IBA'], ['IDA'], ['IMP', 'IEA'], ['IMP', 'IBA', 'IEA'], ['IBA', 'IEA'], ['ISS', 'IBA', 'IEA'], ['TAS'], ['IDA', 'IBA', 'IEA'], ['ISS'], ['IDA', 'IEA'], ['IDA']]"
GO:0030154,cell differentiation,0.0015675983810410103,41,161,4411,"['CFLAR', 'ABCC8', 'PPP1R12A', 'SPEN', 'ROCK1', 'NEDD4', 'NOTCH3', 'MYH9', 'FLT1', 'BLOC1S6', 'DMPK', 'ENG', 'ANKRD26', 'SHOC2', 'FRK', 'CCDC88A', 'FN1', 'CNN3', 'STK11', 'SLIRP', 'ACVR1C', 'OMG', 'ANO1', 'EPHB2', 'NHSL1', 'HMG20A', 'SLC22A14', 'ADGRL3', 'PRKCA', 'RBM45', 'KIT', 'RBPMS2', 'IL13', 'CXCL10', 'CTNND2', 'GPR37', 'FOXC2', 'MTURN', 'KRT76', 'HLA-DRB1', 'PDLIM7']","[['ISS', 'IBA', 'IEA'], ['IEA'], ['IBA'], ['IMP'], ['IMP', 'IGI', 'ISS', 'IEA'], ['IEP', 'ISS', 'IBA'], ['IEA'], ['IMP', 'IEP', 'IEA'], ['IEA'], ['IDA', 'ISS', 'IEA'], ['ISS', 'IEA'], ['IMP', 'ISS', 'IBA', 'IEA'], ['ISS'], ['IEA'], ['IBA'], ['ISS'], ['IDA', 'IEA'], ['IEP'], ['IEA'], ['IEA'], ['IDA'], ['IBA'], ['ISS'], ['ISS', 'IBA', 'IEA'], ['IBA'], ['IEA'], ['IEA'], ['ISS'], ['ISS'], ['IEA'], ['IDA', 'ISS', 'IBA', 'TAS', 'IEA'], ['IMP', 'ISS', 'IBA'], ['NAS'], ['IEA'], ['IMP', 'IBA'], ['IEA'], ['IBA', 'IEA'], ['IMP', 'IBA'], ['IBA'], ['IDA'], ['IEA']]"
GO:0043412,macromolecule modification,0.0016639323368264818,28,161,2503,"['PPP1R12A', 'ROCK1', 'NEDD4', 'NDFIP2', 'FLT1', 'DMPK', 'TNS2', 'FRK', 'NKTR', 'CCDC88A', 'FN1', 'AAK1', 'STK11', 'ACVR1C', 'CCNT1', 'DCAF15', 'RNF128', 'EPHB2', 'HMG20A', 'CHST4', 'SIRT3', 'TRIM7', 'PRKCA', 'KIT', 'RNF180', 'RNF187', 'PUS1', 'HLA-DRB1']","[['IMP'], ['IDA', 'IEA'], ['IDA', 'ISS', 'IEA'], ['IMP', 'IBA'], ['IDA', 'IEA'], ['IDA', 'IEA'], ['IDA'], ['IEA'], ['IEA'], ['IDA'], ['IDA'], ['IDA', 'IEA'], ['IDA', 'IMP', 'TAS', 'IEA'], ['IC', 'IEA'], ['TAS'], ['IDA', 'IBA', 'IEA'], ['IEA'], ['ISS', 'IEA'], ['IEA'], ['TAS'], ['IDA', 'IMP', 'ISS'], ['IEA'], ['IDA', 'ISS', 'IEA'], ['IDA', 'IMP', 'IEA'], ['IEA'], ['IDA', 'IMP', 'IEA'], ['IDA', 'IMP', 'IBA', 'TAS', 'IEA'], ['IDA']]"
GO:0060255,regulation of macromolecule metabolic process,0.0016639323368264818,52,161,6216,"['TFPI', 'ABCC8', 'PPP1R12A', 'SPEN', 'ROCK1', 'NEDD4', 'KDM5A', 'NOTCH3', 'ZNF638', 'MYH9', 'TNRC6B', 'NDFIP2', 'FLT1', 'ENG', 'TASOR2', 'FRK', 'NKTR', 'CCDC88A', 'FN1', 'STK11', 'SLIRP', 'TSHZ3', 'CYREN', 'ZNF835', 'HOXD13', 'CCNT1', 'ZNF331', 'RIDA', 'RNF128', 'EPHB2', 'ZNF670-ZNF695', 'TGFBRAP1', 'NCBP1', 'HMG20A', 'MED9', 'SIRT3', 'MBIP', 'PRKCA', 'KIT', 'TENT5B', 'ZNF148', 'RNF180', 'RBPMS2', 'ZNF91', 'RNF187', 'IL13', 'CXCL10', 'FOXC2', 'ZNF678', 'ZNF93', 'HLA-DRB1', 'ZNF772']","[['IEA'], ['IEA'], ['IDA'], ['IDA', 'IMP', 'IBA', 'IEA'], ['IMP', 'ISS', 'TAS', 'IEA'], ['IDA', 'IMP'], ['IDA', 'ISS', 'IBA', 'IEA'], ['IMP', 'IEA'], ['IBA'], ['ISS', 'IEA'], ['IDA', 'IMP', 'IBA', 'IEA'], ['IMP', 'IBA'], ['IDA'], ['IDA', 'IMP', 'ISS', 'IEA'], ['IEA'], ['IDA'], ['IEA'], ['IDA'], ['IDA'], ['IDA', 'IMP'], ['IEA'], ['IDA', 'IBA', 'IEA'], ['IDA', 'IEA'], ['IBA'], ['IMP', 'IBA', 'TAS', 'IEA'], ['IDA', 'IBA', 'TAS', 'IEA'], ['IBA', 'IEA'], ['IDA', 'ISS', 'IBA'], ['IC', 'IEA'], ['IMP', 'ISS', 'IEA'], ['IEA'], ['IDA'], ['IDA', 'IMP', 'IBA', 'NAS', 'IEA'], ['IBA', 'NAS', 'IEA'], ['NAS', 'IEA'], ['ISS'], ['IDA', 'IMP', 'ISS'], ['ISS', 'TAS'], ['IDA', 'IMP', 'ISS', 'IEA'], ['IMP', 'IBA'], ['EXP', 'IDA', 'IBA', 'IEA'], ['IBA', 'IEA'], ['ISS', 'IEA'], ['IDA', 'IBA', 'IEA'], ['IMP'], ['IGI', 'ISS', 'IBA', 'IEA'], ['TAS'], ['IDA', 'ISS', 'IBA', 'IEA'], ['IBA', 'IEA'], ['IDA', 'IBA', 'IEA'], ['IDA', 'IMP'], ['IBA', 'IEA']]"
GO:0044238,primary metabolic process,0.0016891832562493142,83,161,11828,"['CFLAR', 'TFPI', 'RB1CC1', 'BOD1L1', 'PPP1R12A', 'SPEN', 'ROCK1', 'NEDD4', 'KDM5A', 'NOTCH3', 'ZNF638', 'PDS5B', 'MYH9', 'TNRC6B', 'PNN', 'NDFIP2', 'FLT1', 'BLOC1S6', 'DMPK', 'ENG', 'LUC7L3', 'TNS2', 'FRK', 'NKTR', 'CCDC88A', 'FN1', 'AAK1', 'SRSF11', 'STK11', 'SLIRP', 'TSHZ3', 'CYREN', 'ACVR1C', 'ATP5F1E', 'MCEE', 'ZNF835', 'HOXD13', 'CCNT1', 'ZNF331', 'DCAF15', 'COQ3', 'RIDA', 'RNF128', 'EPHB2', 'ZNF670-ZNF695', 'TGFBRAP1', 'NCBP1', 'HMG20A', 'CHST4', 'MED9', 'SIRT3', 'PAM', 'TRIM7', 'GINS4', 'TMEM86A', 'MBIP', 'PRKCA', 'ATP5MC3', 'KIT', 'TENT5B', 'ZNF148', 'APEH', 'RNF180', 'RBPMS2', 'ZNF91', 'RNF187', 'IL13', 'CXCL10', 'RNF150', 'GPR37', 'PGAM1', 'P2RY6', 'CERS6', 'RPL15', 'CHST1', 'FOXC2', 'PUS1', 'ZNF678', 'GALNT9', 'ZNF93', 'HLA-DRB1', 'CTSE', 'ZNF772']","[['IEA'], ['IEA'], ['IBA'], ['IDA', 'IBA', 'IEA'], ['IDA', 'IMP'], ['IDA', 'IBA'], ['IDA', 'IMP', 'ISS', 'TAS', 'IEA'], ['IDA', 'IMP', 'ISS', 'IBA', 'IEA'], ['IDA', 'IBA', 'IEA'], ['IMP', 'IEA'], ['IBA', 'TAS', 'IEA'], ['IBA'], ['IDA', 'ISS', 'IEA'], ['IDA', 'IMP', 'IBA', 'IEA'], ['IC', 'IEA'], ['IMP', 'IBA'], ['IDA', 'IEA'], ['IEA'], ['IDA', 'IEA'], ['IDA', 'IMP', 'ISS', 'IEA'], ['IMP', 'IBA', 'IEA'], ['IDA'], ['IDA', 'IEA'], ['IBA', 'IEA'], ['IDA'], ['IDA'], ['IDA', 'IEA'], ['TAS', 'IEA'], ['IDA', 'IMP', 'TAS', 'IEA'], ['IEA'], ['IDA', 'IBA'], ['IDA', 'ISS', 'IBA', 'IEA'], ['IC', 'IEA'], ['IDA', 'IBA', 'NAS', 'IEA'], ['IDA', 'IBA', 'TAS'], ['IBA'], ['IMP', 'IBA', 'TAS', 'IEA'], ['IDA', 'IBA', 'TAS', 'IEA'], ['IBA', 'IEA'], ['IDA', 'IBA', 'IEA'], ['IGI'], ['IDA', 'ISS', 'IBA', 'IEA'], ['IBA', 'NAS', 'IC', 'IEA'], ['ISS', 'IEA'], ['IEA'], ['IDA'], ['IDA', 'IMP', 'IBA', 'TAS', 'NAS', 'IEA'], ['NAS', 'IEA'], ['TAS', 'IEA'], ['NAS', 'IEA'], ['IDA', 'IMP', 'ISS'], ['ISS', 'IEA'], ['IEA'], ['IBA', 'IEA'], ['IEA'], ['IDA', 'IMP', 'ISS'], ['IDA', 'ISS', 'TAS', 'IEA'], ['IBA', 'NAS', 'IEA'], ['IDA', 'IMP', 'IEA'], ['IMP', 'IBA'], ['EXP', 'IDA', 'IBA', 'IEA'], ['IDA', 'TAS', 'IEA'], ['IBA', 'IEA'], ['ISS', 'IEA'], ['IBA', 'IEA'], ['IDA', 'IMP', 'IEA'], ['IGI'], ['TAS'], ['IBA'], ['IEA'], ['IDA', 'TAS', 'IEA'], ['IDA', 'TAS'], ['IDA', 'IBA', 'TAS', 'IEA'], ['IBA', 'TAS', 'NAS', 'IC', 'IEA'], ['IDA', 'IBA', 'TAS', 'IEA'], ['IDA', 'ISS', 'IBA', 'IEA'], ['IDA', 'IMP', 'IBA', 'TAS', 'IEA'], ['IBA', 'IEA'], ['IBA', 'TAS', 'NAS', 'IEA'], ['IBA', 'IEA'], ['IDA'], ['IDA', 'IBA', 'IEA'], ['IBA', 'IEA']]"
GO:0031974,membrane-enclosed lumen,0.0018044953416718314,53,161,6618,"['BOD1L1', 'PLEKHA5', 'PPP1R12A', 'SPEN', 'ROCK1', 'NEDD4', 'KDM5A', 'NOTCH3', 'ZNF638', 'PDS5B', 'MYH9', 'TNRC6B', 'PNN', 'ANKRD12', 'ENG', 'TASOR2', 'SHOC2', 'LUC7L3', 'VWF', 'FRK', 'MDN1', 'CCDC88A', 'FN1', 'SRSF11', 'STK11', 'SLIRP', 'TSHZ3', 'ATP5F1E', 'MCEE', 'HOXD13', 'CCNT1', 'ANO1', 'RIDA', 'EPHB2', 'NCBP1', 'MED9', 'SIRT3', 'GINS4', 'MBIP', 'PRKCA', 'RBM45', 'KIT', 'ZNF148', 'APEH', 'RNF187', 'PGAM1', 'FOXC2', 'PUS1', 'ZNF93', 'C6orf120', 'HEPACAM2', 'H2BC26', 'PDLIM7']","[['IDA', 'IPI', 'IBA', 'TAS'], ['IDA'], ['IDA', 'TAS'], ['IDA'], ['TAS'], ['IDA'], ['TAS', 'IEA'], ['IDA', 'TAS'], ['IDA', 'TAS', 'IEA'], ['IDA', 'TAS'], ['IDA'], ['IBA'], ['IDA', 'TAS', 'IEA'], ['IDA', 'IBA'], ['IDA'], ['IDA', 'IBA'], ['IDA'], ['IDA', 'TAS', 'IEA'], ['TAS'], ['IDA', 'TAS'], ['IDA', 'IEA'], ['IDA'], ['TAS'], ['IDA', 'IBA', 'TAS'], ['IDA', 'TAS'], ['IDA', 'TAS'], ['IDA'], ['TAS'], ['TAS'], ['IDA'], ['IDA', 'IPI', 'IBA', 'TAS'], ['IDA'], ['ISS'], ['IDA'], ['IDA', 'TAS'], ['TAS'], ['IDA', 'TAS', 'IEA'], ['IPI', 'ISS', 'IBA', 'TAS'], ['IDA', 'TAS'], ['TAS'], ['IDA'], ['IDA'], ['IDA'], ['TAS'], ['IDA'], ['TAS'], ['IDA'], ['IDA', 'TAS'], ['TAS'], ['TAS'], ['IDA'], ['IDA', 'TAS'], ['IDA']]"
GO:0043233,organelle lumen,0.0018044953416718314,53,161,6618,"['BOD1L1', 'PLEKHA5', 'PPP1R12A', 'SPEN', 'ROCK1', 'NEDD4', 'KDM5A', 'NOTCH3', 'ZNF638', 'PDS5B', 'MYH9', 'TNRC6B', 'PNN', 'ANKRD12', 'ENG', 'TASOR2', 'SHOC2', 'LUC7L3', 'VWF', 'FRK', 'MDN1', 'CCDC88A', 'FN1', 'SRSF11', 'STK11', 'SLIRP', 'TSHZ3', 'ATP5F1E', 'MCEE', 'HOXD13', 'CCNT1', 'ANO1', 'RIDA', 'EPHB2', 'NCBP1', 'MED9', 'SIRT3', 'GINS4', 'MBIP', 'PRKCA', 'RBM45', 'KIT', 'ZNF148', 'APEH', 'RNF187', 'PGAM1', 'FOXC2', 'PUS1', 'ZNF93', 'C6orf120', 'HEPACAM2', 'H2BC26', 'PDLIM7']","[['IDA', 'IPI', 'IBA', 'TAS'], ['IDA'], ['IDA', 'TAS'], ['IDA'], ['TAS'], ['IDA'], ['TAS', 'IEA'], ['IDA', 'TAS'], ['IDA', 'TAS', 'IEA'], ['IDA', 'TAS'], ['IDA'], ['IBA'], ['IDA', 'TAS', 'IEA'], ['IDA', 'IBA'], ['IDA'], ['IDA', 'IBA'], ['IDA'], ['IDA', 'TAS', 'IEA'], ['TAS'], ['IDA', 'TAS'], ['IDA', 'IEA'], ['IDA'], ['TAS'], ['IDA', 'IBA', 'TAS'], ['IDA', 'TAS'], ['IDA', 'TAS'], ['IDA'], ['TAS'], ['TAS'], ['IDA'], ['IDA', 'IPI', 'IBA', 'TAS'], ['IDA'], ['ISS'], ['IDA'], ['IDA', 'TAS'], ['TAS'], ['IDA', 'TAS', 'IEA'], ['IPI', 'ISS', 'IBA', 'TAS'], ['IDA', 'TAS'], ['TAS'], ['IDA'], ['IDA'], ['IDA'], ['TAS'], ['IDA'], ['TAS'], ['IDA'], ['IDA', 'TAS'], ['TAS'], ['TAS'], ['IDA'], ['IDA', 'TAS'], ['IDA']]"
GO:0070013,intracellular organelle lumen,0.0018044953416718314,53,161,6618,"['BOD1L1', 'PLEKHA5', 'PPP1R12A', 'SPEN', 'ROCK1', 'NEDD4', 'KDM5A', 'NOTCH3', 'ZNF638', 'PDS5B', 'MYH9', 'TNRC6B', 'PNN', 'ANKRD12', 'ENG', 'TASOR2', 'SHOC2', 'LUC7L3', 'VWF', 'FRK', 'MDN1', 'CCDC88A', 'FN1', 'SRSF11', 'STK11', 'SLIRP', 'TSHZ3', 'ATP5F1E', 'MCEE', 'HOXD13', 'CCNT1', 'ANO1', 'RIDA', 'EPHB2', 'NCBP1', 'MED9', 'SIRT3', 'GINS4', 'MBIP', 'PRKCA', 'RBM45', 'KIT', 'ZNF148', 'APEH', 'RNF187', 'PGAM1', 'FOXC2', 'PUS1', 'ZNF93', 'C6orf120', 'HEPACAM2', 'H2BC26', 'PDLIM7']","[['IDA', 'IPI', 'IBA', 'TAS'], ['IDA'], ['IDA', 'TAS'], ['IDA'], ['TAS'], ['IDA'], ['TAS', 'IEA'], ['IDA', 'TAS'], ['IDA', 'TAS', 'IEA'], ['IDA', 'TAS'], ['IDA'], ['IBA'], ['IDA', 'TAS', 'IEA'], ['IDA', 'IBA'], ['IDA'], ['IDA', 'IBA'], ['IDA'], ['IDA', 'TAS', 'IEA'], ['TAS'], ['IDA', 'TAS'], ['IDA', 'IEA'], ['IDA'], ['TAS'], ['IDA', 'IBA', 'TAS'], ['IDA', 'TAS'], ['IDA', 'TAS'], ['IDA'], ['TAS'], ['TAS'], ['IDA'], ['IDA', 'IPI', 'IBA', 'TAS'], ['IDA'], ['ISS'], ['IDA'], ['IDA', 'TAS'], ['TAS'], ['IDA', 'TAS', 'IEA'], ['IPI', 'ISS', 'IBA', 'TAS'], ['IDA', 'TAS'], ['TAS'], ['IDA'], ['IDA'], ['IDA'], ['TAS'], ['IDA'], ['TAS'], ['IDA'], ['IDA', 'TAS'], ['TAS'], ['TAS'], ['IDA'], ['IDA', 'TAS'], ['IDA']]"
GO:0141124,intracellular signaling cassette,0.001854899862673689,23,161,1853,"['CFLAR', 'RB1CC1', 'ROCK1', 'NEDD4', 'NDFIP2', 'FLT1', 'DMPK', 'ENG', 'SHOC2', 'CCDC88A', 'FN1', 'STK11', 'EPHB2', 'RALGPS1', 'SIRT3', 'IRAK1BP1', 'MBIP', 'PRKCA', 'KIT', 'GPR37', 'P2RY6', 'MTURN', 'HLA-DRB1']","[['IEP', 'IEA'], ['IEA'], ['IMP', 'IGI', 'IBA', 'TAS', 'IEA'], ['IMP'], ['HMP'], ['IDA', 'IMP', 'IBA'], ['IBA', 'IEA'], ['IDA', 'IMP', 'IGI'], ['IDA', 'IMP', 'IBA'], ['IDA', 'ISS'], ['IDA'], ['IEA'], ['ISS', 'IEA'], ['IDA', 'IBA', 'IEA'], ['IEA'], ['ISS', 'IEA'], ['IDA'], ['ISS'], ['IMP', 'TAS'], ['IDA', 'IBA', 'IEA'], ['IDA'], ['IMP'], ['IDA']]"
GO:0010604,positive regulation of macromolecule metabolic process,0.002048631789450026,32,161,3114,"['ABCC8', 'PPP1R12A', 'ROCK1', 'NEDD4', 'KDM5A', 'NOTCH3', 'MYH9', 'TNRC6B', 'NDFIP2', 'FLT1', 'ENG', 'CCDC88A', 'FN1', 'STK11', 'CYREN', 'HOXD13', 'CCNT1', 'RIDA', 'RNF128', 'EPHB2', 'NCBP1', 'MED9', 'MBIP', 'KIT', 'TENT5B', 'ZNF148', 'RNF180', 'RNF187', 'IL13', 'CXCL10', 'FOXC2', 'HLA-DRB1']","[['IEA'], ['IDA'], ['IMP', 'ISS', 'IEA'], ['IDA'], ['IDA'], ['IMP', 'IEA'], ['ISS', 'IEA'], ['IMP', 'IBA'], ['IMP', 'IBA'], ['IDA'], ['IDA', 'ISS', 'IEA'], ['IDA'], ['IDA'], ['IDA', 'IMP'], ['IEA'], ['IMP', 'IEA'], ['IDA', 'IBA'], ['IDA'], ['IC'], ['IMP', 'ISS'], ['IMP', 'NAS'], ['NAS'], ['IDA'], ['IDA', 'IMP', 'ISS', 'IEA'], ['IMP', 'IBA'], ['IEA'], ['IBA', 'IEA'], ['IMP'], ['IGI', 'ISS', 'IBA', 'IEA'], ['TAS'], ['IDA', 'ISS', 'IEA'], ['IDA']]"
GO:0051897,positive regulation of phosphatidylinositol 3-kinase/protein kinase B signal transduction,0.0021976756749876253,7,161,191,"['NEDD4', 'FLT1', 'ENG', 'CCDC88A', 'FN1', 'PRKCA', 'KIT']","[['IMP'], ['IMP'], ['IGI'], ['ISS'], ['IDA'], ['ISS'], ['TAS']]"
GO:0071363,cellular response to growth factor stimulus,0.0021976756749876253,13,161,703,"['CFLAR', 'NEDD4', 'FLT1', 'BLOC1S6', 'ENG', 'SHOC2', 'STK11', 'ACVR1C', 'EPHB2', 'TGFBRAP1', 'KIT', 'RBPMS2', 'LRIT3']","[['IEA'], ['ISS'], ['IDA', 'IEA'], ['IEA'], ['IDA', 'TAS'], ['NAS', 'IEA'], ['IMP', 'IEA'], ['IBA', 'IEA'], ['IEA'], ['TAS'], ['IEA'], ['ISS'], ['IDA']]"
GO:0051716,cellular response to stimulus,0.0022064006669091692,58,161,7333,"['CFLAR', 'TFPI', 'ABCC8', 'RB1CC1', 'BOD1L1', 'PPP1R12A', 'SPEN', 'ROCK1', 'NEDD4', 'NOTCH3', 'RGS11', 'PLXNA2', 'PDS5B', 'MYH9', 'NDFIP2', 'FLT1', 'BLOC1S6', 'DMPK', 'ENG', 'SHOC2', 'VWF', 'TNS2', 'FRK', 'CCDC88A', 'FN1', 'AAK1', 'STK11', 'CYREN', 'ACVR1C', 'OMG', 'GNG13', 'THEMIS2', 'ANO1', 'IRS4', 'EPHB2', 'TGFBRAP1', 'RALGPS1', 'SIRT3', 'IRAK1BP1', 'GINS4', 'ADGRL3', 'MBIP', 'PRKCA', 'KIT', 'OR2D2', 'RBPMS2', 'IL13', 'CXCL10', 'CTNND2', 'GPR37', 'P2RY6', 'GCSAM', 'FOXC2', 'MTURN', 'LRIT3', 'SRARP', 'HLA-DRB1', 'OPN1MW3']","[['IDA', 'IMP', 'IEP', 'IBA', 'IEA'], ['IEP'], ['IEA'], ['IEA'], ['IDA', 'IEA'], ['IEA'], ['IEA'], ['IMP', 'IGI', 'IBA', 'TAS', 'IEA'], ['IDA', 'IMP', 'IEP', 'ISS'], ['IBA', 'IEA'], ['IBA', 'TAS', 'IEA'], ['ISS', 'IBA', 'IEA'], ['IBA'], ['NAS'], ['HMP'], ['IDA', 'IMP', 'IBA', 'TAS', 'IEA'], ['IDA'], ['IBA', 'IEA'], ['IDA', 'IMP', 'IGI', 'TAS'], ['IDA', 'IMP', 'IBA', 'NAS', 'IEA'], ['IDA'], ['IDA', 'IBA'], ['IBA'], ['IDA', 'ISS'], ['IDA'], ['IDA'], ['IDA', 'IMP', 'IBA', 'TAS', 'IEA'], ['IDA', 'IBA', 'IEA'], ['IMP', 'IBA', 'IEA'], ['IBA'], ['IBA', 'IEA'], ['IBA', 'IEA'], ['IMP', 'IGI', 'ISS'], ['IBA', 'TAS', 'IEA'], ['ISS', 'IBA', 'IEA'], ['IDA', 'TAS'], ['IDA', 'IBA', 'NAS', 'IEA'], ['TAS', 'IEA'], ['ISS', 'IEA'], ['IBA'], ['IBA', 'TAS', 'NAS', 'IEA'], ['IDA'], ['IDA', 'IMP', 'ISS', 'IBA', 'TAS'], ['IDA', 'IMP', 'ISS', 'IBA', 'TAS', 'IEA'], ['IEA'], ['ISS'], ['IDA', 'IEA'], ['IDA', 'IMP', 'IBA', 'TAS', 'IEA'], ['IMP', 'TAS', 'IEA'], ['IDA', 'ISS', 'IBA', 'TAS', 'IEA'], ['IDA', 'ISS', 'IBA', 'TAS', 'IC', 'IEA'], ['IMP', 'IBA', 'IEA'], ['IDA', 'IEA'], ['IMP'], ['IDA'], ['IMP', 'IBA'], ['IDA', 'IMP', 'NAS'], ['IBA', 'IEA']]"
GO:0019219,regulation of nucleobase-containing compound metabolic process,0.002260271024165805,37,161,3891,"['PPP1R12A', 'SPEN', 'ROCK1', 'NEDD4', 'KDM5A', 'NOTCH3', 'TNRC6B', 'ENG', 'FRK', 'NKTR', 'SLIRP', 'TSHZ3', 'CYREN', 'ZNF835', 'HOXD13', 'CCNT1', 'ZNF331', 'RIDA', 'ZNF670-ZNF695', 'TGFBRAP1', 'NCBP1', 'HMG20A', 'MED9', 'MBIP', 'PRKCA', 'TENT5B', 'ZNF148', 'RBPMS2', 'ZNF91', 'RNF187', 'IL13', 'CXCL10', 'FOXC2', 'ZNF678', 'ZNF93', 'HLA-DRB1', 'ZNF772']","[['IDA'], ['IDA', 'IBA'], ['ISS', 'IEA'], ['IMP'], ['IDA', 'IBA', 'IEA'], ['IMP', 'IEA'], ['IMP', 'IBA'], ['IDA', 'IMP', 'ISS', 'IEA'], ['IDA'], ['IEA'], ['IEA'], ['IDA', 'IBA'], ['IDA', 'IEA'], ['IBA'], ['IMP', 'IBA', 'TAS', 'IEA'], ['IDA', 'IBA', 'IEA'], ['IBA', 'IEA'], ['IDA'], ['IEA'], ['IDA'], ['IMP', 'IBA', 'NAS'], ['NAS', 'IEA'], ['NAS', 'IEA'], ['IDA', 'IMP', 'ISS'], ['TAS'], ['IBA'], ['EXP', 'IDA', 'IBA', 'IEA'], ['ISS', 'IEA'], ['IBA', 'IEA'], ['IMP'], ['IGI'], ['TAS'], ['IDA', 'ISS', 'IBA', 'IEA'], ['IBA', 'IEA'], ['IBA', 'IEA'], ['IDA'], ['IBA', 'IEA']]"
GO:0007165,signal transduction,0.002309862620566375,50,161,5986,"['CFLAR', 'RB1CC1', 'PPP1R12A', 'SPEN', 'ROCK1', 'NEDD4', 'NOTCH3', 'RGS11', 'PLXNA2', 'MYH9', 'NDFIP2', 'FLT1', 'DMPK', 'ENG', 'SHOC2', 'VWF', 'TNS2', 'FRK', 'CCDC88A', 'FN1', 'AAK1', 'STK11', 'ACVR1C', 'GNG13', 'THEMIS2', 'ANO1', 'IRS4', 'EPHB2', 'TGFBRAP1', 'RALGPS1', 'SIRT3', 'IRAK1BP1', 'ADGRL3', 'MBIP', 'PRKCA', 'KIT', 'OR2D2', 'RBPMS2', 'IL13', 'CXCL10', 'CTNND2', 'GPR37', 'P2RY6', 'GCSAM', 'FOXC2', 'MTURN', 'LRIT3', 'SRARP', 'HLA-DRB1', 'OPN1MW3']","[['IDA', 'IMP', 'IEP', 'IBA', 'IEA'], ['IEA'], ['IEA'], ['IEA'], ['IMP', 'IGI', 'IBA', 'TAS', 'IEA'], ['IDA', 'IMP', 'ISS'], ['IBA', 'IEA'], ['IBA', 'TAS', 'IEA'], ['ISS', 'IBA', 'IEA'], ['NAS'], ['HMP'], ['IDA', 'IMP', 'IBA', 'TAS', 'IEA'], ['IBA', 'IEA'], ['IDA', 'IMP', 'IGI', 'TAS'], ['IDA', 'IMP', 'IBA', 'NAS', 'IEA'], ['IDA'], ['IDA', 'IBA'], ['IBA'], ['IDA', 'ISS'], ['IDA'], ['IDA'], ['IDA', 'IMP', 'IBA', 'TAS', 'IEA'], ['IMP', 'IBA', 'IEA'], ['IBA', 'IEA'], ['IBA', 'IEA'], ['ISS'], ['IBA', 'TAS', 'IEA'], ['ISS', 'IBA', 'IEA'], ['IDA', 'TAS'], ['IDA', 'IBA', 'NAS', 'IEA'], ['IEA'], ['ISS', 'IEA'], ['IBA', 'TAS', 'NAS', 'IEA'], ['IDA'], ['IDA', 'IMP', 'ISS', 'IBA', 'TAS'], ['IDA', 'IMP', 'ISS', 'IBA', 'TAS', 'IEA'], ['IEA'], ['ISS'], ['IDA'], ['IDA', 'IMP', 'IBA', 'TAS'], ['IMP', 'TAS', 'IEA'], ['IDA', 'IBA', 'TAS', 'IEA'], ['IDA', 'IBA', 'TAS', 'IC', 'IEA'], ['IMP', 'IBA', 'IEA'], ['IDA', 'IEA'], ['IMP'], ['IDA'], ['IMP', 'IBA'], ['IDA', 'IMP', 'NAS'], ['IBA', 'IEA']]"
GO:0019538,protein metabolic process,0.002337918233954528,40,161,4369,"['CFLAR', 'TFPI', 'PPP1R12A', 'ROCK1', 'NEDD4', 'MYH9', 'TNRC6B', 'NDFIP2', 'FLT1', 'DMPK', 'TNS2', 'FRK', 'NKTR', 'CCDC88A', 'FN1', 'AAK1', 'STK11', 'ACVR1C', 'CCNT1', 'DCAF15', 'RIDA', 'RNF128', 'EPHB2', 'NCBP1', 'HMG20A', 'CHST4', 'SIRT3', 'TRIM7', 'PRKCA', 'KIT', 'TENT5B', 'APEH', 'RNF180', 'RNF187', 'RNF150', 'RPL15', 'CHST1', 'GALNT9', 'HLA-DRB1', 'CTSE']","[['IEA'], ['IEA'], ['IMP'], ['IDA', 'IMP', 'TAS', 'IEA'], ['IDA', 'IMP', 'ISS', 'IBA', 'IEA'], ['IDA', 'ISS', 'IEA'], ['IDA', 'IEA'], ['IMP', 'IBA'], ['IDA', 'IEA'], ['IDA', 'IEA'], ['IDA'], ['IEA'], ['IBA', 'IEA'], ['IDA'], ['IDA'], ['IDA', 'IEA'], ['IDA', 'IMP', 'TAS', 'IEA'], ['IC', 'IEA'], ['TAS'], ['IDA', 'IBA', 'IEA'], ['ISS', 'IBA'], ['IBA', 'NAS', 'IC', 'IEA'], ['ISS', 'IEA'], ['IDA', 'NAS', 'IEA'], ['IEA'], ['TAS'], ['IDA', 'IMP', 'ISS'], ['IEA'], ['IDA', 'ISS', 'IEA'], ['IDA', 'IMP', 'IEA'], ['IMP'], ['IDA', 'TAS', 'IEA'], ['IBA', 'IEA'], ['IDA', 'IMP', 'IEA'], ['IBA'], ['IBA', 'TAS', 'NAS', 'IC', 'IEA'], ['IDA', 'IBA', 'TAS'], ['IBA', 'TAS', 'NAS', 'IEA'], ['IDA'], ['IDA', 'IBA', 'IEA']]"
GO:0022603,regulation of anatomical structure morphogenesis,0.002365567963888791,14,161,821,"['ABCC8', 'ROCK1', 'NEDD4', 'MYH9', 'FLT1', 'ENG', 'FN1', 'STK11', 'HOXD13', 'EPHB2', 'PRKCA', 'KIT', 'CXCL10', 'FOXC2']","[['IEA'], ['IMP'], ['ISS', 'IBA'], ['IMP', 'IEA'], ['IMP'], ['IEA'], ['IEA'], ['IEA'], ['IEA'], ['IEA'], ['IMP'], ['ISS', 'IEA'], ['IDA', 'IEA'], ['ISS', 'IEA']]"
GO:0051896,regulation of phosphatidylinositol 3-kinase/protein kinase B signal transduction,0.002365567963888791,8,161,267,"['NEDD4', 'FLT1', 'ENG', 'CCDC88A', 'FN1', 'STK11', 'PRKCA', 'KIT']","[['IMP'], ['IMP'], ['IGI'], ['ISS'], ['IDA'], ['IEA'], ['ISS'], ['TAS']]"
GO:0048519,negative regulation of biological process,0.002365567963888791,48,161,5669,"['CFLAR', 'TFPI', 'ABCC8', 'RB1CC1', 'SPEN', 'ROCK1', 'NEDD4', 'KDM5A', 'NOTCH3', 'RGS11', 'PDS5B', 'MYH9', 'TNRC6B', 'NDFIP2', 'FLT1', 'ENG', 'ANKRD26', 'TASOR2', 'SHOC2', 'TNS2', 'FRK', 'FN1', 'STK11', 'SLIRP', 'TSHZ3', 'CYREN', 'ACVR1C', 'RIDA', 'RNF128', 'EPHB2', 'NCBP1', 'AMIGO2', 'HMG20A', 'SIRT3', 'MBIP', 'PRKCA', 'KIT', 'TENT5B', 'ZNF148', 'RBPMS2', 'ZNF91', 'IL13', 'CXCL10', 'GCSAM', 'FOXC2', 'ZNF93', 'HLA-DRB1', 'BPIFA1']","[['IDA', 'IMP', 'ISS', 'TAS', 'IEA'], ['IDA', 'IEA'], ['IEA'], ['IDA', 'IEA'], ['IDA', 'IMP', 'IEA'], ['IMP', 'IGI', 'ISS', 'TAS', 'IEA'], ['IDA', 'IMP', 'ISS'], ['IEA'], ['IEA'], ['IEA'], ['IDA'], ['IMP', 'ISS', 'IEA'], ['IDA', 'IMP', 'IBA', 'IEA'], ['IMP'], ['IGI'], ['IDA', 'IMP', 'ISS', 'TAS', 'IEA'], ['ISS'], ['IEA'], ['IEA'], ['IDA', 'IMP', 'IBA'], ['IDA'], ['IDA', 'IEA'], ['IMP', 'ISS', 'IEA'], ['IEA'], ['IDA'], ['IDA', 'IEA'], ['IDA', 'IMP', 'IEA'], ['IDA', 'ISS', 'IBA'], ['IEA'], ['IMP', 'ISS', 'IEA'], ['IDA', 'IMP', 'IBA', 'NAS', 'IEA'], ['ISS'], ['IEA'], ['IEA'], ['IDA'], ['IMP', 'ISS', 'TAS'], ['IEA'], ['IMP', 'IBA'], ['EXP', 'IDA'], ['IMP', 'ISS', 'IBA'], ['IDA', 'IEA'], ['IMP', 'IGI', 'NAS', 'IEA'], ['IDA', 'IEA'], ['IMP', 'IBA'], ['IMP', 'ISS', 'IEA'], ['IDA', 'IEA'], ['IDA', 'IMP'], ['IMP', 'IBA']]"
GO:0071944,cell periphery,0.0024832208332017888,50,161,6196,"['CFLAR', 'TFPI', 'ABCC8', 'PPP1R12A', 'ROCK1', 'NEDD4', 'NOTCH3', 'RGS11', 'PLXNA2', 'MYH9', 'PNN', 'FLT1', 'SLC17A7', 'DMPK', 'ENG', 'VWF', 'TNS2', 'FRK', 'NKTR', 'CCDC88A', 'FN1', 'AAK1', 'TSHZ3', 'ATP7B', 'ACVR1C', 'OMG', 'GNG13', 'ANO1', 'IRS4', 'EPHB2', 'RALGPS1', 'AMIGO2', 'SLC22A14', 'ADGRL3', 'PRKCA', 'SLC6A1', 'KIT', 'OR2D2', 'IL13', 'CXCL10', 'CTNND2', 'GPR37', 'P2RY6', 'SYT12', 'GCSAM', 'XKRX', 'NKAIN3', 'HLA-DRB1', 'GJC2', 'OPN1MW3']","[['IDA', 'IBA', 'IEA'], ['IDA', 'TAS'], ['IDA', 'IPI', 'TAS', 'IEA'], ['IDA'], ['ISS', 'IEA'], ['IDA', 'IMP', 'TAS', 'IEA'], ['IDA', 'IBA', 'TAS', 'IEA'], ['IBA', 'TAS'], ['ISS', 'IBA', 'TAS', 'IEA'], ['IDA', 'IEA'], ['TAS'], ['IDA', 'IBA', 'TAS', 'IEA'], ['TAS', 'IEA'], ['ISS', 'IEA'], ['IDA', 'IEA'], ['IBA'], ['IEA'], ['IBA'], ['IEA'], ['IDA', 'IEA'], ['IDA', 'TAS', 'IEA'], ['IDA', 'IEA'], ['IDA'], ['IDA', 'IBA', 'TAS'], ['IDA', 'IBA', 'TAS'], ['TAS', 'IEA'], ['IBA', 'TAS', 'IEA'], ['IDA', 'ISS', 'IBA', 'TAS', 'IEA'], ['IBA', 'TAS', 'IEA'], ['IDA', 'ISS', 'IBA', 'TAS', 'IEA'], ['IBA', 'IEA'], ['IEA'], ['IEA'], ['IDA', 'IBA', 'IEA'], ['IDA', 'ISS', 'TAS', 'IEA'], ['IDA', 'IBA', 'TAS', 'IEA'], ['IDA', 'IBA', 'TAS', 'IEA'], ['IBA', 'IEA'], ['IEA'], ['IEA'], ['IBA'], ['IDA', 'IBA', 'TAS', 'IEA'], ['IBA', 'TAS', 'IC', 'IEA'], ['IBA'], ['IEA'], ['IEA'], ['IEA'], ['IDA', 'IMP', 'IBA', 'TAS', 'IEA'], ['IBA', 'IEA'], ['IBA', 'IEA']]"
GO:0042060,wound healing,0.002501000951637171,10,161,434,"['CFLAR', 'TFPI', 'MYH9', 'BLOC1S6', 'ENG', 'VWF', 'FN1', 'EPHB2', 'PRKCA', 'FOXC2']","[['ISS'], ['IDA', 'TAS', 'IEA'], ['IDA', 'IMP', 'HMP'], ['IEA'], ['IMP'], ['IDA', 'IMP', 'IBA', 'NAS', 'IEA'], ['IEA'], ['IMP'], ['IDA'], ['ISS', 'IEA']]"
GO:0070372,regulation of ERK1 and ERK2 cascade,0.0026488232331254597,8,161,273,"['CFLAR', 'FN1', 'EPHB2', 'SIRT3', 'PRKCA', 'P2RY6', 'MTURN', 'HLA-DRB1']","[['IEA'], ['IDA'], ['ISS', 'IEA'], ['IEA'], ['ISS'], ['IDA'], ['IMP'], ['IDA']]"
GO:0045595,regulation of cell differentiation,0.0027428771355386787,20,161,1540,"['ABCC8', 'SPEN', 'ROCK1', 'NOTCH3', 'BLOC1S6', 'DMPK', 'ENG', 'ANKRD26', 'SHOC2', 'FN1', 'STK11', 'EPHB2', 'HMG20A', 'PRKCA', 'KIT', 'RBPMS2', 'IL13', 'CXCL10', 'MTURN', 'HLA-DRB1']","[['IEA'], ['IMP'], ['IMP', 'IGI'], ['IEA'], ['IDA'], ['ISS', 'IEA'], ['ISS', 'IEA'], ['ISS'], ['IEA'], ['IEA'], ['IEA'], ['IEA'], ['IEA'], ['ISS'], ['IDA', 'IEA'], ['IMP', 'ISS', 'IBA'], ['NAS'], ['IEA'], ['IMP', 'IBA'], ['IDA']]"
GO:0070161,anchoring junction,0.0028843094215089448,14,161,904,"['PPP1R12A', 'MYH9', 'PNN', 'FLT1', 'BLOC1S6', 'ENG', 'TNS2', 'CNN3', 'MPRIP', 'ADGRL3', 'KIT', 'CTNND2', 'PDLIM7', 'GJC2']","[['HDA'], ['ISS', 'IEA'], ['TAS', 'IEA'], ['HDA'], ['IEA'], ['HDA'], ['IDA', 'HDA', 'IBA', 'IEA'], ['HDA'], ['HDA'], ['ISS', 'IBA', 'IEA'], ['IEA'], ['IBA', 'IEA'], ['IDA', 'IBA'], ['IMP', 'IBA', 'IEA']]"
GO:1901740,negative regulation of myoblast fusion,0.002907363922951117,2,161,3,"['CFLAR', 'CXCL10']","[['ISS'], ['IEA']]"
GO:0032024,positive regulation of insulin secretion,0.002977802528016387,5,161,88,"['ABCC8', 'ANO1', 'SIRT3', 'PRKCA', 'HLA-DRB1']","[['IEA'], ['IMP', 'IGI'], ['IEA'], ['TAS'], ['IMP']]"
GO:0007267,cell-cell signaling,0.003105396083163884,18,161,1314,"['ABCC8', 'BLOC1S6', 'SLC17A7', 'DMPK', 'TSHZ3', 'ACVR1C', 'ANO1', 'EPHB2', 'CHST4', 'SIRT3', 'PRKCA', 'SLC6A1', 'KIT', 'CXCL10', 'SYT12', 'LRIT3', 'HLA-DRB1', 'GJC2']","[['IEA'], ['NAS'], ['IBA'], ['IEA'], ['ISS'], ['IEA'], ['IMP', 'IGI'], ['ISS', 'IEA'], ['TAS'], ['IEA'], ['TAS'], ['TAS'], ['IEA'], ['TAS'], ['IEA'], ['IEA'], ['IMP'], ['IBA', 'IEA']]"
GO:0051049,regulation of transport,0.003105396083163884,20,161,1562,"['ABCC8', 'PPP1R12A', 'ROCK1', 'NEDD4', 'NDFIP2', 'SLC17A7', 'DMPK', 'AAK1', 'STK11', 'ACVR1C', 'ANO1', 'SIRT3', 'PRKCA', 'IL13', 'CXCL10', 'P2RY6', 'SYT12', 'NKAIN3', 'HLA-DRB1', 'BPIFA1']","[['IEA'], ['IEA'], ['IGI'], ['IDA'], ['IMP'], ['IEA'], ['IEA'], ['IDA', 'IMP', 'IBA'], ['IMP', 'IBA', 'IEA'], ['IEA'], ['IMP', 'IGI'], ['IEA'], ['TAS'], ['IEA'], ['IDA'], ['ISS', 'TAS'], ['IBA'], ['IBA', 'IEA'], ['IMP'], ['IDA']]"
GO:0001525,angiogenesis,0.003105396083163884,11,161,543,"['ABCC8', 'ROCK1', 'NOTCH3', 'MYH9', 'FLT1', 'ENG', 'FN1', 'EPHB2', 'PRKCA', 'CXCL10', 'FOXC2']","[['IEA'], ['IMP'], ['IEA'], ['IDA'], ['IMP', 'IBA', 'IEA'], ['ISS', 'IEA'], ['IEA'], ['ISS', 'IEA'], ['IMP', 'IEA'], ['IDA', 'IEA'], ['ISS', 'IEA']]"
GO:0006810,transport,0.003105396083163884,39,161,4302,"['ABCC8', 'PPP1R12A', 'ROCK1', 'NEDD4', 'MYH9', 'NDFIP2', 'BLOC1S6', 'SLC17A7', 'DMPK', 'SHOC2', 'MDN1', 'CCDC88A', 'AAK1', 'STK11', 'ATP7B', 'ACVR1C', 'ATP5F1E', 'ANO1', 'EPHB2', 'TGFBRAP1', 'NCBP1', 'SIRT3', 'SLC22A14', 'PRKCA', 'ATP5MC3', 'SLC6A1', 'KIT', 'SNX22', 'VPS39', 'IL13', 'CXCL10', 'P2RY6', 'SYT12', 'NKAIN3', 'SLC15A5', 'HLA-DRB1', 'PDLIM7', 'BPIFA1', 'GJC2']","[['ISS', 'IBA', 'TAS', 'NAS', 'IEA'], ['IEA'], ['IGI'], ['IDA', 'IPI', 'IBA'], ['IMP', 'ISS', 'IEA'], ['IMP', 'IEA'], ['IDA', 'ISS', 'IBA', 'NAS', 'IEA'], ['ISS', 'IBA', 'TAS', 'IEA'], ['IEA'], ['IBA', 'IEA'], ['IBA'], ['IBA', 'IEA'], ['IDA', 'IMP', 'IBA', 'IEA'], ['IMP', 'IBA', 'IEA'], ['IDA', 'IMP', 'IGI', 'IBA', 'TAS', 'IC', 'IEA'], ['IEA'], ['IEA'], ['IDA', 'IMP', 'IGI', 'ISS', 'IBA', 'TAS', 'IEA'], ['IEA'], ['IMP', 'IBA', 'NAS', 'IEA'], ['IPI', 'IMP', 'IBA', 'NAS', 'IEA'], ['IEA'], ['IEA'], ['TAS'], ['IEA'], ['IDA', 'ISS', 'IBA', 'TAS', 'NAS', 'IEA'], ['IMP'], ['IEA'], ['IDA', 'IMP', 'IBA', 'NAS', 'IEA'], ['IEA'], ['IDA'], ['ISS', 'TAS', 'IEA'], ['IBA', 'IEA'], ['IBA', 'IEA'], ['IBA', 'IEA'], ['IMP'], ['TAS'], ['IDA'], ['IEA']]"
GO:0065008,regulation of biological quality,0.003167350361844652,30,161,2940,"['TFPI', 'ABCC8', 'RB1CC1', 'ROCK1', 'NEDD4', 'MYH9', 'TNRC6B', 'BLOC1S6', 'SLC17A7', 'DMPK', 'ENG', 'VWF', 'FN1', 'AAK1', 'TSHZ3', 'ATP7B', 'ACVR1C', 'ANO1', 'RIDA', 'RNF128', 'EPHB2', 'AMIGO2', 'SIRT3', 'PRKCA', 'KIT', 'TENT5B', 'SYT12', 'FOXC2', 'HLA-DRB1', 'BPIFA1']","[['IDA', 'TAS', 'IEA'], ['IEA'], ['IEA'], ['ISS', 'IEA'], ['IDA', 'IBA'], ['IMP', 'HMP', 'IEA'], ['IMP', 'IBA'], ['IEA'], ['IBA'], ['IEA'], ['IMP'], ['IDA', 'IMP', 'IBA', 'NAS', 'IEA'], ['IEA'], ['IDA'], ['ISS'], ['IEA'], ['IEA'], ['IMP', 'IGI', 'ISS'], ['IDA'], ['IMP'], ['IMP', 'ISS', 'IEA'], ['IBA', 'IEA'], ['IEA'], ['IDA', 'TAS'], ['ISS', 'IEA'], ['IBA'], ['IEA'], ['IEA'], ['IMP'], ['IDA']]"
GO:0050714,positive regulation of protein secretion,0.0032920463335757606,6,161,147,"['ABCC8', 'ANO1', 'SIRT3', 'PRKCA', 'IL13', 'HLA-DRB1']","[['IEA'], ['IMP', 'IGI'], ['IEA'], ['TAS'], ['IEA'], ['IMP']]"
GO:0050878,regulation of body fluid levels,0.003569234403757977,9,161,373,"['TFPI', 'MYH9', 'BLOC1S6', 'VWF', 'ATP7B', 'ANO1', 'EPHB2', 'PRKCA', 'BPIFA1']","[['IDA', 'TAS', 'IEA'], ['HMP'], ['IEA'], ['IDA', 'IMP', 'IBA', 'NAS', 'IEA'], ['IEA'], ['IMP', 'ISS'], ['IMP', 'ISS', 'IEA'], ['IDA'], ['IDA']]"
GO:0009889,regulation of biosynthetic process,0.003861561949326504,47,161,5658,"['CFLAR', 'ABCC8', 'PPP1R12A', 'SPEN', 'ROCK1', 'NEDD4', 'KDM5A', 'NOTCH3', 'ZNF638', 'MYH9', 'TNRC6B', 'NDFIP2', 'ENG', 'TASOR2', 'FRK', 'NKTR', 'FN1', 'TSHZ3', 'ZNF835', 'HOXD13', 'CCNT1', 'ZNF331', 'RIDA', 'RNF128', 'EPHB2', 'ZNF670-ZNF695', 'TGFBRAP1', 'NCBP1', 'HMG20A', 'MED9', 'SIRT3', 'MBIP', 'PRKCA', 'KIT', 'TENT5B', 'ZNF148', 'RBPMS2', 'ZNF91', 'RNF187', 'IL13', 'CXCL10', 'P2RY6', 'FOXC2', 'ZNF678', 'ZNF93', 'HLA-DRB1', 'ZNF772']","[['IEA'], ['IEA'], ['IDA'], ['IDA', 'IMP', 'IBA', 'IEA'], ['IMP', 'ISS', 'IEA'], ['IMP'], ['IDA', 'ISS', 'IBA', 'IEA'], ['IMP', 'IEA'], ['IBA'], ['ISS', 'IEA'], ['IDA', 'IMP', 'IBA', 'IEA'], ['IMP'], ['IDA', 'IMP', 'ISS', 'IEA'], ['IEA'], ['IDA'], ['IEA'], ['IDA'], ['IDA', 'IBA', 'IEA'], ['IBA'], ['IMP', 'IBA', 'TAS', 'IEA'], ['IDA', 'IBA', 'IEA'], ['IBA', 'IEA'], ['IDA', 'ISS', 'IBA'], ['IEA'], ['IMP', 'ISS', 'IEA'], ['IEA'], ['IDA'], ['IDA', 'IMP', 'IBA', 'NAS', 'IEA'], ['IBA', 'NAS', 'IEA'], ['NAS', 'IEA'], ['ISS'], ['IDA', 'IMP', 'ISS'], ['ISS', 'TAS'], ['IDA', 'ISS', 'IEA'], ['IMP', 'IBA'], ['EXP', 'IDA', 'IBA', 'IEA'], ['ISS', 'IEA'], ['IDA', 'IBA', 'IEA'], ['IMP'], ['IGI', 'ISS', 'IBA', 'IEA'], ['TAS'], ['IDA', 'TAS'], ['IDA', 'ISS', 'IBA', 'IEA'], ['IBA', 'IEA'], ['IDA', 'IBA', 'IEA'], ['IDA', 'IMP'], ['IBA', 'IEA']]"
GO:0008152,metabolic process,0.003978682246335552,90,161,13582,"['CFLAR', 'TFPI', 'ABCC8', 'RB1CC1', 'BOD1L1', 'PPP1R12A', 'SPEN', 'ROCK1', 'NEDD4', 'KDM5A', 'NOTCH3', 'ZNF638', 'PDS5B', 'MYH9', 'TNRC6B', 'PNN', 'NDFIP2', 'FLT1', 'BLOC1S6', 'DMPK', 'ENG', 'TASOR2', 'LUC7L3', 'TNS2', 'FRK', 'NKTR', 'CCDC88A', 'FN1', 'AAK1', 'SRSF11', 'STK11', 'SLIRP', 'TSHZ3', 'CYREN', 'ACVR1C', 'ATP5F1E', 'MCEE', 'ZNF835', 'HOXD13', 'CCNT1', 'ZNF331', 'DCAF15', 'COQ3', 'JCHAIN', 'RIDA', 'RNF128', 'EPHB2', 'ZNF670-ZNF695', 'TGFBRAP1', 'RSAD1', 'NCBP1', 'HMG20A', 'CHST4', 'MED9', 'SIRT3', 'PAM', 'TRIM7', 'GINS4', 'TMEM86A', 'MBIP', 'PRKCA', 'ATP5MC3', 'KIT', 'TENT5B', 'ZNF148', 'APEH', 'RNF180', 'RBPMS2', 'VPS39', 'ZNF91', 'RNF187', 'IL13', 'CXCL10', 'RNF150', 'GPR37', 'PGAM1', 'P2RY6', 'CERS6', 'RPL15', 'CHST1', 'FOXC2', 'PUS1', 'ZNF678', 'GALNT9', 'LRIT3', 'ZNF93', 'HLA-DRB1', 'CTSE', 'ZNF772', 'ETFRF1']","[['IEA'], ['IEA'], ['IEA'], ['IDA', 'ISS', 'ISO', 'IBA', 'IEA'], ['IDA', 'IBA', 'IEA'], ['IDA', 'IMP'], ['IDA', 'IMP', 'IBA', 'IEA'], ['IDA', 'IMP', 'IGI', 'ISS', 'TAS', 'IEA'], ['IDA', 'IMP', 'ISS', 'IBA', 'TAS', 'IEA'], ['IDA', 'ISS', 'IBA', 'IEA'], ['IMP', 'IEA'], ['IBA', 'TAS', 'IEA'], ['IBA'], ['IDA', 'ISS', 'IEA'], ['IDA', 'IMP', 'IBA', 'IEA'], ['IC', 'IEA'], ['IMP', 'IBA'], ['IDA', 'IEA'], ['IEA'], ['IDA', 'IEA'], ['IDA', 'IMP', 'ISS', 'TAS', 'IEA'], ['IEA'], ['IMP', 'IBA', 'IEA'], ['IDA', 'IEA'], ['IDA', 'IEA'], ['IBA', 'IEA'], ['IDA'], ['IDA'], ['IDA', 'IEA'], ['TAS', 'IEA'], ['IDA', 'IMP', 'TAS', 'IEA'], ['IEA'], ['IDA', 'IBA', 'IEA'], ['IDA', 'ISS', 'IBA', 'IEA'], ['IC', 'IEA'], ['IDA', 'IBA', 'NAS', 'IEA'], ['IDA', 'IBA', 'TAS'], ['IBA'], ['IMP', 'IBA', 'TAS', 'IEA'], ['IDA', 'IBA', 'TAS', 'IEA'], ['IBA', 'IEA'], ['IDA', 'IBA', 'IEA'], ['IGI', 'TAS', 'NAS', 'IEA'], ['IDA'], ['IDA', 'ISS', 'IBA', 'IEA'], ['IBA', 'NAS', 'IC', 'IEA'], ['IDA', 'IMP', 'ISS', 'IEA'], ['IEA'], ['IDA', 'IBA'], ['IBA', 'IEA'], ['IDA', 'IPI', 'IMP', 'IBA', 'TAS', 'NAS', 'IEA'], ['IBA', 'NAS', 'IEA'], ['IDA', 'IBA', 'TAS', 'IEA'], ['NAS', 'IEA'], ['IDA', 'IMP', 'ISS', 'IEA'], ['IDA', 'ISS', 'IEA'], ['IEA'], ['IBA', 'IEA'], ['IEA'], ['IDA', 'IMP', 'ISS'], ['IDA', 'ISS', 'TAS', 'IEA'], ['IBA', 'NAS', 'IEA'], ['IDA', 'IMP', 'ISS', 'IEA'], ['IMP', 'IBA'], ['EXP', 'IDA', 'IBA', 'IEA'], ['IDA', 'TAS', 'IEA'], ['IBA', 'IEA'], ['ISS', 'IEA'], ['IDA', 'IMP', 'IBA', 'IEA'], ['IDA', 'IBA', 'IEA'], ['IDA', 'IMP', 'IEA'], ['IGI', 'ISS', 'IBA', 'IEA'], ['TAS'], ['IBA'], ['IEA'], ['IDA', 'TAS', 'IEA'], ['IDA', 'TAS'], ['IDA', 'IBA', 'TAS', 'IEA'], ['IBA', 'TAS', 'NAS', 'IC', 'IEA'], ['IDA', 'IBA', 'TAS', 'IEA'], ['IDA', 'ISS', 'IBA', 'IEA'], ['IDA', 'IMP', 'IBA', 'TAS', 'IEA'], ['IBA', 'IEA'], ['IBA', 'TAS', 'NAS', 'IEA'], ['IEA'], ['IDA', 'IBA', 'IEA'], ['IDA', 'IMP'], ['IDA', 'IBA', 'IEA'], ['IBA', 'IEA'], ['IMP', 'IBA', 'IEA']]"
GO:0070371,ERK1 and ERK2 cascade,0.003978682246335552,8,161,297,"['CFLAR', 'FN1', 'EPHB2', 'SIRT3', 'PRKCA', 'P2RY6', 'MTURN', 'HLA-DRB1']","[['IEA'], ['IDA'], ['ISS', 'IEA'], ['IEA'], ['ISS'], ['IDA'], ['IMP'], ['IDA']]"
GO:0005925,focal adhesion,0.004651914892998229,9,161,424,"['PPP1R12A', 'MYH9', 'FLT1', 'BLOC1S6', 'ENG', 'TNS2', 'CNN3', 'MPRIP', 'PDLIM7']","[['HDA'], ['ISS', 'IEA'], ['HDA'], ['IEA'], ['HDA'], ['IDA', 'HDA', 'IBA', 'IEA'], ['HDA'], ['HDA'], ['IDA']]"
GO:0072359,circulatory system development,0.004679824039589106,16,161,1127,"['CFLAR', 'ABCC8', 'RB1CC1', 'ROCK1', 'NOTCH3', 'MYH9', 'FLT1', 'ENG', 'FN1', 'STK11', 'EPHB2', 'PRKCA', 'KIT', 'CXCL10', 'FOXC2', 'PDLIM7']","[['IEA'], ['IEA'], ['IEA'], ['IMP', 'ISS'], ['IEA'], ['IDA'], ['IMP', 'ISS', 'IBA', 'IEA'], ['IMP', 'ISS', 'IBA', 'IEA'], ['IBA', 'IEA'], ['ISS', 'IEA'], ['ISS', 'IEA'], ['IMP', 'IEA'], ['IDA'], ['IDA', 'IEA'], ['IMP', 'ISS', 'IEA'], ['IBA']]"
GO:1901700,response to oxygen-containing compound,0.004679824039589106,20,161,1626,"['CFLAR', 'ABCC8', 'ROCK1', 'FLT1', 'BLOC1S6', 'SHOC2', 'TNS2', 'ACVR1C', 'HOXD13', 'ANO1', 'IRS4', 'EPHB2', 'PRKCA', 'KIT', 'IL13', 'CXCL10', 'GPR37', 'P2RY6', 'FOXC2', 'HLA-DRB1']","[['IEA'], ['IEA'], ['IMP', 'ISS', 'IEA'], ['IEA'], ['IEA'], ['IEA'], ['IDA', 'IBA'], ['IEA'], ['IEA'], ['IMP', 'IGI'], ['IBA', 'IEA'], ['IEA'], ['IDA', 'IMP'], ['IEA'], ['IEA'], ['IMP', 'IBA', 'IEA'], ['ISS', 'IEA'], ['IDA', 'ISS', 'IBA', 'IEA'], ['IDA'], ['IMP']]"
GO:0043491,phosphatidylinositol 3-kinase/protein kinase B signal transduction,0.004679824039589106,8,161,305,"['NEDD4', 'FLT1', 'ENG', 'CCDC88A', 'FN1', 'STK11', 'PRKCA', 'KIT']","[['IMP'], ['IMP'], ['IGI'], ['ISS'], ['IDA'], ['IEA'], ['ISS'], ['TAS']]"
GO:0034242,negative regulation of syncytium formation by plasma membrane fusion,0.004705026049860625,2,161,4,"['CFLAR', 'CXCL10']","[['ISS'], ['IEA']]"
GO:0110061,regulation of angiotensin-activated signaling pathway,0.004705026049860625,2,161,4,"['ROCK1', 'PRKCA']","[['IMP'], ['IDA']]"
GO:0006950,response to stress,0.004870131241937306,36,161,3950,"['CFLAR', 'TFPI', 'RB1CC1', 'BOD1L1', 'NEDD4', 'PDS5B', 'MYH9', 'BLOC1S6', 'ENG', 'VWF', 'FN1', 'STK11', 'CYREN', 'OMG', 'THEMIS2', 'ANO1', 'JCHAIN', 'EPHB2', 'NCBP1', 'CHST4', 'SIRT3', 'TRIM7', 'GINS4', 'PRKCA', 'KIT', 'ZNF148', 'IL13', 'CXCL10', 'GPR37', 'CERS6', 'NLRP13', 'CHST1', 'FOXC2', 'GBP6', 'HLA-DRB1', 'BPIFA1']","[['ISS', 'IEA'], ['IDA', 'TAS', 'IEA'], ['IEA'], ['IDA', 'IEA'], ['IDA', 'IMP', 'IEP'], ['IBA'], ['IDA', 'IMP', 'HMP'], ['IEA'], ['IDA', 'IMP'], ['IDA', 'IMP', 'IBA', 'TAS', 'NAS', 'IEA'], ['NAS', 'IEA'], ['IMP', 'IBA', 'IEA'], ['IDA', 'IBA', 'IEA'], ['IBA'], ['IEA'], ['ISS'], ['IDA'], ['IMP', 'IEA'], ['IMP'], ['IEA'], ['TAS'], ['IDA', 'IBA', 'IEA'], ['IBA'], ['IDA', 'ISS'], ['ISS', 'IEA'], ['TAS'], ['IGI', 'IBA', 'TAS', 'IEA'], ['IEP', 'IBA', 'TAS', 'IEA'], ['ISS', 'IEA'], ['IEA'], ['IBA'], ['IEA'], ['ISS', 'IEA'], ['ISS', 'IBA', 'IEA'], ['IDA'], ['IDA', 'IEP', 'IBA', 'NAS', 'IEA']]"
GO:0032879,regulation of localization,0.00511009054109587,22,161,1908,"['ABCC8', 'PPP1R12A', 'ROCK1', 'NEDD4', 'NDFIP2', 'SLC17A7', 'DMPK', 'CCDC88A', 'AAK1', 'STK11', 'ACVR1C', 'ANO1', 'EPHB2', 'SIRT3', 'PRKCA', 'IL13', 'CXCL10', 'P2RY6', 'SYT12', 'NKAIN3', 'HLA-DRB1', 'BPIFA1']","[['IEA'], ['IEA'], ['IGI'], ['IDA'], ['IMP'], ['IEA'], ['IEA'], ['IMP'], ['IDA', 'IMP', 'IBA'], ['IMP', 'IBA', 'IEA'], ['IEA'], ['IMP', 'IGI'], ['ISS', 'IEA'], ['IEA'], ['TAS'], ['IEA'], ['IDA'], ['ISS', 'TAS'], ['IBA'], ['IBA', 'IEA'], ['IMP'], ['IDA']]"
GO:0030055,cell-substrate junction,0.005277314125772853,9,161,434,"['PPP1R12A', 'MYH9', 'FLT1', 'BLOC1S6', 'ENG', 'TNS2', 'CNN3', 'MPRIP', 'PDLIM7']","[['HDA'], ['ISS', 'IEA'], ['HDA'], ['IEA'], ['HDA'], ['IDA', 'HDA', 'IBA', 'IEA'], ['HDA'], ['HDA'], ['IDA']]"
GO:0051649,establishment of localization in cell,0.005298692124309268,22,161,1919,"['ABCC8', 'PPP1R12A', 'ROCK1', 'NEDD4', 'MYH9', 'NDFIP2', 'BLOC1S6', 'SLC17A7', 'MDN1', 'CCDC88A', 'AAK1', 'STK11', 'ATP7B', 'ANO1', 'TGFBRAP1', 'NCBP1', 'SLC6A1', 'KIT', 'VPS39', 'IL13', 'SYT12', 'HLA-DRB1']","[['IEA'], ['IEA'], ['IGI'], ['IDA', 'IPI'], ['IEA'], ['IEA'], ['IDA', 'ISS', 'IBA', 'NAS', 'IEA'], ['IBA', 'IEA'], ['IBA'], ['IBA', 'IEA'], ['IEA'], ['IMP', 'IBA', 'IEA'], ['IEA'], ['IMP', 'IGI'], ['IMP', 'IEA'], ['IPI', 'IMP', 'IBA', 'NAS', 'IEA'], ['TAS'], ['IMP'], ['IDA', 'IMP', 'IEA'], ['IEA'], ['IEA'], ['IMP']]"
GO:0051093,negative regulation of developmental process,0.005298692124309268,14,161,914,"['CFLAR', 'ABCC8', 'ROCK1', 'NOTCH3', 'ANKRD26', 'SHOC2', 'STK11', 'EPHB2', 'HMG20A', 'KIT', 'RBPMS2', 'IL13', 'CXCL10', 'FOXC2']","[['ISS'], ['IEA'], ['IMP', 'ISS'], ['IEA'], ['ISS'], ['IEA'], ['IEA'], ['IEA'], ['IEA'], ['IEA'], ['IMP', 'ISS', 'IBA'], ['NAS'], ['IDA', 'IEA'], ['IEA']]"
GO:0048010,vascular endothelial growth factor receptor signaling pathway,0.005298692124309268,5,161,105,"['NEDD4', 'FLT1', 'EPHB2', 'KIT', 'FOXC2']","[['ISS'], ['IDA', 'IMP', 'IBA', 'IEA'], ['IEA'], ['IEA'], ['IEA']]"
GO:0009892,negative regulation of metabolic process,0.005298692124309268,31,161,3208,"['CFLAR', 'TFPI', 'SPEN', 'ROCK1', 'NEDD4', 'KDM5A', 'NOTCH3', 'TNRC6B', 'NDFIP2', 'ENG', 'TASOR2', 'FRK', 'FN1', 'SLIRP', 'TSHZ3', 'CYREN', 'RIDA', 'RNF128', 'EPHB2', 'NCBP1', 'HMG20A', 'SIRT3', 'MBIP', 'PRKCA', 'TENT5B', 'ZNF148', 'ZNF91', 'IL13', 'FOXC2', 'ZNF93', 'HLA-DRB1']","[['IEA'], ['IEA'], ['IDA', 'IMP', 'IEA'], ['IMP', 'ISS', 'TAS', 'IEA'], ['IMP'], ['IEA'], ['IEA'], ['IDA', 'IMP', 'IBA', 'IEA'], ['IMP'], ['IDA', 'ISS', 'IEA'], ['IEA'], ['IDA'], ['IDA'], ['IEA'], ['IDA'], ['IDA', 'IEA'], ['IDA', 'ISS', 'IBA'], ['IEA'], ['IEA'], ['IDA', 'IMP', 'IBA', 'NAS', 'IEA'], ['IEA'], ['IEA'], ['IDA'], ['ISS', 'TAS'], ['IBA'], ['EXP', 'IDA'], ['IDA', 'IEA'], ['IEA'], ['ISS', 'IEA'], ['IDA', 'IEA'], ['IMP']]"
GO:0006812,monoatomic cation transport,0.0058789899015920695,15,161,1042,"['ABCC8', 'NEDD4', 'NDFIP2', 'SLC17A7', 'DMPK', 'ATP7B', 'ATP5F1E', 'ANO1', 'ATP5MC3', 'SLC6A1', 'IL13', 'CXCL10', 'P2RY6', 'NKAIN3', 'BPIFA1']","[['ISS', 'TAS', 'NAS', 'IEA'], ['IDA'], ['IEA'], ['ISS', 'IEA'], ['IEA'], ['IDA', 'IMP', 'IGI', 'IBA', 'IEA'], ['IEA'], ['IEA'], ['IEA'], ['IDA', 'IBA'], ['IEA'], ['IDA'], ['ISS', 'TAS'], ['IBA', 'IEA'], ['IDA']]"
GO:0008286,insulin receptor signaling pathway,0.006357401640346084,6,161,173,"['FLT1', 'TNS2', 'IRS4', 'EPHB2', 'KIT', 'FOXC2']","[['IEA'], ['IDA', 'IBA'], ['IBA', 'IEA'], ['IEA'], ['IEA'], ['IDA']]"
GO:0010556,regulation of macromolecule biosynthetic process,0.006357401640346084,45,161,5485,"['ABCC8', 'PPP1R12A', 'SPEN', 'ROCK1', 'NEDD4', 'KDM5A', 'NOTCH3', 'ZNF638', 'MYH9', 'TNRC6B', 'NDFIP2', 'ENG', 'TASOR2', 'FRK', 'NKTR', 'FN1', 'TSHZ3', 'ZNF835', 'HOXD13', 'CCNT1', 'ZNF331', 'RIDA', 'RNF128', 'EPHB2', 'ZNF670-ZNF695', 'TGFBRAP1', 'NCBP1', 'HMG20A', 'MED9', 'SIRT3', 'MBIP', 'PRKCA', 'KIT', 'TENT5B', 'ZNF148', 'RBPMS2', 'ZNF91', 'RNF187', 'IL13', 'CXCL10', 'FOXC2', 'ZNF678', 'ZNF93', 'HLA-DRB1', 'ZNF772']","[['IEA'], ['IDA'], ['IDA', 'IMP', 'IBA', 'IEA'], ['IMP', 'ISS', 'IEA'], ['IMP'], ['IDA', 'ISS', 'IBA', 'IEA'], ['IMP', 'IEA'], ['IBA'], ['ISS', 'IEA'], ['IDA', 'IMP', 'IBA', 'IEA'], ['IMP'], ['IDA', 'IMP', 'ISS', 'IEA'], ['IEA'], ['IDA'], ['IEA'], ['IDA'], ['IDA', 'IBA', 'IEA'], ['IBA'], ['IMP', 'IBA', 'TAS', 'IEA'], ['IDA', 'IBA', 'IEA'], ['IBA', 'IEA'], ['IDA', 'ISS', 'IBA'], ['IEA'], ['IMP', 'ISS', 'IEA'], ['IEA'], ['IDA'], ['IDA', 'IMP', 'IBA', 'NAS', 'IEA'], ['IBA', 'NAS', 'IEA'], ['NAS', 'IEA'], ['ISS'], ['IDA', 'IMP', 'ISS'], ['ISS', 'TAS'], ['IDA', 'ISS', 'IEA'], ['IMP', 'IBA'], ['EXP', 'IDA', 'IBA', 'IEA'], ['ISS', 'IEA'], ['IDA', 'IBA', 'IEA'], ['IMP'], ['IGI', 'ISS', 'IBA', 'IEA'], ['TAS'], ['IDA', 'ISS', 'IBA', 'IEA'], ['IBA', 'IEA'], ['IDA', 'IBA', 'IEA'], ['IDA', 'IMP'], ['IBA', 'IEA']]"
GO:1901698,response to nitrogen compound,0.006357401640346084,14,161,937,"['CFLAR', 'ABCC8', 'ROCK1', 'FLT1', 'BLOC1S6', 'SHOC2', 'TNS2', 'ACVR1C', 'IRS4', 'EPHB2', 'PRKCA', 'KIT', 'P2RY6', 'FOXC2']","[['IEA'], ['IEA'], ['IMP', 'ISS', 'IEA'], ['IEA'], ['IEA'], ['IEA'], ['IDA', 'IBA'], ['IEA'], ['IBA', 'IEA'], ['IEA'], ['IDA'], ['IEA'], ['IDA', 'ISS', 'IBA'], ['IDA']]"
GO:0090277,positive regulation of peptide hormone secretion,0.006357401640346084,5,161,110,"['ABCC8', 'ANO1', 'SIRT3', 'PRKCA', 'HLA-DRB1']","[['IEA'], ['IMP', 'IGI'], ['IEA'], ['TAS'], ['IMP']]"
GO:1905065,positive regulation of vascular associated smooth muscle cell differentiation,0.006420244676825684,2,161,5,"['ENG', 'KIT']","[['ISS', 'IEA'], ['IDA']]"
GO:0021934,hindbrain tangential cell migration,0.006420244676825684,2,161,5,"['PLXNA2', 'EPHB2']","[['IEA'], ['IEA']]"
GO:0030334,regulation of cell migration,0.006420244676825684,14,161,942,"['ABCC8', 'ROCK1', 'PLXNA2', 'FLT1', 'ENG', 'FN1', 'ACVR1C', 'EPHB2', 'CHST4', 'PRKCA', 'KIT', 'CXCL10', 'GCSAM', 'FOXC2']","[['IEA'], ['IDA'], ['ISS', 'IBA', 'IEA'], ['IDA', 'IBA'], ['IDA'], ['IDA'], ['IDA'], ['IGI'], ['ISS'], ['IDA', 'IMP'], ['IBA', 'IEA'], ['IDA', 'IEA'], ['IMP', 'IBA', 'IEA'], ['ISS', 'IEA']]"
GO:0050796,regulation of insulin secretion,0.006420244676825684,6,161,176,"['ABCC8', 'ACVR1C', 'ANO1', 'SIRT3', 'PRKCA', 'HLA-DRB1']","[['IEA'], ['IEA'], ['IMP', 'IGI'], ['IEA'], ['TAS'], ['IMP']]"
GO:0002793,positive regulation of peptide secretion,0.006420244676825684,5,161,112,"['ABCC8', 'ANO1', 'SIRT3', 'PRKCA', 'HLA-DRB1']","[['IEA'], ['IMP', 'IGI'], ['IEA'], ['TAS'], ['IMP']]"
GO:0051246,regulation of protein metabolic process,0.006420244676825684,19,161,1555,"['TFPI', 'ROCK1', 'NEDD4', 'MYH9', 'TNRC6B', 'NDFIP2', 'FLT1', 'CCDC88A', 'FN1', 'STK11', 'CCNT1', 'RIDA', 'RNF128', 'NCBP1', 'HMG20A', 'KIT', 'TENT5B', 'RNF180', 'HLA-DRB1']","[['IEA'], ['IMP', 'TAS'], ['IDA'], ['ISS', 'IEA'], ['IDA', 'IEA'], ['IMP', 'IBA'], ['IDA'], ['IDA'], ['IDA'], ['IDA', 'IMP'], ['TAS'], ['ISS', 'IBA'], ['IC'], ['IDA', 'IEA'], ['IEA'], ['IMP'], ['IMP'], ['IBA', 'IEA'], ['IDA']]"
GO:0034330,cell junction organization,0.006420244676825684,13,161,829,"['ABCC8', 'ROCK1', 'NEDD4', 'PLXNA2', 'DMPK', 'FN1', 'EPHB2', 'AMIGO2', 'ADGRL3', 'PRKCA', 'SLC6A1', 'CTNND2', 'LRIT3']","[['IEA'], ['IGI', 'ISS', 'IBA', 'TAS', 'IEA'], ['IBA'], ['IBA'], ['IEA'], ['IBA', 'IEA'], ['ISS', 'IEA'], ['IBA', 'IEA'], ['ISS', 'IBA'], ['IMP'], ['ISS'], ['IMP', 'IBA'], ['IEA']]"
GO:0016310,phosphorylation,0.006420244676825684,15,161,1059,"['ROCK1', 'FLT1', 'DMPK', 'ENG', 'FRK', 'CCDC88A', 'FN1', 'AAK1', 'STK11', 'ACVR1C', 'CCNT1', 'EPHB2', 'PRKCA', 'KIT', 'HLA-DRB1']","[['IDA', 'IEA'], ['IDA', 'IEA'], ['IDA', 'IEA'], ['TAS'], ['IEA'], ['IDA'], ['IDA'], ['IDA', 'IEA'], ['IDA', 'IMP', 'TAS', 'IEA'], ['IC', 'IEA'], ['TAS'], ['ISS', 'IEA'], ['IDA', 'ISS', 'IEA'], ['IDA', 'IMP', 'IEA'], ['IDA']]"
GO:0001568,blood vessel development,0.0064719853860891775,12,161,723,"['CFLAR', 'ABCC8', 'ROCK1', 'NOTCH3', 'MYH9', 'FLT1', 'ENG', 'FN1', 'EPHB2', 'PRKCA', 'CXCL10', 'FOXC2']","[['IEA'], ['IEA'], ['IMP'], ['IEA'], ['IDA'], ['IMP', 'ISS', 'IBA', 'IEA'], ['IMP', 'ISS', 'IBA', 'IEA'], ['IEA'], ['ISS', 'IEA'], ['IMP', 'IEA'], ['IDA', 'IEA'], ['ISS', 'IEA']]"
GO:0032869,cellular response to insulin stimulus,0.006514447694164361,7,161,251,"['CFLAR', 'FLT1', 'TNS2', 'IRS4', 'EPHB2', 'KIT', 'FOXC2']","[['IEA'], ['IEA'], ['IDA', 'IBA'], ['IBA', 'IEA'], ['IEA'], ['IEA'], ['IDA']]"
GO:1901701,cellular response to oxygen-containing compound,0.006514447694164361,16,161,1188,"['CFLAR', 'ABCC8', 'ROCK1', 'FLT1', 'SHOC2', 'TNS2', 'ANO1', 'IRS4', 'EPHB2', 'PRKCA', 'KIT', 'CXCL10', 'GPR37', 'P2RY6', 'FOXC2', 'HLA-DRB1']","[['IEA'], ['IEA'], ['IMP'], ['IEA'], ['IEA'], ['IDA', 'IBA'], ['IMP', 'IGI'], ['IBA', 'IEA'], ['IEA'], ['IDA', 'IMP'], ['IEA'], ['IMP', 'IBA'], ['ISS', 'IEA'], ['IDA', 'ISS', 'IBA', 'IEA'], ['IDA'], ['IMP']]"
GO:0010468,regulation of gene expression,0.007304463148644176,44,161,5388,"['ABCC8', 'PPP1R12A', 'SPEN', 'ROCK1', 'NEDD4', 'KDM5A', 'NOTCH3', 'ZNF638', 'MYH9', 'TNRC6B', 'NDFIP2', 'ENG', 'TASOR2', 'FRK', 'NKTR', 'FN1', 'TSHZ3', 'ZNF835', 'HOXD13', 'CCNT1', 'ZNF331', 'RIDA', 'RNF128', 'EPHB2', 'ZNF670-ZNF695', 'TGFBRAP1', 'NCBP1', 'HMG20A', 'MED9', 'MBIP', 'PRKCA', 'KIT', 'TENT5B', 'ZNF148', 'RBPMS2', 'ZNF91', 'RNF187', 'IL13', 'CXCL10', 'FOXC2', 'ZNF678', 'ZNF93', 'HLA-DRB1', 'ZNF772']","[['IEA'], ['IDA'], ['IDA', 'IMP', 'IBA'], ['IMP', 'ISS', 'IEA'], ['IMP'], ['IDA', 'ISS', 'IBA', 'IEA'], ['IMP', 'IEA'], ['IBA'], ['ISS', 'IEA'], ['IDA', 'IMP', 'IBA', 'IEA'], ['IMP'], ['IDA', 'IMP', 'ISS', 'IEA'], ['IEA'], ['IDA'], ['IEA'], ['IDA'], ['IDA', 'IBA', 'IEA'], ['IBA'], ['IMP', 'IBA', 'TAS', 'IEA'], ['IDA', 'IBA', 'IEA'], ['IBA', 'IEA'], ['IDA', 'ISS', 'IBA'], ['IEA'], ['IMP', 'ISS', 'IEA'], ['IEA'], ['IDA'], ['IDA', 'IMP', 'IBA', 'NAS', 'IEA'], ['IBA', 'NAS', 'IEA'], ['NAS', 'IEA'], ['IDA', 'IMP', 'ISS'], ['ISS', 'TAS'], ['IDA', 'ISS', 'IEA'], ['IMP', 'IBA'], ['EXP', 'IDA', 'IBA', 'IEA'], ['ISS', 'IEA'], ['IDA', 'IBA', 'IEA'], ['IMP'], ['IGI', 'ISS', 'IBA', 'IEA'], ['TAS'], ['IDA', 'ISS', 'IBA', 'IEA'], ['IBA', 'IEA'], ['IDA', 'IBA', 'IEA'], ['IDA', 'IMP'], ['IBA', 'IEA']]"
GO:0048514,blood vessel morphogenesis,0.007304463148644176,11,161,629,"['ABCC8', 'ROCK1', 'NOTCH3', 'MYH9', 'FLT1', 'ENG', 'FN1', 'EPHB2', 'PRKCA', 'CXCL10', 'FOXC2']","[['IEA'], ['IMP'], ['IEA'], ['IDA'], ['IMP', 'ISS', 'IBA', 'IEA'], ['IMP', 'ISS', 'IBA', 'IEA'], ['IEA'], ['ISS', 'IEA'], ['IMP', 'IEA'], ['IDA', 'IEA'], ['ISS', 'IEA']]"
GO:1903829,positive regulation of protein localization,0.007304463148644176,9,161,430,"['ABCC8', 'CCDC88A', 'STK11', 'ANO1', 'EPHB2', 'SIRT3', 'PRKCA', 'IL13', 'HLA-DRB1']","[['IEA'], ['IMP'], ['IEA'], ['IMP', 'IGI'], ['ISS', 'IEA'], ['IEA'], ['TAS'], ['IEA'], ['IMP']]"
GO:0006468,protein phosphorylation,0.007329494077841028,14,161,964,"['ROCK1', 'FLT1', 'DMPK', 'FRK', 'CCDC88A', 'FN1', 'AAK1', 'STK11', 'ACVR1C', 'CCNT1', 'EPHB2', 'PRKCA', 'KIT', 'HLA-DRB1']","[['IDA', 'IEA'], ['IDA', 'IEA'], ['IDA', 'IEA'], ['IEA'], ['IDA'], ['IDA'], ['IDA', 'IEA'], ['IDA', 'IMP', 'TAS', 'IEA'], ['IC', 'IEA'], ['TAS'], ['ISS', 'IEA'], ['IDA', 'ISS', 'IEA'], ['IDA', 'IMP', 'IEA'], ['IDA']]"
GO:0010959,regulation of metal ion transport,0.00740050766987544,8,161,342,"['ABCC8', 'NEDD4', 'DMPK', 'IL13', 'CXCL10', 'P2RY6', 'NKAIN3', 'BPIFA1']","[['IEA'], ['IDA'], ['IEA'], ['IEA'], ['IDA'], ['ISS', 'TAS'], ['IBA', 'IEA'], ['IDA']]"
GO:0010605,negative regulation of macromolecule metabolic process,0.007654436379054133,29,161,3014,"['TFPI', 'SPEN', 'ROCK1', 'NEDD4', 'KDM5A', 'NOTCH3', 'TNRC6B', 'NDFIP2', 'ENG', 'TASOR2', 'FRK', 'FN1', 'SLIRP', 'TSHZ3', 'CYREN', 'RIDA', 'RNF128', 'EPHB2', 'NCBP1', 'HMG20A', 'MBIP', 'PRKCA', 'TENT5B', 'ZNF148', 'ZNF91', 'IL13', 'FOXC2', 'ZNF93', 'HLA-DRB1']","[['IEA'], ['IDA', 'IMP', 'IEA'], ['IMP', 'ISS', 'TAS', 'IEA'], ['IMP'], ['IEA'], ['IEA'], ['IDA', 'IMP', 'IBA', 'IEA'], ['IMP'], ['IDA', 'ISS', 'IEA'], ['IEA'], ['IDA'], ['IDA'], ['IEA'], ['IDA'], ['IDA', 'IEA'], ['IDA', 'ISS', 'IBA'], ['IEA'], ['IEA'], ['IDA', 'IMP', 'IBA', 'NAS', 'IEA'], ['IEA'], ['IDA'], ['ISS', 'TAS'], ['IBA'], ['EXP', 'IDA'], ['IDA', 'IEA'], ['IEA'], ['ISS', 'IEA'], ['IDA', 'IEA'], ['IMP']]"
GO:0007169,cell surface receptor protein tyrosine kinase signaling pathway,0.007778277707020721,11,161,637,"['NEDD4', 'FLT1', 'SHOC2', 'TNS2', 'FRK', 'CCDC88A', 'IRS4', 'EPHB2', 'KIT', 'FOXC2', 'LRIT3']","[['ISS'], ['IDA', 'IMP', 'IBA', 'TAS', 'IEA'], ['NAS'], ['IDA', 'IBA'], ['IBA'], ['IDA'], ['IBA', 'IEA'], ['ISS', 'IBA', 'IEA'], ['IDA', 'IBA', 'IEA'], ['IDA', 'IEA'], ['IDA']]"
GO:0007399,nervous system development,0.007987013966497763,26,161,2580,"['CFLAR', 'ABCC8', 'PPP1R12A', 'SPEN', 'ROCK1', 'NEDD4', 'NOTCH3', 'PLXNA2', 'BLOC1S6', 'SHOC2', 'CCDC88A', 'FN1', 'STK11', 'ACVR1C', 'OMG', 'ANO1', 'EPHB2', 'AMIGO2', 'HMG20A', 'ADGRL3', 'RBM45', 'KIT', 'ZNF148', 'CTNND2', 'GPR37', 'LRIT3']","[['IEA'], ['IEA'], ['IBA'], ['IMP'], ['IGI', 'IEA'], ['IEP', 'ISS', 'IBA', 'IEA'], ['IEA'], ['IBA', 'IEA'], ['ISS', 'IEA'], ['IEA'], ['ISS', 'IEA'], ['IDA', 'IBA', 'IEA'], ['IEA'], ['IBA'], ['IBA'], ['ISS'], ['ISS', 'IBA', 'TAS', 'IEA'], ['IBA', 'IEA'], ['IEA'], ['ISS', 'IBA'], ['ISS', 'IEA'], ['IEA'], ['HEP'], ['IMP', 'IBA'], ['IEA'], ['IEA']]"
GO:0050708,regulation of protein secretion,0.008304653592067291,7,161,265,"['ABCC8', 'ACVR1C', 'ANO1', 'SIRT3', 'PRKCA', 'IL13', 'HLA-DRB1']","[['IEA'], ['IEA'], ['IMP', 'IGI'], ['IEA'], ['TAS'], ['IEA'], ['IMP']]"
GO:0033002,muscle cell proliferation,0.008304653592067291,6,161,189,"['CFLAR', 'NOTCH3', 'RBPMS2', 'IL13', 'P2RY6', 'FOXC2']","[['ISS'], ['IEA'], ['ISS'], ['IEA'], ['IMP'], ['IEA']]"
GO:0009890,negative regulation of biosynthetic process,0.008304653592067291,27,161,2738,"['CFLAR', 'SPEN', 'ROCK1', 'NEDD4', 'KDM5A', 'NOTCH3', 'TNRC6B', 'NDFIP2', 'ENG', 'TASOR2', 'FRK', 'FN1', 'TSHZ3', 'RIDA', 'RNF128', 'EPHB2', 'NCBP1', 'HMG20A', 'MBIP', 'PRKCA', 'TENT5B', 'ZNF148', 'ZNF91', 'IL13', 'FOXC2', 'ZNF93', 'HLA-DRB1']","[['IEA'], ['IDA', 'IMP', 'IEA'], ['ISS', 'IEA'], ['IMP'], ['IEA'], ['IEA'], ['IDA', 'IMP', 'IBA', 'IEA'], ['IMP'], ['IDA', 'ISS', 'IEA'], ['IEA'], ['IDA'], ['IDA'], ['IDA'], ['IDA', 'ISS', 'IBA'], ['IEA'], ['IEA'], ['IDA', 'IMP', 'IBA', 'NAS', 'IEA'], ['IEA'], ['IDA'], ['ISS', 'TAS'], ['IBA'], ['EXP', 'IDA'], ['IDA', 'IEA'], ['IEA'], ['ISS', 'IEA'], ['IDA', 'IEA'], ['IMP']]"
GO:0002028,regulation of sodium ion transport,0.008314739657728222,4,161,68,"['NEDD4', 'DMPK', 'NKAIN3', 'BPIFA1']","[['IDA'], ['IEA'], ['IBA', 'IEA'], ['IDA']]"
GO:0010629,negative regulation of gene expression,0.008502652899453716,19,161,1618,"['SPEN', 'ROCK1', 'KDM5A', 'TNRC6B', 'NDFIP2', 'ENG', 'TASOR2', 'FN1', 'RIDA', 'RNF128', 'EPHB2', 'NCBP1', 'PRKCA', 'TENT5B', 'ZNF148', 'ZNF91', 'IL13', 'ZNF93', 'HLA-DRB1']","[['IDA', 'IMP'], ['ISS', 'IEA'], ['IEA'], ['IDA', 'IMP', 'IBA', 'IEA'], ['IMP'], ['ISS', 'IEA'], ['IEA'], ['IDA'], ['IDA', 'ISS', 'IBA'], ['IEA'], ['IEA'], ['IDA', 'IMP', 'IBA', 'NAS', 'IEA'], ['ISS', 'TAS'], ['IBA'], ['IDA'], ['IDA'], ['IEA'], ['IDA'], ['IMP']]"
GO:0006796,phosphate-containing compound metabolic process,0.008502652899453716,23,161,2167,"['PPP1R12A', 'ROCK1', 'FLT1', 'BLOC1S6', 'DMPK', 'ENG', 'TNS2', 'FRK', 'CCDC88A', 'FN1', 'AAK1', 'STK11', 'ACVR1C', 'ATP5F1E', 'MCEE', 'CCNT1', 'EPHB2', 'PRKCA', 'ATP5MC3', 'KIT', 'PGAM1', 'P2RY6', 'HLA-DRB1']","[['IMP'], ['IDA', 'IEA'], ['IDA', 'IEA'], ['IEA'], ['IDA', 'IEA'], ['TAS'], ['IDA'], ['IEA'], ['IDA'], ['IDA'], ['IDA', 'IEA'], ['IDA', 'IMP', 'TAS', 'IEA'], ['IC', 'IEA'], ['IDA', 'IBA', 'NAS', 'IEA'], ['IDA', 'IBA'], ['TAS'], ['ISS', 'IEA'], ['IDA', 'ISS', 'IEA'], ['IBA', 'NAS', 'IEA'], ['IDA', 'IMP', 'IEA'], ['IDA', 'TAS', 'IEA'], ['IDA', 'TAS'], ['IDA']]"
GO:0006793,phosphorus metabolic process,0.008543075488735667,23,161,2170,"['PPP1R12A', 'ROCK1', 'FLT1', 'BLOC1S6', 'DMPK', 'ENG', 'TNS2', 'FRK', 'CCDC88A', 'FN1', 'AAK1', 'STK11', 'ACVR1C', 'ATP5F1E', 'MCEE', 'CCNT1', 'EPHB2', 'PRKCA', 'ATP5MC3', 'KIT', 'PGAM1', 'P2RY6', 'HLA-DRB1']","[['IMP'], ['IDA', 'IEA'], ['IDA', 'IEA'], ['IEA'], ['IDA', 'IEA'], ['TAS'], ['IDA'], ['IEA'], ['IDA'], ['IDA'], ['IDA', 'IEA'], ['IDA', 'IMP', 'TAS', 'IEA'], ['IC', 'IEA'], ['IDA', 'IBA', 'NAS', 'IEA'], ['IDA', 'IBA'], ['TAS'], ['ISS', 'IEA'], ['IDA', 'ISS', 'IEA'], ['IBA', 'NAS', 'IEA'], ['IDA', 'IMP', 'IEA'], ['IDA', 'TAS', 'IEA'], ['IDA', 'TAS'], ['IDA']]"
GO:0035239,tube morphogenesis,0.008543075488735667,13,161,872,"['ABCC8', 'ROCK1', 'NOTCH3', 'MYH9', 'FLT1', 'ENG', 'FN1', 'HOXD13', 'EPHB2', 'PRKCA', 'RBPMS2', 'CXCL10', 'FOXC2']","[['IEA'], ['IMP'], ['IEA'], ['IDA'], ['IMP', 'ISS', 'IBA', 'IEA'], ['IMP', 'ISS', 'IBA', 'IEA'], ['IEA'], ['IEA'], ['ISS', 'IEA'], ['IMP', 'IEA'], ['ISS'], ['IDA', 'IEA'], ['ISS', 'IEA']]"
GO:0005856,cytoskeleton,0.008550769751594535,25,161,2509,"['PPP1R12A', 'ROCK1', 'MYH9', 'PNN', 'FLT1', 'BLOC1S6', 'ANKRD26', 'MDN1', 'CCDC88A', 'CNN3', 'STK11', 'CCDC18', 'MPRIP', 'RNF128', 'MBIP', 'PRKCA', 'EML5', 'REEP4', 'CKAP2L', 'CIMAP1D', 'KRT76', 'AKAP14', 'HEPACAM2', 'HLA-DRB1', 'PDLIM7']","[['IDA', 'IEA'], ['ISS', 'IBA', 'IEA'], ['IDA', 'IBA', 'IEA'], ['TAS'], ['IDA'], ['IEA'], ['IDA'], ['IDA'], ['IDA', 'IBA', 'IEA'], ['IDA', 'IBA'], ['IDA'], ['IDA', 'IEA'], ['IDA', 'IBA', 'IEA'], ['IEA'], ['NAS'], ['IDA'], ['IEA'], ['IBA', 'IEA'], ['IDA', 'IBA', 'IEA'], ['IDA', 'IBA'], ['IBA', 'NAS', 'IEA'], ['IDA'], ['IDA', 'IBA', 'IEA'], ['TAS'], ['IDA', 'IBA', 'IEA']]"
GO:0072012,glomerulus vasculature development,0.008681033125438258,3,161,29,"['CFLAR', 'NOTCH3', 'FOXC2']","[['IEA'], ['IEA'], ['IEA']]"
GO:0022008,neurogenesis,0.008717745195248063,20,161,1760,"['CFLAR', 'ABCC8', 'PPP1R12A', 'SPEN', 'ROCK1', 'NEDD4', 'NOTCH3', 'BLOC1S6', 'SHOC2', 'CCDC88A', 'FN1', 'STK11', 'OMG', 'ANO1', 'EPHB2', 'HMG20A', 'ADGRL3', 'KIT', 'CTNND2', 'GPR37']","[['IEA'], ['IEA'], ['IBA'], ['IMP'], ['IGI'], ['IEP', 'ISS', 'IBA'], ['IEA'], ['ISS', 'IEA'], ['IEA'], ['ISS'], ['IEA'], ['IEA'], ['IBA'], ['ISS'], ['ISS', 'IBA', 'IEA'], ['IEA'], ['ISS'], ['IEA'], ['IMP', 'IBA'], ['IEA']]"
GO:0006811,monoatomic ion transport,0.009143985351315921,16,161,1244,"['ABCC8', 'NEDD4', 'NDFIP2', 'SLC17A7', 'DMPK', 'SHOC2', 'ATP7B', 'ATP5F1E', 'ANO1', 'ATP5MC3', 'SLC6A1', 'IL13', 'CXCL10', 'P2RY6', 'NKAIN3', 'BPIFA1']","[['ISS', 'TAS', 'NAS', 'IEA'], ['IDA'], ['IEA'], ['ISS', 'TAS', 'IEA'], ['IEA'], ['IEA'], ['IDA', 'IMP', 'IGI', 'IBA', 'TAS', 'IEA'], ['IEA'], ['IDA', 'IMP', 'ISS', 'IBA', 'TAS', 'IEA'], ['IEA'], ['IDA', 'IBA'], ['IEA'], ['IDA'], ['ISS', 'TAS', 'IEA'], ['IBA', 'IEA'], ['IDA']]"
GO:0008543,fibroblast growth factor receptor signaling pathway,0.009143985351315921,5,161,127,"['FLT1', 'SHOC2', 'EPHB2', 'KIT', 'LRIT3']","[['IEA'], ['NAS'], ['IEA'], ['IEA'], ['IDA']]"
GO:0007155,cell adhesion,0.009247117572139365,18,161,1504,"['PPP1R12A', 'ROCK1', 'MYH9', 'PNN', 'ENG', 'VWF', 'FN1', 'CNN3', 'OMG', 'THEMIS2', 'EPHB2', 'AMIGO2', 'CHST4', 'PRKCA', 'KIT', 'CTNND2', 'FOXC2', 'HLA-DRB1']","[['IDA'], ['IDA', 'ISS', 'TAS', 'IEA'], ['HMP', 'IEA'], ['TAS'], ['TAS', 'IEA'], ['IDA', 'IBA', 'IEA'], ['IDA', 'IMP', 'IBA', 'NAS', 'IEA'], ['IEA'], ['IEA'], ['TAS'], ['IMP'], ['ISS', 'IBA', 'IEA'], ['ISS', 'TAS'], ['IDA', 'IMP', 'IEA'], ['ISS', 'IEA'], ['IBA', 'TAS', 'IEA'], ['ISS', 'IEA'], ['IDA', 'IMP', 'IBA']]"
GO:2000145,regulation of cell motility,0.00927669469513878,14,161,1002,"['ABCC8', 'ROCK1', 'PLXNA2', 'FLT1', 'ENG', 'FN1', 'ACVR1C', 'EPHB2', 'CHST4', 'PRKCA', 'KIT', 'CXCL10', 'GCSAM', 'FOXC2']","[['IEA'], ['IDA', 'TAS'], ['ISS', 'IBA', 'IEA'], ['IDA', 'IBA'], ['IDA'], ['IDA'], ['IDA'], ['IGI'], ['ISS'], ['IDA', 'IMP'], ['IBA', 'IEA'], ['IDA', 'IEA'], ['IMP', 'IBA', 'IEA'], ['ISS', 'IEA']]"
GO:0009306,protein secretion,0.009300110306843834,8,161,362,"['ABCC8', 'BLOC1S6', 'ACVR1C', 'ANO1', 'SIRT3', 'PRKCA', 'IL13', 'HLA-DRB1']","[['IEA'], ['IEA'], ['IEA'], ['IMP', 'IGI'], ['IEA'], ['TAS'], ['IEA'], ['IMP']]"
GO:0071692,protein localization to extracellular region,0.009570648507696174,8,161,364,"['ABCC8', 'BLOC1S6', 'ACVR1C', 'ANO1', 'SIRT3', 'PRKCA', 'IL13', 'HLA-DRB1']","[['IEA'], ['IEA'], ['IEA'], ['IMP', 'IGI'], ['IEA'], ['TAS'], ['IEA'], ['IMP']]"
GO:0061440,kidney vasculature development,0.00966733979756032,3,161,31,"['CFLAR', 'NOTCH3', 'FOXC2']","[['IEA'], ['IEA'], ['IEA']]"
GO:0035592,establishment of protein localization to extracellular region,0.00966733979756032,8,161,365,"['ABCC8', 'BLOC1S6', 'ACVR1C', 'ANO1', 'SIRT3', 'PRKCA', 'IL13', 'HLA-DRB1']","[['IEA'], ['IEA'], ['IEA'], ['IMP', 'IGI'], ['IEA'], ['TAS'], ['IEA'], ['IMP']]"
GO:0051150,regulation of smooth muscle cell differentiation,0.00966733979756032,3,161,31,"['ENG', 'KIT', 'RBPMS2']","[['ISS', 'IEA'], ['IDA'], ['IMP', 'ISS', 'IBA']]"
GO:0050808,synapse organization,0.00966733979756032,10,161,561,"['ROCK1', 'NEDD4', 'PLXNA2', 'DMPK', 'EPHB2', 'AMIGO2', 'ADGRL3', 'SLC6A1', 'CTNND2', 'LRIT3']","[['IEA'], ['IBA'], ['IBA'], ['IEA'], ['ISS', 'IEA'], ['IBA', 'IEA'], ['ISS', 'IBA'], ['ISS'], ['IMP', 'IBA'], ['IEA']]"
GO:0061437,renal system vasculature development,0.00966733979756032,3,161,31,"['CFLAR', 'NOTCH3', 'FOXC2']","[['IEA'], ['IEA'], ['IEA']]"
GO:0009611,response to wounding,0.009759617007635245,10,161,563,"['CFLAR', 'TFPI', 'MYH9', 'BLOC1S6', 'ENG', 'VWF', 'FN1', 'EPHB2', 'PRKCA', 'FOXC2']","[['ISS'], ['IDA', 'TAS', 'IEA'], ['IDA', 'IMP', 'HMP'], ['IEA'], ['IMP'], ['IDA', 'IMP', 'IBA', 'TAS', 'NAS', 'IEA'], ['NAS', 'IEA'], ['IMP'], ['IDA'], ['ISS', 'IEA']]"
GO:2000242,negative regulation of reproductive process,0.009776010290981208,4,161,74,"['MYH9', 'STK11', 'ACVR1C', 'KIT']","[['ISS', 'IEA'], ['IEA'], ['IDA'], ['IEA']]"
GO:0015833,peptide transport,0.009776010290981208,7,161,281,"['ABCC8', 'ACVR1C', 'ANO1', 'SIRT3', 'PRKCA', 'SLC15A5', 'HLA-DRB1']","[['IEA'], ['IEA'], ['IMP', 'IGI'], ['IEA'], ['TAS'], ['IEA'], ['IMP']]"
GO:2000026,regulation of multicellular organismal development,0.009776010290981208,17,161,1390,"['ABCC8', 'SPEN', 'ROCK1', 'FLT1', 'ENG', 'FN1', 'STK11', 'EPHB2', 'AMIGO2', 'MBIP', 'PRKCA', 'KIT', 'IL13', 'CXCL10', 'FOXC2', 'MTURN', 'HLA-DRB1']","[['IEA'], ['IMP'], ['IMP', 'IGI', 'ISS'], ['IMP'], ['IEA'], ['IEA'], ['IEA'], ['ISS', 'IEA'], ['IBA', 'IEA'], ['ISS', 'ISO', 'IEA'], ['IMP', 'ISS'], ['IEA'], ['NAS'], ['IDA', 'IEA'], ['ISS', 'IEA'], ['IMP', 'IBA'], ['IDA']]"
GO:1901699,cellular response to nitrogen compound,0.009959931247175794,11,161,673,"['CFLAR', 'ROCK1', 'FLT1', 'SHOC2', 'TNS2', 'IRS4', 'EPHB2', 'PRKCA', 'KIT', 'P2RY6', 'FOXC2']","[['IEA'], ['IMP'], ['IEA'], ['IEA'], ['IDA', 'IBA'], ['IBA', 'IEA'], ['IEA'], ['IDA'], ['IEA'], ['IDA', 'ISS', 'IBA'], ['IDA']]"
GO:0051281,positive regulation of release of sequestered calcium ion into cytosol,0.01018018968675925,3,161,32,"['IL13', 'CXCL10', 'P2RY6']","[['IEA'], ['IDA'], ['ISS', 'TAS']]"
GO:0090276,regulation of peptide hormone secretion,0.010247792402225108,6,161,204,"['ABCC8', 'ACVR1C', 'ANO1', 'SIRT3', 'PRKCA', 'HLA-DRB1']","[['IEA'], ['IEA'], ['IMP', 'IGI'], ['IEA'], ['TAS'], ['IMP']]"
GO:0048661,positive regulation of smooth muscle cell proliferation,0.010502410183635697,4,161,76,"['NOTCH3', 'RBPMS2', 'IL13', 'P2RY6']","[['IEA'], ['ISS'], ['IEA'], ['IMP']]"
GO:0010558,negative regulation of macromolecule biosynthetic process,0.010660002275602279,26,161,2670,"['SPEN', 'ROCK1', 'NEDD4', 'KDM5A', 'NOTCH3', 'TNRC6B', 'NDFIP2', 'ENG', 'TASOR2', 'FRK', 'FN1', 'TSHZ3', 'RIDA', 'RNF128', 'EPHB2', 'NCBP1', 'HMG20A', 'MBIP', 'PRKCA', 'TENT5B', 'ZNF148', 'ZNF91', 'IL13', 'FOXC2', 'ZNF93', 'HLA-DRB1']","[['IDA', 'IMP', 'IEA'], ['ISS', 'IEA'], ['IMP'], ['IEA'], ['IEA'], ['IDA', 'IMP', 'IBA', 'IEA'], ['IMP'], ['IDA', 'ISS', 'IEA'], ['IEA'], ['IDA'], ['IDA'], ['IDA'], ['IDA', 'ISS', 'IBA'], ['IEA'], ['IEA'], ['IDA', 'IMP', 'IBA', 'NAS', 'IEA'], ['IEA'], ['IDA'], ['ISS', 'TAS'], ['IBA'], ['EXP', 'IDA'], ['IDA', 'IEA'], ['IEA'], ['ISS', 'IEA'], ['IDA', 'IEA'], ['IMP']]"
GO:0051234,establishment of localization,0.010686345661366769,39,161,4717,"['ABCC8', 'PPP1R12A', 'ROCK1', 'NEDD4', 'MYH9', 'NDFIP2', 'BLOC1S6', 'SLC17A7', 'DMPK', 'SHOC2', 'MDN1', 'CCDC88A', 'AAK1', 'STK11', 'ATP7B', 'ACVR1C', 'ATP5F1E', 'ANO1', 'EPHB2', 'TGFBRAP1', 'NCBP1', 'SIRT3', 'SLC22A14', 'PRKCA', 'ATP5MC3', 'SLC6A1', 'KIT', 'SNX22', 'VPS39', 'IL13', 'CXCL10', 'P2RY6', 'SYT12', 'NKAIN3', 'SLC15A5', 'HLA-DRB1', 'PDLIM7', 'BPIFA1', 'GJC2']","[['ISS', 'IBA', 'TAS', 'NAS', 'IEA'], ['IEA'], ['IGI'], ['IDA', 'IPI', 'IBA'], ['IMP', 'ISS', 'IEA'], ['IMP', 'IEA'], ['IDA', 'ISS', 'IBA', 'NAS', 'IEA'], ['ISS', 'IBA', 'TAS', 'IEA'], ['IEA'], ['IBA', 'IEA'], ['IBA'], ['IBA', 'IEA'], ['IDA', 'IMP', 'IBA', 'IEA'], ['IMP', 'IBA', 'IEA'], ['IDA', 'IMP', 'IGI', 'IBA', 'TAS', 'IC', 'IEA'], ['IEA'], ['IEA'], ['IDA', 'IMP', 'IGI', 'ISS', 'IBA', 'TAS', 'IEA'], ['IEA'], ['IMP', 'IBA', 'NAS', 'IEA'], ['IPI', 'IMP', 'IBA', 'NAS', 'IEA'], ['IEA'], ['IEA'], ['TAS'], ['IEA'], ['IDA', 'ISS', 'IBA', 'TAS', 'NAS', 'IEA'], ['IMP'], ['IEA'], ['IDA', 'IMP', 'IBA', 'NAS', 'IEA'], ['IEA'], ['IDA'], ['ISS', 'TAS', 'IEA'], ['IBA', 'IEA'], ['IBA', 'IEA'], ['IBA', 'IEA'], ['IMP'], ['TAS'], ['IDA'], ['IEA']]"
GO:0002791,regulation of peptide secretion,0.0107639169848585,6,161,207,"['ABCC8', 'ACVR1C', 'ANO1', 'SIRT3', 'PRKCA', 'HLA-DRB1']","[['IEA'], ['IEA'], ['IMP', 'IGI'], ['IEA'], ['TAS'], ['IMP']]"
GO:1902554,serine/threonine protein kinase complex,0.01079771930118918,5,161,142,"['RB1CC1', 'STK11', 'ACVR1C', 'CCNT1', 'AKAP14']","[['IPI', 'IBA', 'IEA'], ['IPI', 'ISS'], ['IDA', 'IBA'], ['IDA', 'IPI', 'IBA', 'IEA'], ['IMP', 'IBA']]"
GO:0001725,stress fiber,0.01079771930118918,4,161,83,"['PPP1R12A', 'MYH9', 'BLOC1S6', 'PDLIM7']","[['IEA'], ['IDA', 'IEA'], ['IEA'], ['IBA', 'IEA']]"
GO:0097517,contractile actin filament bundle,0.01079771930118918,4,161,83,"['PPP1R12A', 'MYH9', 'BLOC1S6', 'PDLIM7']","[['IEA'], ['IDA', 'IEA'], ['IEA'], ['IBA', 'IEA']]"
GO:0031981,nuclear lumen,0.01079771930118918,43,161,5461,"['BOD1L1', 'PLEKHA5', 'PPP1R12A', 'SPEN', 'NEDD4', 'KDM5A', 'NOTCH3', 'ZNF638', 'PDS5B', 'MYH9', 'TNRC6B', 'PNN', 'ANKRD12', 'ENG', 'TASOR2', 'SHOC2', 'LUC7L3', 'FRK', 'MDN1', 'CCDC88A', 'SRSF11', 'STK11', 'TSHZ3', 'HOXD13', 'CCNT1', 'ANO1', 'EPHB2', 'NCBP1', 'MED9', 'SIRT3', 'GINS4', 'MBIP', 'PRKCA', 'RBM45', 'KIT', 'ZNF148', 'RNF187', 'FOXC2', 'PUS1', 'ZNF93', 'HEPACAM2', 'H2BC26', 'PDLIM7']","[['IDA', 'IPI', 'IBA', 'TAS'], ['IDA'], ['IDA', 'TAS'], ['IDA'], ['IDA'], ['TAS', 'IEA'], ['IDA', 'TAS'], ['IDA', 'TAS', 'IEA'], ['IDA', 'TAS'], ['IDA'], ['IBA'], ['IDA', 'TAS', 'IEA'], ['IDA', 'IBA'], ['IDA'], ['IDA', 'IBA'], ['IDA'], ['IDA', 'TAS', 'IEA'], ['IDA'], ['IDA', 'IEA'], ['IDA'], ['IDA', 'IBA', 'TAS'], ['IDA', 'TAS'], ['IDA'], ['IDA'], ['IDA', 'IPI', 'IBA', 'TAS'], ['IDA'], ['IDA'], ['IDA', 'TAS'], ['TAS'], ['TAS'], ['IPI', 'ISS', 'IBA', 'TAS'], ['IDA', 'TAS'], ['TAS'], ['IDA'], ['IDA'], ['IDA'], ['IDA'], ['IDA'], ['IDA'], ['TAS'], ['IDA'], ['IDA', 'TAS'], ['IDA']]"
GO:0008285,negative regulation of cell population proliferation,0.010849195795558006,11,161,684,"['ABCC8', 'RB1CC1', 'PDS5B', 'FLT1', 'ENG', 'SHOC2', 'TNS2', 'STK11', 'ACVR1C', 'TENT5B', 'HLA-DRB1']","[['IEA'], ['IDA', 'IEA'], ['IDA'], ['IGI'], ['IMP'], ['IEA'], ['IMP'], ['IMP', 'IEA'], ['IMP'], ['IMP'], ['IMP']]"
GO:0030073,insulin secretion,0.011094267262136335,6,161,209,"['ABCC8', 'ACVR1C', 'ANO1', 'SIRT3', 'PRKCA', 'HLA-DRB1']","[['IEA'], ['IEA'], ['IMP', 'IGI'], ['IEA'], ['TAS'], ['IMP']]"
GO:0090087,regulation of peptide transport,0.011094267262136335,6,161,209,"['ABCC8', 'ACVR1C', 'ANO1', 'SIRT3', 'PRKCA', 'HLA-DRB1']","[['IEA'], ['IEA'], ['IMP', 'IGI'], ['IEA'], ['TAS'], ['IMP']]"
GO:0051179,localization,0.011097688779016068,43,161,5402,"['ABCC8', 'PPP1R12A', 'ROCK1', 'NEDD4', 'PLXNA2', 'MYH9', 'NDFIP2', 'BLOC1S6', 'SLC17A7', 'DMPK', 'SHOC2', 'MDN1', 'CCDC88A', 'AAK1', 'STK11', 'CYREN', 'ATP7B', 'ACVR1C', 'ATP5F1E', 'ANO1', 'RNF128', 'EPHB2', 'TGFBRAP1', 'NCBP1', 'SIRT3', 'SLC22A14', 'PRKCA', 'ATP5MC3', 'SLC6A1', 'KIT', 'SNX22', 'VPS39', 'IL13', 'CXCL10', 'P2RY6', 'SYT12', 'LRIT3', 'NKAIN3', 'SLC15A5', 'HLA-DRB1', 'PDLIM7', 'BPIFA1', 'GJC2']","[['ISS', 'IBA', 'TAS', 'NAS', 'IEA'], ['IEA'], ['IMP', 'IGI'], ['IDA', 'IPI', 'IBA'], ['IEA'], ['IMP', 'ISS', 'IEA'], ['IMP', 'IEA'], ['IDA', 'ISS', 'IBA', 'NAS', 'IEA'], ['ISS', 'IBA', 'TAS', 'IEA'], ['IEA'], ['IBA', 'IEA'], ['IBA'], ['IDA', 'IMP', 'IBA', 'IEA'], ['IDA', 'IMP', 'IBA', 'IEA'], ['IMP', 'IBA', 'IEA'], ['IEA'], ['IDA', 'IMP', 'IGI', 'IBA', 'TAS', 'IC', 'IEA'], ['IEA'], ['IEA'], ['IDA', 'IMP', 'IGI', 'ISS', 'IBA', 'TAS', 'IEA'], ['IC'], ['ISS', 'IEA'], ['IMP', 'IBA', 'NAS', 'IEA'], ['IPI', 'IMP', 'IBA', 'NAS', 'IEA'], ['IEA'], ['IEA'], ['TAS'], ['IEA'], ['IDA', 'ISS', 'IBA', 'TAS', 'NAS', 'IEA'], ['IMP'], ['IEA'], ['IDA', 'IMP', 'IBA', 'NAS', 'IEA'], ['IEA'], ['IDA'], ['ISS', 'TAS', 'IEA'], ['IBA', 'IEA'], ['IEA'], ['IBA', 'IEA'], ['IBA', 'IEA'], ['IMP'], ['TAS'], ['IDA'], ['IEA']]"
GO:0045765,regulation of angiogenesis,0.011300958286091074,7,161,292,"['ABCC8', 'ROCK1', 'FLT1', 'ENG', 'PRKCA', 'CXCL10', 'FOXC2']","[['IEA'], ['IMP'], ['IMP'], ['IEA'], ['IMP'], ['IDA', 'IEA'], ['ISS', 'IEA']]"
GO:0035774,positive regulation of insulin secretion involved in cellular response to glucose stimulus,0.011317654220289701,3,161,34,"['ABCC8', 'ANO1', 'HLA-DRB1']","[['IEA'], ['IMP', 'IGI'], ['IMP']]"
GO:0040012,regulation of locomotion,0.01141082595163537,14,161,1042,"['ABCC8', 'ROCK1', 'PLXNA2', 'FLT1', 'ENG', 'FN1', 'ACVR1C', 'EPHB2', 'CHST4', 'PRKCA', 'KIT', 'CXCL10', 'GCSAM', 'FOXC2']","[['IEA'], ['IDA', 'TAS'], ['ISS', 'IBA', 'IEA'], ['IDA', 'IBA'], ['IDA'], ['IDA'], ['IDA'], ['IGI'], ['ISS'], ['IDA', 'IMP'], ['IBA', 'IEA'], ['IDA', 'IEA'], ['IMP', 'IBA', 'IEA'], ['ISS', 'IEA']]"
GO:0099503,secretory vesicle,0.012488538837508684,14,161,1082,"['ABCC8', 'ROCK1', 'MYH9', 'SLC17A7', 'VWF', 'FRK', 'FN1', 'SLIRP', 'PAM', 'KIT', 'APEH', 'PGAM1', 'SYT12', 'C6orf120']","[['IEA'], ['TAS'], ['ISS', 'IEA'], ['ISS', 'IBA', 'TAS', 'IEA'], ['IDA', 'TAS', 'NAS'], ['TAS'], ['TAS'], ['IEA'], ['ISS'], ['IEA'], ['TAS'], ['TAS'], ['IBA', 'IEA'], ['TAS']]"
GO:1901342,regulation of vasculature development,0.012738166861232693,7,161,299,"['ABCC8', 'ROCK1', 'FLT1', 'ENG', 'PRKCA', 'CXCL10', 'FOXC2']","[['IEA'], ['IMP'], ['IMP'], ['IEA'], ['IMP'], ['IDA', 'IEA'], ['ISS', 'IEA']]"
GO:0046887,positive regulation of hormone secretion,0.012772576360321216,5,161,143,"['ABCC8', 'ANO1', 'SIRT3', 'PRKCA', 'HLA-DRB1']","[['IEA'], ['IMP', 'IGI'], ['IEA'], ['TAS'], ['IMP']]"
GO:0032432,actin filament bundle,0.012928917342260619,4,161,91,"['PPP1R12A', 'MYH9', 'BLOC1S6', 'PDLIM7']","[['IEA'], ['IDA', 'IEA'], ['IEA'], ['IBA', 'IEA']]"
GO:0005911,cell-cell junction,0.012928917342260619,9,161,517,"['MYH9', 'PNN', 'BLOC1S6', 'CNN3', 'ADGRL3', 'KIT', 'CTNND2', 'PDLIM7', 'GJC2']","[['IEA'], ['TAS', 'IEA'], ['IEA'], ['HDA'], ['ISS', 'IBA'], ['IEA'], ['IBA', 'IEA'], ['IDA', 'IBA'], ['IMP', 'IBA', 'IEA']]"
GO:0042641,actomyosin,0.012928917342260619,4,161,90,"['PPP1R12A', 'MYH9', 'BLOC1S6', 'PDLIM7']","[['IEA'], ['IDA', 'IEA'], ['IEA'], ['IBA', 'IEA']]"
GO:1902911,protein kinase complex,0.012928917342260619,5,161,156,"['RB1CC1', 'STK11', 'ACVR1C', 'CCNT1', 'AKAP14']","[['IPI', 'IBA', 'IEA'], ['IPI', 'ISS'], ['IDA', 'IBA'], ['IDA', 'IPI', 'IBA', 'IEA'], ['IMP', 'IBA']]"
GO:1902494,catalytic complex,0.013043704619589232,19,161,1778,"['CFLAR', 'RB1CC1', 'BOD1L1', 'PPP1R12A', 'NEDD4', 'PNN', 'SHOC2', 'STK11', 'CYREN', 'ACVR1C', 'ATP5F1E', 'GNG13', 'CCNT1', 'DCAF15', 'COQ3', 'MBIP', 'ATP5MC3', 'GPR37', 'AKAP14']","[['IDA'], ['IPI', 'IBA', 'IEA'], ['IPI', 'IBA'], ['IDA'], ['ISS'], ['IDA', 'IBA'], ['IDA'], ['IPI', 'ISS'], ['IEA'], ['IDA', 'IBA'], ['IDA', 'IMP', 'TAS', 'NAS', 'IEA'], ['IBA', 'IEA'], ['IDA', 'IPI', 'IBA', 'IEA'], ['IDA', 'IBA'], ['IPI'], ['IDA', 'ISO', 'IEA'], ['NAS', 'IEA'], ['IDA'], ['IMP', 'IBA']]"
GO:0005634,nucleus,0.013043704619589232,67,161,9895,"['RB1CC1', 'BOD1L1', 'PLEKHA5', 'PPP1R12A', 'SPEN', 'NEDD4', 'KDM5A', 'NOTCH3', 'ZNF638', 'PDS5B', 'MYH9', 'TNRC6B', 'PNN', 'ANKRD12', 'DMPK', 'ENG', 'TASOR2', 'SHOC2', 'LUC7L3', 'FRK', 'MDN1', 'NKTR', 'CCDC88A', 'SRSF11', 'STK11', 'SLIRP', 'TSHZ3', 'CYREN', 'ZNF835', 'HOXD13', 'CCNT1', 'THEMIS2', 'ZNF331', 'ANO1', 'RIDA', 'EPHB2', 'NCBP1', 'AMIGO2', 'HMG20A', 'MED9', 'SIRT3', 'TRIM7', 'IRAK1BP1', 'GINS4', 'MBIP', 'PRKCA', 'RBM45', 'KIT', 'TENT5B', 'ZNF148', 'APEH', 'RNF180', 'RBPMS2', 'ZNF91', 'RNF187', 'CTNND2', 'RPL15', 'FOXC2', 'PUS1', 'ZNF678', 'SRARP', 'ZNF93', 'KRT76', 'HEPACAM2', 'H2BC26', 'PDLIM7', 'ZNF772']","[['IDA', 'IEA'], ['IDA', 'IPI', 'IBA', 'TAS'], ['IDA'], ['IDA', 'TAS'], ['IDA', 'IBA', 'IEA'], ['IDA', 'IPI', 'IEA'], ['IDA', 'IBA', 'TAS', 'IEA'], ['IDA', 'TAS', 'IEA'], ['IDA', 'IBA', 'TAS', 'IEA'], ['IDA', 'ISS', 'IBA', 'TAS', 'IEA'], ['IDA'], ['IBA'], ['IDA', 'IBA', 'TAS', 'IEA'], ['IDA', 'IBA', 'IEA'], ['ISS', 'IEA'], ['IDA'], ['IDA', 'IBA'], ['IDA', 'IEA'], ['IDA', 'IBA', 'TAS', 'IEA'], ['IDA', 'TAS', 'IEA'], ['IDA', 'IBA', 'IEA'], ['IBA'], ['IDA'], ['IDA', 'IBA', 'TAS', 'IEA'], ['IDA', 'IBA', 'TAS', 'IEA'], ['IEA'], ['IDA', 'IBA', 'IEA'], ['IDA', 'IBA', 'IEA'], ['IEA'], ['IDA', 'IEA'], ['IDA', 'IPI', 'IBA', 'TAS', 'IEA'], ['IBA', 'IEA'], ['IEA'], ['IDA'], ['IDA', 'IEA'], ['IDA'], ['IDA', 'IBA', 'TAS', 'IEA'], ['IEA'], ['IBA', 'NAS', 'IEA'], ['IDA', 'IPI', 'IBA', 'TAS', 'IEA'], ['IBA', 'TAS'], ['IDA', 'IEA'], ['IEA'], ['IDA', 'IPI', 'ISS', 'IBA', 'TAS', 'NAS', 'IEA'], ['IDA', 'TAS', 'IEA'], ['TAS', 'IEA'], ['IDA', 'IEA'], ['IDA'], ['IDA', 'IEA'], ['IDA', 'IEA'], ['IDA'], ['IEA'], ['IDA', 'IEA'], ['IDA', 'IBA', 'IEA'], ['IDA', 'IEA'], ['IBA', 'IEA'], ['IDA', 'HDA'], ['IDA', 'IC', 'IEA'], ['IDA', 'IBA', 'IEA'], ['IEA'], ['IDA', 'IBA'], ['IBA', 'TAS', 'IEA'], ['HDA'], ['IDA'], ['IDA', 'HDA', 'TAS', 'IEA'], ['IDA'], ['IBA', 'IEA']]"
GO:1903311,regulation of mRNA metabolic process,0.0133332197932049,7,161,302,"['ROCK1', 'TNRC6B', 'RIDA', 'NCBP1', 'PRKCA', 'TENT5B', 'RBPMS2']","[['ISS', 'IEA'], ['IMP', 'IBA'], ['IDA'], ['IMP', 'IBA'], ['TAS'], ['IBA'], ['ISS', 'IEA']]"
GO:0018193,peptidyl-amino acid modification,0.013376722880318794,9,161,493,"['ROCK1', 'FLT1', 'NKTR', 'STK11', 'EPHB2', 'HMG20A', 'SIRT3', 'PRKCA', 'KIT']","[['IDA'], ['IDA'], ['IEA'], ['IDA'], ['ISS'], ['IEA'], ['IMP', 'ISS'], ['ISS'], ['IMP']]"
GO:0006952,defense response,0.014149116755107013,20,161,1865,"['RB1CC1', 'NEDD4', 'FN1', 'THEMIS2', 'JCHAIN', 'EPHB2', 'NCBP1', 'CHST4', 'TRIM7', 'PRKCA', 'KIT', 'ZNF148', 'IL13', 'CXCL10', 'CERS6', 'NLRP13', 'CHST1', 'GBP6', 'HLA-DRB1', 'BPIFA1']","[['IEA'], ['IDA'], ['IEA'], ['IEA'], ['IDA'], ['IEA'], ['IMP'], ['IEA'], ['IDA', 'IBA', 'IEA'], ['ISS'], ['ISS', 'IEA'], ['TAS'], ['IGI', 'IBA', 'TAS', 'IEA'], ['IEP', 'IBA', 'TAS', 'IEA'], ['IEA'], ['IBA'], ['IEA'], ['ISS', 'IBA', 'IEA'], ['IDA'], ['IDA', 'IEP', 'IBA', 'NAS', 'IEA']]"
GO:0070938,contractile ring,0.014269265714899775,2,161,11,"['MYH9', 'BLOC1S6']","[['IDA'], ['IEA']]"
GO:0042995,cell projection,0.014598714957539312,24,161,2539,"['ROCK1', 'RGS11', 'MYH9', 'BLOC1S6', 'SLC17A7', 'CCDC88A', 'AAK1', 'STK11', 'SLIRP', 'TSHZ3', 'GNG13', 'ANO1', 'EPHB2', 'SLC22A14', 'ADGRL3', 'PRKCA', 'SLC6A1', 'CKAP2L', 'CTNND2', 'GPR37', 'LRIT3', 'AKAP14', 'PDLIM7', 'OPN1MW3']","[['ISS', 'IEA'], ['IBA'], ['IDA', 'IEA'], ['IEA'], ['IEA'], ['IDA', 'IEA'], ['ISS', 'IEA'], ['IDA'], ['IEA'], ['IEA'], ['IEA'], ['IEA'], ['ISS', 'IBA', 'IEA'], ['IEA'], ['ISS', 'IBA', 'IEA'], ['IDA'], ['ISS', 'IBA', 'IEA'], ['IDA'], ['IEA'], ['IEA'], ['IEA'], ['IDA'], ['IEA'], ['IBA', 'IEA']]"
GO:0030658,transport vesicle membrane,0.014598714957539312,6,161,246,"['ABCC8', 'SLC17A7', 'PAM', 'VMA21', 'SYT12', 'HLA-DRB1']","[['IEA'], ['ISS', 'IBA', 'TAS', 'IEA'], ['IEA'], ['IEA'], ['IEA'], ['TAS']]"
GO:0048170,positive regulation of long-term neuronal synaptic plasticity,0.01475817317526775,2,161,9,"['EPHB2', 'KIT']","[['IEA'], ['IEA']]"
GO:0031090,organelle membrane,0.014985863380228417,32,161,3801,"['ABCC8', 'RB1CC1', 'ROCK1', 'NOTCH3', 'NDFIP2', 'SLC17A7', 'DMPK', 'ATP7B', 'ATP5F1E', 'COQ3', 'CHST4', 'SLC22A14', 'PAM', 'TMEM86A', 'PRKCA', 'ATP5MC3', 'SNX22', 'MITD1', 'VMA21', 'APEH', 'RNF180', 'VPS39', 'REEP4', 'GPR37', 'CERS6', 'SYT12', 'CHST1', 'GALNT9', 'LRIT3', 'HEPACAM2', 'HLA-DRB1', 'OPN1MW3']","[['IEA'], ['IDA', 'TAS', 'IEA'], ['IEA'], ['TAS', 'IEA'], ['IEA'], ['ISS', 'IBA', 'TAS', 'IEA'], ['IDA', 'ISS', 'TAS', 'IEA'], ['IDA', 'TAS', 'IEA'], ['IBA', 'NAS', 'IEA'], ['IDA', 'TAS', 'IEA'], ['TAS', 'NAS', 'IEA'], ['IDA', 'IEA'], ['ISS', 'IEA'], ['ISS', 'IEA'], ['IEA'], ['TAS', 'NAS', 'IEA'], ['IEA'], ['IEA'], ['IBA', 'IEA'], ['IDA'], ['IBA', 'IEA'], ['IDA', 'HDA', 'TAS', 'IEA'], ['IBA', 'IEA'], ['IEA'], ['TAS', 'IEA'], ['IEA'], ['TAS', 'IEA'], ['TAS', 'IEA'], ['IEA'], ['IEA'], ['IDA', 'IBA', 'TAS', 'IEA'], ['IEA']]"
GO:0043170,macromolecule metabolic process,0.015765925459695185,76,161,11535,"['CFLAR', 'TFPI', 'ABCC8', 'RB1CC1', 'BOD1L1', 'PPP1R12A', 'SPEN', 'ROCK1', 'NEDD4', 'KDM5A', 'NOTCH3', 'ZNF638', 'PDS5B', 'MYH9', 'TNRC6B', 'PNN', 'NDFIP2', 'FLT1', 'BLOC1S6', 'DMPK', 'ENG', 'TASOR2', 'LUC7L3', 'TNS2', 'FRK', 'NKTR', 'CCDC88A', 'FN1', 'AAK1', 'SRSF11', 'STK11', 'SLIRP', 'TSHZ3', 'CYREN', 'ACVR1C', 'ZNF835', 'HOXD13', 'CCNT1', 'ZNF331', 'DCAF15', 'RIDA', 'RNF128', 'EPHB2', 'ZNF670-ZNF695', 'TGFBRAP1', 'NCBP1', 'HMG20A', 'CHST4', 'MED9', 'SIRT3', 'TRIM7', 'GINS4', 'MBIP', 'PRKCA', 'KIT', 'TENT5B', 'ZNF148', 'APEH', 'RNF180', 'RBPMS2', 'ZNF91', 'RNF187', 'IL13', 'CXCL10', 'RNF150', 'RPL15', 'CHST1', 'FOXC2', 'PUS1', 'ZNF678', 'GALNT9', 'LRIT3', 'ZNF93', 'HLA-DRB1', 'CTSE', 'ZNF772']","[['IEA'], ['IEA'], ['IEA'], ['IBA'], ['IDA', 'IBA', 'IEA'], ['IDA', 'IMP'], ['IDA', 'IMP', 'IBA', 'IEA'], ['IDA', 'IMP', 'ISS', 'TAS', 'IEA'], ['IDA', 'IMP', 'ISS', 'IBA', 'IEA'], ['IDA', 'ISS', 'IBA', 'IEA'], ['IMP', 'IEA'], ['IBA', 'TAS', 'IEA'], ['IBA'], ['IDA', 'ISS', 'IEA'], ['IDA', 'IMP', 'IBA', 'IEA'], ['IC', 'IEA'], ['IMP', 'IBA'], ['IDA', 'IEA'], ['IEA'], ['IDA', 'IEA'], ['IDA', 'IMP', 'ISS', 'IEA'], ['IEA'], ['IMP', 'IBA', 'IEA'], ['IDA'], ['IDA', 'IEA'], ['IBA', 'IEA'], ['IDA'], ['IDA'], ['IDA', 'IEA'], ['TAS', 'IEA'], ['IDA', 'IMP', 'TAS', 'IEA'], ['IEA'], ['IDA', 'IBA', 'IEA'], ['IDA', 'ISS', 'IBA', 'IEA'], ['IC', 'IEA'], ['IBA'], ['IMP', 'IBA', 'TAS', 'IEA'], ['IDA', 'IBA', 'TAS', 'IEA'], ['IBA', 'IEA'], ['IDA', 'IBA', 'IEA'], ['IDA', 'ISS', 'IBA'], ['IBA', 'NAS', 'IC', 'IEA'], ['IMP', 'ISS', 'IEA'], ['IEA'], ['IDA'], ['IDA', 'IPI', 'IMP', 'IBA', 'TAS', 'NAS', 'IEA'], ['IBA', 'NAS', 'IEA'], ['TAS'], ['NAS', 'IEA'], ['IDA', 'IMP', 'ISS'], ['IEA'], ['IBA', 'IEA'], ['IDA', 'IMP', 'ISS'], ['IDA', 'ISS', 'TAS', 'IEA'], ['IDA', 'IMP', 'ISS', 'IEA'], ['IMP', 'IBA'], ['EXP', 'IDA', 'IBA', 'IEA'], ['IDA', 'TAS', 'IEA'], ['IBA', 'IEA'], ['ISS', 'IEA'], ['IDA', 'IBA', 'IEA'], ['IDA', 'IMP', 'IEA'], ['IGI', 'ISS', 'IBA', 'IEA'], ['TAS'], ['IBA'], ['IBA', 'TAS', 'NAS', 'IC', 'IEA'], ['IDA', 'IBA', 'TAS'], ['IDA', 'ISS', 'IBA', 'IEA'], ['IDA', 'IMP', 'IBA', 'TAS', 'IEA'], ['IBA', 'IEA'], ['IBA', 'TAS', 'NAS', 'IEA'], ['IEA'], ['IDA', 'IBA', 'IEA'], ['IDA', 'IMP'], ['IDA', 'IBA', 'IEA'], ['IBA', 'IEA']]"
GO:0006401,RNA catabolic process,0.015917428508506738,7,161,313,"['ROCK1', 'TNRC6B', 'SLIRP', 'RIDA', 'NCBP1', 'PRKCA', 'TENT5B']","[['ISS', 'IEA'], ['IMP', 'IBA'], ['IEA'], ['IDA', 'IBA'], ['IDA', 'IMP', 'IBA', 'NAS', 'IEA'], ['TAS'], ['IBA']]"
GO:0120025,plasma membrane bounded cell projection,0.016557607113953862,23,161,2422,"['ROCK1', 'RGS11', 'MYH9', 'BLOC1S6', 'SLC17A7', 'CCDC88A', 'AAK1', 'STK11', 'SLIRP', 'TSHZ3', 'GNG13', 'EPHB2', 'SLC22A14', 'ADGRL3', 'PRKCA', 'SLC6A1', 'CKAP2L', 'CTNND2', 'GPR37', 'LRIT3', 'AKAP14', 'PDLIM7', 'OPN1MW3']","[['ISS', 'IEA'], ['IBA'], ['IDA', 'IEA'], ['IEA'], ['IEA'], ['IDA', 'IEA'], ['ISS'], ['IDA'], ['IEA'], ['IEA'], ['IEA'], ['ISS', 'IBA', 'IEA'], ['IEA'], ['ISS', 'IBA', 'IEA'], ['IDA'], ['ISS', 'IBA'], ['IDA'], ['IEA'], ['IEA'], ['IEA'], ['IDA'], ['IEA'], ['IBA', 'IEA']]"
GO:0044344,cellular response to fibroblast growth factor stimulus,0.016561390454710674,5,161,153,"['FLT1', 'SHOC2', 'EPHB2', 'KIT', 'LRIT3']","[['IEA'], ['NAS'], ['IEA'], ['IEA'], ['IDA']]"
GO:0045597,positive regulation of cell differentiation,0.01708196133679851,12,161,849,"['SPEN', 'BLOC1S6', 'ENG', 'SHOC2', 'FN1', 'STK11', 'EPHB2', 'PRKCA', 'KIT', 'IL13', 'MTURN', 'HLA-DRB1']","[['IMP'], ['IDA'], ['ISS', 'IEA'], ['IEA'], ['IEA'], ['IEA'], ['IEA'], ['ISS'], ['IDA', 'IEA'], ['NAS'], ['IMP', 'IBA'], ['IDA']]"
GO:0030001,metal ion transport,0.01774332019168894,12,161,854,"['ABCC8', 'NEDD4', 'NDFIP2', 'SLC17A7', 'DMPK', 'ATP7B', 'SLC6A1', 'IL13', 'CXCL10', 'P2RY6', 'NKAIN3', 'BPIFA1']","[['ISS', 'TAS', 'NAS', 'IEA'], ['IDA'], ['IEA'], ['ISS', 'IEA'], ['IEA'], ['IDA', 'IMP', 'IGI', 'IBA', 'IEA'], ['IDA', 'IBA'], ['IEA'], ['IDA'], ['ISS', 'TAS'], ['IBA', 'IEA'], ['IDA']]"
GO:0071635,negative regulation of transforming growth factor beta production,0.01774332019168894,2,161,10,"['FN1', 'IL13']","[['IDA'], ['IEA']]"
GO:0032880,regulation of protein localization,0.01776747660453155,12,161,855,"['ABCC8', 'NDFIP2', 'CCDC88A', 'AAK1', 'STK11', 'ACVR1C', 'ANO1', 'EPHB2', 'SIRT3', 'PRKCA', 'IL13', 'HLA-DRB1']","[['IEA'], ['IMP'], ['IMP'], ['IDA'], ['IEA'], ['IEA'], ['IMP', 'IGI'], ['ISS', 'IEA'], ['IEA'], ['TAS'], ['IEA'], ['IMP']]"
GO:0040011,locomotion,0.01776747660453155,15,161,1229,"['ABCC8', 'ROCK1', 'PLXNA2', 'FLT1', 'ENG', 'FN1', 'ACVR1C', 'EPHB2', 'CHST4', 'PRKCA', 'KIT', 'CXCL10', 'GPR37', 'GCSAM', 'FOXC2']","[['IEA'], ['IDA', 'TAS'], ['ISS', 'IBA', 'IEA'], ['IDA', 'IBA', 'IEA'], ['IDA', 'IMP'], ['IDA'], ['IDA'], ['IGI'], ['ISS'], ['IDA', 'IMP'], ['IDA', 'IBA', 'IEA'], ['IDA', 'IMP', 'IBA', 'TAS', 'IEA'], ['IEA'], ['IMP', 'IBA', 'IEA'], ['ISS', 'IEA']]"
GO:0043269,regulation of monoatomic ion transport,0.018630564713680964,8,161,420,"['ABCC8', 'NEDD4', 'DMPK', 'IL13', 'CXCL10', 'P2RY6', 'NKAIN3', 'BPIFA1']","[['IEA'], ['IDA'], ['IEA'], ['IEA'], ['IDA'], ['ISS', 'TAS'], ['IBA', 'IEA'], ['IDA']]"
GO:0048870,cell motility,0.018630564713680964,19,161,1777,"['ABCC8', 'ROCK1', 'PLXNA2', 'MYH9', 'FLT1', 'ENG', 'CCDC88A', 'FN1', 'SLIRP', 'ACVR1C', 'EPHB2', 'CHST4', 'SLC22A14', 'ADGRL3', 'PRKCA', 'KIT', 'CXCL10', 'GCSAM', 'FOXC2']","[['IEA'], ['IDA', 'ISS', 'TAS', 'IEA'], ['ISS', 'IBA', 'IEA'], ['IMP', 'NAS', 'IEA'], ['IDA', 'IMP', 'IBA'], ['IDA', 'IMP', 'IEA'], ['IMP'], ['IDA'], ['IEA'], ['IDA'], ['IGI', 'IEA'], ['ISS'], ['IEA'], ['ISS'], ['IDA', 'IMP'], ['IDA', 'ISS', 'IBA', 'IEA'], ['IDA', 'IMP', 'IBA', 'IEA'], ['IMP', 'IBA', 'IEA'], ['ISS', 'IEA']]"
GO:0006954,inflammatory response,0.019203937374077135,12,161,865,"['FN1', 'THEMIS2', 'EPHB2', 'CHST4', 'PRKCA', 'KIT', 'IL13', 'CXCL10', 'CERS6', 'NLRP13', 'CHST1', 'HLA-DRB1']","[['IEA'], ['IEA'], ['IEA'], ['IEA'], ['ISS'], ['ISS', 'IEA'], ['IGI', 'IBA', 'TAS', 'IEA'], ['IBA', 'TAS', 'IEA'], ['IEA'], ['IBA'], ['IEA'], ['IDA']]"
GO:0006357,regulation of transcription by RNA polymerase II,0.01960609105454192,25,161,2666,"['PPP1R12A', 'SPEN', 'NEDD4', 'KDM5A', 'NOTCH3', 'ENG', 'FRK', 'NKTR', 'TSHZ3', 'ZNF835', 'HOXD13', 'CCNT1', 'ZNF331', 'NCBP1', 'HMG20A', 'MED9', 'MBIP', 'ZNF148', 'ZNF91', 'IL13', 'CXCL10', 'FOXC2', 'ZNF678', 'ZNF93', 'ZNF772']","[['IDA'], ['IDA', 'IBA'], ['IMP'], ['IEA'], ['IEA'], ['IDA', 'ISS', 'IEA'], ['IDA'], ['IEA'], ['IBA'], ['IBA'], ['IMP', 'IBA', 'IEA'], ['IDA', 'IBA', 'IEA'], ['IEA'], ['NAS'], ['IEA'], ['NAS', 'IEA'], ['IDA', 'ISS'], ['EXP', 'IDA', 'IBA', 'IEA'], ['IBA', 'IEA'], ['IGI'], ['TAS'], ['IDA', 'ISS', 'IBA', 'IEA'], ['IEA'], ['IBA', 'IEA'], ['IBA']]"
GO:0071774,response to fibroblast growth factor,0.01960609105454192,5,161,161,"['FLT1', 'SHOC2', 'EPHB2', 'KIT', 'LRIT3']","[['IEA'], ['NAS'], ['IEA'], ['IEA'], ['IDA']]"
GO:0007596,blood coagulation,0.01960609105454192,6,161,240,"['TFPI', 'MYH9', 'BLOC1S6', 'VWF', 'EPHB2', 'PRKCA']","[['IDA', 'TAS', 'IEA'], ['HMP'], ['IEA'], ['IDA', 'IMP', 'IBA', 'NAS', 'IEA'], ['IMP'], ['IDA']]"
GO:0009790,embryo development,0.02003125439010288,14,161,1120,"['ROCK1', 'PLXNA2', 'MYH9', 'FLT1', 'ENG', 'FN1', 'ACVR1C', 'HOXD13', 'EPHB2', 'GINS4', 'MBIP', 'KIT', 'RBPMS2', 'FOXC2']","[['IBA'], ['IEA'], ['IEA'], ['ISS'], ['ISS', 'IEA'], ['IDA'], ['IDA'], ['IEA'], ['ISS', 'IEA'], ['IEA'], ['ISS', 'ISO', 'IEA'], ['ISS', 'IEA'], ['ISS'], ['IEA']]"
GO:1905063,regulation of vascular associated smooth muscle cell differentiation,0.02036629354751453,2,161,11,"['ENG', 'KIT']","[['ISS', 'IEA'], ['IDA']]"
GO:0051223,regulation of protein transport,0.020663615684265647,8,161,431,"['ABCC8', 'NDFIP2', 'ACVR1C', 'ANO1', 'SIRT3', 'PRKCA', 'IL13', 'HLA-DRB1']","[['IEA'], ['IMP'], ['IEA'], ['IMP', 'IGI'], ['IEA'], ['TAS'], ['IEA'], ['IMP']]"
GO:0055085,transmembrane transport,0.020663615684265647,17,161,1523,"['ABCC8', 'NEDD4', 'BLOC1S6', 'SLC17A7', 'SHOC2', 'ATP7B', 'ATP5F1E', 'ANO1', 'SLC22A14', 'ATP5MC3', 'SLC6A1', 'IL13', 'CXCL10', 'P2RY6', 'SLC15A5', 'BPIFA1', 'GJC2']","[['ISS', 'IBA', 'NAS', 'IEA'], ['IDA'], ['IEA'], ['ISS', 'IEA'], ['IBA', 'IEA'], ['IBA', 'TAS', 'IC', 'IEA'], ['IEA'], ['IDA', 'IMP', 'IBA', 'TAS', 'IEA'], ['IEA'], ['IEA'], ['IDA', 'IBA', 'IEA'], ['IEA'], ['IDA'], ['ISS', 'TAS'], ['IBA', 'IEA'], ['IDA'], ['IEA']]"
GO:0016477,cell migration,0.020663615684265647,17,161,1522,"['ABCC8', 'ROCK1', 'PLXNA2', 'MYH9', 'FLT1', 'ENG', 'CCDC88A', 'FN1', 'ACVR1C', 'EPHB2', 'CHST4', 'ADGRL3', 'PRKCA', 'KIT', 'CXCL10', 'GCSAM', 'FOXC2']","[['IEA'], ['IDA', 'ISS', 'IEA'], ['ISS', 'IBA', 'IEA'], ['IMP', 'NAS'], ['IDA', 'IMP', 'IBA'], ['IDA', 'IMP', 'IEA'], ['IMP'], ['IDA'], ['IDA'], ['IGI', 'IEA'], ['ISS'], ['ISS'], ['IDA', 'IMP'], ['IDA', 'ISS', 'IBA', 'IEA'], ['IDA', 'IMP', 'IBA', 'IEA'], ['IMP', 'IBA', 'IEA'], ['ISS', 'IEA']]"
GO:0008104,intracellular protein localization,0.020663615684265647,23,161,2383,"['ABCC8', 'ROCK1', 'NEDD4', 'MYH9', 'NDFIP2', 'BLOC1S6', 'CCDC88A', 'AAK1', 'STK11', 'CYREN', 'ACVR1C', 'ANO1', 'RNF128', 'EPHB2', 'TGFBRAP1', 'SIRT3', 'PRKCA', 'SNX22', 'VPS39', 'IL13', 'LRIT3', 'SLC15A5', 'HLA-DRB1']","[['IEA'], ['IMP', 'IGI'], ['IPI'], ['IMP'], ['IMP'], ['IEA'], ['IDA', 'IMP'], ['IDA'], ['IEA'], ['IEA'], ['IEA'], ['IMP', 'IGI'], ['IC'], ['ISS', 'IEA'], ['IEA'], ['IEA'], ['TAS'], ['IEA'], ['IEA'], ['IEA'], ['IEA'], ['IEA'], ['IMP']]"
GO:0006814,sodium ion transport,0.020663615684265647,6,161,244,"['NEDD4', 'SLC17A7', 'DMPK', 'SLC6A1', 'NKAIN3', 'BPIFA1']","[['IDA'], ['IEA'], ['IEA'], ['IDA', 'IBA'], ['IBA', 'IEA'], ['IDA']]"
GO:0050817,coagulation,0.02078275242991712,6,161,245,"['TFPI', 'MYH9', 'BLOC1S6', 'VWF', 'EPHB2', 'PRKCA']","[['IDA', 'TAS', 'IEA'], ['HMP'], ['IEA'], ['IDA', 'IMP', 'IBA', 'NAS', 'IEA'], ['IMP'], ['IDA']]"
GO:0051222,positive regulation of protein transport,0.02110193102070541,6,161,246,"['ABCC8', 'ANO1', 'SIRT3', 'PRKCA', 'IL13', 'HLA-DRB1']","[['IEA'], ['IMP', 'IGI'], ['IEA'], ['TAS'], ['IEA'], ['IMP']]"
GO:0007599,hemostasis,0.0213247888887045,6,161,247,"['TFPI', 'MYH9', 'BLOC1S6', 'VWF', 'EPHB2', 'PRKCA']","[['IDA', 'TAS', 'IEA'], ['HMP'], ['IEA'], ['IDA', 'IMP', 'IBA', 'NAS', 'IEA'], ['IMP'], ['IDA']]"
GO:0141188,nucleic acid catabolic process,0.0213247888887045,7,161,337,"['ROCK1', 'TNRC6B', 'SLIRP', 'RIDA', 'NCBP1', 'PRKCA', 'TENT5B']","[['ISS', 'IEA'], ['IMP', 'IBA'], ['IEA'], ['IDA', 'IBA'], ['IDA', 'IMP', 'IBA', 'NAS', 'IEA'], ['TAS'], ['IBA']]"
GO:0031175,neuron projection development,0.02151790575161535,13,161,1009,"['CFLAR', 'PPP1R12A', 'ROCK1', 'NEDD4', 'BLOC1S6', 'SHOC2', 'CCDC88A', 'FN1', 'STK11', 'OMG', 'EPHB2', 'CTNND2', 'GPR37']","[['IEA'], ['IBA'], ['IGI'], ['IEP', 'ISS', 'IBA'], ['ISS', 'IEA'], ['IEA'], ['ISS'], ['IEA'], ['IEA'], ['IBA'], ['ISS', 'IBA', 'IEA'], ['IMP', 'IBA'], ['IEA']]"
GO:0006355,regulation of DNA-templated transcription,0.0218176848168555,29,161,3324,"['PPP1R12A', 'SPEN', 'NEDD4', 'KDM5A', 'NOTCH3', 'ENG', 'FRK', 'NKTR', 'TSHZ3', 'ZNF835', 'HOXD13', 'CCNT1', 'ZNF331', 'ZNF670-ZNF695', 'TGFBRAP1', 'NCBP1', 'HMG20A', 'MED9', 'MBIP', 'ZNF148', 'ZNF91', 'RNF187', 'IL13', 'CXCL10', 'FOXC2', 'ZNF678', 'ZNF93', 'HLA-DRB1', 'ZNF772']","[['IDA'], ['IDA', 'IBA'], ['IMP'], ['IDA', 'IBA', 'IEA'], ['IMP', 'IEA'], ['IDA', 'IMP', 'ISS', 'IEA'], ['IDA'], ['IEA'], ['IDA', 'IBA'], ['IBA'], ['IMP', 'IBA', 'TAS', 'IEA'], ['IDA', 'IBA', 'IEA'], ['IBA', 'IEA'], ['IEA'], ['IDA'], ['NAS'], ['NAS', 'IEA'], ['NAS', 'IEA'], ['IDA', 'IMP', 'ISS'], ['EXP', 'IDA', 'IBA', 'IEA'], ['IBA', 'IEA'], ['IMP'], ['IGI'], ['TAS'], ['IDA', 'ISS', 'IBA', 'IEA'], ['IBA', 'IEA'], ['IBA', 'IEA'], ['IDA'], ['IBA', 'IEA']]"
GO:0031346,positive regulation of cell projection organization,0.0218176848168555,7,161,339,"['CFLAR', 'SHOC2', 'CCDC88A', 'FN1', 'STK11', 'EPHB2', 'KIT']","[['IEA'], ['IEA'], ['IMP'], ['IEA'], ['IEA'], ['IEA'], ['IEA']]"
GO:0030072,peptide hormone secretion,0.0218176848168555,6,161,249,"['ABCC8', 'ACVR1C', 'ANO1', 'SIRT3', 'PRKCA', 'HLA-DRB1']","[['IEA'], ['IEA'], ['IMP', 'IGI'], ['IEA'], ['TAS'], ['IMP']]"
GO:0034220,monoatomic ion transmembrane transport,0.022007752310838458,13,161,1014,"['ABCC8', 'NEDD4', 'SLC17A7', 'SHOC2', 'ATP7B', 'ATP5F1E', 'ANO1', 'ATP5MC3', 'SLC6A1', 'IL13', 'CXCL10', 'P2RY6', 'BPIFA1']","[['ISS', 'NAS'], ['IDA'], ['IEA'], ['IEA'], ['IBA', 'TAS', 'IEA'], ['IEA'], ['IDA', 'IMP', 'IBA', 'TAS', 'IEA'], ['IEA'], ['IDA', 'IBA'], ['IEA'], ['IDA'], ['ISS', 'TAS'], ['IDA']]"
GO:0045202,synapse,0.022230207362318233,17,161,1604,"['ABCC8', 'PLEKHA5', 'ROCK1', 'MYH9', 'BLOC1S6', 'SLC17A7', 'AAK1', 'GNG13', 'ANO1', 'EPHB2', 'ADGRL3', 'SLC6A1', 'CTNND2', 'GPR37', 'SYT12', 'RPL15', 'LRIT3']","[['IEA'], ['IEA'], ['IEA'], ['IEA'], ['IEA'], ['ISS', 'IBA', 'TAS', 'IEA'], ['ISS', 'IBA', 'IEA'], ['IEA'], ['IEA'], ['TAS', 'IEA'], ['IBA'], ['IEA'], ['IBA'], ['IEA'], ['IEA'], ['IEA'], ['IEA']]"
GO:0006820,monoatomic anion transport,0.022553016916350428,5,161,170,"['SLC17A7', 'SHOC2', 'ANO1', 'SLC6A1', 'P2RY6']","[['ISS', 'IEA'], ['IEA'], ['IDA', 'IMP', 'ISS', 'IBA', 'IEA'], ['IDA'], ['IEA']]"
GO:0061024,membrane organization,0.02257084080994658,11,161,774,"['MYH9', 'BLOC1S6', 'DMPK', 'CCDC88A', 'AAK1', 'EPHB2', 'TGFBRAP1', 'PRKCA', 'MITD1', 'VPS39', 'REEP4']","[['IDA', 'IMP', 'ISS', 'IEA'], ['IEA'], ['IMP', 'IBA', 'IEA'], ['IDA'], ['TAS'], ['IEA'], ['IMP', 'IBA', 'NAS'], ['TAS'], ['IMP', 'IBA'], ['IDA', 'IBA', 'NAS'], ['IMP']]"
GO:2001141,regulation of RNA biosynthetic process,0.02257084080994658,29,161,3336,"['PPP1R12A', 'SPEN', 'NEDD4', 'KDM5A', 'NOTCH3', 'ENG', 'FRK', 'NKTR', 'TSHZ3', 'ZNF835', 'HOXD13', 'CCNT1', 'ZNF331', 'ZNF670-ZNF695', 'TGFBRAP1', 'NCBP1', 'HMG20A', 'MED9', 'MBIP', 'ZNF148', 'ZNF91', 'RNF187', 'IL13', 'CXCL10', 'FOXC2', 'ZNF678', 'ZNF93', 'HLA-DRB1', 'ZNF772']","[['IDA'], ['IDA', 'IBA'], ['IMP'], ['IDA', 'IBA', 'IEA'], ['IMP', 'IEA'], ['IDA', 'IMP', 'ISS', 'IEA'], ['IDA'], ['IEA'], ['IDA', 'IBA'], ['IBA'], ['IMP', 'IBA', 'TAS', 'IEA'], ['IDA', 'IBA', 'IEA'], ['IBA', 'IEA'], ['IEA'], ['IDA'], ['NAS'], ['NAS', 'IEA'], ['NAS', 'IEA'], ['IDA', 'IMP', 'ISS'], ['EXP', 'IDA', 'IBA', 'IEA'], ['IBA', 'IEA'], ['IMP'], ['IGI'], ['TAS'], ['IDA', 'ISS', 'IBA', 'IEA'], ['IBA', 'IEA'], ['IBA', 'IEA'], ['IDA'], ['IBA', 'IEA']]"
GO:0140096,"catalytic activity, acting on a protein",0.022576761581137333,25,161,2319,"['CFLAR', 'ROCK1', 'NEDD4', 'KDM5A', 'FLT1', 'DMPK', 'TNS2', 'FRK', 'NKTR', 'AAK1', 'STK11', 'ACVR1C', 'RNF128', 'EPHB2', 'SIRT3', 'PAM', 'TRIM7', 'PRKCA', 'KIT', 'APEH', 'RNF180', 'RNF187', 'RNF150', 'GALNT9', 'CTSE']","[['IBA', 'IEA'], ['IDA', 'IBA', 'TAS', 'NAS', 'IEA'], ['IDA', 'IMP', 'IBA', 'TAS', 'IEA'], ['IDA', 'IBA', 'TAS', 'IEA'], ['IDA', 'IMP', 'IBA', 'TAS', 'IEA'], ['IDA', 'IBA', 'IEA'], ['IDA', 'IBA', 'IEA'], ['EXP', 'IDA', 'IBA', 'TAS', 'IEA'], ['IDA', 'IBA', 'IEA'], ['ISS', 'IBA', 'TAS', 'IEA'], ['IDA', 'IBA', 'TAS', 'IEA'], ['IDA', 'IBA', 'TAS', 'IEA'], ['IBA', 'TAS', 'IEA'], ['ISS', 'IBA', 'TAS', 'IEA'], ['IDA', 'IMP', 'ISS', 'IBA', 'TAS', 'IEA'], ['IDA', 'ISS', 'IEA'], ['IDA', 'IBA'], ['EXP', 'IDA', 'IMP', 'ISS', 'IBA', 'TAS', 'IEA'], ['IDA', 'IBA', 'TAS', 'IEA'], ['IDA', 'IBA', 'TAS', 'IEA'], ['IBA', 'IEA'], ['IDA'], ['IBA'], ['IBA', 'TAS', 'NAS', 'IEA'], ['IDA', 'IBA', 'IEA']]"
GO:0007520,myoblast fusion,0.023089518278472866,3,161,47,"['CFLAR', 'MYH9', 'CXCL10']","[['ISS'], ['IEA'], ['IEA']]"
GO:0002376,immune system process,0.024154692251223034,26,161,2884,"['RB1CC1', 'ROCK1', 'NEDD4', 'MYH9', 'FLT1', 'BLOC1S6', 'FN1', 'STK11', 'CYREN', 'THEMIS2', 'DCAF15', 'JCHAIN', 'EPHB2', 'CHST4', 'TRIM7', 'IRAK1BP1', 'PRKCA', 'KIT', 'IL13', 'CXCL10', 'GCSAM', 'MTURN', 'GBP6', 'HLA-DRB1', 'CTSE', 'BPIFA1']","[['IEA'], ['IDA'], ['IDA'], ['NAS', 'IEA'], ['IDA'], ['IEA'], ['IDA', 'IEA'], ['IEA'], ['ISS', 'IEA'], ['ISS', 'IBA', 'IEA'], ['IMP', 'IEA'], ['IDA', 'IBA', 'NAS'], ['IMP', 'IEA'], ['ISS', 'TAS'], ['IDA', 'IBA'], ['IEA'], ['ISS'], ['IDA', 'IMP', 'ISS', 'IBA', 'IEA'], ['IGI', 'IBA', 'IEA'], ['IDA', 'IMP', 'IEP', 'IBA', 'IEA'], ['IMP', 'IBA', 'IEA'], ['IMP', 'IBA'], ['ISS', 'IBA', 'IEA'], ['IDA', 'IMP', 'IBA', 'TAS', 'NAS', 'IEA'], ['IDA', 'IBA', 'IEA'], ['IDA', 'IEP', 'IBA', 'NAS', 'IEA']]"
GO:0002790,peptide secretion,0.024154692251223034,6,161,256,"['ABCC8', 'ACVR1C', 'ANO1', 'SIRT3', 'PRKCA', 'HLA-DRB1']","[['IEA'], ['IEA'], ['IMP', 'IGI'], ['IEA'], ['TAS'], ['IMP']]"
GO:0006402,mRNA catabolic process,0.024461274409637003,6,161,257,"['ROCK1', 'TNRC6B', 'RIDA', 'NCBP1', 'PRKCA', 'TENT5B']","[['ISS', 'IEA'], ['IMP', 'IBA'], ['IDA', 'IBA'], ['IDA', 'IMP', 'IBA', 'NAS', 'IEA'], ['TAS'], ['IBA']]"
GO:0043488,regulation of mRNA stability,0.02470712895053022,5,161,175,"['ROCK1', 'TNRC6B', 'RIDA', 'PRKCA', 'TENT5B']","[['ISS', 'IEA'], ['IMP', 'IBA'], ['IDA'], ['TAS'], ['IBA']]"
GO:0035542,regulation of SNARE complex assembly,0.025129087318684237,2,161,13,"['TGFBRAP1', 'VPS39']","[['NAS'], ['NAS']]"
GO:0071705,nitrogen compound transport,0.025129087318684237,11,161,789,"['ABCC8', 'SLC17A7', 'SHOC2', 'ACVR1C', 'ANO1', 'NCBP1', 'SIRT3', 'SLC22A14', 'PRKCA', 'SLC6A1', 'HLA-DRB1']","[['IEA'], ['ISS', 'IEA'], ['IBA'], ['IEA'], ['IMP', 'IGI'], ['IPI', 'IMP', 'IBA', 'NAS', 'IEA'], ['IEA'], ['IEA'], ['TAS'], ['IDA', 'ISS', 'TAS', 'IEA'], ['IMP']]"
GO:0140352,export from cell,0.025129087318684237,12,161,910,"['ABCC8', 'MYH9', 'BLOC1S6', 'ATP7B', 'ACVR1C', 'ANO1', 'SIRT3', 'PRKCA', 'KIT', 'IL13', 'SYT12', 'HLA-DRB1']","[['IEA'], ['IMP', 'ISS', 'IEA'], ['NAS', 'IEA'], ['IC'], ['IEA'], ['IMP', 'IGI'], ['IEA'], ['TAS'], ['IMP'], ['IEA'], ['IBA', 'IEA'], ['IMP']]"
GO:0051094,positive regulation of developmental process,0.025992428096777008,15,161,1302,"['SPEN', 'FLT1', 'BLOC1S6', 'ENG', 'SHOC2', 'FN1', 'STK11', 'EPHB2', 'AMIGO2', 'PRKCA', 'KIT', 'IL13', 'FOXC2', 'MTURN', 'HLA-DRB1']","[['IMP'], ['IMP'], ['IDA'], ['ISS', 'IEA'], ['IEA'], ['IEA'], ['IEA'], ['ISS', 'IEA'], ['IBA', 'IEA'], ['IMP', 'ISS'], ['IDA', 'IEA'], ['NAS'], ['ISS', 'IEA'], ['IMP', 'IBA'], ['IDA']]"
GO:0036323,vascular endothelial growth factor receptor-1 signaling pathway,0.026131165884415736,3,161,50,"['FLT1', 'EPHB2', 'KIT']","[['IDA', 'IEA'], ['IEA'], ['IEA']]"
GO:0046883,regulation of hormone secretion,0.026131165884415736,6,161,262,"['ABCC8', 'ACVR1C', 'ANO1', 'SIRT3', 'PRKCA', 'HLA-DRB1']","[['IEA'], ['IEA'], ['IMP', 'IGI'], ['IEA'], ['TAS'], ['IMP']]"
GO:0032968,positive regulation of transcription elongation by RNA polymerase II,0.026131165884415736,3,161,50,"['CCNT1', 'NCBP1', 'MED9']","[['IDA'], ['NAS'], ['NAS']]"
GO:0008284,positive regulation of cell population proliferation,0.02656419725970185,12,161,920,"['CFLAR', 'NOTCH3', 'FLT1', 'FN1', 'EPHB2', 'PRKCA', 'KIT', 'RBPMS2', 'RNF187', 'IL13', 'CXCL10', 'P2RY6']","[['IEA'], ['IEA'], ['IBA', 'TAS'], ['IDA'], ['IMP'], ['IMP'], ['IBA', 'IEA'], ['ISS'], ['ISS'], ['IEA'], ['TAS', 'IEA'], ['IMP']]"
GO:0051239,regulation of multicellular organismal process,0.02656419725970185,26,161,2915,"['TFPI', 'ABCC8', 'SPEN', 'ROCK1', 'FLT1', 'BLOC1S6', 'DMPK', 'ENG', 'FN1', 'STK11', 'TSHZ3', 'ACVR1C', 'HOXD13', 'THEMIS2', 'DCAF15', 'RNF128', 'EPHB2', 'AMIGO2', 'MBIP', 'PRKCA', 'KIT', 'IL13', 'CXCL10', 'FOXC2', 'MTURN', 'HLA-DRB1']","[['IDA'], ['IEA'], ['IMP'], ['IMP', 'IGI', 'ISS'], ['IMP'], ['IEA'], ['IDA', 'IBA', 'IEA'], ['ISS', 'IEA'], ['IDA', 'IEA'], ['ISS', 'IEA'], ['ISS'], ['IDA', 'IEA'], ['IEA'], ['ISS', 'IEA'], ['IMP'], ['IEA'], ['IMP', 'ISS', 'IEA'], ['IBA', 'IEA'], ['ISS', 'ISO', 'IEA'], ['IDA', 'IMP', 'ISS'], ['IDA', 'ISS', 'IEA'], ['IGI', 'ISS', 'NAS', 'IEA'], ['IDA', 'IEA'], ['IMP', 'ISS', 'IEA'], ['IMP', 'IBA'], ['IDA', 'IMP', 'IBA']]"
GO:0009891,positive regulation of biosynthetic process,0.0278348023350903,24,161,2617,"['ABCC8', 'PPP1R12A', 'ROCK1', 'KDM5A', 'NOTCH3', 'MYH9', 'ENG', 'FN1', 'HOXD13', 'CCNT1', 'EPHB2', 'NCBP1', 'MED9', 'SIRT3', 'MBIP', 'KIT', 'TENT5B', 'ZNF148', 'RNF187', 'IL13', 'CXCL10', 'P2RY6', 'FOXC2', 'HLA-DRB1']","[['IEA'], ['IDA'], ['IMP', 'ISS'], ['IDA'], ['IMP', 'IEA'], ['ISS', 'IEA'], ['IDA', 'ISS', 'IEA'], ['IDA'], ['IMP', 'IEA'], ['IDA', 'IBA'], ['IMP', 'ISS'], ['IMP', 'NAS'], ['NAS'], ['ISS'], ['IDA'], ['IDA', 'ISS', 'IEA'], ['IMP', 'IBA'], ['IEA'], ['IMP'], ['IGI', 'ISS', 'IBA', 'IEA'], ['TAS'], ['IDA', 'TAS'], ['IDA', 'ISS', 'IEA'], ['IDA']]"
GO:0051152,positive regulation of smooth muscle cell differentiation,0.02797086749567173,2,161,14,"['ENG', 'KIT']","[['ISS', 'IEA'], ['IDA']]"
GO:0034058,endosomal vesicle fusion,0.02797086749567173,2,161,14,"['TGFBRAP1', 'VPS39']","[['IMP', 'IBA', 'NAS'], ['IDA', 'IBA', 'NAS']]"
GO:0000122,negative regulation of transcription by RNA polymerase II,0.028714829862789688,12,161,931,"['SPEN', 'NEDD4', 'KDM5A', 'NOTCH3', 'ENG', 'FRK', 'HMG20A', 'MBIP', 'ZNF148', 'ZNF91', 'FOXC2', 'ZNF93']","[['IDA'], ['IMP'], ['IEA'], ['IEA'], ['IDA'], ['IDA'], ['IEA'], ['IDA'], ['EXP', 'IDA'], ['IEA'], ['ISS', 'IEA'], ['IEA']]"
GO:0007219,Notch signaling pathway,0.028714829862789688,5,161,184,"['SPEN', 'NOTCH3', 'AAK1', 'KIT', 'FOXC2']","[['IEA'], ['IBA', 'IEA'], ['IDA'], ['IEA'], ['IEA']]"
GO:0065009,regulation of molecular function,0.028945358632686203,13,161,1060,"['TFPI', 'PPP1R12A', 'ROCK1', 'NDFIP2', 'FLT1', 'CCDC88A', 'STK11', 'CCNT1', 'NCBP1', 'SIRT3', 'MITD1', 'VMA21', 'HLA-DRB1']","[['IEA'], ['IDA'], ['IDA'], ['IMP'], ['IDA'], ['IDA'], ['IDA', 'IMP'], ['TAS'], ['IMP'], ['IDA'], ['IMP'], ['TAS'], ['IDA']]"
GO:0035556,intracellular signal transduction,0.029057506239733546,26,161,2943,"['CFLAR', 'RB1CC1', 'ROCK1', 'NEDD4', 'RGS11', 'NDFIP2', 'FLT1', 'DMPK', 'ENG', 'SHOC2', 'VWF', 'CCDC88A', 'FN1', 'STK11', 'EPHB2', 'RALGPS1', 'SIRT3', 'IRAK1BP1', 'MBIP', 'PRKCA', 'KIT', 'GPR37', 'P2RY6', 'MTURN', 'SRARP', 'HLA-DRB1']","[['IEP', 'IEA'], ['IEA'], ['IMP', 'IGI', 'IBA', 'TAS', 'IEA'], ['IDA', 'IMP'], ['IEA'], ['HMP'], ['IDA', 'IMP', 'IBA'], ['IBA', 'IEA'], ['IDA', 'IMP', 'IGI'], ['IDA', 'IMP', 'IBA'], ['IDA'], ['IDA', 'ISS'], ['IDA'], ['IDA', 'IMP', 'TAS', 'IEA'], ['ISS', 'IEA'], ['IDA', 'IBA', 'NAS', 'IEA'], ['IEA'], ['ISS', 'IEA'], ['IDA'], ['IDA', 'ISS', 'IBA'], ['IMP', 'TAS', 'IEA'], ['IDA', 'IBA', 'IEA'], ['IDA'], ['IMP'], ['IMP', 'IBA'], ['IDA']]"
GO:0036215,response to stem cell factor,0.029057506239733546,3,161,53,"['FLT1', 'EPHB2', 'KIT']","[['IEA'], ['IEA'], ['IDA', 'IBA', 'IEA']]"
GO:0036216,cellular response to stem cell factor stimulus,0.029057506239733546,3,161,53,"['FLT1', 'EPHB2', 'KIT']","[['IEA'], ['IEA'], ['IDA', 'IBA', 'IEA']]"
GO:0051962,positive regulation of nervous system development,0.029057506239733546,6,161,271,"['SPEN', 'FN1', 'STK11', 'EPHB2', 'AMIGO2', 'KIT']","[['IMP'], ['IEA'], ['IEA'], ['ISS', 'IEA'], ['IBA', 'IEA'], ['IEA']]"
GO:0038109,Kit signaling pathway,0.029057506239733546,3,161,53,"['FLT1', 'EPHB2', 'KIT']","[['IEA'], ['IEA'], ['IDA', 'IBA', 'IEA']]"
GO:0070887,cellular response to chemical stimulus,0.029438505183756333,21,161,2185,"['CFLAR', 'TFPI', 'ABCC8', 'PPP1R12A', 'ROCK1', 'NEDD4', 'FLT1', 'ENG', 'SHOC2', 'TNS2', 'ANO1', 'IRS4', 'EPHB2', 'PRKCA', 'KIT', 'CXCL10', 'GPR37', 'P2RY6', 'FOXC2', 'SRARP', 'HLA-DRB1']","[['IEA'], ['IEP'], ['IEA'], ['IEA'], ['IMP'], ['IDA'], ['IDA', 'IEA'], ['IMP'], ['IEA'], ['IDA', 'IBA'], ['IMP', 'IGI'], ['IBA', 'IEA'], ['IEA'], ['IDA', 'IMP'], ['IDA', 'IEA'], ['IDA', 'IMP', 'IBA', 'IEA'], ['ISS', 'IEA'], ['IDA', 'ISS', 'IBA', 'IEA'], ['IDA'], ['IMP', 'IBA'], ['IMP']]"
GO:0070374,positive regulation of ERK1 and ERK2 cascade,0.030235631423733828,5,161,188,"['CFLAR', 'PRKCA', 'P2RY6', 'MTURN', 'HLA-DRB1']","[['IEA'], ['ISS'], ['IDA'], ['IMP'], ['IDA']]"
GO:0043487,regulation of RNA stability,0.030235631423733828,5,161,188,"['ROCK1', 'TNRC6B', 'RIDA', 'PRKCA', 'TENT5B']","[['ISS', 'IEA'], ['IMP', 'IBA'], ['IDA'], ['TAS'], ['IBA']]"
GO:0006366,transcription by RNA polymerase II,0.030469370306647366,25,161,2803,"['PPP1R12A', 'SPEN', 'NEDD4', 'KDM5A', 'NOTCH3', 'ENG', 'FRK', 'NKTR', 'TSHZ3', 'ZNF835', 'HOXD13', 'CCNT1', 'ZNF331', 'NCBP1', 'HMG20A', 'MED9', 'MBIP', 'ZNF148', 'ZNF91', 'IL13', 'CXCL10', 'FOXC2', 'ZNF678', 'ZNF93', 'ZNF772']","[['IDA'], ['IDA', 'IBA'], ['IMP'], ['IEA'], ['IEA'], ['IDA', 'ISS', 'IEA'], ['IDA'], ['IEA'], ['IBA'], ['IBA'], ['IMP', 'IBA', 'IEA'], ['IDA', 'IBA', 'TAS', 'IEA'], ['IEA'], ['IDA', 'NAS'], ['IEA'], ['NAS', 'IEA'], ['IDA', 'ISS'], ['EXP', 'IDA', 'IBA', 'IEA'], ['IBA', 'IEA'], ['IGI'], ['TAS'], ['IDA', 'ISS', 'IBA', 'IEA'], ['IEA'], ['IBA', 'IEA'], ['IBA']]"
GO:0017020,myosin phosphatase regulator activity,0.03110601360366581,2,161,6,"['PPP1R12A', 'DMPK']","[['IBA'], ['IDA']]"
GO:0005102,signaling receptor binding,0.03110601360366581,17,161,1337,"['CFLAR', 'NEDD4', 'MYH9', 'ENG', 'VWF', 'FRK', 'CCDC88A', 'FN1', 'AAK1', 'JCHAIN', 'IRS4', 'EPHB2', 'TGFBRAP1', 'PRKCA', 'IL13', 'CXCL10', 'HLA-DRB1']","[['IEA'], ['IDA'], ['IDA'], ['IPI', 'ISS'], ['IPI'], ['IBA'], ['IPI'], ['IDA', 'IPI', 'IMP', 'IBA', 'IEA'], ['IDA'], ['IDA', 'IMP', 'IBA', 'IEA'], ['IBA', 'IEA'], ['IEA'], ['IDA'], ['ISS'], ['IBA', 'IEA'], ['IDA', 'IBA', 'TAS', 'IEA'], ['IDA', 'IPI']]"
GO:0043169,cation binding,0.03110601360366581,38,161,4463,"['ABCC8', 'ROCK1', 'KDM5A', 'NOTCH3', 'ZNF638', 'FLT1', 'DMPK', 'TNS2', 'STK11', 'TSHZ3', 'ATP7B', 'ACVR1C', 'MCEE', 'ZNF835', 'ZNF331', 'ANO1', 'DCAF15', 'JCHAIN', 'RNF128', 'RSAD1', 'ZCCHC2', 'SIRT3', 'PAM', 'TRIM7', 'ADGRL3', 'PRKCA', 'SLC6A1', 'KIT', 'ZNF148', 'RNF180', 'ZNF91', 'RNF187', 'RNF150', 'ZNF678', 'GALNT9', 'ZNF93', 'PDLIM7', 'ZNF772']","[['IEA'], ['IEA'], ['IDA', 'IEA'], ['IEA'], ['IEA'], ['IEA'], ['IEA'], ['IEA'], ['IDA', 'IEA'], ['IEA'], ['IDA', 'IBA', 'IEA'], ['IC', 'IEA'], ['IEA'], ['IEA'], ['NAS', 'IEA'], ['IEA'], ['IEA'], ['IDA'], ['IEA'], ['IEA'], ['IEA'], ['IDA', 'IEA'], ['IDA', 'ISS', 'IEA'], ['IEA'], ['IDA', 'IEA'], ['IEA'], ['IEA'], ['IEA'], ['IEA'], ['IEA'], ['NAS', 'IEA'], ['IEA'], ['IEA'], ['IEA'], ['IEA'], ['NAS', 'IEA'], ['IEA'], ['IEA']]"
GO:0038145,macrophage colony-stimulating factor signaling pathway,0.03144548278065472,3,161,55,"['FLT1', 'EPHB2', 'KIT']","[['IEA'], ['IEA'], ['IEA']]"
GO:1904427,positive regulation of calcium ion transmembrane transport,0.03144548278065472,3,161,55,"['IL13', 'CXCL10', 'P2RY6']","[['IEA'], ['IDA'], ['ISS', 'TAS']]"
GO:0070201,regulation of establishment of protein localization,0.03154720637865298,8,161,478,"['ABCC8', 'NDFIP2', 'ACVR1C', 'ANO1', 'SIRT3', 'PRKCA', 'IL13', 'HLA-DRB1']","[['IEA'], ['IMP'], ['IEA'], ['IMP', 'IGI'], ['IEA'], ['TAS'], ['IEA'], ['IMP']]"
GO:0061013,regulation of mRNA catabolic process,0.0316588450601182,5,161,191,"['ROCK1', 'TNRC6B', 'RIDA', 'PRKCA', 'TENT5B']","[['ISS', 'IEA'], ['IMP', 'IBA'], ['IDA'], ['TAS'], ['IBA']]"
GO:1904951,positive regulation of establishment of protein localization,0.031995575092608475,6,161,279,"['ABCC8', 'ANO1', 'SIRT3', 'PRKCA', 'IL13', 'HLA-DRB1']","[['IEA'], ['IMP', 'IGI'], ['IEA'], ['TAS'], ['IEA'], ['IMP']]"
GO:0046872,metal ion binding,0.03229883809158801,37,161,4366,"['ABCC8', 'ROCK1', 'KDM5A', 'NOTCH3', 'ZNF638', 'FLT1', 'DMPK', 'TNS2', 'STK11', 'TSHZ3', 'ATP7B', 'ACVR1C', 'MCEE', 'ZNF835', 'ZNF331', 'ANO1', 'DCAF15', 'RNF128', 'RSAD1', 'ZCCHC2', 'SIRT3', 'PAM', 'TRIM7', 'ADGRL3', 'PRKCA', 'SLC6A1', 'KIT', 'ZNF148', 'RNF180', 'ZNF91', 'RNF187', 'RNF150', 'ZNF678', 'GALNT9', 'ZNF93', 'PDLIM7', 'ZNF772']","[['IEA'], ['IEA'], ['IDA', 'IEA'], ['IEA'], ['IEA'], ['IEA'], ['IEA'], ['IEA'], ['IDA', 'IEA'], ['IEA'], ['IDA', 'IBA', 'IEA'], ['IC', 'IEA'], ['IEA'], ['IEA'], ['NAS', 'IEA'], ['IEA'], ['IEA'], ['IEA'], ['IEA'], ['IEA'], ['IDA', 'IEA'], ['IDA', 'ISS', 'IEA'], ['IEA'], ['IDA', 'IEA'], ['IEA'], ['IEA'], ['IEA'], ['IEA'], ['IEA'], ['NAS', 'IEA'], ['IEA'], ['IEA'], ['IEA'], ['IEA'], ['NAS', 'IEA'], ['IEA'], ['IEA']]"
GO:0001517,N-acetylglucosamine 6-O-sulfotransferase activity,0.03229883809158801,2,161,7,"['CHST4', 'CHST1']","[['IDA', 'IBA', 'TAS'], ['IBA']]"
GO:0048468,cell development,0.03238454170759977,25,161,2822,"['CFLAR', 'ABCC8', 'PPP1R12A', 'SPEN', 'ROCK1', 'NEDD4', 'MYH9', 'BLOC1S6', 'ENG', 'SHOC2', 'CCDC88A', 'FN1', 'STK11', 'SLIRP', 'OMG', 'ANO1', 'EPHB2', 'SLC22A14', 'PRKCA', 'KIT', 'CTNND2', 'GPR37', 'FOXC2', 'MTURN', 'HLA-DRB1']","[['ISS', 'IBA', 'IEA'], ['IEA'], ['IBA'], ['IMP'], ['IMP', 'IGI', 'IEA'], ['IEP', 'ISS', 'IBA'], ['IMP', 'IEP'], ['ISS', 'IEA'], ['ISS', 'IEA'], ['IEA'], ['ISS'], ['IDA', 'IEA'], ['IEA'], ['IEA'], ['IBA'], ['ISS'], ['ISS', 'IBA', 'IEA'], ['IEA'], ['ISS'], ['ISS', 'IBA', 'TAS', 'IEA'], ['IMP', 'IBA'], ['IEA'], ['IEA'], ['IMP', 'IBA'], ['IDA']]"
GO:0035790,platelet-derived growth factor receptor-alpha signaling pathway,0.03238454170759977,3,161,56,"['FLT1', 'EPHB2', 'KIT']","[['IEA'], ['IEA'], ['IEA']]"
GO:0006351,DNA-templated transcription,0.032384780183356346,29,161,3458,"['PPP1R12A', 'SPEN', 'NEDD4', 'KDM5A', 'NOTCH3', 'ENG', 'FRK', 'NKTR', 'TSHZ3', 'ZNF835', 'HOXD13', 'CCNT1', 'ZNF331', 'ZNF670-ZNF695', 'TGFBRAP1', 'NCBP1', 'HMG20A', 'MED9', 'MBIP', 'ZNF148', 'ZNF91', 'RNF187', 'IL13', 'CXCL10', 'FOXC2', 'ZNF678', 'ZNF93', 'HLA-DRB1', 'ZNF772']","[['IDA'], ['IDA', 'IBA'], ['IMP'], ['IDA', 'IBA', 'IEA'], ['IMP', 'IEA'], ['IDA', 'IMP', 'ISS', 'IEA'], ['IDA'], ['IEA'], ['IDA', 'IBA'], ['IBA'], ['IMP', 'IBA', 'TAS', 'IEA'], ['IDA', 'IBA', 'TAS', 'IEA'], ['IBA', 'IEA'], ['IEA'], ['IDA'], ['IDA', 'NAS'], ['NAS', 'IEA'], ['NAS', 'IEA'], ['IDA', 'IMP', 'ISS'], ['EXP', 'IDA', 'IBA', 'IEA'], ['IBA', 'IEA'], ['IMP'], ['IGI'], ['TAS'], ['IDA', 'ISS', 'IBA', 'IEA'], ['IBA', 'IEA'], ['IBA', 'IEA'], ['IDA'], ['IBA', 'IEA']]"
GO:0032940,secretion by cell,0.032921981711674396,11,161,832,"['ABCC8', 'MYH9', 'BLOC1S6', 'ACVR1C', 'ANO1', 'SIRT3', 'PRKCA', 'KIT', 'IL13', 'SYT12', 'HLA-DRB1']","[['IEA'], ['IMP', 'ISS', 'IEA'], ['NAS', 'IEA'], ['IEA'], ['IMP', 'IGI'], ['IEA'], ['TAS'], ['IMP'], ['IEA'], ['IBA', 'IEA'], ['IMP']]"
GO:0072109,glomerular mesangium development,0.033108676548977284,2,161,16,"['CFLAR', 'FOXC2']","[['IEA'], ['IEA']]"
GO:0051241,negative regulation of multicellular organismal process,0.033108676548977284,13,161,1088,"['TFPI', 'ABCC8', 'ROCK1', 'FN1', 'STK11', 'ACVR1C', 'RNF128', 'EPHB2', 'PRKCA', 'IL13', 'CXCL10', 'FOXC2', 'HLA-DRB1']","[['IDA'], ['IEA'], ['IMP'], ['IDA', 'IEA'], ['ISS', 'IEA'], ['IDA'], ['IEA'], ['IEA'], ['ISS'], ['NAS', 'IEA'], ['IDA', 'IEA'], ['IMP'], ['IMP']]"
GO:0031547,brain-derived neurotrophic factor receptor signaling pathway,0.033334475651192685,3,161,57,"['FLT1', 'EPHB2', 'KIT']","[['IEA'], ['IEA'], ['IEA']]"
GO:0004672,protein kinase activity,0.033823507350436315,10,161,578,"['ROCK1', 'FLT1', 'DMPK', 'FRK', 'AAK1', 'STK11', 'ACVR1C', 'EPHB2', 'PRKCA', 'KIT']","[['IDA', 'IBA', 'TAS', 'NAS', 'IEA'], ['IDA', 'IMP', 'IBA', 'TAS', 'IEA'], ['IDA', 'IBA', 'IEA'], ['EXP', 'IDA', 'IBA', 'TAS', 'IEA'], ['ISS', 'IBA', 'TAS', 'IEA'], ['IDA', 'IBA', 'TAS', 'IEA'], ['IDA', 'IBA', 'TAS', 'IEA'], ['ISS', 'IBA', 'TAS', 'IEA'], ['EXP', 'IDA', 'IMP', 'ISS', 'IBA', 'TAS', 'IEA'], ['IDA', 'IBA', 'TAS', 'IEA']]"
GO:2000241,regulation of reproductive process,0.034026602854234596,5,161,196,"['MYH9', 'STK11', 'ACVR1C', 'HOXD13', 'KIT']","[['ISS', 'IEA'], ['IEA'], ['IDA'], ['IEA'], ['IEA']]"
GO:0005006,epidermal growth factor receptor activity,0.03440028425395056,3,161,51,"['FLT1', 'EPHB2', 'KIT']","[['IEA'], ['IEA'], ['IEA']]"
GO:0036094,small molecule binding,0.03440028425395056,47,161,6326,"['ABCC8', 'PLEKHA5', 'ROCK1', 'KDM5A', 'NOTCH3', 'ZNF638', 'MYH9', 'FLT1', 'DMPK', 'ENG', 'TNS2', 'FRK', 'MDN1', 'AAK1', 'STK11', 'TSHZ3', 'ATP7B', 'ACVR1C', 'MCEE', 'ZNF835', 'ZNF331', 'ANO1', 'DCAF15', 'JCHAIN', 'RNF128', 'EPHB2', 'RSAD1', 'ZCCHC2', 'SIRT3', 'PAM', 'TRIM7', 'ADGRL3', 'PRKCA', 'SLC6A1', 'KIT', 'ZNF148', 'RNF180', 'ZNF91', 'RNF187', 'RNF150', 'NLRP13', 'ZNF678', 'GALNT9', 'GBP6', 'ZNF93', 'PDLIM7', 'ZNF772']","[['IEA'], ['IBA', 'IEA'], ['IEA'], ['IDA', 'IEA'], ['IEA'], ['IEA'], ['IDA', 'IEA'], ['IEA'], ['IDA', 'IEA'], ['IDA'], ['IEA'], ['IEA'], ['IEA'], ['IEA'], ['IDA', 'IEA'], ['IEA'], ['IDA', 'IBA', 'IEA'], ['IC', 'IEA'], ['IEA'], ['IEA'], ['NAS', 'IEA'], ['IEA'], ['IPI', 'IEA'], ['IDA'], ['IEA'], ['IEA'], ['IBA', 'IEA'], ['IEA'], ['IDA', 'IBA', 'IEA'], ['IDA', 'ISS', 'IEA'], ['IEA'], ['IDA', 'IEA'], ['IEA'], ['IEA'], ['IEA'], ['IEA'], ['IEA'], ['NAS', 'IEA'], ['IEA'], ['IEA'], ['IEA'], ['IEA'], ['IEA'], ['IBA', 'IEA'], ['NAS', 'IEA'], ['IEA'], ['IEA']]"
GO:0036332,placental growth factor receptor activity,0.03440028425395056,3,161,50,"['FLT1', 'EPHB2', 'KIT']","[['IDA', 'IEA'], ['IEA'], ['IEA']]"
GO:0060175,brain-derived neurotrophic factor receptor activity,0.03440028425395056,3,161,50,"['FLT1', 'EPHB2', 'KIT']","[['IEA'], ['IEA'], ['IEA']]"
GO:0008288,boss receptor activity,0.03440028425395056,3,161,50,"['FLT1', 'EPHB2', 'KIT']","[['IEA'], ['IEA'], ['IEA']]"
GO:0005030,neurotrophin receptor activity,0.03440028425395056,3,161,52,"['FLT1', 'EPHB2', 'KIT']","[['IEA'], ['IEA'], ['IEA']]"
GO:0008270,zinc ion binding,0.03440028425395056,21,161,2126,"['ROCK1', 'KDM5A', 'ZNF638', 'TNS2', 'TSHZ3', 'ZNF835', 'ZNF331', 'RNF128', 'ZCCHC2', 'SIRT3', 'PAM', 'TRIM7', 'PRKCA', 'ZNF148', 'RNF180', 'ZNF91', 'RNF187', 'RNF150', 'ZNF678', 'ZNF93', 'ZNF772']","[['IEA'], ['IDA', 'IEA'], ['IEA'], ['IEA'], ['IEA'], ['IEA'], ['NAS', 'IEA'], ['IEA'], ['IEA'], ['IDA', 'IEA'], ['IDA'], ['IEA'], ['IEA'], ['IEA'], ['IEA'], ['NAS', 'IEA'], ['IEA'], ['IEA'], ['IEA'], ['NAS', 'IEA'], ['IEA']]"
GO:0003824,catalytic activity,0.03440028425395056,43,161,5609,"['CFLAR', 'ABCC8', 'ROCK1', 'NEDD4', 'KDM5A', 'RGS11', 'MYH9', 'FLT1', 'DMPK', 'TNS2', 'FRK', 'MDN1', 'NKTR', 'AAK1', 'STK11', 'ATP7B', 'ACVR1C', 'ATP5F1E', 'MCEE', 'COQ3', 'RIDA', 'RNF128', 'EPHB2', 'RSAD1', 'CHST4', 'SIRT3', 'PAM', 'TRIM7', 'TMEM86A', 'PRKCA', 'KIT', 'TENT5B', 'APEH', 'RNF180', 'RNF187', 'RNF150', 'PGAM1', 'CERS6', 'CHST1', 'PUS1', 'GALNT9', 'GBP6', 'CTSE']","[['IBA', 'IEA'], ['IEA'], ['IDA', 'IBA', 'TAS', 'NAS', 'IEA'], ['IDA', 'IMP', 'IBA', 'TAS', 'IEA'], ['IDA', 'IBA', 'TAS', 'IEA'], ['TAS'], ['IDA', 'IBA'], ['IDA', 'IMP', 'IBA', 'TAS', 'IEA'], ['IDA', 'IBA', 'IEA'], ['IDA', 'IBA', 'IEA'], ['EXP', 'IDA', 'IBA', 'TAS', 'IEA'], ['IEA'], ['IDA', 'IBA', 'IEA'], ['ISS', 'IBA', 'TAS', 'IEA'], ['IDA', 'IBA', 'TAS', 'IEA'], ['IEA'], ['IDA', 'IBA', 'TAS', 'IEA'], ['IDA', 'IBA', 'IEA'], ['IDA', 'IBA', 'TAS', 'IEA'], ['IDA', 'IGI', 'IBA', 'TAS', 'IEA'], ['ISS', 'IBA', 'TAS', 'IEA'], ['IBA', 'TAS', 'IEA'], ['ISS', 'IBA', 'TAS', 'IEA'], ['IEA'], ['IDA', 'IBA', 'TAS', 'IEA'], ['IDA', 'IMP', 'ISS', 'IBA', 'TAS', 'IEA'], ['IDA', 'ISS', 'IBA', 'IEA'], ['IDA', 'IBA', 'IEA'], ['IDA', 'IBA', 'IEA'], ['EXP', 'IDA', 'IMP', 'ISS', 'IBA', 'TAS', 'IEA'], ['IDA', 'IBA', 'TAS', 'IEA'], ['IDA', 'IBA', 'IEA'], ['IDA', 'IBA', 'TAS', 'IEA'], ['IBA', 'IEA'], ['IDA', 'IEA'], ['IBA'], ['EXP', 'IDA', 'IMP', 'NAS', 'IEA'], ['IDA', 'IBA', 'TAS', 'IEA'], ['IDA', 'IBA', 'TAS', 'IEA'], ['EXP', 'IDA', 'IMP', 'IBA', 'IEA'], ['IBA', 'TAS', 'NAS', 'IEA'], ['IBA', 'IEA'], ['IDA', 'IBA', 'IEA']]"
GO:0005019,platelet-derived growth factor beta-receptor activity,0.03440028425395056,3,161,51,"['FLT1', 'EPHB2', 'KIT']","[['IEA'], ['IEA'], ['IEA']]"
GO:0005020,stem cell factor receptor activity,0.03440028425395056,3,161,50,"['FLT1', 'EPHB2', 'KIT']","[['IEA'], ['IEA'], ['IEA']]"
GO:0005021,vascular endothelial growth factor receptor activity,0.03440028425395056,3,161,52,"['FLT1', 'EPHB2', 'KIT']","[['IDA', 'IMP', 'IBA', 'TAS', 'IEA'], ['IEA'], ['IEA']]"
GO:0042802,identical protein binding,0.03440028425395056,22,161,2164,"['NOTCH3', 'PLXNA2', 'MYH9', 'BLOC1S6', 'ENG', 'VWF', 'TNS2', 'CCDC88A', 'FN1', 'SRSF11', 'ANO1', 'JCHAIN', 'EPHB2', 'HMG20A', 'MBIP', 'RBM45', 'KIT', 'MITD1', 'APEH', 'RBPMS2', 'FOXC2', 'CTSE']","[['IPI'], ['IEA'], ['IDA', 'IPI'], ['IDA', 'IPI'], ['IPI', 'IEA'], ['IPI'], ['IPI'], ['IPI'], ['IPI'], ['IPI'], ['IPI', 'ISS'], ['IDA'], ['IEA'], ['IPI'], ['IPI'], ['IPI'], ['IPI'], ['IPI'], ['IPI'], ['IPI', 'IEA'], ['IPI'], ['IEA']]"
GO:0038062,protein tyrosine kinase collagen receptor activity,0.03440028425395056,3,161,50,"['FLT1', 'EPHB2', 'KIT']","[['IEA'], ['IEA'], ['IEA']]"
GO:0016740,transferase activity,0.03440028425395056,23,161,2275,"['ROCK1', 'NEDD4', 'FLT1', 'DMPK', 'FRK', 'AAK1', 'STK11', 'ACVR1C', 'COQ3', 'RNF128', 'EPHB2', 'CHST4', 'SIRT3', 'TRIM7', 'PRKCA', 'KIT', 'TENT5B', 'RNF180', 'RNF187', 'RNF150', 'CERS6', 'CHST1', 'GALNT9']","[['IDA', 'IBA', 'TAS', 'NAS', 'IEA'], ['IDA', 'IMP', 'IBA', 'TAS', 'IEA'], ['IDA', 'IMP', 'IBA', 'TAS', 'IEA'], ['IDA', 'IBA', 'IEA'], ['EXP', 'IDA', 'IBA', 'TAS', 'IEA'], ['ISS', 'IBA', 'TAS', 'IEA'], ['IDA', 'IBA', 'TAS', 'IEA'], ['IDA', 'IBA', 'TAS', 'IEA'], ['IDA', 'IGI', 'IBA', 'TAS', 'IEA'], ['IBA', 'TAS', 'IEA'], ['ISS', 'IBA', 'TAS', 'IEA'], ['IDA', 'IBA', 'TAS', 'IEA'], ['IDA', 'IMP', 'ISS', 'IBA', 'TAS', 'IEA'], ['IDA', 'IBA', 'IEA'], ['EXP', 'IDA', 'IMP', 'ISS', 'IBA', 'TAS', 'IEA'], ['IDA', 'IBA', 'TAS', 'IEA'], ['IDA', 'IBA', 'IEA'], ['IBA', 'IEA'], ['IDA', 'IEA'], ['IBA'], ['IDA', 'IBA', 'TAS', 'IEA'], ['IDA', 'IBA', 'TAS', 'IEA'], ['IBA', 'TAS', 'NAS', 'IEA']]"
GO:0016773,"phosphotransferase activity, alcohol group as acceptor",0.03440028425395056,10,161,687,"['ROCK1', 'FLT1', 'DMPK', 'FRK', 'AAK1', 'STK11', 'ACVR1C', 'EPHB2', 'PRKCA', 'KIT']","[['IDA', 'IBA', 'TAS', 'NAS', 'IEA'], ['IDA', 'IMP', 'IBA', 'TAS', 'IEA'], ['IDA', 'IBA', 'IEA'], ['EXP', 'IDA', 'IBA', 'TAS', 'IEA'], ['ISS', 'IBA', 'TAS', 'IEA'], ['IDA', 'IBA', 'TAS', 'IEA'], ['IDA', 'IBA', 'TAS', 'IEA'], ['ISS', 'IBA', 'TAS', 'IEA'], ['EXP', 'IDA', 'IMP', 'ISS', 'IBA', 'TAS', 'IEA'], ['IDA', 'IBA', 'TAS', 'IEA']]"
GO:0019199,transmembrane receptor protein kinase activity,0.03440028425395056,4,161,80,"['FLT1', 'ACVR1C', 'EPHB2', 'KIT']","[['IDA', 'IMP', 'IBA', 'TAS', 'IEA'], ['IDA', 'IBA', 'IEA'], ['ISS', 'IBA', 'TAS', 'IEA'], ['IDA', 'IBA', 'IEA']]"
GO:0043167,ion binding,0.03440028425395056,46,161,6139,"['ABCC8', 'PLEKHA5', 'ROCK1', 'KDM5A', 'NOTCH3', 'ZNF638', 'MYH9', 'FLT1', 'DMPK', 'TNS2', 'FRK', 'MDN1', 'AAK1', 'STK11', 'TSHZ3', 'ATP7B', 'ACVR1C', 'MCEE', 'ZNF835', 'ZNF331', 'ANO1', 'DCAF15', 'JCHAIN', 'RNF128', 'EPHB2', 'RSAD1', 'ZCCHC2', 'SIRT3', 'PAM', 'TRIM7', 'ADGRL3', 'PRKCA', 'SLC6A1', 'KIT', 'ZNF148', 'RNF180', 'ZNF91', 'RNF187', 'RNF150', 'NLRP13', 'ZNF678', 'GALNT9', 'GBP6', 'ZNF93', 'PDLIM7', 'ZNF772']","[['IEA'], ['IBA', 'IEA'], ['IEA'], ['IDA', 'IEA'], ['IEA'], ['IEA'], ['IDA', 'IEA'], ['IEA'], ['IDA', 'IEA'], ['IEA'], ['IEA'], ['IEA'], ['IEA'], ['IDA', 'IEA'], ['IEA'], ['IDA', 'IBA', 'IEA'], ['IC', 'IEA'], ['IEA'], ['IEA'], ['NAS', 'IEA'], ['IEA'], ['IEA'], ['IDA'], ['IEA'], ['IEA'], ['IEA'], ['IEA'], ['IDA', 'IBA', 'IEA'], ['IDA', 'ISS', 'IEA'], ['IEA'], ['IDA', 'IEA'], ['IEA'], ['IEA'], ['IEA'], ['IEA'], ['IEA'], ['NAS', 'IEA'], ['IEA'], ['IEA'], ['IEA'], ['IEA'], ['IEA'], ['IBA', 'IEA'], ['NAS', 'IEA'], ['IEA'], ['IEA']]"
GO:0005007,fibroblast growth factor receptor activity,0.03440028425395056,3,161,51,"['FLT1', 'EPHB2', 'KIT']","[['IEA'], ['IEA'], ['IEA']]"
GO:0050839,cell adhesion molecule binding,0.03440028425395056,9,161,561,"['NOTCH3', 'MYH9', 'VWF', 'FN1', 'CNN3', 'MPRIP', 'PRKCA', 'CTNND2', 'RPL15']","[['HDA'], ['IDA', 'HDA'], ['IPI'], ['IDA', 'IPI', 'IMP', 'IBA'], ['HDA'], ['HDA'], ['ISS'], ['IBA'], ['HDA']]"
GO:0005017,platelet-derived growth factor receptor activity,0.03440028425395056,3,161,51,"['FLT1', 'EPHB2', 'KIT']","[['IEA'], ['IEA'], ['IEA']]"
GO:0005011,macrophage colony-stimulating factor receptor activity,0.03440028425395056,3,161,50,"['FLT1', 'EPHB2', 'KIT']","[['IEA'], ['IEA'], ['IEA']]"
GO:0005018,platelet-derived growth factor alpha-receptor activity,0.03440028425395056,3,161,50,"['FLT1', 'EPHB2', 'KIT']","[['IEA'], ['IEA'], ['IEA']]"
GO:0005010,insulin-like growth factor receptor activity,0.03440028425395056,3,161,52,"['FLT1', 'EPHB2', 'KIT']","[['IEA'], ['IEA'], ['IEA']]"
GO:0005009,insulin receptor activity,0.03440028425395056,3,161,50,"['FLT1', 'EPHB2', 'KIT']","[['IEA'], ['IEA'], ['IEA']]"
GO:0005008,hepatocyte growth factor receptor activity,0.03440028425395056,3,161,50,"['FLT1', 'EPHB2', 'KIT']","[['IEA'], ['IEA'], ['IEA']]"
GO:0005004,GPI-linked ephrin receptor activity,0.03440028425395056,3,161,50,"['FLT1', 'EPHB2', 'KIT']","[['IEA'], ['IEA'], ['IEA']]"
GO:0032786,"positive regulation of DNA-templated transcription, elongation",0.03443922273878265,3,161,58,"['CCNT1', 'NCBP1', 'MED9']","[['IDA', 'IBA'], ['NAS'], ['NAS']]"
GO:0006998,nuclear envelope organization,0.03443922273878265,3,161,58,"['DMPK', 'PRKCA', 'REEP4']","[['IMP', 'IBA', 'IEA'], ['TAS'], ['IMP']]"
GO:0046903,secretion,0.03443922273878265,12,161,966,"['ABCC8', 'MYH9', 'BLOC1S6', 'ATP7B', 'ACVR1C', 'ANO1', 'SIRT3', 'PRKCA', 'KIT', 'IL13', 'SYT12', 'HLA-DRB1']","[['IEA'], ['IMP', 'ISS', 'IEA'], ['NAS', 'IEA'], ['IEA'], ['IEA'], ['IMP', 'IGI', 'ISS'], ['IEA'], ['TAS'], ['IMP'], ['IEA'], ['IBA', 'IEA'], ['IMP']]"
GO:0023061,signal release,0.03454190236776385,8,161,490,"['ABCC8', 'BLOC1S6', 'ACVR1C', 'ANO1', 'SIRT3', 'PRKCA', 'SYT12', 'HLA-DRB1']","[['IEA'], ['NAS'], ['IEA'], ['IMP', 'IGI'], ['IEA'], ['TAS'], ['IEA'], ['IMP']]"
GO:0050900,leukocyte migration,0.034688965276917845,7,161,385,"['ROCK1', 'MYH9', 'FLT1', 'CHST4', 'KIT', 'CXCL10', 'GCSAM']","[['IDA'], ['NAS'], ['IDA'], ['ISS'], ['IDA'], ['IDA', 'IMP', 'IBA', 'IEA'], ['IMP', 'IBA', 'IEA']]"
GO:0045934,negative regulation of nucleobase-containing compound metabolic process,0.03489492752552219,16,161,1507,"['SPEN', 'NEDD4', 'KDM5A', 'NOTCH3', 'ENG', 'FRK', 'SLIRP', 'TSHZ3', 'CYREN', 'HMG20A', 'MBIP', 'TENT5B', 'ZNF148', 'ZNF91', 'FOXC2', 'ZNF93']","[['IDA'], ['IMP'], ['IEA'], ['IEA'], ['IDA'], ['IDA'], ['IEA'], ['IDA'], ['IDA', 'IEA'], ['IEA'], ['IDA'], ['IBA'], ['EXP', 'IDA'], ['IEA'], ['ISS', 'IEA'], ['IEA']]"
GO:0042692,muscle cell differentiation,0.034897183148001026,7,161,386,"['CFLAR', 'MYH9', 'DMPK', 'ENG', 'KIT', 'RBPMS2', 'CXCL10']","[['ISS'], ['IEA'], ['ISS', 'IEA'], ['ISS', 'IEA'], ['IDA'], ['IMP', 'ISS', 'IBA'], ['IEA']]"
GO:0005005,transmembrane-ephrin receptor activity,0.035352684774551085,3,161,53,"['FLT1', 'EPHB2', 'KIT']","[['IEA'], ['ISS', 'IBA', 'TAS', 'IEA'], ['IEA']]"
GO:0005003,ephrin receptor activity,0.03538646538022728,3,161,54,"['FLT1', 'EPHB2', 'KIT']","[['IEA'], ['ISS', 'IBA', 'TAS', 'IEA'], ['IEA']]"
GO:0038064,collagen receptor activity,0.03538646538022728,3,161,54,"['FLT1', 'EPHB2', 'KIT']","[['IEA'], ['IEA'], ['IEA']]"
GO:0038063,collagen-activated tyrosine kinase receptor signaling pathway,0.03541146346286249,3,161,59,"['FLT1', 'EPHB2', 'KIT']","[['IEA'], ['IEA'], ['IEA']]"
GO:0003677,DNA binding,0.03543380534961404,23,161,2503,"['SPEN', 'KDM5A', 'ZNF638', 'PDS5B', 'PNN', 'LUC7L3', 'TSHZ3', 'CYREN', 'ZNF835', 'HOXD13', 'CCNT1', 'ZNF331', 'JCHAIN', 'HMG20A', 'SIRT3', 'ZNF148', 'ZNF91', 'CERS6', 'FOXC2', 'ZNF678', 'ZNF93', 'H2BC26', 'ZNF772']","[['IEA'], ['IDA', 'IMP', 'IEA'], ['TAS', 'IEA'], ['IDA'], ['IEA'], ['IEA'], ['IBA', 'IEA'], ['IEA'], ['IBA', 'IEA'], ['IDA', 'IBA', 'TAS', 'IEA'], ['IDA', 'IEA'], ['IBA', 'IEA'], ['IDA'], ['IEA'], ['IDA'], ['IDA', 'IBA', 'IEA'], ['IEA'], ['IEA'], ['IDA', 'ISS', 'IBA', 'IEA'], ['IBA', 'IEA'], ['IBA', 'IEA'], ['IEA'], ['IBA', 'IEA']]"
GO:0005126,cytokine receptor binding,0.03543380534961404,6,161,276,"['CFLAR', 'ENG', 'CCDC88A', 'TGFBRAP1', 'IL13', 'CXCL10']","[['IEA'], ['IPI', 'ISS'], ['IPI'], ['IDA'], ['IBA', 'IEA'], ['IDA', 'IBA', 'TAS', 'IEA']]"
GO:0043230,extracellular organelle,0.03560307135765509,20,161,2135,"['SPEN', 'NEDD4', 'MYH9', 'BLOC1S6', 'VWF', 'FRK', 'FN1', 'STK11', 'ANO1', 'JCHAIN', 'RIDA', 'PAM', 'PRKCA', 'MITD1', 'APEH', 'EML5', 'PGAM1', 'GBP6', 'KRT76', 'HLA-DRB1']","[['HDA'], ['HDA'], ['HDA'], ['IEA'], ['HDA'], ['HDA'], ['IDA', 'HDA'], ['HDA'], ['HDA'], ['HDA'], ['HDA'], ['HDA'], ['HDA'], ['HDA'], ['HDA'], ['HDA'], ['HDA'], ['HDA'], ['HDA'], ['HDA']]"
GO:1903561,extracellular vesicle,0.03560307135765509,20,161,2134,"['SPEN', 'NEDD4', 'MYH9', 'BLOC1S6', 'VWF', 'FRK', 'FN1', 'STK11', 'ANO1', 'JCHAIN', 'RIDA', 'PAM', 'PRKCA', 'MITD1', 'APEH', 'EML5', 'PGAM1', 'GBP6', 'KRT76', 'HLA-DRB1']","[['HDA'], ['HDA'], ['HDA'], ['IEA'], ['HDA'], ['HDA'], ['IDA', 'HDA'], ['HDA'], ['HDA'], ['HDA'], ['HDA'], ['HDA'], ['HDA'], ['HDA'], ['HDA'], ['HDA'], ['HDA'], ['HDA'], ['HDA'], ['HDA']]"
GO:0005615,extracellular space,0.03560307135765509,27,161,3232,"['TFPI', 'SPEN', 'NEDD4', 'MYH9', 'FLT1', 'ENG', 'VWF', 'FRK', 'FN1', 'STK11', 'RBBP8NL', 'ANO1', 'JCHAIN', 'RIDA', 'PAM', 'PRKCA', 'KIT', 'MITD1', 'APEH', 'EML5', 'IL13', 'CXCL10', 'PGAM1', 'GBP6', 'KRT76', 'HLA-DRB1', 'BPIFA1']","[['IDA', 'IBA'], ['HDA'], ['HDA'], ['HDA'], ['TAS'], ['IDA', 'IBA', 'IEA'], ['HDA', 'IBA'], ['HDA'], ['IDA', 'IPI', 'HDA', 'IEA'], ['HDA'], ['HDA'], ['HDA'], ['IDA', 'IMP', 'HDA', 'IBA', 'IEA'], ['HDA'], ['HDA'], ['HDA'], ['IDA'], ['HDA'], ['HDA'], ['HDA'], ['ISS', 'IBA', 'IEA'], ['IBA', 'IEA'], ['HDA'], ['HDA'], ['HDA'], ['HDA'], ['IDA', 'IBA']]"
GO:0065010,extracellular membrane-bounded organelle,0.03560307135765509,20,161,2135,"['SPEN', 'NEDD4', 'MYH9', 'BLOC1S6', 'VWF', 'FRK', 'FN1', 'STK11', 'ANO1', 'JCHAIN', 'RIDA', 'PAM', 'PRKCA', 'MITD1', 'APEH', 'EML5', 'PGAM1', 'GBP6', 'KRT76', 'HLA-DRB1']","[['HDA'], ['HDA'], ['HDA'], ['IEA'], ['HDA'], ['HDA'], ['IDA', 'HDA'], ['HDA'], ['HDA'], ['HDA'], ['HDA'], ['HDA'], ['HDA'], ['HDA'], ['HDA'], ['HDA'], ['HDA'], ['HDA'], ['HDA'], ['HDA']]"
GO:1903532,positive regulation of secretion by cell,0.03588161175893327,6,161,290,"['ABCC8', 'ANO1', 'SIRT3', 'PRKCA', 'IL13', 'HLA-DRB1']","[['IEA'], ['IMP', 'IGI'], ['IEA'], ['TAS'], ['IEA'], ['IMP']]"
GO:0051641,cellular localization,0.03588161175893327,23,161,2548,"['ABCC8', 'PPP1R12A', 'ROCK1', 'NEDD4', 'MYH9', 'NDFIP2', 'BLOC1S6', 'SLC17A7', 'MDN1', 'CCDC88A', 'AAK1', 'STK11', 'ATP7B', 'ANO1', 'EPHB2', 'TGFBRAP1', 'NCBP1', 'SLC6A1', 'KIT', 'VPS39', 'IL13', 'SYT12', 'HLA-DRB1']","[['IEA'], ['IEA'], ['IMP', 'IGI'], ['IDA', 'IPI'], ['IEA'], ['IEA'], ['IDA', 'ISS', 'IBA', 'NAS', 'IEA'], ['IBA', 'IEA'], ['IBA'], ['IDA', 'IBA', 'IEA'], ['IEA'], ['IMP', 'IBA', 'IEA'], ['IEA'], ['IMP', 'IGI'], ['ISS'], ['IMP', 'IEA'], ['IPI', 'IMP', 'IBA', 'NAS', 'IEA'], ['TAS'], ['IMP'], ['IDA', 'IMP', 'IEA'], ['IEA'], ['IEA'], ['IMP']]"
GO:0048699,generation of neurons,0.03599678965904384,16,161,1515,"['CFLAR', 'PPP1R12A', 'ROCK1', 'NEDD4', 'NOTCH3', 'BLOC1S6', 'SHOC2', 'CCDC88A', 'FN1', 'STK11', 'OMG', 'EPHB2', 'HMG20A', 'ADGRL3', 'CTNND2', 'GPR37']","[['IEA'], ['IBA'], ['IGI'], ['IEP', 'ISS', 'IBA'], ['IEA'], ['ISS', 'IEA'], ['IEA'], ['ISS'], ['IEA'], ['IEA'], ['IBA'], ['ISS', 'IBA', 'IEA'], ['IEA'], ['ISS'], ['IMP', 'IBA'], ['IEA']]"
GO:0009058,biosynthetic process,0.03639096709671866,67,161,10279,"['CFLAR', 'ABCC8', 'PPP1R12A', 'SPEN', 'ROCK1', 'NEDD4', 'KDM5A', 'NOTCH3', 'ZNF638', 'MYH9', 'TNRC6B', 'PNN', 'NDFIP2', 'BLOC1S6', 'ENG', 'TASOR2', 'LUC7L3', 'FRK', 'NKTR', 'FN1', 'SRSF11', 'TSHZ3', 'CYREN', 'ATP5F1E', 'ZNF835', 'HOXD13', 'CCNT1', 'ZNF331', 'COQ3', 'RIDA', 'RNF128', 'EPHB2', 'ZNF670-ZNF695', 'TGFBRAP1', 'RSAD1', 'NCBP1', 'HMG20A', 'CHST4', 'MED9', 'SIRT3', 'PAM', 'MBIP', 'PRKCA', 'ATP5MC3', 'KIT', 'TENT5B', 'ZNF148', 'APEH', 'RBPMS2', 'ZNF91', 'RNF187', 'IL13', 'CXCL10', 'GPR37', 'PGAM1', 'P2RY6', 'CERS6', 'RPL15', 'CHST1', 'FOXC2', 'PUS1', 'ZNF678', 'GALNT9', 'LRIT3', 'ZNF93', 'HLA-DRB1', 'ZNF772']","[['IEA'], ['IEA'], ['IDA'], ['IDA', 'IMP', 'IBA', 'IEA'], ['IMP', 'ISS', 'IEA'], ['IMP'], ['IDA', 'ISS', 'IBA', 'IEA'], ['IMP', 'IEA'], ['IBA', 'TAS', 'IEA'], ['ISS', 'IEA'], ['IDA', 'IMP', 'IBA', 'IEA'], ['IC', 'IEA'], ['IMP'], ['IEA'], ['IDA', 'IMP', 'ISS', 'IEA'], ['IEA'], ['IMP', 'IBA', 'IEA'], ['IDA'], ['IBA', 'IEA'], ['IDA'], ['TAS', 'IEA'], ['IDA', 'IBA', 'IEA'], ['ISS', 'IEA'], ['IDA', 'IBA', 'NAS', 'IEA'], ['IBA'], ['IMP', 'IBA', 'TAS', 'IEA'], ['IDA', 'IBA', 'TAS', 'IEA'], ['IBA', 'IEA'], ['IGI', 'TAS', 'NAS', 'IEA'], ['IDA', 'ISS', 'IBA'], ['IEA'], ['IMP', 'ISS', 'IEA'], ['IEA'], ['IDA'], ['IBA', 'IEA'], ['IDA', 'IPI', 'IMP', 'IBA', 'TAS', 'NAS', 'IEA'], ['IBA', 'NAS', 'IEA'], ['TAS'], ['NAS', 'IEA'], ['ISS'], ['ISS'], ['IDA', 'IMP', 'ISS'], ['ISS', 'TAS'], ['IBA', 'NAS', 'IEA'], ['IDA', 'ISS', 'IEA'], ['IMP', 'IBA'], ['EXP', 'IDA', 'IBA', 'IEA'], ['TAS'], ['ISS', 'IEA'], ['IDA', 'IBA', 'IEA'], ['IMP'], ['IGI', 'ISS', 'IBA', 'IEA'], ['TAS'], ['IEA'], ['TAS'], ['IDA', 'TAS'], ['IDA', 'IBA', 'TAS', 'IEA'], ['IBA', 'TAS', 'NAS', 'IC', 'IEA'], ['IDA', 'TAS'], ['IDA', 'ISS', 'IBA', 'IEA'], ['IMP', 'IBA', 'TAS', 'IEA'], ['IBA', 'IEA'], ['IBA', 'TAS', 'NAS', 'IEA'], ['IEA'], ['IDA', 'IBA', 'IEA'], ['IDA', 'IMP'], ['IBA', 'IEA']]"
GO:0051145,smooth muscle cell differentiation,0.03639096709671866,3,161,60,"['ENG', 'KIT', 'RBPMS2']","[['ISS', 'IEA'], ['IDA'], ['IMP', 'ISS', 'IBA']]"
GO:0031032,actomyosin structure organization,0.03639096709671866,5,161,202,"['CFLAR', 'ROCK1', 'MYH9', 'CCDC88A', 'CNN3']","[['ISS'], ['IBA', 'TAS'], ['IDA'], ['IMP'], ['IEA']]"
GO:0098655,monoatomic cation transmembrane transport,0.03639096709671866,11,161,851,"['ABCC8', 'SLC17A7', 'ATP7B', 'ATP5F1E', 'ANO1', 'ATP5MC3', 'SLC6A1', 'IL13', 'CXCL10', 'P2RY6', 'BPIFA1']","[['ISS', 'NAS'], ['IEA'], ['IBA', 'IEA'], ['IEA'], ['IEA'], ['IEA'], ['IDA', 'IBA'], ['IEA'], ['IDA'], ['ISS', 'TAS'], ['IDA']]"
GO:0042221,response to chemical,0.0364269741006238,31,161,3834,"['CFLAR', 'TFPI', 'ABCC8', 'PPP1R12A', 'ROCK1', 'NEDD4', 'FLT1', 'BLOC1S6', 'ENG', 'SHOC2', 'TNS2', 'ATP7B', 'ACVR1C', 'HOXD13', 'CCNT1', 'ANO1', 'IRS4', 'EPHB2', 'PAM', 'PRKCA', 'KIT', 'OR2D2', 'IL13', 'CXCL10', 'GPR37', 'P2RY6', 'FOXC2', 'GBP6', 'SRARP', 'HLA-DRB1', 'GJC2']","[['IEA'], ['IEP'], ['IEA'], ['IEA'], ['IMP', 'ISS', 'IEA'], ['IDA', 'TAS'], ['IDA', 'IEA'], ['IEA'], ['IDA', 'IMP'], ['IEA'], ['IDA', 'IBA'], ['IDA', 'IC'], ['IEA'], ['IEA'], ['IEA'], ['IMP', 'IGI'], ['IBA', 'IEA'], ['IEA'], ['IDA'], ['IDA', 'IMP'], ['IDA', 'ISS', 'IBA', 'IEA'], ['IBA', 'IEA'], ['IDA', 'IEA'], ['IDA', 'IMP', 'IBA', 'TAS', 'IEA'], ['ISS', 'IEA'], ['IDA', 'ISS', 'IBA', 'IEA'], ['IDA'], ['ISS', 'IBA'], ['IMP', 'IBA'], ['IMP'], ['IEA']]"
GO:0140253,cell-cell fusion,0.03647528908855176,3,161,61,"['CFLAR', 'MYH9', 'CXCL10']","[['ISS'], ['IEA'], ['IEA']]"
GO:0048660,regulation of smooth muscle cell proliferation,0.03647528908855176,4,161,124,"['NOTCH3', 'RBPMS2', 'IL13', 'P2RY6']","[['IEA'], ['ISS'], ['IEA'], ['IMP']]"
GO:0048012,hepatocyte growth factor receptor signaling pathway,0.03647528908855176,3,161,61,"['FLT1', 'EPHB2', 'KIT']","[['IEA'], ['IEA'], ['IEA']]"
GO:0051247,positive regulation of protein metabolic process,0.03647528908855176,11,161,855,"['NEDD4', 'MYH9', 'NDFIP2', 'FLT1', 'CCDC88A', 'STK11', 'RNF128', 'KIT', 'TENT5B', 'RNF180', 'HLA-DRB1']","[['IDA'], ['ISS', 'IEA'], ['IMP', 'IBA'], ['IDA'], ['IDA'], ['IDA', 'IMP'], ['IC'], ['IMP'], ['IMP'], ['IBA', 'IEA'], ['IDA']]"
GO:0061178,regulation of insulin secretion involved in cellular response to glucose stimulus,0.03647528908855176,3,161,61,"['ABCC8', 'ANO1', 'HLA-DRB1']","[['IEA'], ['IMP', 'IGI'], ['IMP']]"
GO:0051253,negative regulation of RNA metabolic process,0.03647528908855176,15,161,1386,"['SPEN', 'NEDD4', 'KDM5A', 'NOTCH3', 'ENG', 'FRK', 'SLIRP', 'TSHZ3', 'HMG20A', 'MBIP', 'TENT5B', 'ZNF148', 'ZNF91', 'FOXC2', 'ZNF93']","[['IDA'], ['IMP'], ['IEA'], ['IEA'], ['IDA'], ['IDA'], ['IEA'], ['IDA'], ['IEA'], ['IDA'], ['IBA'], ['EXP', 'IDA'], ['IEA'], ['ISS', 'IEA'], ['IEA']]"
GO:0000768,syncytium formation by plasma membrane fusion,0.03647528908855176,3,161,61,"['CFLAR', 'MYH9', 'CXCL10']","[['ISS'], ['IEA'], ['IEA']]"
GO:0036006,cellular response to macrophage colony-stimulating factor stimulus,0.03647528908855176,3,161,61,"['FLT1', 'EPHB2', 'KIT']","[['IEA'], ['IEA'], ['IEA']]"
GO:0001818,negative regulation of cytokine production,0.03647528908855176,6,161,293,"['FN1', 'RNF128', 'EPHB2', 'PRKCA', 'IL13', 'HLA-DRB1']","[['IDA'], ['IEA'], ['IEA'], ['ISS'], ['IEA'], ['IMP']]"
GO:0001775,cell activation,0.036663513646635094,13,161,1116,"['MYH9', 'BLOC1S6', 'VWF', 'FN1', 'STK11', 'THEMIS2', 'DCAF15', 'EPHB2', 'PRKCA', 'KIT', 'IL13', 'CXCL10', 'HLA-DRB1']","[['HMP', 'ISS', 'IEA'], ['IEA'], ['IDA', 'NAS'], ['IDA', 'IEA'], ['IEA'], ['ISS', 'IEA'], ['IMP'], ['IMP'], ['IDA'], ['IMP', 'ISS', 'IBA', 'IEA'], ['IGI', 'IEA'], ['IGI'], ['IDA', 'IMP', 'IBA']]"
GO:0021535,cell migration in hindbrain,0.0369324410210738,2,161,18,"['PLXNA2', 'EPHB2']","[['IEA'], ['IEA']]"
GO:0006044,N-acetylglucosamine metabolic process,0.0369324410210738,2,161,18,"['CHST4', 'CHST1']","[['IDA', 'IBA'], ['IBA']]"
GO:0038166,angiotensin-activated signaling pathway,0.0369324410210738,2,161,18,"['ROCK1', 'PRKCA']","[['IMP'], ['IDA']]"
GO:0000164,protein phosphatase type 1 complex,0.03748152946154474,2,161,20,"['PPP1R12A', 'SHOC2']","[['IDA'], ['IDA']]"
GO:0031399,regulation of protein modification process,0.037518082881797504,10,161,739,"['NDFIP2', 'FLT1', 'CCDC88A', 'FN1', 'STK11', 'CCNT1', 'HMG20A', 'KIT', 'RNF180', 'HLA-DRB1']","[['IMP', 'IBA'], ['IDA'], ['IDA'], ['IDA'], ['IDA', 'IMP'], ['TAS'], ['IEA'], ['IMP'], ['IEA'], ['IDA']]"
GO:0048659,smooth muscle cell proliferation,0.037518082881797504,4,161,127,"['NOTCH3', 'RBPMS2', 'IL13', 'P2RY6']","[['IEA'], ['ISS'], ['IEA'], ['IMP']]"
GO:0048598,embryonic morphogenesis,0.037518082881797504,9,161,620,"['ROCK1', 'MYH9', 'FLT1', 'ENG', 'FN1', 'HOXD13', 'EPHB2', 'RBPMS2', 'FOXC2']","[['IBA'], ['IEA'], ['ISS'], ['ISS', 'IEA'], ['IDA'], ['IEA'], ['ISS', 'IEA'], ['ISS'], ['IEA']]"
GO:0006821,chloride transport,0.037518082881797504,4,161,127,"['SLC17A7', 'ANO1', 'SLC6A1', 'P2RY6']","[['ISS', 'IEA'], ['IDA', 'IMP', 'ISS', 'IBA', 'IEA'], ['IDA'], ['IEA']]"
GO:0030234,enzyme regulator activity,0.03800606679530465,15,161,1356,"['CFLAR', 'TFPI', 'PPP1R12A', 'KDM5A', 'RGS11', 'DMPK', 'SHOC2', 'CCDC88A', 'FN1', 'STK11', 'CCNT1', 'RALGPS1', 'MBIP', 'CXCL10', 'ETFRF1']","[['IDA'], ['IBA', 'TAS', 'IEA'], ['IDA', 'IMP', 'IBA', 'IEA'], ['ISS', 'IEA'], ['IBA', 'TAS'], ['IDA'], ['TAS'], ['IDA', 'ISS', 'IEA'], ['IEA'], ['IDA', 'IEA'], ['IDA', 'IBA', 'IEA'], ['IDA', 'IBA', 'NAS', 'IEA'], ['IDA'], ['TAS'], ['IDA']]"
GO:0048814,regulation of dendrite morphogenesis,0.03803563632277814,3,161,63,"['NEDD4', 'STK11', 'EPHB2']","[['ISS', 'IBA'], ['IEA'], ['IEA']]"
GO:0034329,cell junction assembly,0.03803563632277814,8,161,509,"['ROCK1', 'PLXNA2', 'FN1', 'EPHB2', 'AMIGO2', 'ADGRL3', 'PRKCA', 'LRIT3']","[['IGI', 'ISS', 'IBA', 'TAS', 'IEA'], ['IBA'], ['IBA', 'IEA'], ['ISS', 'IEA'], ['IBA', 'IEA'], ['ISS', 'IBA'], ['IMP'], ['IEA']]"
GO:0038065,collagen-activated signaling pathway,0.03803563632277814,3,161,63,"['FLT1', 'EPHB2', 'KIT']","[['IEA'], ['IEA'], ['IEA']]"
GO:0035791,platelet-derived growth factor receptor-beta signaling pathway,0.03803563632277814,3,161,63,"['FLT1', 'EPHB2', 'KIT']","[['IEA'], ['IEA'], ['IEA']]"
GO:0014902,myotube differentiation,0.03803563632277814,4,161,128,"['CFLAR', 'MYH9', 'DMPK', 'CXCL10']","[['ISS'], ['IEA'], ['ISS', 'IEA'], ['IEA']]"
GO:0006949,syncytium formation,0.03954045290019969,3,161,64,"['CFLAR', 'MYH9', 'CXCL10']","[['ISS'], ['IEA'], ['IEA']]"
GO:0006836,neurotransmitter transport,0.03981559526108907,5,161,211,"['ABCC8', 'BLOC1S6', 'SLC17A7', 'SLC6A1', 'SYT12']","[['IEA'], ['NAS'], ['IBA', 'TAS', 'IEA'], ['TAS', 'IEA'], ['IEA']]"
GO:0015031,protein transport,0.039998162756613956,15,161,1409,"['ABCC8', 'NEDD4', 'MYH9', 'NDFIP2', 'BLOC1S6', 'ACVR1C', 'ANO1', 'TGFBRAP1', 'SIRT3', 'PRKCA', 'SNX22', 'VPS39', 'IL13', 'SLC15A5', 'HLA-DRB1']","[['IEA'], ['IPI'], ['IMP'], ['IMP'], ['IEA'], ['IEA'], ['IMP', 'IGI'], ['IEA'], ['IEA'], ['TAS'], ['IEA'], ['IEA'], ['IEA'], ['IEA'], ['IMP']]"
GO:0050803,regulation of synapse structure or activity,0.04056424127733959,6,161,305,"['ROCK1', 'NEDD4', 'SLC17A7', 'DMPK', 'EPHB2', 'AMIGO2']","[['IEA'], ['IBA'], ['IBA'], ['IEA'], ['ISS', 'IEA'], ['IBA', 'IEA']]"
GO:0033993,response to lipid,0.04056651343616649,11,161,877,"['CFLAR', 'TFPI', 'ABCC8', 'NEDD4', 'HOXD13', 'EPHB2', 'PRKCA', 'IL13', 'CXCL10', 'P2RY6', 'SRARP']","[['IEA'], ['IEP'], ['IEA'], ['IDA'], ['IEA'], ['IEA'], ['IMP'], ['IEA'], ['IMP', 'IBA', 'IEA'], ['IEA'], ['IMP', 'IBA']]"
GO:0036005,response to macrophage colony-stimulating factor,0.04056651343616649,3,161,65,"['FLT1', 'EPHB2', 'KIT']","[['IEA'], ['IEA'], ['IEA']]"
GO:0009986,cell surface,0.04136422508187275,11,161,899,"['TFPI', 'NOTCH3', 'MYH9', 'ENG', 'EPHB2', 'SLC6A1', 'KIT', 'IL13', 'CXCL10', 'GPR37', 'HLA-DRB1']","[['IDA', 'HDA'], ['IBA'], ['IDA'], ['IDA', 'IBA'], ['IEA'], ['IBA'], ['IEA'], ['IEA'], ['IEA'], ['IDA', 'IEA'], ['IDA']]"
GO:0005770,late endosome,0.04136422508187275,6,161,319,"['NDFIP2', 'ATP7B', 'RNF128', 'MITD1', 'VPS39', 'HLA-DRB1']","[['IEA'], ['IDA', 'IEA'], ['IBA', 'IEA'], ['IEA'], ['IDA', 'IEA'], ['IDA', 'IBA', 'IEA']]"
GO:0030141,secretory granule,0.04136422508187275,11,161,904,"['ROCK1', 'MYH9', 'VWF', 'FRK', 'FN1', 'SLIRP', 'PAM', 'KIT', 'APEH', 'PGAM1', 'C6orf120']","[['TAS'], ['ISS', 'IEA'], ['IDA', 'TAS', 'NAS'], ['TAS'], ['TAS'], ['IEA'], ['ISS'], ['IEA'], ['TAS'], ['TAS'], ['TAS']]"
GO:0046914,transition metal ion binding,0.04151276745432685,22,161,2396,"['ROCK1', 'KDM5A', 'ZNF638', 'TNS2', 'TSHZ3', 'ATP7B', 'ZNF835', 'ZNF331', 'RNF128', 'ZCCHC2', 'SIRT3', 'PAM', 'TRIM7', 'PRKCA', 'ZNF148', 'RNF180', 'ZNF91', 'RNF187', 'RNF150', 'ZNF678', 'ZNF93', 'ZNF772']","[['IEA'], ['IDA', 'IEA'], ['IEA'], ['IEA'], ['IEA'], ['IDA', 'IBA', 'IEA'], ['IEA'], ['NAS', 'IEA'], ['IEA'], ['IEA'], ['IDA', 'IEA'], ['IDA', 'ISS', 'IEA'], ['IEA'], ['IEA'], ['IEA'], ['IEA'], ['NAS', 'IEA'], ['IEA'], ['IEA'], ['IEA'], ['NAS', 'IEA'], ['IEA']]"
GO:0008289,lipid binding,0.04151276745432685,11,161,848,"['PLEKHA5', 'TNS2', 'CCDC88A', 'JCHAIN', 'ZCCHC2', 'PRKCA', 'ATP5MC3', 'SNX22', 'MITD1', 'SYT12', 'BPIFA1']","[['IBA', 'IEA'], ['IEA'], ['IDA'], ['IDA'], ['IEA'], ['TAS'], ['IEA'], ['IBA', 'IEA'], ['IMP'], ['IBA'], ['IEA']]"
GO:0045259,proton-transporting ATP synthase complex,0.0416569276844895,2,161,22,"['ATP5F1E', 'ATP5MC3']","[['IDA', 'IMP', 'TAS', 'NAS', 'IEA'], ['NAS', 'IEA']]"
GO:0034655,nucleobase-containing compound catabolic process,0.042042208009709855,8,161,521,"['ROCK1', 'TNRC6B', 'SLIRP', 'RIDA', 'NCBP1', 'PRKCA', 'TENT5B', 'PGAM1']","[['ISS', 'IEA'], ['IMP', 'IBA'], ['IEA'], ['IDA', 'IBA'], ['IDA', 'IMP', 'IBA', 'NAS', 'IEA'], ['TAS'], ['IBA'], ['IDA', 'TAS', 'IEA']]"
GO:0014828,distal stomach smooth muscle contraction,0.042042208009709855,1,161,1,['KIT'],[['IEA']]
GO:0014853,regulation of excitatory postsynaptic membrane potential involved in skeletal muscle contraction,0.042042208009709855,1,161,1,['DMPK'],[['IEA']]
GO:0002936,bradykinin biosynthetic process,0.042042208009709855,1,161,1,['BLOC1S6'],[['IEA']]
GO:0048813,dendrite morphogenesis,0.042042208009709855,4,161,139,"['NEDD4', 'STK11', 'EPHB2', 'CTNND2']","[['ISS', 'IBA'], ['IEA'], ['ISS', 'IEA'], ['IMP', 'IBA']]"
GO:0001655,urogenital system development,0.042042208009709855,3,161,67,"['STK11', 'HOXD13', 'EPHB2']","[['IEA'], ['IEA'], ['ISS', 'IEA']]"
GO:0003158,endothelium development,0.042042208009709855,4,161,133,"['ROCK1', 'BLOC1S6', 'CXCL10', 'FOXC2']","[['IMP', 'IGI'], ['IEA'], ['IDA'], ['IEA']]"
GO:0050769,positive regulation of neurogenesis,0.042042208009709855,5,161,221,"['SPEN', 'FN1', 'STK11', 'EPHB2', 'KIT']","[['IMP'], ['IEA'], ['IEA'], ['IEA'], ['IEA']]"
GO:0014852,regulation of skeletal muscle contraction by neural stimulation via neuromuscular junction,0.042042208009709855,1,161,1,['DMPK'],[['IEA']]
GO:0030182,neuron differentiation,0.042042208009709855,15,161,1436,"['CFLAR', 'PPP1R12A', 'ROCK1', 'NEDD4', 'NOTCH3', 'BLOC1S6', 'SHOC2', 'CCDC88A', 'FN1', 'STK11', 'OMG', 'EPHB2', 'HMG20A', 'CTNND2', 'GPR37']","[['IEA'], ['IBA'], ['IGI'], ['IEP', 'ISS', 'IBA'], ['IEA'], ['ISS', 'IEA'], ['IEA'], ['ISS'], ['IEA'], ['IEA'], ['IBA'], ['ISS', 'IBA', 'IEA'], ['IEA'], ['IMP', 'IBA'], ['IEA']]"
GO:1901247,negative regulation of lung ciliated cell differentiation,0.042042208009709855,1,161,1,['IL13'],[['NAS']]
GO:1901249,regulation of lung goblet cell differentiation,0.042042208009709855,1,161,1,['IL13'],[['NAS']]
GO:1990765,colon smooth muscle contraction,0.042042208009709855,1,161,1,['KIT'],[['IEA']]
GO:1905835,cellular response to pyrimidine ribonucleotide,0.042042208009709855,1,161,1,['P2RY6'],"[['IDA', 'ISS', 'IBA']]"
GO:2000231,positive regulation of pancreatic stellate cell proliferation,0.042042208009709855,1,161,1,['IL13'],[['IEA']]
GO:1900721,positive regulation of uterine smooth muscle relaxation,0.042042208009709855,1,161,1,['ABCC8'],[['IEA']]
GO:1900719,regulation of uterine smooth muscle relaxation,0.042042208009709855,1,161,1,['ABCC8'],[['IEA']]
GO:1900242,regulation of synaptic vesicle endocytosis,0.042042208009709855,2,161,20,"['ROCK1', 'SLC17A7']","[['IGI'], ['IEA']]"
GO:1901671,positive regulation of superoxide dismutase activity,0.042042208009709855,1,161,1,['SIRT3'],[['IDA']]
GO:1903313,positive regulation of mRNA metabolic process,0.042042208009709855,4,161,134,"['ROCK1', 'TNRC6B', 'RIDA', 'NCBP1']","[['ISS', 'IEA'], ['IMP', 'IBA'], ['IDA'], ['IMP']]"
GO:1904343,positive regulation of colon smooth muscle contraction,0.042042208009709855,1,161,1,['KIT'],[['IEA']]
GO:1904341,regulation of colon smooth muscle contraction,0.042042208009709855,1,161,1,['KIT'],[['IEA']]
GO:1902553,positive regulation of catalase activity,0.042042208009709855,1,161,1,['SIRT3'],[['IDA']]
GO:1905834,response to pyrimidine ribonucleotide,0.042042208009709855,1,161,1,['P2RY6'],"[['IDA', 'ISS', 'IBA']]"
GO:0035493,SNARE complex assembly,0.042042208009709855,2,161,21,"['TGFBRAP1', 'VPS39']","[['NAS'], ['NAS']]"
GO:0090287,regulation of cellular response to growth factor stimulus,0.042042208009709855,6,161,317,"['CFLAR', 'NEDD4', 'ENG', 'STK11', 'RBPMS2', 'LRIT3']","[['IEA'], ['ISS'], ['IDA', 'TAS'], ['IMP', 'IEA'], ['ISS'], ['IDA']]"
GO:1901739,regulation of myoblast fusion,0.042042208009709855,2,161,20,"['CFLAR', 'CXCL10']","[['ISS'], ['IEA']]"
GO:1901082,positive regulation of relaxation of smooth muscle,0.042042208009709855,1,161,1,['ABCC8'],[['IEA']]
GO:1901251,positive regulation of lung goblet cell differentiation,0.042042208009709855,1,161,1,['IL13'],[['NAS']]
GO:0120063,stomach smooth muscle contraction,0.042042208009709855,1,161,1,['KIT'],[['IEA']]
GO:0120065,pyloric antrum smooth muscle contraction,0.042042208009709855,1,161,1,['KIT'],[['IEA']]
GO:0120071,regulation of pyloric antrum smooth muscle contraction,0.042042208009709855,1,161,1,['KIT'],[['IEA']]
GO:0097326,melanocyte adhesion,0.042042208009709855,1,161,1,['KIT'],"[['ISS', 'IEA']]"
GO:0110063,positive regulation of angiotensin-activated signaling pathway,0.042042208009709855,1,161,1,['PRKCA'],[['IDA']]
GO:0062126,fatty acid primary amide metabolic process,0.042042208009709855,1,161,1,['PAM'],[['ISS']]
GO:0061853,regulation of neuroblast migration,0.042042208009709855,1,161,1,['ABCC8'],[['IEA']]
GO:0051147,regulation of muscle cell differentiation,0.042042208009709855,4,161,137,"['DMPK', 'ENG', 'KIT', 'RBPMS2']","[['ISS', 'IEA'], ['ISS', 'IEA'], ['IDA'], ['IMP', 'ISS', 'IBA']]"
GO:0051047,positive regulation of secretion,0.042042208009709855,6,161,312,"['ABCC8', 'ANO1', 'SIRT3', 'PRKCA', 'IL13', 'HLA-DRB1']","[['IEA'], ['IMP', 'IGI'], ['IEA'], ['TAS'], ['IEA'], ['IMP']]"
GO:0062112,fatty acid primary amide biosynthetic process,0.042042208009709855,1,161,1,['PAM'],[['ISS']]
GO:0061855,negative regulation of neuroblast migration,0.042042208009709855,1,161,1,['ABCC8'],[['IEA']]
GO:0046491,L-methylmalonyl-CoA metabolic process,0.042042208009709855,1,161,1,['MCEE'],"[['IDA', 'IBA']]"
GO:0045665,negative regulation of neuron differentiation,0.042042208009709855,3,161,70,"['NOTCH3', 'SHOC2', 'HMG20A']","[['IEA'], ['IEA'], ['IEA']]"
GO:0009416,response to light stimulus,0.042042208009709855,6,161,317,"['ABCC8', 'NEDD4', 'STK11', 'KIT', 'LRIT3', 'OPN1MW3']","[['IEA'], ['IMP'], ['IDA', 'IEA'], ['IEA'], ['IEA'], ['IBA', 'IEA']]"
GO:0044558,uterine smooth muscle relaxation,0.042042208009709855,1,161,1,['ABCC8'],[['IEA']]
GO:0044111,formation of structure involved in a symbiotic process,0.042042208009709855,1,161,1,['NEDD4'],[['IMP']]
GO:0030225,macrophage differentiation,0.042042208009709855,3,161,67,"['CFLAR', 'PRKCA', 'HLA-DRB1']","[['IBA'], ['ISS'], ['IDA']]"
GO:0048792,spontaneous exocytosis of neurotransmitter,0.042042208009709855,1,161,1,['SYT12'],[['IEA']]
GO:0046879,hormone secretion,0.042042208009709855,6,161,319,"['ABCC8', 'ACVR1C', 'ANO1', 'SIRT3', 'PRKCA', 'HLA-DRB1']","[['IEA'], ['IEA'], ['IMP', 'IGI'], ['IEA'], ['TAS'], ['IMP']]"
GO:0048666,neuron development,0.042042208009709855,13,161,1160,"['CFLAR', 'PPP1R12A', 'ROCK1', 'NEDD4', 'BLOC1S6', 'SHOC2', 'CCDC88A', 'FN1', 'STK11', 'OMG', 'EPHB2', 'CTNND2', 'GPR37']","[['IEA'], ['IBA'], ['IGI'], ['IEP', 'ISS', 'IBA'], ['ISS', 'IEA'], ['IEA'], ['ISS'], ['IEA'], ['IEA'], ['IBA'], ['ISS', 'IBA', 'IEA'], ['IMP', 'IBA'], ['IEA']]"
GO:0009896,positive regulation of catabolic process,0.042042208009709855,8,161,535,"['RB1CC1', 'ROCK1', 'NEDD4', 'TNRC6B', 'STK11', 'RIDA', 'RNF128', 'RNF180']","[['ISO', 'IEA'], ['IGI', 'ISS', 'IEA'], ['IDA'], ['IMP', 'IBA'], ['IMP'], ['IDA'], ['IC'], ['IBA', 'IEA']]"
GO:1903919,negative regulation of actin filament severing,0.042042208009709855,1,161,1,['MYH9'],"[['IMP', 'ISS', 'IEA']]"
GO:0120072,positive regulation of pyloric antrum smooth muscle contraction,0.042042208009709855,1,161,1,['KIT'],[['IEA']]
GO:0120064,stomach pylorus smooth muscle contraction,0.042042208009709855,1,161,1,['KIT'],[['IEA']]
GO:0034774,secretory granule lumen,0.042216301849689726,6,161,324,"['ROCK1', 'VWF', 'FRK', 'FN1', 'PGAM1', 'C6orf120']","[['TAS'], ['TAS'], ['TAS'], ['TAS'], ['TAS'], ['TAS']]"
GO:0010975,regulation of neuron projection development,0.04275623562058099,7,161,425,"['CFLAR', 'NEDD4', 'SHOC2', 'CCDC88A', 'FN1', 'STK11', 'EPHB2']","[['IEA'], ['ISS', 'IBA'], ['IEA'], ['ISS'], ['IEA'], ['IEA'], ['IEA']]"
GO:0035773,insulin secretion involved in cellular response to glucose stimulus,0.04340629187668331,3,161,71,"['ABCC8', 'ANO1', 'HLA-DRB1']","[['IEA'], ['IMP', 'IGI'], ['IMP']]"
GO:0045055,regulated exocytosis,0.04348835354743428,5,161,226,"['MYH9', 'BLOC1S6', 'KIT', 'IL13', 'SYT12']","[['IMP', 'ISS', 'IEA'], ['NAS'], ['IMP'], ['IEA'], ['IBA', 'IEA']]"
GO:0090257,regulation of muscle system process,0.04348835354743428,5,161,226,"['ABCC8', 'ROCK1', 'DMPK', 'PRKCA', 'KIT']","[['IEA'], ['IMP'], ['IBA', 'IEA'], ['ISS'], ['IEA']]"
GO:0031983,vesicle lumen,0.04350700646810147,6,161,330,"['ROCK1', 'VWF', 'FRK', 'FN1', 'PGAM1', 'C6orf120']","[['TAS'], ['TAS'], ['TAS'], ['TAS'], ['TAS'], ['TAS']]"
GO:0030133,transport vesicle,0.04350700646810147,7,161,434,"['ABCC8', 'BLOC1S6', 'SLC17A7', 'PAM', 'VMA21', 'SYT12', 'HLA-DRB1']","[['IEA'], ['IDA', 'IBA'], ['ISS', 'IBA', 'TAS', 'IEA'], ['IEA'], ['IEA'], ['IBA', 'IEA'], ['TAS']]"
GO:0060205,cytoplasmic vesicle lumen,0.04350700646810147,6,161,329,"['ROCK1', 'VWF', 'FRK', 'FN1', 'PGAM1', 'C6orf120']","[['TAS'], ['TAS'], ['TAS'], ['TAS'], ['TAS'], ['TAS']]"
GO:0009314,response to radiation,0.043866072107816,7,161,428,"['ABCC8', 'NEDD4', 'STK11', 'KIT', 'CXCL10', 'LRIT3', 'OPN1MW3']","[['IEA'], ['IMP'], ['IDA', 'ISS', 'IEA'], ['IEA'], ['IEA'], ['IEA'], ['IBA', 'IEA']]"
GO:0048589,developmental growth,0.043957424095704585,9,161,659,"['CFLAR', 'BLOC1S6', 'TNS2', 'FN1', 'STK11', 'ACVR1C', 'HOXD13', 'GINS4', 'FOXC2']","[['ISS'], ['IEA'], ['IEA'], ['IEA'], ['IEA'], ['IDA'], ['IEA'], ['IEA'], ['IEA']]"
GO:0010720,positive regulation of cell development,0.044153357251758465,7,161,429,"['SPEN', 'FN1', 'STK11', 'EPHB2', 'PRKCA', 'KIT', 'HLA-DRB1']","[['IMP'], ['IEA'], ['IEA'], ['IEA'], ['ISS'], ['IEA'], ['IDA']]"
GO:0032835,glomerulus development,0.04433678358886015,3,161,72,"['CFLAR', 'NOTCH3', 'FOXC2']","[['IEA'], ['IEA'], ['IEA']]"
GO:0051960,regulation of nervous system development,0.04444236832346799,7,161,430,"['ABCC8', 'SPEN', 'FN1', 'STK11', 'EPHB2', 'AMIGO2', 'KIT']","[['IEA'], ['IMP'], ['IEA'], ['IEA'], ['ISS', 'IEA'], ['IBA', 'IEA'], ['IEA']]"
GO:0010557,positive regulation of macromolecule biosynthetic process,0.04495395481072404,22,161,2511,"['ABCC8', 'PPP1R12A', 'ROCK1', 'KDM5A', 'NOTCH3', 'MYH9', 'ENG', 'FN1', 'HOXD13', 'CCNT1', 'EPHB2', 'NCBP1', 'MED9', 'MBIP', 'KIT', 'TENT5B', 'ZNF148', 'RNF187', 'IL13', 'CXCL10', 'FOXC2', 'HLA-DRB1']","[['IEA'], ['IDA'], ['IMP', 'ISS'], ['IDA'], ['IMP', 'IEA'], ['ISS', 'IEA'], ['IDA', 'ISS', 'IEA'], ['IDA'], ['IMP', 'IEA'], ['IDA', 'IBA'], ['IMP', 'ISS'], ['IMP', 'NAS'], ['NAS'], ['IDA'], ['IDA', 'ISS', 'IEA'], ['IMP', 'IBA'], ['IEA'], ['IMP'], ['IGI', 'ISS', 'IBA', 'IEA'], ['TAS'], ['IDA', 'ISS', 'IEA'], ['IDA']]"
GO:0045596,negative regulation of cell differentiation,0.0450148680985983,9,161,663,"['ABCC8', 'NOTCH3', 'ANKRD26', 'SHOC2', 'EPHB2', 'HMG20A', 'RBPMS2', 'IL13', 'CXCL10']","[['IEA'], ['IEA'], ['ISS'], ['IEA'], ['IEA'], ['IEA'], ['IMP', 'ISS', 'IBA'], ['NAS'], ['IEA']]"
GO:0048844,artery morphogenesis,0.04527440241582929,3,161,73,"['NOTCH3', 'ENG', 'FOXC2']","[['IEA'], ['ISS', 'IEA'], ['IEA']]"
GO:0014823,response to activity,0.04527440241582929,3,161,73,"['BLOC1S6', 'TNS2', 'FN1']","[['IEA'], ['IEA'], ['IEA']]"
GO:0048646,anatomical structure formation involved in morphogenesis,0.04527440241582929,13,161,1184,"['CFLAR', 'ABCC8', 'ROCK1', 'NOTCH3', 'PLXNA2', 'MYH9', 'FLT1', 'ENG', 'FN1', 'EPHB2', 'PRKCA', 'CXCL10', 'FOXC2']","[['ISS'], ['IEA'], ['IMP'], ['IEA'], ['IEA'], ['IDA', 'IMP', 'IEA'], ['IMP', 'IBA', 'IEA'], ['ISS', 'IEA'], ['IDA', 'IEA'], ['ISS', 'IEA'], ['IMP', 'IEA'], ['IDA', 'IEA'], ['IMP', 'ISS', 'IEA']]"
GO:0004714,transmembrane receptor protein tyrosine kinase activity,0.04545007308322319,3,161,62,"['FLT1', 'EPHB2', 'KIT']","[['IDA', 'IMP', 'IBA', 'TAS', 'IEA'], ['ISS', 'IBA', 'TAS', 'IEA'], ['IDA', 'IBA', 'IEA']]"
GO:0001832,blastocyst growth,0.04572666433095395,2,161,23,"['ACVR1C', 'GINS4']","[['IDA'], ['IEA']]"
GO:0030030,cell projection organization,0.04677826719866647,16,161,1615,"['CFLAR', 'PPP1R12A', 'ROCK1', 'NEDD4', 'MYH9', 'BLOC1S6', 'SHOC2', 'CCDC88A', 'FN1', 'STK11', 'OMG', 'ANO1', 'EPHB2', 'KIT', 'CTNND2', 'GPR37']","[['IEA'], ['IBA'], ['IGI', 'IEA'], ['IEP', 'ISS', 'IBA'], ['IEA'], ['ISS', 'IEA'], ['IEA'], ['IMP', 'ISS', 'IEA'], ['IEA'], ['IEA'], ['IBA'], ['ISS'], ['ISS', 'IBA', 'IEA'], ['ISS', 'IEA'], ['IMP', 'IBA'], ['IEA']]"
GO:0009914,hormone transport,0.04697297601523776,6,161,330,"['ABCC8', 'ACVR1C', 'ANO1', 'SIRT3', 'PRKCA', 'HLA-DRB1']","[['IEA'], ['IEA'], ['IMP', 'IGI'], ['IEA'], ['TAS'], ['IMP']]"
GO:0005829,cytosol,0.047166860537342,40,161,5568,"['CFLAR', 'RB1CC1', 'PLEKHA5', 'PPP1R12A', 'ROCK1', 'NEDD4', 'NOTCH3', 'PDS5B', 'MYH9', 'TNRC6B', 'ANKRD12', 'FLT1', 'BLOC1S6', 'DMPK', 'TASOR2', 'SHOC2', 'FRK', 'MDN1', 'CCDC88A', 'AAK1', 'CNN3', 'STK11', 'CCNT1', 'RIDA', 'MPRIP', 'IRS4', 'RNF128', 'EPHB2', 'NCBP1', 'MBIP', 'PRKCA', 'APEH', 'RBPMS2', 'RNF187', 'CKAP2L', 'PGAM1', 'RPL15', 'KRT76', 'H2BC26', 'PDLIM7']","[['IDA', 'TAS'], ['IDA', 'TAS', 'IEA'], ['IDA', 'IBA', 'IEA'], ['IDA', 'TAS'], ['TAS'], ['IDA', 'ISS', 'TAS'], ['TAS'], ['TAS'], ['IDA', 'TAS'], ['TAS', 'IEA'], ['IDA'], ['IDA'], ['TAS'], ['ISS', 'IEA'], ['IDA'], ['IDA', 'TAS'], ['IDA', 'TAS', 'IEA'], ['IDA'], ['IDA', 'IEA'], ['IDA', 'TAS'], ['IDA'], ['IDA', 'ISS', 'TAS', 'IEA'], ['IDA'], ['IBA', 'TAS'], ['IDA'], ['IBA'], ['TAS'], ['TAS'], ['IDA', 'TAS'], ['IDA', 'IBA'], ['IDA', 'ISS', 'TAS'], ['IDA', 'TAS'], ['IDA'], ['IDA'], ['IDA', 'IBA'], ['IDA', 'TAS'], ['IDA', 'IPI', 'HDA', 'IBA', 'TAS', 'IEA'], ['TAS', 'IEA'], ['IDA'], ['TAS']]"
GO:0042325,regulation of phosphorylation,0.04738671567607351,8,161,551,"['FLT1', 'ENG', 'CCDC88A', 'FN1', 'STK11', 'CCNT1', 'KIT', 'HLA-DRB1']","[['IDA'], ['TAS'], ['IDA'], ['IDA'], ['IDA', 'IMP'], ['TAS'], ['IMP'], ['IDA']]"
GO:0061061,muscle structure development,0.04745900292207213,9,161,671,"['CFLAR', 'MYH9', 'DMPK', 'ENG', 'KIT', 'RBPMS2', 'CXCL10', 'FOXC2', 'PDLIM7']","[['ISS'], ['IEA'], ['ISS', 'IEA'], ['ISS', 'IEA'], ['IDA'], ['IMP', 'ISS', 'IBA'], ['TAS', 'IEA'], ['IEA'], ['IBA']]"
GO:0016500,protein-hormone receptor activity,0.04751747695034791,3,161,67,"['FLT1', 'EPHB2', 'KIT']","[['IEA'], ['IEA'], ['IEA']]"
GO:0019838,growth factor binding,0.04751747695034791,4,161,133,"['FLT1', 'ENG', 'ACVR1C', 'KIT']","[['IPI', 'IBA'], ['IPI', 'IEA'], ['IPI'], ['IBA']]"
GO:0004598,peptidylamidoglycolate lyase activity,0.04751747695034791,1,161,1,['PAM'],"[['IDA', 'ISS', 'IEA']]"
GO:0004504,peptidylglycine monooxygenase activity,0.04751747695034791,1,161,1,['PAM'],"[['IDA', 'IBA', 'IEA']]"
GO:0005144,interleukin-13 receptor binding,0.04751747695034791,1,161,1,['IL13'],"[['IBA', 'IEA']]"
GO:0005158,insulin receptor binding,0.04751747695034791,2,161,21,"['CCDC88A', 'IRS4']","[['IPI'], ['IBA', 'IEA']]"
GO:0016301,kinase activity,0.04751747695034791,10,161,767,"['ROCK1', 'FLT1', 'DMPK', 'FRK', 'AAK1', 'STK11', 'ACVR1C', 'EPHB2', 'PRKCA', 'KIT']","[['IDA', 'IBA', 'TAS', 'NAS', 'IEA'], ['IDA', 'IMP', 'IBA', 'TAS', 'IEA'], ['IDA', 'IBA', 'IEA'], ['EXP', 'IDA', 'IBA', 'TAS', 'IEA'], ['ISS', 'IBA', 'TAS', 'IEA'], ['IDA', 'IBA', 'TAS', 'IEA'], ['IDA', 'IBA', 'TAS', 'IEA'], ['ISS', 'IBA', 'TAS', 'IEA'], ['EXP', 'IDA', 'IMP', 'ISS', 'IBA', 'TAS', 'IEA'], ['IDA', 'IBA', 'TAS', 'IEA']]"
GO:0010420,polyprenyldihydroxybenzoate methyltransferase activity,0.04751747695034791,1,161,1,['COQ3'],"[['IBA', 'TAS', 'IEA']]"
GO:0061542,3-demethylubiquinol 3-O-methyltransferase activity,0.04751747695034791,1,161,1,['COQ3'],"[['IDA', 'IBA', 'TAS', 'IEA']]"
GO:0120242,2-iminobutanoate deaminase activity,0.04751747695034791,1,161,1,['RIDA'],[['IEA']]
GO:0120243,2-iminopropanoate deaminase activity,0.04751747695034791,1,161,1,['RIDA'],[['IEA']]
GO:0120241,2-iminobutanoate/2-iminopropanoate deaminase activity,0.04751747695034791,1,161,1,['RIDA'],[['IEA']]
GO:0002020,protease binding,0.04751747695034791,4,161,139,"['CFLAR', 'VWF', 'FN1', 'KIT']","[['IPI', 'IEA'], ['IDA', 'IPI'], ['IPI'], ['IEA']]"
GO:0004493,methylmalonyl-CoA epimerase activity,0.04751747695034791,1,161,1,['MCEE'],"[['IDA', 'IBA', 'TAS', 'IEA']]"
GO:0019899,enzyme binding,0.04751747695034791,19,161,2032,"['CFLAR', 'RB1CC1', 'PPP1R12A', 'ROCK1', 'NEDD4', 'NOTCH3', 'SHOC2', 'VWF', 'TNS2', 'CCDC88A', 'FN1', 'CCNT1', 'SIRT3', 'PRKCA', 'KIT', 'RNF180', 'GPR37', 'PGAM1', 'GCSAM']","[['IPI', 'IEA'], ['IDA', 'IBA', 'IEA'], ['IPI', 'IEA'], ['IEA'], ['IPI'], ['IEA'], ['IDA'], ['IDA', 'IPI'], ['IPI'], ['IPI'], ['IPI'], ['IPI', 'IEA'], ['IEA'], ['IPI'], ['IEA'], ['IBA', 'IEA'], ['IPI'], ['IPI'], ['IPI']]"
GO:0016892,"RNA endonuclease activity producing 3'-phosphomonoesters, hydrolytic mechanism",0.04751747695034791,1,161,1,['RIDA'],[['ISS']]
GO:0140238,presynaptic endocytosis,0.04770353883373309,3,161,75,"['ROCK1', 'SLC17A7', 'AAK1']","[['IGI'], ['IEA'], ['IEA']]"
GO:0016358,dendrite development,0.04770353883373309,5,161,234,"['NEDD4', 'STK11', 'EPHB2', 'CTNND2', 'GPR37']","[['ISS', 'IBA'], ['IEA'], ['ISS', 'IEA'], ['IMP', 'IBA'], ['IEA']]"
GO:0098656,monoatomic anion transmembrane transport,0.04770353883373309,4,161,147,"['SLC17A7', 'SHOC2', 'ANO1', 'SLC6A1']","[['IEA'], ['IEA'], ['IDA', 'IMP', 'IBA'], ['IDA']]"
GO:0033036,macromolecule localization,0.04832232117549618,24,161,2852,"['ABCC8', 'ROCK1', 'NEDD4', 'MYH9', 'NDFIP2', 'BLOC1S6', 'CCDC88A', 'AAK1', 'STK11', 'CYREN', 'ACVR1C', 'ANO1', 'RNF128', 'EPHB2', 'TGFBRAP1', 'NCBP1', 'SIRT3', 'PRKCA', 'SNX22', 'VPS39', 'IL13', 'LRIT3', 'SLC15A5', 'HLA-DRB1']","[['IEA'], ['IMP', 'IGI'], ['IPI'], ['IMP'], ['IMP'], ['IEA'], ['IDA', 'IMP'], ['IDA'], ['IEA'], ['IEA'], ['IEA'], ['IMP', 'IGI'], ['IC'], ['ISS', 'IEA'], ['IEA'], ['IPI', 'IMP', 'IBA', 'NAS', 'IEA'], ['IEA'], ['TAS'], ['IEA'], ['IEA'], ['IEA'], ['IEA'], ['IEA'], ['IMP']]"
GO:0030318,melanocyte differentiation,0.0484675172753997,2,161,24,"['BLOC1S6', 'KIT']","[['IEA'], ['ISS', 'TAS', 'IEA']]"
GO:0099536,synaptic signaling,0.04882432144915958,10,161,801,"['ABCC8', 'BLOC1S6', 'SLC17A7', 'DMPK', 'TSHZ3', 'EPHB2', 'SLC6A1', 'KIT', 'SYT12', 'LRIT3']","[['IEA'], ['NAS'], ['IBA'], ['IEA'], ['ISS'], ['ISS', 'IEA'], ['TAS'], ['IEA'], ['IEA'], ['IEA']]"
GO:1903530,regulation of secretion by cell,0.04882432144915958,8,161,556,"['ABCC8', 'ACVR1C', 'ANO1', 'SIRT3', 'PRKCA', 'IL13', 'SYT12', 'HLA-DRB1']","[['IEA'], ['IEA'], ['IMP', 'IGI'], ['IEA'], ['TAS'], ['IEA'], ['IBA'], ['IMP']]"
GO:0031401,positive regulation of protein modification process,0.04884782640287638,7,161,442,"['NDFIP2', 'FLT1', 'CCDC88A', 'STK11', 'KIT', 'RNF180', 'HLA-DRB1']","[['IMP', 'IBA'], ['IDA'], ['IDA'], ['IDA', 'IMP'], ['IMP'], ['IEA'], ['IDA']]"
GO:0070062,extracellular exosome,0.04993669277230422,19,161,2104,"['SPEN', 'NEDD4', 'MYH9', 'VWF', 'FRK', 'FN1', 'STK11', 'ANO1', 'JCHAIN', 'RIDA', 'PAM', 'PRKCA', 'MITD1', 'APEH', 'EML5', 'PGAM1', 'GBP6', 'KRT76', 'HLA-DRB1']","[['HDA'], ['HDA'], ['HDA'], ['HDA'], ['HDA'], ['IDA', 'HDA'], ['HDA'], ['HDA'], ['HDA'], ['HDA'], ['HDA'], ['HDA'], ['HDA'], ['HDA'], ['HDA'], ['HDA'], ['HDA'], ['HDA'], ['HDA']]"
GO:0005576,extracellular region,0.04993669277230422,32,161,4211,"['TFPI', 'SPEN', 'ROCK1', 'NEDD4', 'NOTCH3', 'MYH9', 'FLT1', 'BLOC1S6', 'ENG', 'VWF', 'FRK', 'FN1', 'STK11', 'RBBP8NL', 'ANO1', 'JCHAIN', 'RIDA', 'EPHB2', 'PAM', 'PRKCA', 'KIT', 'MITD1', 'APEH', 'EML5', 'IL13', 'CXCL10', 'PGAM1', 'GBP6', 'KRT76', 'C6orf120', 'HLA-DRB1', 'BPIFA1']","[['IDA', 'IBA', 'TAS', 'IEA'], ['HDA'], ['TAS'], ['HDA'], ['TAS'], ['HDA'], ['TAS', 'IEA'], ['IEA'], ['IDA', 'IBA', 'IEA'], ['IDA', 'HDA', 'IBA', 'TAS', 'NAS', 'IEA'], ['HDA', 'TAS'], ['IDA', 'IPI', 'HDA', 'TAS', 'NAS', 'IEA'], ['HDA'], ['HDA'], ['HDA'], ['IDA', 'IMP', 'HDA', 'IBA', 'TAS', 'NAS', 'IEA'], ['HDA'], ['TAS'], ['HDA', 'IBA', 'IEA'], ['HDA'], ['IDA'], ['HDA'], ['HDA', 'TAS'], ['HDA'], ['IDA', 'ISS', 'IBA', 'TAS', 'IEA'], ['IDA', 'IBA', 'TAS', 'IEA'], ['HDA', 'TAS'], ['HDA'], ['HDA'], ['TAS', 'IEA'], ['HDA'], ['IDA', 'IBA', 'TAS', 'IEA']]"
GO:0000139,Golgi membrane,0.04993669277230422,9,161,692,"['ROCK1', 'NOTCH3', 'NDFIP2', 'ATP7B', 'CHST4', 'CHST1', 'GALNT9', 'HEPACAM2', 'HLA-DRB1']","[['IEA'], ['TAS', 'IEA'], ['IEA'], ['TAS', 'IEA'], ['TAS', 'NAS', 'IEA'], ['TAS', 'IEA'], ['TAS', 'IEA'], ['IEA'], ['TAS']]"
