GO_ID	Term	Ontology	clusterProfiler_BH_FDR	clusterProfiler_raw_pvalue	clusterProfiler_FoldEnrichment	clusterProfiler_DE_gene_count	topGO_raw_pvalue	topGO_Annotated	topGO_DE_gene_count	topGO_Expected_DE_genes	gProfiler_Up_FDR	gProfiler_Up_intersection_size	gProfiler_Down_FDR	gProfiler_Down_intersection_size	Methods significantly enriched	Methods included	Significant method(s)	clusterProfiler_included	topGO_included	gProfiler_included	clusterProfiler_significant	topGO_significant	gProfiler_significant
GO:0071805	potassium ion transmembrane transport	GO:BP	0.0014446283802141	3.52679228972476e-06	2.00447562694614	45.0	0.00041	199.0	45.0	22.4			2.0590723086303856e-08	40.0	3	3	clusterProfiler; topGO; gProfiler2 (Up/Down)	True	True	True	True	True	True
GO:0050803	regulation of synapse structure or activity	GO:BP	0.0045915820092887	2.75926055018293e-05	1.70355036814873	59.0	0.0007	309.0	59.0	34.79			4.430263079973097e-08	51.0	3	3	clusterProfiler; topGO; gProfiler2 (Up/Down)	True	True	True	True	True	True
GO:0007269	neurotransmitter secretion	GO:BP	0.0016943275915749	4.77275377908437e-06	2.20034243367689	35.0	0.00801	141.0	35.0	15.87			4.240217333457695e-07	32.0	3	3	clusterProfiler; topGO; gProfiler2 (Up/Down)	True	True	True	True	True	True
GO:0007218	neuropeptide signaling pathway	GO:BP	0.0002818022798916	4.76285543478782e-07	2.56814333180285	31.0	4.5e-07	107.0	31.0	12.05			4.7071023398053276e-07	27.0	3	3	clusterProfiler; topGO; gProfiler2 (Up/Down)	True	True	True	True	True	True
GO:0007626	locomotory behavior	GO:BP	0.0078252209866959	6.31895779207375e-05	2.40757045124011	22.0	0.00124	81.0	22.0	9.12			1.3540581616841388e-05	37.0	3	3	clusterProfiler; topGO; gProfiler2 (Up/Down)	True	True	True	True	True	True
GO:0001508	action potential	GO:BP	0.0036010812681921	1.737787199471e-05	2.05879045038597	36.0	7.9e-05	156.0	36.0	17.56			5.213240551126272e-05	31.0	3	3	clusterProfiler; topGO; gProfiler2 (Up/Down)	True	True	True	True	True	True
GO:0050804	modulation of chemical synaptic transmission	GO:BP	6.56470465537934e-06	2.9386516107136703e-09	1.82219854281128	96.0	0.01515	468.0	96.0	52.68			5.987459582174127e-18	90.0	2	3	clusterProfiler; gProfiler2 (Up/Down)	True	True	True	True	False	True
GO:0099177	regulation of trans-synaptic signaling	GO:BP	6.56470465537934e-06	3.6984251579601904e-09	1.81442797333234	96.0	1.0	470.0	96.0	52.91			6.8843887158506496e-18	90.0	2	3	clusterProfiler; gProfiler2 (Up/Down)	True	True	True	True	False	True
GO:0061564	axon development	GO:BP	2.00701937598889e-05	1.88452523567032e-08	1.83850834458336	84.0	0.47339	405.0	84.0	45.59			3.935888871547984e-14	84.0	2	3	clusterProfiler; gProfiler2 (Up/Down)	True	True	True	True	False	True
GO:0007610	behavior	GO:BP	0.0021069847671663	7.12220202985793e-06	1.6677558667037	73.0	1.0	391.0	73.0	44.02			9.519024761988697e-13	96.0	2	3	clusterProfiler; gProfiler2 (Up/Down)	True	True	True	True	False	True
GO:0007409	axonogenesis	GO:BP	3.72794056461455e-05	4.90057914597217e-08	1.87272605522198	75.0	0.17717	355.0	75.0	39.96			1.076062965219982e-12	75.0	2	3	clusterProfiler; gProfiler2 (Up/Down)	True	True	True	True	False	True
GO:0048667	cell morphogenesis involved in neuron differentiation	GO:BP	2.51105535256317e-05	2.82935814373314e-08	1.76900167645842	92.0	0.89103	462.0	92.0	52.01			1.2683326290565285e-12	88.0	2	3	clusterProfiler; gProfiler2 (Up/Down)	True	True	True	True	False	True
GO:0099003	vesicle-mediated transport in synapse	GO:BP	1.60325134341143e-05	1.20432025796164e-08	2.14219052650114	58.0	1.0	240.0	58.0	27.02			7.368496980712125e-12	51.0	2	3	clusterProfiler; gProfiler2 (Up/Down)	True	True	True	True	False	True
GO:0099504	synaptic vesicle cycle	GO:BP	4.8071814755723e-06	9.02757084614517e-10	2.34390873257751	55.0	0.136	208.0	55.0	23.42			2.391723251243845e-11	46.0	2	3	clusterProfiler; gProfiler2 (Up/Down)	True	True	True	True	False	True
GO:0048588	developmental cell growth	GO:BP	0.0057634996725414	3.8964504828449e-05	1.94705776377222	38.0	1.0	173.0	38.0	19.48			4.209378827493447e-08	42.0	2	3	clusterProfiler; gProfiler2 (Up/Down)	True	True	True	True	False	True
GO:0007416	synapse assembly	GO:BP	0.0036010812681921	1.80700539274508e-05	1.78632906103937	53.0	0.48699	264.0	53.0	29.72			1.3579937330556358e-07	46.0	2	3	clusterProfiler; gProfiler2 (Up/Down)	True	True	True	True	False	True
GO:0042391	regulation of membrane potential	GO:BP	0.00195203415408	6.1740575728129e-06	1.65523829549186	76.0	0.55252	408.0	76.0	45.93			2.5080016080520185e-07	63.0	2	3	clusterProfiler; gProfiler2 (Up/Down)	True	True	True	True	False	True
GO:0006813	potassium ion transport	GO:BP	0.0036012439397498	1.89361183686375e-05	1.87043525882416	46.0	0.44572	218.0	46.0	24.54			2.804906844179821e-07	42.0	2	3	clusterProfiler; gProfiler2 (Up/Down)	True	True	True	True	False	True
GO:0006887	exocytosis	GO:BP	0.0078252209866959	6.21539931277988e-05	1.62812510107054	63.0	0.14653	343.0	63.0	38.61			3.302631673964372e-07	54.0	2	3	clusterProfiler; gProfiler2 (Up/Down)	True	True	True	True	False	True
GO:0099643	signal release from synapse	GO:BP	0.0016943275915749	4.77275377908437e-06	2.20034243367689	35.0	1.0	141.0	35.0	15.87			4.240217333457695e-07	32.0	2	3	clusterProfiler; gProfiler2 (Up/Down)	True	True	True	True	False	True
GO:0051648	vesicle localization	GO:BP	0.0024725511935895	1.04950316769348e-05	1.9270079698661	45.0	1.0	209.0	45.0	23.53			5.201321719758095e-07	40.0	2	3	clusterProfiler; gProfiler2 (Up/Down)	True	True	True	True	False	True
GO:0051650	establishment of vesicle localization	GO:BP	0.0045915820092887	2.68052326561096e-05	1.92292964612035	41.0	0.44607	190.0	41.0	21.39			1.4934417336537585e-06	37.0	2	3	clusterProfiler; gProfiler2 (Up/Down)	True	True	True	True	False	True
GO:0006836	neurotransmitter transport	GO:BP	0.005615115794993	3.58523825408007e-05	1.86844204137017	43.0	0.30171	204.0	43.0	22.97			1.952622151903833e-06	38.0	2	3	clusterProfiler; gProfiler2 (Up/Down)	True	True	True	True	False	True
GO:0016197	endosomal transport	GO:BP	0.0007191364985367	1.62058929247707e-06	1.8190453083622	63.0	0.02921	308.0	63.0	34.67			2.0583510562962137e-06	46.0	2	3	clusterProfiler; gProfiler2 (Up/Down)	True	True	True	True	False	True
GO:0023061	signal release	GO:BP	0.0033604572932766	1.51457230119509e-05	1.60977882765701	77.0	0.66658	425.0	77.0	47.84			6.113963715452352e-06	64.0	2	3	clusterProfiler; gProfiler2 (Up/Down)	True	True	True	True	False	True
GO:0050807	regulation of synapse organization	GO:BP	0.0193223334833976	0.0002213450408426	1.61434773634478	55.0	0.13847	304.0	55.0	34.22			6.35317097357106e-06	46.0	2	3	clusterProfiler; gProfiler2 (Up/Down)	True	True	True	True	False	True
GO:0051932	synaptic transmission, GABAergic	GO:BP	0.0024725511935895	1.06795638408563e-05	3.01049546990402	18.0	0.01906	54.0	18.0	6.08			6.536898589606448e-06	18.0	2	3	clusterProfiler; gProfiler2 (Up/Down)	True	True	True	True	False	True
GO:0016079	synaptic vesicle exocytosis	GO:BP	0.0036010812681921	1.82590036133688e-05	2.37598096078335	26.0	0.05075	97.0	26.0	10.92			9.67435515338294e-06	24.0	2	3	clusterProfiler; gProfiler2 (Up/Down)	True	True	True	True	False	True
GO:0060560	developmental growth involved in morphogenesis	GO:BP	0.0327485950901261	0.0004427979054439	1.80469488914406	34.0	0.43507	167.0	34.0	18.8			1.324956182666877e-05	39.0	2	3	clusterProfiler; gProfiler2 (Up/Down)	True	True	True	True	False	True
GO:0072657	protein localization to membrane	GO:BP	0.0002818022798916	4.30815723342096e-07	1.72302492481236	83.0	0.04294	428.0	83.0	48.18			1.482734853539744e-05	59.0	2	3	clusterProfiler; gProfiler2 (Up/Down)	True	True	True	True	False	True
GO:0010975	regulation of neuron projection development	GO:BP	0.0064785426612804	4.50152260032634e-05	1.61167939297892	68.0	0.19874	375.0	68.0	42.22			1.928910923717868e-05	57.0	2	3	clusterProfiler; gProfiler2 (Up/Down)	True	True	True	True	False	True
GO:0034329	cell junction assembly	GO:BP	0.0040879434246112	2.2262978274878e-05	1.55352601281988	85.0	0.02101	486.0	85.0	54.71			6.533866600199995e-05	63.0	2	3	clusterProfiler; gProfiler2 (Up/Down)	True	True	True	True	False	True
GO:1990778	protein localization to cell periphery	GO:BP	0.0005567385588404	1.12371539778072e-06	1.78318463450583	69.0	0.56035	344.0	69.0	38.73			8.116060460152147e-05	49.0	2	3	clusterProfiler; gProfiler2 (Up/Down)	True	True	True	True	False	True
GO:0016049	cell growth	GO:BP	0.0114022996552098	0.0001177702311805	1.54160637589288	72.0	1.0	414.0	72.0	46.61			8.46494879412381e-05	60.0	2	3	clusterProfiler; gProfiler2 (Up/Down)	True	True	True	True	False	True
GO:0007268	chemical synaptic transmission	GO:BP					9.3e-09	699.0	161.0	78.69			4.540259173027279e-36	149.0	2	2	topGO; gProfiler2 (Up/Down)	False	True	True	False	True	True
GO:0050808	synapse organization	GO:BP					0.00493	559.0	109.0	62.93			1.0142091791144726e-14	90.0	2	2	topGO; gProfiler2 (Up/Down)	False	True	True	False	True	True
GO:0015031	protein transport	GO:BP					0.00368	1319.0	201.0	148.49			1.1124322970049934e-14	167.0	2	2	topGO; gProfiler2 (Up/Down)	False	True	True	False	True	True
GO:0051260	protein homooligomerization	GO:BP	0.0041847571998157	2.35760969003707e-05	1.88418557053574	44.0	6.7e-06	207.0	44.0	23.3					2	2	clusterProfiler; topGO	True	True	False	True	True	False
GO:1900242	regulation of synaptic vesicle endocytosis	GO:BP	0.005615115794993	3.5483064342301e-05	4.22106507684955	10.0	3.5e-05	21.0	10.0	2.36					2	2	clusterProfiler; topGO	True	True	False	True	True	False
GO:0014059	regulation of dopamine secretion	GO:BP	0.0077645352003627	5.84830373346209e-05	4.02919848244729	10.0	5.7e-05	22.0	10.0	2.48					2	2	clusterProfiler; topGO	True	True	False	True	True	False
GO:0060078	regulation of postsynaptic membrane potential	GO:BP	0.0077645352003627	5.97832757211025e-05	2.04068757672151	32.0	6.9e-05	139.0	32.0	15.65					2	2	clusterProfiler; topGO	True	True	False	True	True	False
GO:0042053	regulation of dopamine metabolic process	GO:BP	0.0089558397375449	8.00076477923525e-05	4.72759288607149	8.0	7.9e-05	15.0	8.0	1.69					2	2	clusterProfiler; topGO	True	True	False	True	True	False
GO:0110076	negative regulation of ferroptosis	GO:BP	0.0095359865836567	9.3121371333362e-05	4.19884894486613	9.0	9.2e-05	19.0	9.0	2.14					2	2	clusterProfiler; topGO	True	True	False	True	True	False
GO:0016082	synaptic vesicle priming	GO:BP	0.0092576631231161	8.51878860155293e-05	3.61135567686017	11.0	0.00014	27.0	11.0	3.04					2	2	clusterProfiler; topGO	True	True	False	True	True	False
GO:1904862	inhibitory synapse assembly	GO:BP	0.0167572184394754	0.0001825199379323	3.36229666466291	11.0	0.00018	29.0	11.0	3.26					2	2	clusterProfiler; topGO	True	True	False	True	True	False
GO:0043649	dicarboxylic acid catabolic process	GO:BP	0.0207467846057492	0.0002454549164623	4.17140548771014	8.0	0.00024	17.0	8.0	1.91					2	2	clusterProfiler; topGO	True	True	False	True	True	False
GO:0006536	glutamate metabolic process	GO:BP	0.0290726966387595	0.000365797309821	3.62627863420256	9.0	0.00036	22.0	9.0	2.48					2	2	clusterProfiler; topGO	True	True	False	True	True	False
GO:0032228	regulation of synaptic transmission, GABAergic	GO:BP	0.0139868305017663	0.0001497181856527	3.22335878595783	12.0	0.00053	34.0	12.0	3.83					2	2	clusterProfiler; topGO	True	True	False	True	True	False
GO:0008038	neuron recognition	GO:BP	0.0005567385588404	1.15007026239338e-06	3.58790531532211	17.0	0.00454	42.0	17.0	4.73					2	2	clusterProfiler; topGO	True	True	False	True	True	False
GO:1904262	negative regulation of TORC1 signaling	GO:BP	0.0192651741530361	0.0002170723848229	2.71354183511757	15.0	0.00059	48.0	14.0	5.4					2	2	clusterProfiler; topGO	True	True	False	True	True	False
GO:0070593	dendrite self-avoidance	GO:BP	0.0444099593275109	0.0006505120802903	4.13664377531256	7.0	0.00064	15.0	7.0	1.69					2	2	clusterProfiler; topGO	True	True	False	True	True	False
GO:0007411	axon guidance	GO:BP	0.0089558397375449	8.07286962257577e-05	1.86867691780529	39.0	0.00078	185.0	39.0	20.83					2	2	clusterProfiler; topGO	True	True	False	True	True	False
GO:0072659	protein localization to plasma membrane	GO:BP	0.0023139336800684	9.12537225942505e-06	1.80567783843008	55.0	0.00323	271.0	55.0	30.51					2	2	clusterProfiler; topGO	True	True	False	True	True	False
GO:0060071	Wnt signaling pathway, planar cell polarity pathway	GO:BP	0.0450313830327382	0.0006680712224575	2.79923262991075	12.0	0.0099	38.0	12.0	4.28					2	2	clusterProfiler; topGO	True	True	False	True	True	False
GO:0099536	synaptic signaling	GO:BP					0.04276	743.0	171.0	83.64			8.315741916907993e-38	156.0	1	2	gProfiler2 (Up/Down)	False	True	True	False	False	True
GO:0099537	trans-synaptic signaling	GO:BP					1.0	709.0	162.0	79.82			3.306753082741202e-36	150.0	1	2	gProfiler2 (Up/Down)	False	True	True	False	False	True
GO:0098916	anterograde trans-synaptic signaling	GO:BP					1.0	699.0	161.0	78.69			4.540259173027279e-36	149.0	1	2	gProfiler2 (Up/Down)	False	True	True	False	False	True
GO:0006810	transport	GO:BP					1.0	4150.0	577.0	467.18			3.830521839100237e-31	440.0	1	2	gProfiler2 (Up/Down)	False	True	True	False	False	True
GO:0051179	localization	GO:BP					1.0	5017.0	689.0	564.79			2.0863827891958486e-29	513.0	1	2	gProfiler2 (Up/Down)	False	True	True	False	False	True
GO:0007267	cell-cell signaling	GO:BP					0.61123	1172.0	221.0	131.94			9.732473760348643e-28	189.0	1	2	gProfiler2 (Up/Down)	False	True	True	False	False	True
GO:0051234	establishment of localization	GO:BP					1.0	4353.0	602.0	490.04			2.698970023620948e-27	459.0	1	2	gProfiler2 (Up/Down)	False	True	True	False	False	True
GO:0007399	nervous system development	GO:BP					0.02519	2178.0	346.0	245.19			2.340666999309216e-25	291.0	1	2	gProfiler2 (Up/Down)	False	True	True	False	False	True
GO:0051649	establishment of localization in cell	GO:BP					0.2797	1776.0	275.0	199.93			4.627908660352107e-20	224.0	1	2	gProfiler2 (Up/Down)	False	True	True	False	False	True
GO:0023052	signaling	GO:BP					1.0	5972.0	793.0	672.29	2.6305565923009105e-06	271.0	9.130733096995092e-20	550.0	1	2	gProfiler2 (Up/Down)	False	True	True	False	False	True
GO:0007154	cell communication	GO:BP					0.15385	5999.0	794.0	675.33	5.077590906213309e-06	271.0	1.2883892056596112e-19	552.0	1	2	gProfiler2 (Up/Down)	False	True	True	False	False	True
GO:0008104	intracellular protein localization	GO:BP					0.13579	2258.0	333.0	254.19			1.7326940007562085e-19	259.0	1	2	gProfiler2 (Up/Down)	False	True	True	False	False	True
GO:0051641	cellular localization	GO:BP					1.0	2191.0	337.0	246.65			3.6438791302631366e-18	269.0	1	2	gProfiler2 (Up/Down)	False	True	True	False	False	True
GO:0065007	biological regulation	GO:BP					1.0	11489.0	1368.0	1293.37	8.767586669248082e-09	472.0	4.1079480949253645e-18	914.0	1	2	gProfiler2 (Up/Down)	False	True	True	False	False	True
GO:0050789	regulation of biological process	GO:BP					0.18903	11091.0	1324.0	1248.56	3.720020978648592e-07	454.0	1.9882200754235338e-17	889.0	1	2	gProfiler2 (Up/Down)	False	True	True	False	False	True
GO:0048666	neuron development	GO:BP					0.98734	945.0	168.0	106.38			2.873401297880423e-17	152.0	1	2	gProfiler2 (Up/Down)	False	True	True	False	False	True
GO:0033036	macromolecule localization	GO:BP					1.0	2736.0	383.0	308.0			4.542344506690445e-16	284.0	1	2	gProfiler2 (Up/Down)	False	True	True	False	False	True
GO:0065008	regulation of biological quality	GO:BP					0.83656	2765.0	389.0	311.27			1.1530665231175137e-15	289.0	1	2	gProfiler2 (Up/Down)	False	True	True	False	False	True
GO:0016192	vesicle-mediated transport	GO:BP					0.16476	1557.0	236.0	175.28			1.2182398942847634e-15	182.0	1	2	gProfiler2 (Up/Down)	False	True	True	False	False	True
GO:0031175	neuron projection development	GO:BP					0.01138	840.0	155.0	94.56			1.4766284733292377e-15	134.0	1	2	gProfiler2 (Up/Down)	False	True	True	False	False	True
GO:0048699	generation of neurons	GO:BP					1.0	1215.0	203.0	136.78			2.750097870494005e-15	177.0	1	2	gProfiler2 (Up/Down)	False	True	True	False	False	True
GO:0030182	neuron differentiation	GO:BP					0.18336	1162.0	197.0	130.81			4.1471430356203516e-15	170.0	1	2	gProfiler2 (Up/Down)	False	True	True	False	False	True
GO:0032879	regulation of localization	GO:BP					1.0	1801.0	268.0	202.75			7.833223046702585e-15	207.0	1	2	gProfiler2 (Up/Down)	False	True	True	False	False	True
GO:0048812	neuron projection morphogenesis	GO:BP					0.25271	531.0	107.0	59.78			1.941434598988921e-14	98.0	1	2	gProfiler2 (Up/Down)	False	True	True	False	False	True
GO:0023051	regulation of signaling	GO:BP					1.0	3317.0	460.0	373.41			2.3052037467296994e-14	321.0	1	2	gProfiler2 (Up/Down)	False	True	True	False	False	True
GO:0022008	neurogenesis	GO:BP					0.98976	1425.0	226.0	160.42			2.5754426022437592e-14	194.0	1	2	gProfiler2 (Up/Down)	False	True	True	False	False	True
GO:0120039	plasma membrane bounded cell projection morphogenesis	GO:BP					1.0	545.0	109.0	61.35			3.5126970631961186e-14	99.0	1	2	gProfiler2 (Up/Down)	False	True	True	False	False	True
GO:0048731	system development	GO:BP					0.4341	3310.0	440.0	372.62			5.5446061522518576e-14	358.0	1	2	gProfiler2 (Up/Down)	False	True	True	False	False	True
GO:0048858	cell projection morphogenesis	GO:BP					0.50187	551.0	110.0	62.03			5.895010849378744e-14	99.0	1	2	gProfiler2 (Up/Down)	False	True	True	False	False	True
GO:0046907	intracellular transport	GO:BP					0.42267	1319.0	203.0	148.49			6.444610470274414e-14	161.0	1	2	gProfiler2 (Up/Down)	False	True	True	False	False	True
GO:0010646	regulation of cell communication	GO:BP					0.59397	3326.0	456.0	374.42			1.889022333102313e-13	318.0	1	2	gProfiler2 (Up/Down)	False	True	True	False	False	True
GO:0007275	multicellular organism development	GO:BP					0.12899	3829.0	500.0	431.05			6.564462953802537e-13	399.0	1	2	gProfiler2 (Up/Down)	False	True	True	False	False	True
GO:0051049	regulation of transport	GO:BP					1.0	1451.0	215.0	163.35			2.2315573086804227e-12	172.0	1	2	gProfiler2 (Up/Down)	False	True	True	False	False	True
GO:0006811	monoatomic ion transport	GO:BP					0.42176	1176.0	177.0	132.39			2.5891651844662214e-12	147.0	1	2	gProfiler2 (Up/Down)	False	True	True	False	False	True
GO:0034220	monoatomic ion transmembrane transport	GO:BP					0.59226	989.0	149.0	111.34			3.1201567558333997e-12	127.0	1	2	gProfiler2 (Up/Down)	False	True	True	False	False	True
GO:0055085	transmembrane transport	GO:BP					0.40553	1492.0	203.0	167.96			1.0958029040321248e-11	169.0	1	2	gProfiler2 (Up/Down)	False	True	True	False	False	True
GO:0050794	regulation of cellular process	GO:BP					1.0	10670.0	1254.0	1201.17	2.3633913128544296e-06	438.0	4.131900921640103e-11	837.0	1	2	gProfiler2 (Up/Down)	False	True	True	False	False	True
GO:0140352	export from cell	GO:BP					1.0	831.0	133.0	93.55			6.463318808544236e-11	114.0	1	2	gProfiler2 (Up/Down)	False	True	True	False	False	True
GO:0032501	multicellular organismal process	GO:BP					1.0	6246.0	766.0	703.14	1.1482601404037712e-06	298.0	8.717979541285372e-11	560.0	1	2	gProfiler2 (Up/Down)	False	True	True	False	False	True
GO:0120036	plasma membrane bounded cell projection organization	GO:BP					1.0	1390.0	228.0	156.48			1.065427586365436e-10	168.0	1	2	gProfiler2 (Up/Down)	False	True	True	False	False	True
GO:0009056	catabolic process	GO:BP					1.0	2680.0	358.0	301.7			1.3523335793205866e-10	247.0	1	2	gProfiler2 (Up/Down)	False	True	True	False	False	True
GO:0032940	secretion by cell	GO:BP					1.0	750.0	123.0	84.43			1.7815314176468582e-10	106.0	1	2	gProfiler2 (Up/Down)	False	True	True	False	False	True
GO:0098655	monoatomic cation transmembrane transport	GO:BP					0.90222	833.0	128.0	93.77			1.9307792561284432e-10	108.0	1	2	gProfiler2 (Up/Down)	False	True	True	False	False	True
GO:0030001	metal ion transport	GO:BP					0.29519	819.0	133.0	92.2			2.085334667898724e-10	108.0	1	2	gProfiler2 (Up/Down)	False	True	True	False	False	True
GO:0006812	monoatomic cation transport	GO:BP					1.0	1000.0	153.0	112.57			2.767979224572372e-10	124.0	1	2	gProfiler2 (Up/Down)	False	True	True	False	False	True
GO:0051128	regulation of cellular component organization	GO:BP					1.0	2388.0	330.0	268.83			3.2209228922185676e-10	230.0	1	2	gProfiler2 (Up/Down)	False	True	True	False	False	True
GO:0030030	cell projection organization	GO:BP					0.95425	1436.0	232.0	161.66			3.2497496968885656e-10	170.0	1	2	gProfiler2 (Up/Down)	False	True	True	False	False	True
GO:0045184	establishment of protein localization	GO:BP					0.14698	1532.0	227.0	172.46			4.479600920488669e-10	188.0	1	2	gProfiler2 (Up/Down)	False	True	True	False	False	True
GO:0048856	anatomical structure development	GO:BP					1.0	4978.0	605.0	560.4			1.3510052319844443e-09	466.0	1	2	gProfiler2 (Up/Down)	False	True	True	False	False	True
GO:0034330	cell junction organization	GO:BP					1.0	796.0	134.0	89.61			1.5985668842842734e-09	103.0	1	2	gProfiler2 (Up/Down)	False	True	True	False	False	True
GO:0046903	secretion	GO:BP					0.44285	850.0	131.0	95.69			8.631204735224191e-09	113.0	1	2	gProfiler2 (Up/Down)	False	True	True	False	False	True
GO:0050896	response to stimulus	GO:BP					1.0	8007.0	941.0	901.38	1.8575246699015268e-08	360.0	1.812736569367446e-05	634.0	1	2	gProfiler2 (Up/Down)	False	True	True	False	False	True
GO:0032502	developmental process	GO:BP					1.0	5542.0	651.0	623.89			2.145225703637385e-08	497.0	1	2	gProfiler2 (Up/Down)	False	True	True	False	False	True
GO:0000902	cell morphogenesis	GO:BP					0.99529	756.0	128.0	85.11			2.280235008603744e-08	114.0	1	2	gProfiler2 (Up/Down)	False	True	True	False	False	True
GO:0007165	signal transduction	GO:BP					0.0539	5514.0	692.0	620.74	1.2934308199886171e-06	256.0	1.1538848563825335e-07	463.0	1	2	gProfiler2 (Up/Down)	False	True	True	False	False	True
GO:0051716	cellular response to stimulus	GO:BP					1.0	6834.0	823.0	769.33	6.334970426894181e-07	302.0	1.4253690519771125e-07	548.0	1	2	gProfiler2 (Up/Down)	False	True	True	False	False	True
GO:0048518	positive regulation of biological process	GO:BP					0.29241	5836.0	698.0	656.98			1.4348802128814398e-07	468.0	1	2	gProfiler2 (Up/Down)	False	True	True	False	False	True
GO:0006793	phosphorus metabolic process	GO:BP					1.0	1764.0	246.0	198.58			2.392648879095925e-07	202.0	1	2	gProfiler2 (Up/Down)	False	True	True	False	False	True
GO:0006796	phosphate-containing compound metabolic process	GO:BP					0.49482	1763.0	246.0	198.47			3.6841482444538266e-07	201.0	1	2	gProfiler2 (Up/Down)	False	True	True	False	False	True
GO:0048522	positive regulation of cellular process	GO:BP					0.50086	5417.0	647.0	609.82			4.445687390242089e-07	439.0	1	2	gProfiler2 (Up/Down)	False	True	True	False	False	True
GO:0061024	membrane organization	GO:BP					0.02483	761.0	117.0	85.67			6.061105003556657e-07	92.0	1	2	gProfiler2 (Up/Down)	False	True	True	False	False	True
GO:1990138	neuron projection extension	GO:BP					0.0432	133.0	28.0	14.97			7.37544732088106e-07	34.0	1	2	gProfiler2 (Up/Down)	False	True	True	False	False	True
GO:0006914	autophagy	GO:BP					0.08006	575.0	89.0	64.73			7.378377544141712e-07	76.0	1	2	gProfiler2 (Up/Down)	False	True	True	False	False	True
GO:0061919	process utilizing autophagic mechanism	GO:BP					1.0	575.0	89.0	64.73			7.378377544141712e-07	76.0	1	2	gProfiler2 (Up/Down)	False	True	True	False	False	True
GO:0030163	protein catabolic process	GO:BP					0.81001	1052.0	151.0	118.43			7.983071939256568e-07	114.0	1	2	gProfiler2 (Up/Down)	False	True	True	False	False	True
GO:0050890	cognition	GO:BP					0.70617	220.0	36.0	24.77			1.4680210763069863e-06	49.0	1	2	gProfiler2 (Up/Down)	False	True	True	False	False	True
GO:0007611	learning or memory	GO:BP					0.03655	178.0	32.0	20.04			1.9768651062172723e-06	44.0	1	2	gProfiler2 (Up/Down)	False	True	True	False	False	True
GO:0019637	organophosphate metabolic process	GO:BP					0.50318	1045.0	158.0	117.64			2.655640304655261e-06	113.0	1	2	gProfiler2 (Up/Down)	False	True	True	False	False	True
GO:0036211	protein modification process	GO:BP					0.70704	1832.0	244.0	206.24			4.403859820964616e-06	208.0	1	2	gProfiler2 (Up/Down)	False	True	True	False	False	True
GO:0048468	cell development	GO:BP					0.57372	2248.0	287.0	253.07			6.096410760463453e-06	241.0	1	2	gProfiler2 (Up/Down)	False	True	True	False	False	True
GO:0051046	regulation of secretion	GO:BP					0.80689	555.0	91.0	62.48			8.126791020697713e-06	74.0	1	2	gProfiler2 (Up/Down)	False	True	True	False	False	True
GO:0009966	regulation of signal transduction	GO:BP					0.43025	2894.0	371.0	325.79	3.940750667796568e-05	144.0	9.632068217592996e-06	253.0	1	2	gProfiler2 (Up/Down)	False	True	True	False	False	True
GO:1903530	regulation of secretion by cell	GO:BP					1.0	512.0	87.0	57.64			1.2571918471668513e-05	69.0	1	2	gProfiler2 (Up/Down)	False	True	True	False	False	True
GO:0044087	regulation of cellular component biogenesis	GO:BP					0.96158	995.0	154.0	112.01			1.258760088920842e-05	106.0	1	2	gProfiler2 (Up/Down)	False	True	True	False	False	True
GO:0019538	protein metabolic process	GO:BP					0.88164	3963.0	456.0	446.13			1.428574326113931e-05	348.0	1	2	gProfiler2 (Up/Down)	False	True	True	False	False	True
GO:0098657	import into cell	GO:BP					1.0	948.0	137.0	106.72			1.449540734314636e-05	102.0	1	2	gProfiler2 (Up/Down)	False	True	True	False	False	True
GO:0032880	regulation of protein localization	GO:BP					0.15556	822.0	126.0	92.54			1.5407178829813076e-05	94.0	1	2	gProfiler2 (Up/Down)	False	True	True	False	False	True
GO:0019725	cellular homeostasis	GO:BP					1.0	671.0	105.0	75.54			1.705752298952612e-05	84.0	1	2	gProfiler2 (Up/Down)	False	True	True	False	False	True
GO:0051130	positive regulation of cellular component organization	GO:BP					0.95214	1031.0	151.0	116.06			1.940671462857004e-05	112.0	1	2	gProfiler2 (Up/Down)	False	True	True	False	False	True
GO:0051668	localization within membrane	GO:BP					0.14813	706.0	126.0	79.48			3.029186802168625e-05	98.0	1	2	gProfiler2 (Up/Down)	False	True	True	False	False	True
GO:0006886	intracellular protein transport	GO:BP					0.01776	614.0	88.0	69.12			3.54018927866774e-05	76.0	1	2	gProfiler2 (Up/Down)	False	True	True	False	False	True
GO:0016236	macroautophagy	GO:BP					0.32449	365.0	61.0	41.09			4.131613317100161e-05	52.0	1	2	gProfiler2 (Up/Down)	False	True	True	False	False	True
GO:0060341	regulation of cellular localization	GO:BP					1.0	503.0	83.0	56.62			5.02840784526952e-05	64.0	1	2	gProfiler2 (Up/Down)	False	True	True	False	False	True
GO:0043412	macromolecule modification	GO:BP					1.0	2028.0	258.0	228.3			5.154560689755458e-05	216.0	1	2	gProfiler2 (Up/Down)	False	True	True	False	False	True
GO:0051640	organelle localization	GO:BP					0.50754	574.0	85.0	64.62			6.313598708399035e-05	72.0	1	2	gProfiler2 (Up/Down)	False	True	True	False	False	True
GO:0055082	intracellular chemical homeostasis	GO:BP					0.42974	578.0	93.0	65.07			6.347078713547931e-05	73.0	1	2	gProfiler2 (Up/Down)	False	True	True	False	False	True
GO:0002064	epithelial cell development	GO:BP					0.54028	125.0	19.0	14.07	8.383216509639034e-05	24.0			1	2	gProfiler2 (Up/Down)	False	True	True	False	False	True
GO:0048167	regulation of synaptic plasticity	GO:BP					0.02368	176.0	33.0	19.81			8.399505816303056e-05	36.0	1	2	gProfiler2 (Up/Down)	False	True	True	False	False	True
GO:0140238	presynaptic endocytosis	GO:BP	0.00195203415408	6.23184612570143e-06	2.6825979369978	23.0	0.37751	76.0	23.0	8.56					1	2	clusterProfiler	True	True	False	True	False	False
GO:0048488	synaptic vesicle endocytosis	GO:BP	0.0023091453678038	8.293313588251e-06	2.70851675764513	22.0	0.03002	72.0	22.0	8.11					1	2	clusterProfiler	True	True	False	True	False	False
GO:1903421	regulation of synaptic vesicle recycling	GO:BP	0.0023091453678038	8.67284645184529e-06	4.09118615140802	12.0	0.09979	26.0	12.0	2.93					1	2	clusterProfiler	True	True	False	True	False	False
GO:0036465	synaptic vesicle recycling	GO:BP	0.0057464298029877	3.77699611463982e-05	2.42711241918849	23.0	1.0	84.0	23.0	9.46					1	2	clusterProfiler	True	True	False	True	False	False
GO:0110075	regulation of ferroptosis	GO:BP	0.007065132964928	5.04178502661535e-05	3.54569466455362	12.0	1.0	30.0	12.0	3.38					1	2	clusterProfiler	True	True	False	True	False	False
GO:0043648	dicarboxylic acid metabolic process	GO:BP	0.007723012113261	5.65629056182498e-05	2.37066794432364	23.0	0.17109	86.0	23.0	9.68					1	2	clusterProfiler	True	True	False	True	False	False
GO:0097707	ferroptosis	GO:BP	0.0087393636810435	7.38537775862836e-05	3.43131741730995	12.0	1.0	31.0	12.0	3.49					1	2	clusterProfiler	True	True	False	True	False	False
GO:0110020	regulation of actomyosin structure organization	GO:BP	0.0087393636810435	7.33934691326004e-05	2.2875449448733	24.0	0.2663	93.0	24.0	10.47					1	2	clusterProfiler	True	True	False	True	False	False
GO:0042069	regulation of catecholamine metabolic process	GO:BP	0.0089558397375449	8.00076477923525e-05	4.72759288607149	8.0	1.0	15.0	8.0	1.69					1	2	clusterProfiler	True	True	False	True	False	False
GO:0014046	dopamine secretion	GO:BP	0.0095359865836567	9.30325115776307e-05	3.85401593973219	10.0	1.0	23.0	10.0	2.59					1	2	clusterProfiler	True	True	False	True	False	False
GO:0097485	neuron projection guidance	GO:BP	0.0095359865836567	9.12291535448432e-05	1.85863026770956	39.0	1.0	186.0	39.0	20.94					1	2	clusterProfiler	True	True	False	True	False	False
GO:0021543	pallium development	GO:BP	0.009698159479762	9.65262821459882e-05	2.07308760629143	29.0	1.0	124.0	29.0	13.96					1	2	clusterProfiler	True	True	False	True	False	False
GO:0031345	negative regulation of cell projection organization	GO:BP	0.0290829466402254	0.0003713878631991	1.83974723160801	33.0	0.01039	158.0	32.0	17.79					1	2	clusterProfiler	True	True	False	True	False	False
GO:0030900	forebrain development	GO:BP	0.0339639258582441	0.0004656087488548	1.63380048268647	47.0	0.01048	255.0	47.0	28.71					1	2	clusterProfiler	True	True	False	True	False	False
GO:0051492	regulation of stress fiber assembly	GO:BP	0.0112479591077508	0.0001140638106701	2.32158579226725	22.0	0.05093	84.0	22.0	9.46					1	2	clusterProfiler	True	True	False	True	False	False
GO:0032231	regulation of actin filament bundle assembly	GO:BP	0.0139868305017663	0.0001496014227541	2.19321319456925	24.0	1.0	97.0	24.0	10.92					1	2	clusterProfiler	True	True	False	True	False	False
GO:0006865	amino acid transport	GO:BP	0.0171382254486395	0.0001898883195248	1.94887472697096	31.0	0.02698	142.0	31.0	15.99					1	2	clusterProfiler	True	True	False	True	False	False
GO:0033238	regulation of amine metabolic process	GO:BP	0.0207467846057492	0.0002454549164623	4.17140548771014	8.0	1.0	17.0	8.0	1.91					1	2	clusterProfiler	True	True	False	True	False	False
GO:1904375	regulation of protein localization to cell periphery	GO:BP	0.0224707548266897	0.0002700710439264	1.8910371544286	32.0	1.0	151.0	32.0	17.0					1	2	clusterProfiler	True	True	False	True	False	False
GO:0006163	purine nucleotide metabolic process	GO:BP	0.0259569565946741	0.0003168454795594	1.50241299345492	70.0	1.0	414.0	70.0	46.61					1	2	clusterProfiler	True	True	False	True	False	False
GO:0030705	cytoskeleton-dependent intracellular transport	GO:BP	0.0277160229682859	0.0003435225381984	1.72243461192771	41.0	0.02688	213.0	41.0	23.98					1	2	clusterProfiler	True	True	False	True	False	False
GO:0051963	regulation of synapse assembly	GO:BP	0.0487190518541016	0.0007396426840882	1.77284733227681	33.0	0.03096	166.0	33.0	18.69					1	2	clusterProfiler	True	True	False	True	False	False
GO:0006893	Golgi to plasma membrane transport	GO:BP	0.0311021073128843	0.000403013221519	2.34641558683695	18.0	0.15938	69.0	18.0	7.77					1	2	clusterProfiler	True	True	False	True	False	False
GO:0021987	cerebral cortex development	GO:BP	0.0487190518541016	0.0007450220397402	2.0915614594277	21.0	0.03259	89.0	21.0	10.02					1	2	clusterProfiler	True	True	False	True	False	False
GO:0021537	telencephalon development	GO:BP	0.0327326304344712	0.0004364350724596	1.77284733227681	36.0	0.72158	180.0	36.0	20.26					1	2	clusterProfiler	True	True	False	True	False	False
GO:0051259	protein complex oligomerization	GO:BP	0.0327326304344712	0.0004344326672915	1.61167939297892	50.0	0.74343	275.0	50.0	30.96					1	2	clusterProfiler	True	True	False	True	False	False
GO:0061615	glycolytic process through fructose-6-phosphate	GO:BP	0.0379158293261	0.0005411461086917	3.46861434575897	9.0	0.03498	23.0	9.0	2.59					1	2	clusterProfiler	True	True	False	True	False	False
GO:0006892	post-Golgi vesicle-mediated transport	GO:BP	0.0360190426168836	0.0005073104593927	1.96983036919645	26.0	0.75903	118.0	26.0	13.28					1	2	clusterProfiler	True	True	False	True	False	False
GO:0043001	Golgi to plasma membrane protein transport	GO:BP	0.0360190426168836	0.000500787545141	2.74369229995221	13.0	0.04471	43.0	13.0	4.84					1	2	clusterProfiler	True	True	False	True	False	False
GO:0016050	vesicle organization	GO:BP	0.0435274860495167	0.0006294115353639	1.5012013700731	63.0	0.65432	374.0	63.0	42.1					1	2	clusterProfiler	True	True	False	True	False	False
GO:0046496	nicotinamide nucleotide metabolic process	GO:BP	0.0487190518541016	0.0007502276529645	1.80783774015069	31.0	1.0	152.0	31.0	17.11					1	2	clusterProfiler	True	True	False	True	False	False
GO:0045202	synapse												8.45540061882122e-56	269.0	1	1	gProfiler2 (Up/Down)	False	False	True	False	False	True
GO:0030054	cell junction												3.062291567860146e-41	310.0	1	1	gProfiler2 (Up/Down)	False	False	True	False	False	True
GO:0016020	membrane												8.654032132608651e-37	821.0	1	1	gProfiler2 (Up/Down)	False	False	True	False	False	True
GO:0043005	neuron projection												1.324188189374774e-34	202.0	1	1	gProfiler2 (Up/Down)	False	False	True	False	False	True
GO:0005737	cytoplasm												6.0846773224511285e-30	949.0	1	1	gProfiler2 (Up/Down)	False	False	True	False	False	True
GO:0098793	presynapse												5.386054372744114e-29	119.0	1	1	gProfiler2 (Up/Down)	False	False	True	False	False	True
GO:0031090	organelle membrane												1.0015222225900463e-24	383.0	1	1	gProfiler2 (Up/Down)	False	False	True	False	False	True
GO:0030424	axon												6.163376802245459e-24	113.0	1	1	gProfiler2 (Up/Down)	False	False	True	False	False	True
GO:0012505	endomembrane system												1.0434930585734449e-23	456.0	1	1	gProfiler2 (Up/Down)	False	False	True	False	False	True
GO:0042995	cell projection												1.1873387909448941e-23	282.0	1	1	gProfiler2 (Up/Down)	False	False	True	False	False	True
GO:0098588	bounding membrane of organelle												4.675290417990538e-22	254.0	1	1	gProfiler2 (Up/Down)	False	False	True	False	False	True
GO:0120025	plasma membrane bounded cell projection												2.7808006694184973e-20	263.0	1	1	gProfiler2 (Up/Down)	False	False	True	False	False	True
GO:0036477	somatodendritic compartment												5.490164449774459e-20	125.0	1	1	gProfiler2 (Up/Down)	False	False	True	False	False	True
GO:0098794	postsynapse												2.4751863510838414e-19	115.0	1	1	gProfiler2 (Up/Down)	False	False	True	False	False	True
GO:0031982	vesicle												3.421341756953301e-19	376.0	1	1	gProfiler2 (Up/Down)	False	False	True	False	False	True
GO:0097060	synaptic membrane												4.650610929697455e-19	82.0	1	1	gProfiler2 (Up/Down)	False	False	True	False	False	True
GO:0098978	glutamatergic synapse												2.29285014408582e-18	94.0	1	1	gProfiler2 (Up/Down)	False	False	True	False	False	True
GO:0005515	protein binding												6.303868514593952e-18	1109.0	1	1	gProfiler2 (Up/Down)	False	False	True	False	False	True
GO:0031410	cytoplasmic vesicle												7.636157759292377e-18	263.0	1	1	gProfiler2 (Up/Down)	False	False	True	False	False	True
GO:0097708	intracellular vesicle												1.1771779883730125e-17	263.0	1	1	gProfiler2 (Up/Down)	False	False	True	False	False	True
GO:0098982	GABA-ergic synapse												5.39775537293133e-17	37.0	1	1	gProfiler2 (Up/Down)	False	False	True	False	False	True
GO:0030425	dendrite												5.088712696725023e-16	95.0	1	1	gProfiler2 (Up/Down)	False	False	True	False	False	True
GO:0097447	dendritic tree												6.391616488310612e-16	95.0	1	1	gProfiler2 (Up/Down)	False	False	True	False	False	True
GO:0071944	cell periphery												8.809329380262293e-16	513.0	1	1	gProfiler2 (Up/Down)	False	False	True	False	False	True
GO:0030133	transport vesicle												1.8025549866169968e-15	77.0	1	1	gProfiler2 (Up/Down)	False	False	True	False	False	True
GO:0005886	plasma membrane												2.154629596956061e-15	488.0	1	1	gProfiler2 (Up/Down)	False	False	True	False	False	True
GO:0008021	synaptic vesicle												3.970225769834242e-15	51.0	1	1	gProfiler2 (Up/Down)	False	False	True	False	False	True
GO:0070382	exocytic vesicle												6.24776168789509e-15	53.0	1	1	gProfiler2 (Up/Down)	False	False	True	False	False	True
GO:0012506	vesicle membrane												1.8905570273090185e-14	152.0	1	1	gProfiler2 (Up/Down)	False	False	True	False	False	True
GO:0030659	cytoplasmic vesicle membrane												2.6654539186265287e-14	150.0	1	1	gProfiler2 (Up/Down)	False	False	True	False	False	True
GO:0030672	synaptic vesicle membrane												1.680738586095209e-13	38.0	1	1	gProfiler2 (Up/Down)	False	False	True	False	False	True
GO:0099501	exocytic vesicle membrane												1.680738586095209e-13	38.0	1	1	gProfiler2 (Up/Down)	False	False	True	False	False	True
GO:0030658	transport vesicle membrane												7.105442953897945e-12	50.0	1	1	gProfiler2 (Up/Down)	False	False	True	False	False	True
GO:0045211	postsynaptic membrane												1.276973028421373e-10	54.0	1	1	gProfiler2 (Up/Down)	False	False	True	False	False	True
GO:0043025	neuronal cell body												1.4616881027652358e-10	70.0	1	1	gProfiler2 (Up/Down)	False	False	True	False	False	True
GO:0099572	postsynaptic specialization												3.8098626493732825e-10	60.0	1	1	gProfiler2 (Up/Down)	False	False	True	False	False	True
GO:0005829	cytosol												1.159833655191498e-09	441.0	1	1	gProfiler2 (Up/Down)	False	False	True	False	False	True
GO:0098590	plasma membrane region												1.1631405313353386e-09	140.0	1	1	gProfiler2 (Up/Down)	False	False	True	False	False	True
GO:0044297	cell body												1.5860083720971303e-09	74.0	1	1	gProfiler2 (Up/Down)	False	False	True	False	False	True
GO:0099503	secretory vesicle												3.3228401126081703e-09	121.0	1	1	gProfiler2 (Up/Down)	False	False	True	False	False	True
GO:0150034	distal axon												4.561018952734877e-09	47.0	1	1	gProfiler2 (Up/Down)	False	False	True	False	False	True
GO:0005794	Golgi apparatus												5.021102622001285e-09	167.0	1	1	gProfiler2 (Up/Down)	False	False	True	False	False	True
GO:0098984	neuron to neuron synapse												8.061266000897205e-09	59.0	1	1	gProfiler2 (Up/Down)	False	False	True	False	False	True
GO:0110165	cellular anatomical structure												9.565317117625502e-09	1312.0	1	1	gProfiler2 (Up/Down)	False	False	True	False	False	True
GO:0042734	presynaptic membrane												1.9605554268831334e-08	35.0	1	1	gProfiler2 (Up/Down)	False	False	True	False	False	True
GO:1990351	transporter complex												2.962304687902144e-08	71.0	1	1	gProfiler2 (Up/Down)	False	False	True	False	False	True
GO:0034702	monoatomic ion channel complex												3.115016530578717e-08	56.0	1	1	gProfiler2 (Up/Down)	False	False	True	False	False	True
GO:1902495	transmembrane transporter complex												3.2116208007173146e-08	69.0	1	1	gProfiler2 (Up/Down)	False	False	True	False	False	True
GO:0005768	endosome												1.907071399830787e-07	115.0	1	1	gProfiler2 (Up/Down)	False	False	True	False	False	True
GO:0005215	transporter activity												4.0341605594350717e-07	137.0	1	1	gProfiler2 (Up/Down)	False	False	True	False	False	True
GO:0015075	monoatomic ion transmembrane transporter activity												4.585453941802812e-07	95.0	1	1	gProfiler2 (Up/Down)	False	False	True	False	False	True
GO:0008076	voltage-gated potassium channel complex												4.685051849594437e-07	23.0	1	1	gProfiler2 (Up/Down)	False	False	True	False	False	True
GO:0014069	postsynaptic density												6.97068420587318e-07	50.0	1	1	gProfiler2 (Up/Down)	False	False	True	False	False	True
GO:0032279	asymmetric synapse												1.1028621202894655e-06	51.0	1	1	gProfiler2 (Up/Down)	False	False	True	False	False	True
GO:0031984	organelle subcompartment												1.5640010961724194e-06	149.0	1	1	gProfiler2 (Up/Down)	False	False	True	False	False	True
GO:0099634	postsynaptic specialization membrane												1.6443019650822095e-06	29.0	1	1	gProfiler2 (Up/Down)	False	False	True	False	False	True
GO:0005773	vacuole												1.917279821160195e-06	96.0	1	1	gProfiler2 (Up/Down)	False	False	True	False	False	True
GO:0030136	clathrin-coated vesicle												3.029840362140926e-06	37.0	1	1	gProfiler2 (Up/Down)	False	False	True	False	False	True
GO:0022857	transmembrane transporter activity												3.3206498847575754e-06	124.0	1	1	gProfiler2 (Up/Down)	False	False	True	False	False	True
GO:0098796	membrane protein complex												4.1811480180379056e-06	135.0	1	1	gProfiler2 (Up/Down)	False	False	True	False	False	True
GO:0034705	potassium channel complex												5.293683693782877e-06	23.0	1	1	gProfiler2 (Up/Down)	False	False	True	False	False	True
GO:0034703	cation channel complex												7.305929037541348e-06	38.0	1	1	gProfiler2 (Up/Down)	False	False	True	False	False	True
GO:0000139	Golgi membrane												9.654661987204495e-06	79.0	1	1	gProfiler2 (Up/Down)	False	False	True	False	False	True
GO:0010008	endosome membrane												1.3418190854365672e-05	69.0	1	1	gProfiler2 (Up/Down)	False	False	True	False	False	True
GO:0043204	perikaryon												1.9893749603358783e-05	28.0	1	1	gProfiler2 (Up/Down)	False	False	True	False	False	True
GO:0044304	main axon												2.4489515450003263e-05	18.0	1	1	gProfiler2 (Up/Down)	False	False	True	False	False	True
GO:0030665	clathrin-coated vesicle membrane												3.056555407063731e-05	26.0	1	1	gProfiler2 (Up/Down)	False	False	True	False	False	True
GO:0008324	monoatomic cation transmembrane transporter activity												3.667755348499426e-05	79.0	1	1	gProfiler2 (Up/Down)	False	False	True	False	False	True
GO:0005783	endoplasmic reticulum												8.153419815962812e-05	181.0	1	1	gProfiler2 (Up/Down)	False	False	True	False	False	True
GO:0043679	axon terminus												9.01754980829886e-05	22.0	1	1	gProfiler2 (Up/Down)	False	False	True	False	False	True
GO:0045920	negative regulation of exocytosis	GO:BP					0.00102	31.0	9.0	3.49					1	1	topGO	False	True	False	False	True	False
GO:0007214	gamma-aminobutyric acid signaling pathway	GO:BP					0.00108	25.0	9.0	2.81					1	1	topGO	False	True	False	False	True	False
GO:0021766	hippocampus development	GO:BP					0.00109	50.0	13.0	5.63					1	1	topGO	False	True	False	False	True	False
GO:0007193	adenylate cyclase-inhibiting G protein-coupled receptor signaling pathway	GO:BP					0.00135	97.0	22.0	10.92					1	1	topGO	False	True	False	False	True	False
GO:0070534	protein K63-linked ubiquitination	GO:BP					0.00157	78.0	18.0	8.78					1	1	topGO	False	True	False	False	True	False
GO:0006103	2-oxoglutarate metabolic process	GO:BP					0.00158	17.0	7.0	1.91					1	1	topGO	False	True	False	False	True	False
GO:0042996	regulation of Golgi to plasma membrane protein transport	GO:BP					0.00172	13.0	6.0	1.46					1	1	topGO	False	True	False	False	True	False
GO:0050777	negative regulation of immune response	GO:BP					0.00172	189.0	25.0	21.28					1	1	topGO	False	True	False	False	True	False
GO:0007613	memory	GO:BP					0.00181	87.0	19.0	9.79					1	1	topGO	False	True	False	False	True	False
GO:0021795	cerebral cortex cell migration	GO:BP					0.00198	29.0	9.0	3.26					1	1	topGO	False	True	False	False	True	False
GO:0170040	proteinogenic amino acid catabolic process	GO:BP					0.0024	91.0	20.0	10.24					1	1	topGO	False	True	False	False	True	False
GO:1901381	positive regulation of potassium ion transmembrane transport	GO:BP					0.00263	23.0	8.0	2.59					1	1	topGO	False	True	False	False	True	False
GO:0043650	dicarboxylic acid biosynthetic process	GO:BP					0.00272	14.0	6.0	1.58					1	1	topGO	False	True	False	False	True	False
GO:0031349	positive regulation of defense response	GO:BP					0.00277	503.0	63.0	56.62					1	1	topGO	False	True	False	False	True	False
GO:0090394	negative regulation of excitatory postsynaptic potential	GO:BP					0.00278	10.0	5.0	1.13					1	1	topGO	False	True	False	False	True	False
GO:1902667	regulation of axon guidance	GO:BP					0.00278	10.0	5.0	1.13					1	1	topGO	False	True	False	False	True	False
GO:0042177	negative regulation of protein catabolic process	GO:BP					0.00289	118.0	21.0	13.28					1	1	topGO	False	True	False	False	True	False
GO:0051496	positive regulation of stress fiber assembly	GO:BP					0.0029	50.0	13.0	5.63					1	1	topGO	False	True	False	False	True	False
GO:0031122	cytoplasmic microtubule organization	GO:BP					0.00291	65.0	14.0	7.32					1	1	topGO	False	True	False	False	True	False
GO:0006511	ubiquitin-dependent protein catabolic process	GO:BP					0.00325	685.0	91.0	77.11					1	1	topGO	False	True	False	False	True	False
GO:0033365	protein localization to organelle	GO:BP					0.0033	882.0	126.0	99.29					1	1	topGO	False	True	False	False	True	False
GO:0060291	long-term synaptic potentiation	GO:BP					0.00372	80.0	16.0	9.01					1	1	topGO	False	True	False	False	True	False
GO:0015813	L-glutamate transmembrane transport	GO:BP					0.00411	28.0	7.0	3.15					1	1	topGO	False	True	False	False	True	False
GO:0021952	central nervous system projection neuron axonogenesis	GO:BP					0.00411	15.0	6.0	1.69					1	1	topGO	False	True	False	False	True	False
GO:0007156	homophilic cell-cell adhesion	GO:BP					0.00417	176.0	32.0	19.81					1	1	topGO	False	True	False	False	True	False
GO:0034198	cellular response to amino acid starvation	GO:BP					0.00458	53.0	13.0	5.97					1	1	topGO	False	True	False	False	True	False
GO:0170035	L-amino acid catabolic process	GO:BP					0.0046	96.0	20.0	10.81					1	1	topGO	False	True	False	False	True	False
GO:0016559	peroxisome fission	GO:BP					0.00463	11.0	5.0	1.24					1	1	topGO	False	True	False	False	True	False
GO:0001558	regulation of cell growth	GO:BP					0.00475	359.0	59.0	40.41					1	1	topGO	False	True	False	False	True	False
GO:0006513	protein monoubiquitination	GO:BP					0.00486	47.0	12.0	5.29					1	1	topGO	False	True	False	False	True	False
GO:0042752	regulation of circadian rhythm	GO:BP					0.00494	113.0	22.0	12.72					1	1	topGO	False	True	False	False	True	False
GO:0009156	ribonucleoside monophosphate biosynthetic process	GO:BP					0.00522	34.0	6.0	3.83					1	1	topGO	False	True	False	False	True	False
GO:0021799	cerebral cortex radially oriented cell migration	GO:BP					0.00522	23.0	5.0	2.59					1	1	topGO	False	True	False	False	True	False
GO:0031281	positive regulation of cyclase activity	GO:BP					0.00523	25.0	4.0	2.81					1	1	topGO	False	True	False	False	True	False
GO:0043457	regulation of cellular respiration	GO:BP					0.00524	42.0	5.0	4.73					1	1	topGO	False	True	False	False	True	False
GO:0051222	positive regulation of protein transport	GO:BP					0.00582	235.0	39.0	26.46					1	1	topGO	False	True	False	False	True	False
GO:0043647	inositol phosphate metabolic process	GO:BP					0.00593	38.0	10.0	4.28					1	1	topGO	False	True	False	False	True	False
GO:0032897	negative regulation of viral transcription	GO:BP					0.00595	16.0	6.0	1.8					1	1	topGO	False	True	False	False	True	False
GO:0035774	positive regulation of insulin secretion involved in cellular response to glucose stimulus	GO:BP					0.00639	37.0	10.0	4.17					1	1	topGO	False	True	False	False	True	False
GO:0032388	positive regulation of intracellular transport	GO:BP					0.0068	142.0	21.0	15.99					1	1	topGO	False	True	False	False	True	False
GO:0006695	cholesterol biosynthetic process	GO:BP					0.00714	61.0	15.0	6.87					1	1	topGO	False	True	False	False	True	False
GO:0034498	early endosome to Golgi transport	GO:BP					0.00721	12.0	5.0	1.35					1	1	topGO	False	True	False	False	True	False
GO:1990504	dense core granule exocytosis	GO:BP					0.00721	12.0	5.0	1.35					1	1	topGO	False	True	False	False	True	False
GO:0009584	detection of visible light	GO:BP					0.00723	29.0	6.0	3.26					1	1	topGO	False	True	False	False	True	False
GO:0023057	negative regulation of signaling	GO:BP					0.00735	1372.0	180.0	154.45					1	1	topGO	False	True	False	False	True	False
GO:0001912	positive regulation of leukocyte mediated cytotoxicity	GO:BP					0.00772	56.0	9.0	6.3					1	1	topGO	False	True	False	False	True	False
GO:0051261	protein depolymerization	GO:BP					0.00779	116.0	11.0	13.06					1	1	topGO	False	True	False	False	True	False
GO:0051930	regulation of sensory perception of pain	GO:BP					0.00833	17.0	6.0	1.91					1	1	topGO	False	True	False	False	True	False
GO:0048268	clathrin coat assembly	GO:BP					0.00838	22.0	7.0	2.48					1	1	topGO	False	True	False	False	True	False
GO:0048598	embryonic morphogenesis	GO:BP					0.00848	341.0	39.0	38.39					1	1	topGO	False	True	False	False	True	False
GO:0016241	regulation of macroautophagy	GO:BP					0.00938	187.0	35.0	21.05					1	1	topGO	False	True	False	False	True	False
GO:0035023	regulation of Rho protein signal transduction	GO:BP					0.00938	88.0	18.0	9.91					1	1	topGO	False	True	False	False	True	False
GO:0043547	positive regulation of GTPase activity	GO:BP					0.00947	78.0	16.0	8.78					1	1	topGO	False	True	False	False	True	False
GO:0050919	negative chemotaxis	GO:BP					0.00969	45.0	11.0	5.07					1	1	topGO	False	True	False	False	True	False
GO:0006091	generation of precursor metabolites and energy	GO:BP					0.00992	425.0	55.0	47.84					1	1	topGO	False	True	False	False	True	False
GO:0010977	negative regulation of neuron projection development	GO:BP					0.01043	105.0	22.0	11.82					0	1		False	True	False	False	False	False
GO:0060074	synapse maturation	GO:BP					0.01055	40.0	12.0	4.5					0	1		False	True	False	False	False	False
GO:0016081	synaptic vesicle docking	GO:BP					0.01064	13.0	5.0	1.46					0	1		False	True	False	False	False	False
GO:0045933	positive regulation of muscle contraction	GO:BP					0.01066	47.0	8.0	5.29					0	1		False	True	False	False	False	False
GO:0050806	positive regulation of synaptic transmission	GO:BP					0.01108	138.0	28.0	15.54					0	1		False	True	False	False	False	False
GO:0009725	response to hormone	GO:BP					0.01144	825.0	124.0	92.87					0	1		False	True	False	False	False	False
GO:0008380	RNA splicing	GO:BP					0.01201	464.0	44.0	52.23					0	1		False	True	False	False	False	False
GO:0010498	proteasomal protein catabolic process	GO:BP					0.01233	620.0	86.0	69.8					0	1		False	True	False	False	False	False
GO:0046942	carboxylic acid transport	GO:BP					0.0125	321.0	50.0	36.14					0	1		False	True	False	False	False	False
GO:0009181	purine ribonucleoside diphosphate catabolic process	GO:BP					0.01257	87.0	19.0	9.79					0	1		False	True	False	False	False	False
GO:0048857	neural nucleus development	GO:BP					0.0126	53.0	11.0	5.97					0	1		False	True	False	False	False	False
GO:0045338	farnesyl diphosphate metabolic process	GO:BP					0.01264	12.0	5.0	1.35					0	1		False	True	False	False	False	False
GO:1904350	regulation of protein catabolic process in the vacuole	GO:BP					0.01264	14.0	5.0	1.58					0	1		False	True	False	False	False	False
GO:0046530	photoreceptor cell differentiation	GO:BP					0.01265	43.0	8.0	4.84					0	1		False	True	False	False	False	False
GO:1903541	regulation of exosomal secretion	GO:BP					0.01266	17.0	4.0	1.91					0	1		False	True	False	False	False	False
GO:0018105	peptidyl-serine phosphorylation	GO:BP					0.01326	65.0	13.0	7.32					0	1		False	True	False	False	False	False
GO:0006891	intra-Golgi vesicle-mediated transport	GO:BP					0.01328	35.0	9.0	3.94					0	1		False	True	False	False	False	False
GO:0051592	response to calcium ion	GO:BP					0.01353	122.0	20.0	13.73					0	1		False	True	False	False	False	False
GO:0050772	positive regulation of axonogenesis	GO:BP					0.01378	60.0	15.0	6.75					0	1		False	True	False	False	False	False
GO:0019674	NAD+ metabolic process	GO:BP					0.01386	43.0	11.0	4.84					0	1		False	True	False	False	False	False
GO:0006470	protein dephosphorylation	GO:BP					0.01391	85.0	15.0	9.57					0	1		False	True	False	False	False	False
GO:0035022	positive regulation of Rac protein signal transduction	GO:BP					0.01393	24.0	7.0	2.7					0	1		False	True	False	False	False	False
GO:0060828	regulation of canonical Wnt signaling pathway	GO:BP					0.0147	241.0	41.0	27.13					0	1		False	True	False	False	False	False
GO:0061621	canonical glycolysis	GO:BP					0.01501	19.0	6.0	2.14					0	1		False	True	False	False	False	False
GO:0001921	positive regulation of receptor recycling	GO:BP					0.01505	14.0	5.0	1.58					0	1		False	True	False	False	False	False
GO:0007187	G protein-coupled receptor signaling pathway, coupled to cyclic nucleotide second messenger	GO:BP					0.01526	54.0	12.0	6.08					0	1		False	True	False	False	False	False
GO:0050850	positive regulation of calcium-mediated signaling	GO:BP					0.01528	49.0	12.0	5.52					0	1		False	True	False	False	False	False
GO:0007264	small GTPase-mediated signal transduction	GO:BP					0.01679	486.0	72.0	54.71					0	1		False	True	False	False	False	False
GO:0070507	regulation of microtubule cytoskeleton organization	GO:BP					0.01731	156.0	26.0	17.56					0	1		False	True	False	False	False	False
GO:0034599	cellular response to oxidative stress	GO:BP					0.01809	224.0	30.0	25.22					0	1		False	True	False	False	False	False
GO:0007219	Notch signaling pathway	GO:BP					0.01875	132.0	22.0	14.86					0	1		False	True	False	False	False	False
GO:0046488	phosphatidylinositol metabolic process	GO:BP					0.01912	156.0	28.0	17.56					0	1		False	True	False	False	False	False
GO:0014044	Schwann cell development	GO:BP					0.01919	27.0	7.0	3.04					0	1		False	True	False	False	False	False
GO:0042551	neuron maturation	GO:BP					0.01922	34.0	7.0	3.83					0	1		False	True	False	False	False	False
GO:0003140	determination of left/right asymmetry in lateral mesoderm	GO:BP					0.01923	10.0	4.0	1.13					0	1		False	True	False	False	False	False
GO:0031290	retinal ganglion cell axon guidance	GO:BP					0.01923	10.0	4.0	1.13					0	1		False	True	False	False	False	False
GO:0038129	ERBB3 signaling pathway	GO:BP					0.01923	10.0	4.0	1.13					0	1		False	True	False	False	False	False
GO:0046469	platelet activating factor metabolic process	GO:BP					0.01923	10.0	4.0	1.13					0	1		False	True	False	False	False	False
GO:1905380	regulation of snRNA transcription by RNA polymerase II	GO:BP					0.01923	10.0	4.0	1.13					0	1		False	True	False	False	False	False
GO:2000095	regulation of Wnt signaling pathway, planar cell polarity pathway	GO:BP					0.01923	10.0	4.0	1.13					0	1		False	True	False	False	False	False
GO:0045472	response to ether	GO:BP					0.01924	20.0	5.0	2.25					0	1		False	True	False	False	False	False
GO:0045778	positive regulation of ossification	GO:BP					0.01925	50.0	8.0	5.63					0	1		False	True	False	False	False	False
GO:0016331	morphogenesis of embryonic epithelium	GO:BP					0.01936	61.0	6.0	6.87					0	1		False	True	False	False	False	False
GO:0032930	positive regulation of superoxide anion generation	GO:BP					0.01944	20.0	6.0	2.25					0	1		False	True	False	False	False	False
GO:0034314	Arp2/3 complex-mediated actin nucleation	GO:BP					0.02049	44.0	9.0	4.95					0	1		False	True	False	False	False	False
GO:0035542	regulation of SNARE complex assembly	GO:BP					0.02052	15.0	5.0	1.69					0	1		False	True	False	False	False	False
GO:0051412	response to corticosterone	GO:BP					0.02052	15.0	5.0	1.69					0	1		False	True	False	False	False	False
GO:0099502	calcium-dependent activation of synaptic vesicle fusion	GO:BP					0.02052	15.0	5.0	1.69					0	1		False	True	False	False	False	False
GO:0032801	receptor catabolic process	GO:BP					0.02054	29.0	6.0	3.26					0	1		False	True	False	False	False	False
GO:0006897	endocytosis	GO:BP					0.02068	679.0	98.0	76.44					0	1		False	True	False	False	False	False
GO:0044282	small molecule catabolic process	GO:BP					0.02145	357.0	57.0	40.19					0	1		False	True	False	False	False	False
GO:0047496	vesicle transport along microtubule	GO:BP					0.02158	45.0	11.0	5.07					0	1		False	True	False	False	False	False
GO:0042147	retrograde transport, endosome to Golgi	GO:BP					0.02164	102.0	22.0	11.48					0	1		False	True	False	False	False	False
GO:0032886	regulation of microtubule-based process	GO:BP					0.02165	262.0	40.0	29.49					0	1		False	True	False	False	False	False
GO:0010592	positive regulation of lamellipodium assembly	GO:BP					0.02169	26.0	7.0	2.93					0	1		False	True	False	False	False	False
GO:0010996	response to auditory stimulus	GO:BP					0.02169	26.0	7.0	2.93					0	1		False	True	False	False	False	False
GO:0046856	phosphatidylinositol dephosphorylation	GO:BP					0.02169	26.0	7.0	2.93					0	1		False	True	False	False	False	False
GO:1903779	regulation of cardiac conduction	GO:BP					0.02169	26.0	7.0	2.93					0	1		False	True	False	False	False	False
GO:0007417	central nervous system development	GO:BP					0.02173	756.0	116.0	85.11					0	1		False	True	False	False	False	False
GO:1905521	regulation of macrophage migration	GO:BP					0.02188	40.0	8.0	4.5					0	1		False	True	False	False	False	False
GO:0050951	sensory perception of temperature stimulus	GO:BP					0.02194	23.0	4.0	2.59					0	1		False	True	False	False	False	False
GO:0042552	myelination	GO:BP					0.02222	109.0	22.0	12.27					0	1		False	True	False	False	False	False
GO:0010605	negative regulation of macromolecule metabolic process	GO:BP					0.02353	2603.0	253.0	293.03					0	1		False	True	False	False	False	False
GO:1903078	positive regulation of protein localization to plasma membrane	GO:BP					0.02436	64.0	13.0	7.2					0	1		False	True	False	False	False	False
GO:2000786	positive regulation of autophagosome assembly	GO:BP					0.02469	21.0	6.0	2.36					0	1		False	True	False	False	False	False
GO:0099072	regulation of postsynaptic membrane neurotransmitter receptor levels	GO:BP					0.02644	118.0	24.0	13.28					0	1		False	True	False	False	False	False
GO:0043406	positive regulation of MAP kinase activity	GO:BP					0.02652	27.0	7.0	3.04					0	1		False	True	False	False	False	False
GO:0090128	regulation of synapse maturation	GO:BP					0.02652	27.0	7.0	3.04					0	1		False	True	False	False	False	False
GO:0010508	positive regulation of autophagy	GO:BP					0.0267	156.0	30.0	17.56					0	1		False	True	False	False	False	False
GO:0048520	positive regulation of behavior	GO:BP					0.02705	28.0	8.0	3.15					0	1		False	True	False	False	False	False
GO:0019896	axonal transport of mitochondrion	GO:BP					0.02714	16.0	5.0	1.8					0	1		False	True	False	False	False	False
GO:1903998	regulation of eating behavior	GO:BP					0.02714	16.0	5.0	1.8					0	1		False	True	False	False	False	False
GO:0010906	regulation of glucose metabolic process	GO:BP					0.02726	80.0	10.0	9.01					0	1		False	True	False	False	False	False
GO:1903351	cellular response to dopamine	GO:BP					0.02731	51.0	14.0	5.74					0	1		False	True	False	False	False	False
GO:0031113	regulation of microtubule polymerization	GO:BP					0.02746	62.0	12.0	6.98					0	1		False	True	False	False	False	False
GO:0001963	synaptic transmission, dopaminergic	GO:BP					0.02753	21.0	6.0	2.36					0	1		False	True	False	False	False	False
GO:0003156	regulation of animal organ formation	GO:BP					0.02757	11.0	4.0	1.24					0	1		False	True	False	False	False	False
GO:0009642	response to light intensity	GO:BP					0.02757	11.0	4.0	1.24					0	1		False	True	False	False	False	False
GO:0032222	regulation of synaptic transmission, cholinergic	GO:BP					0.02757	11.0	4.0	1.24					0	1		False	True	False	False	False	False
GO:0046710	GDP metabolic process	GO:BP					0.02757	11.0	4.0	1.24					0	1		False	True	False	False	False	False
GO:2000822	regulation of behavioral fear response	GO:BP					0.02757	11.0	4.0	1.24					0	1		False	True	False	False	False	False
GO:0008652	amino acid biosynthetic process	GO:BP					0.02759	67.0	10.0	7.54					0	1		False	True	False	False	False	False
GO:0031647	regulation of protein stability	GO:BP					0.03012	354.0	40.0	39.85					0	1		False	True	False	False	False	False
GO:0030335	positive regulation of cell migration	GO:BP					0.0303	529.0	70.0	59.55					0	1		False	True	False	False	False	False
GO:0016601	Rac protein signal transduction	GO:BP					0.03058	57.0	13.0	6.42					0	1		False	True	False	False	False	False
GO:0090090	negative regulation of canonical Wnt signaling pathway	GO:BP					0.03067	129.0	22.0	14.52					0	1		False	True	False	False	False	False
GO:0008344	adult locomotory behavior	GO:BP					0.0308	22.0	6.0	2.48					0	1		False	True	False	False	False	False
GO:0051560	mitochondrial calcium ion homeostasis	GO:BP					0.0308	22.0	6.0	2.48					0	1		False	True	False	False	False	False
GO:2000810	regulation of bicellular tight junction assembly	GO:BP					0.0308	22.0	6.0	2.48					0	1		False	True	False	False	False	False
GO:0042398	modified amino acid biosynthetic process	GO:BP					0.03084	44.0	8.0	4.95					0	1		False	True	False	False	False	False
GO:0045879	negative regulation of smoothened signaling pathway	GO:BP					0.03203	28.0	7.0	3.15					0	1		False	True	False	False	False	False
GO:0048583	regulation of response to stimulus	GO:BP					0.03354	3786.0	463.0	426.21					0	1		False	True	False	False	False	False
GO:2000300	regulation of synaptic vesicle exocytosis	GO:BP					0.03381	47.0	10.0	5.29					0	1		False	True	False	False	False	False
GO:0040011	locomotion	GO:BP					0.03419	1137.0	149.0	128.0					0	1		False	True	False	False	False	False
GO:0045732	positive regulation of protein catabolic process	GO:BP					0.03471	213.0	32.0	23.98					0	1		False	True	False	False	False	False
GO:0098900	regulation of action potential	GO:BP					0.03479	65.0	13.0	7.32					0	1		False	True	False	False	False	False
GO:1902476	chloride transmembrane transport	GO:BP					0.0348	109.0	19.0	12.27					0	1		False	True	False	False	False	False
GO:0008088	axo-dendritic transport	GO:BP					0.03486	82.0	19.0	9.23					0	1		False	True	False	False	False	False
GO:0030865	cortical cytoskeleton organization	GO:BP					0.03491	53.0	10.0	5.97					0	1		False	True	False	False	False	False
GO:0007413	axonal fasciculation	GO:BP					0.03498	17.0	5.0	1.91					0	1		False	True	False	False	False	False
GO:0010288	response to lead ion	GO:BP					0.03498	17.0	5.0	1.91					0	1		False	True	False	False	False	False
GO:0015816	glycine transport	GO:BP					0.03498	17.0	5.0	1.91					0	1		False	True	False	False	False	False
GO:0021602	cranial nerve morphogenesis	GO:BP					0.03498	17.0	5.0	1.91					0	1		False	True	False	False	False	False
GO:0022010	central nervous system myelination	GO:BP					0.03498	17.0	5.0	1.91					0	1		False	True	False	False	False	False
GO:0032026	response to magnesium ion	GO:BP					0.03498	17.0	5.0	1.91					0	1		False	True	False	False	False	False
GO:0050862	positive regulation of T cell receptor signaling pathway	GO:BP					0.03498	17.0	5.0	1.91					0	1		False	True	False	False	False	False
GO:0097401	synaptic vesicle lumen acidification	GO:BP					0.03498	17.0	5.0	1.91					0	1		False	True	False	False	False	False
GO:0014808	release of sequestered calcium ion into cytosol by sarcoplasmic reticulum	GO:BP					0.03501	39.0	10.0	4.39					0	1		False	True	False	False	False	False
GO:0009582	detection of abiotic stimulus	GO:BP					0.03503	116.0	18.0	13.06					0	1		False	True	False	False	False	False
GO:1903844	regulation of cellular response to transforming growth factor beta stimulus	GO:BP					0.03503	132.0	20.0	14.86					0	1		False	True	False	False	False	False
GO:2000279	negative regulation of DNA biosynthetic process	GO:BP					0.03511	30.0	7.0	3.38					0	1		False	True	False	False	False	False
GO:0070232	regulation of T cell apoptotic process	GO:BP					0.03513	24.0	5.0	2.7					0	1		False	True	False	False	False	False
GO:1901700	response to oxygen-containing compound	GO:BP					0.03515	1470.0	198.0	165.48					0	1		False	True	False	False	False	False
GO:0035456	response to interferon-beta	GO:BP					0.03517	32.0	6.0	3.6					0	1		False	True	False	False	False	False
GO:1990089	response to nerve growth factor	GO:BP					0.03523	50.0	5.0	5.63					0	1		False	True	False	False	False	False
GO:0007405	neuroblast proliferation	GO:BP					0.03524	37.0	5.0	4.17					0	1		False	True	False	False	False	False
GO:0043207	response to external biotic stimulus	GO:BP					0.03553	1396.0	149.0	157.15					0	1		False	True	False	False	False	False
GO:0030336	negative regulation of cell migration	GO:BP					0.03575	289.0	40.0	32.53					0	1		False	True	False	False	False	False
GO:0034063	stress granule assembly	GO:BP					0.03736	35.0	8.0	3.94					0	1		False	True	False	False	False	False
GO:0006826	iron ion transport	GO:BP					0.03764	50.0	10.0	5.63					0	1		False	True	False	False	False	False
GO:0048534	hematopoietic or lymphoid organ development	GO:BP					0.03774	37.0	7.0	4.17					0	1		False	True	False	False	False	False
GO:0002291	T cell activation via T cell receptor contact with antigen bound to MHC molecule on antigen presenting cell	GO:BP					0.03776	12.0	4.0	1.35					0	1		False	True	False	False	False	False
GO:0006182	cGMP biosynthetic process	GO:BP					0.03776	12.0	4.0	1.35					0	1		False	True	False	False	False	False
GO:0043653	mitochondrial fragmentation involved in apoptotic process	GO:BP					0.03776	12.0	4.0	1.35					0	1		False	True	False	False	False	False
GO:0048681	negative regulation of axon regeneration	GO:BP					0.03776	12.0	4.0	1.35					0	1		False	True	False	False	False	False
GO:0071635	negative regulation of transforming growth factor beta production	GO:BP					0.03776	12.0	4.0	1.35					0	1		False	True	False	False	False	False
GO:0071679	commissural neuron axon guidance	GO:BP					0.03776	12.0	4.0	1.35					0	1		False	True	False	False	False	False
GO:1900272	negative regulation of long-term synaptic potentiation	GO:BP					0.03776	12.0	4.0	1.35					0	1		False	True	False	False	False	False
GO:0048814	regulation of dendrite morphogenesis	GO:BP					0.03782	58.0	10.0	6.53					0	1		False	True	False	False	False	False
GO:0038128	ERBB2 signaling pathway	GO:BP					0.03783	23.0	6.0	2.59					0	1		False	True	False	False	False	False
GO:2001135	regulation of endocytic recycling	GO:BP					0.03783	23.0	6.0	2.59					0	1		False	True	False	False	False	False
GO:0097237	cellular response to toxic substance	GO:BP					0.03797	130.0	14.0	14.63					0	1		False	True	False	False	False	False
GO:0060392	negative regulation of SMAD protein signal transduction	GO:BP					0.03825	29.0	7.0	3.26					0	1		False	True	False	False	False	False
GO:0016032	viral process	GO:BP					0.03826	364.0	36.0	40.98					0	1		False	True	False	False	False	False
GO:0050709	negative regulation of protein secretion	GO:BP					0.03827	58.0	10.0	6.53					0	1		False	True	False	False	False	False
GO:0006397	mRNA processing	GO:BP					0.03993	499.0	45.0	56.17					0	1		False	True	False	False	False	False
GO:0051604	protein maturation	GO:BP					0.04074	573.0	59.0	64.51					0	1		False	True	False	False	False	False
GO:0043123	positive regulation of canonical NF-kappaB signal transduction	GO:BP					0.04088	223.0	34.0	25.1					0	1		False	True	False	False	False	False
GO:0045471	response to ethanol	GO:BP					0.04114	124.0	23.0	13.96					0	1		False	True	False	False	False	False
GO:0030036	actin cytoskeleton organization	GO:BP					0.04323	687.0	89.0	77.34					0	1		False	True	False	False	False	False
GO:0045773	positive regulation of axon extension	GO:BP					0.04346	36.0	8.0	4.05					0	1		False	True	False	False	False	False
GO:0099560	synaptic membrane adhesion	GO:BP					0.04346	36.0	8.0	4.05					0	1		False	True	False	False	False	False
GO:0120009	intermembrane lipid transfer	GO:BP					0.04373	49.0	10.0	5.52					0	1		False	True	False	False	False	False
GO:0002888	positive regulation of myeloid leukocyte mediated immunity	GO:BP					0.04407	18.0	5.0	2.03					0	1		False	True	False	False	False	False
GO:0048169	regulation of long-term neuronal synaptic plasticity	GO:BP					0.04407	18.0	5.0	2.03					0	1		False	True	False	False	False	False
GO:0098901	regulation of cardiac muscle cell action potential	GO:BP					0.0441	30.0	6.0	3.38					0	1		False	True	False	False	False	False
GO:0071312	cellular response to alkaloid	GO:BP					0.04521	30.0	7.0	3.38					0	1		False	True	False	False	False	False
GO:1903077	negative regulation of protein localization to plasma membrane	GO:BP					0.04521	30.0	7.0	3.38					0	1		False	True	False	False	False	False
GO:0030032	lamellipodium assembly	GO:BP					0.04528	59.0	15.0	6.64					0	1		False	True	False	False	False	False
GO:0001764	neuron migration	GO:BP					0.04714	114.0	18.0	12.83					0	1		False	True	False	False	False	False
GO:0032006	regulation of TOR signaling	GO:BP					0.04918	151.0	27.0	17.0					0	1		False	True	False	False	False	False
GO:2000146	negative regulation of cell motility	GO:BP					0.04918	302.0	44.0	34.0					0	1		False	True	False	False	False	False
GO:0007163	establishment or maintenance of cell polarity	GO:BP					0.04931	182.0	31.0	20.49					0	1		False	True	False	False	False	False
GO:0071383	cellular response to steroid hormone stimulus	GO:BP					0.04967	194.0	26.0	21.84					0	1		False	True	False	False	False	False
GO:0071676	negative regulation of mononuclear cell migration	GO:BP					0.0497	28.0	7.0	3.15					0	1		False	True	False	False	False	False
GO:0006596	polyamine biosynthetic process	GO:BP					0.0498	13.0	4.0	1.46					0	1		False	True	False	False	False	False
GO:0022038	corpus callosum development	GO:BP					0.0498	13.0	4.0	1.46					0	1		False	True	False	False	False	False
GO:0031115	negative regulation of microtubule polymerization	GO:BP					0.0498	13.0	4.0	1.46					0	1		False	True	False	False	False	False
GO:0031365	N-terminal protein amino acid modification	GO:BP					0.0498	13.0	4.0	1.46					0	1		False	True	False	False	False	False
GO:0035089	establishment of apical/basal cell polarity	GO:BP					0.0498	13.0	4.0	1.46					0	1		False	True	False	False	False	False
GO:0045040	protein insertion into mitochondrial outer membrane	GO:BP					0.0498	13.0	4.0	1.46					0	1		False	True	False	False	False	False
GO:0048548	regulation of pinocytosis	GO:BP					0.0498	13.0	4.0	1.46					0	1		False	True	False	False	False	False
GO:0061052	negative regulation of cell growth involved in cardiac muscle cell development	GO:BP					0.0498	13.0	4.0	1.46					0	1		False	True	False	False	False	False
GO:0071380	cellular response to prostaglandin E stimulus	GO:BP					0.0498	13.0	4.0	1.46					0	1		False	True	False	False	False	False
GO:1900025	negative regulation of substrate adhesion-dependent cell spreading	GO:BP					0.0498	13.0	4.0	1.46					0	1		False	True	False	False	False	False
GO:1903564	regulation of protein localization to cilium	GO:BP					0.0498	13.0	4.0	1.46					0	1		False	True	False	False	False	False
GO:2000278	regulation of DNA biosynthetic process	GO:BP					0.05133	82.0	16.0	9.23					0	1		False	True	False	False	False	False
GO:0000266	mitochondrial fission	GO:BP					0.05154	38.0	8.0	4.28					0	1		False	True	False	False	False	False
GO:0098664	G protein-coupled serotonin receptor signaling pathway	GO:BP					0.05159	18.0	5.0	2.03					0	1		False	True	False	False	False	False
GO:0032479	regulation of type I interferon production	GO:BP					0.0516	134.0	18.0	15.08					0	1		False	True	False	False	False	False
GO:0001504	neurotransmitter uptake	GO:BP					0.05165	43.0	7.0	4.84					0	1		False	True	False	False	False	False
GO:0044703	multi-organism reproductive process	GO:BP					0.05165	149.0	19.0	16.77					0	1		False	True	False	False	False	False
GO:0098884	postsynaptic neurotransmitter receptor internalization	GO:BP					0.05174	36.0	5.0	4.05					0	1		False	True	False	False	False	False
GO:1901379	regulation of potassium ion transmembrane transport	GO:BP					0.05388	59.0	15.0	6.64					0	1		False	True	False	False	False	False
GO:0048813	dendrite morphogenesis	GO:BP					0.05412	122.0	22.0	13.73					0	1		False	True	False	False	False	False
GO:0018107	peptidyl-threonine phosphorylation	GO:BP					0.05429	32.0	8.0	3.6					0	1		False	True	False	False	False	False
GO:0006895	Golgi to endosome transport	GO:BP					0.05445	19.0	5.0	2.14					0	1		False	True	False	False	False	False
GO:0032402	melanosome transport	GO:BP					0.05445	19.0	5.0	2.14					0	1		False	True	False	False	False	False
GO:0033490	cholesterol biosynthetic process via lathosterol	GO:BP					0.05445	19.0	5.0	2.14					0	1		False	True	False	False	False	False
GO:0035338	long-chain fatty-acyl-CoA biosynthetic process	GO:BP					0.05445	19.0	5.0	2.14					0	1		False	True	False	False	False	False
GO:0060384	innervation	GO:BP					0.05445	19.0	5.0	2.14					0	1		False	True	False	False	False	False
GO:2000641	regulation of early endosome to late endosome transport	GO:BP					0.05445	19.0	5.0	2.14					0	1		False	True	False	False	False	False
GO:0007064	mitotic sister chromatid cohesion	GO:BP					0.0545	32.0	6.0	3.6					0	1		False	True	False	False	False	False
GO:0038095	Fc-epsilon receptor signaling pathway	GO:BP					0.05472	25.0	6.0	2.81					0	1		False	True	False	False	False	False
GO:0036503	ERAD pathway	GO:BP					0.05637	109.0	18.0	12.27					0	1		False	True	False	False	False	False
GO:0007584	response to nutrient	GO:BP					0.06044	144.0	20.0	16.21					0	1		False	True	False	False	False	False
GO:0045197	establishment or maintenance of epithelial cell apical/basal polarity	GO:BP					0.06144	32.0	7.0	3.6					0	1		False	True	False	False	False	False
GO:0000281	mitotic cytokinesis	GO:BP					0.06218	103.0	15.0	11.6					0	1		False	True	False	False	False	False
GO:0008015	blood circulation	GO:BP					0.06278	460.0	63.0	51.78					0	1		False	True	False	False	False	False
GO:1903531	negative regulation of secretion by cell	GO:BP					0.06285	127.0	25.0	14.3					0	1		False	True	False	False	False	False
GO:0032535	regulation of cellular component size	GO:BP					0.06304	295.0	42.0	33.21					0	1		False	True	False	False	False	False
GO:0090280	positive regulation of calcium ion import	GO:BP					0.06351	24.0	7.0	2.7					0	1		False	True	False	False	False	False
GO:0048593	camera-type eye morphogenesis	GO:BP					0.0636	76.0	12.0	8.56					0	1		False	True	False	False	False	False
GO:0086064	cell communication by electrical coupling involved in cardiac conduction	GO:BP					0.06363	25.0	6.0	2.81					0	1		False	True	False	False	False	False
GO:0030837	negative regulation of actin filament polymerization	GO:BP					0.06368	56.0	9.0	6.3					0	1		False	True	False	False	False	False
GO:0030859	polarized epithelial cell differentiation	GO:BP					0.06371	14.0	4.0	1.58					0	1		False	True	False	False	False	False
GO:0048791	calcium ion-regulated exocytosis of neurotransmitter	GO:BP					0.06371	14.0	4.0	1.58					0	1		False	True	False	False	False	False
GO:0072350	tricarboxylic acid metabolic process	GO:BP					0.06371	14.0	4.0	1.58					0	1		False	True	False	False	False	False
GO:0090043	regulation of tubulin deacetylation	GO:BP					0.06371	14.0	4.0	1.58					0	1		False	True	False	False	False	False
GO:1902093	positive regulation of flagellated sperm motility	GO:BP					0.06371	14.0	4.0	1.58					0	1		False	True	False	False	False	False
GO:2001171	positive regulation of ATP biosynthetic process	GO:BP					0.06371	14.0	4.0	1.58					0	1		False	True	False	False	False	False
GO:0065004	protein-DNA complex assembly	GO:BP					0.06426	168.0	16.0	18.91					0	1		False	True	False	False	False	False
GO:0110053	regulation of actin filament organization	GO:BP					0.0643	242.0	41.0	27.24					0	1		False	True	False	False	False	False
GO:0050805	negative regulation of synaptic transmission	GO:BP					0.06436	53.0	11.0	5.97					0	1		False	True	False	False	False	False
GO:0070588	calcium ion transmembrane transport	GO:BP					0.06448	306.0	46.0	34.45					0	1		False	True	False	False	False	False
GO:1903432	regulation of TORC1 signaling	GO:BP					0.06468	98.0	19.0	11.03					0	1		False	True	False	False	False	False
GO:0098930	axonal transport	GO:BP					0.0647	65.0	15.0	7.32					0	1		False	True	False	False	False	False
GO:0015807	L-amino acid transport	GO:BP					0.06476	83.0	16.0	9.34					0	1		False	True	False	False	False	False
GO:0070482	response to oxygen levels	GO:BP					0.06478	300.0	40.0	33.77					0	1		False	True	False	False	False	False
GO:0019098	reproductive behavior	GO:BP					0.06498	25.0	6.0	2.81					0	1		False	True	False	False	False	False
GO:0048668	collateral sprouting	GO:BP					0.06498	16.0	5.0	1.8					0	1		False	True	False	False	False	False
GO:0032274	gonadotropin secretion	GO:BP					0.06499	17.0	5.0	1.91					0	1		False	True	False	False	False	False
GO:0060119	inner ear receptor cell development	GO:BP					0.06501	20.0	5.0	2.25					0	1		False	True	False	False	False	False
GO:0045931	positive regulation of mitotic cell cycle	GO:BP					0.06504	106.0	12.0	11.93					0	1		False	True	False	False	False	False
GO:0051053	negative regulation of DNA metabolic process	GO:BP					0.06504	131.0	17.0	14.75					0	1		False	True	False	False	False	False
GO:0140131	positive regulation of lymphocyte chemotaxis	GO:BP					0.06504	16.0	4.0	1.8					0	1		False	True	False	False	False	False
GO:0006577	amino-acid betaine metabolic process	GO:BP					0.06506	18.0	4.0	2.03					0	1		False	True	False	False	False	False
GO:0001754	eye photoreceptor cell differentiation	GO:BP					0.06509	31.0	5.0	3.49					0	1		False	True	False	False	False	False
GO:0061138	morphogenesis of a branching epithelium	GO:BP					0.0651	77.0	10.0	8.67					0	1		False	True	False	False	False	False
GO:0002029	desensitization of G protein-coupled receptor signaling pathway	GO:BP					0.06513	19.0	3.0	2.14					0	1		False	True	False	False	False	False
GO:0141060	disruption of anatomical structure in another organism	GO:BP					0.06525	89.0	9.0	10.02					0	1		False	True	False	False	False	False
GO:0032368	regulation of lipid transport	GO:BP					0.06547	128.0	10.0	14.41					0	1		False	True	False	False	False	False
GO:0051966	regulation of synaptic transmission, glutamatergic	GO:BP					0.06561	68.0	11.0	7.66					0	1		False	True	False	False	False	False
GO:0048489	synaptic vesicle transport	GO:BP					0.06575	46.0	11.0	5.18					0	1		False	True	False	False	False	False
GO:0030512	negative regulation of transforming growth factor beta receptor signaling pathway	GO:BP					0.06606	88.0	15.0	9.91					0	1		False	True	False	False	False	False
GO:0007213	G protein-coupled acetylcholine receptor signaling pathway	GO:BP					0.06613	20.0	5.0	2.25					0	1		False	True	False	False	False	False
GO:0033489	cholesterol biosynthetic process via desmosterol	GO:BP					0.06613	20.0	5.0	2.25					0	1		False	True	False	False	False	False
GO:0015914	phospholipid transport	GO:BP					0.06741	109.0	19.0	12.27					0	1		False	True	False	False	False	False
GO:1905515	non-motile cilium assembly	GO:BP					0.06794	46.0	9.0	5.18					0	1		False	True	False	False	False	False
GO:0030198	extracellular matrix organization	GO:BP					0.06887	262.0	28.0	29.49					0	1		False	True	False	False	False	False
GO:0009888	tissue development	GO:BP					0.07057	1450.0	171.0	163.23					0	1		False	True	False	False	False	False
GO:0099172	presynapse organization	GO:BP					0.0708	55.0	12.0	6.19					0	1		False	True	False	False	False	False
GO:0031340	positive regulation of vesicle fusion	GO:BP					0.07085	24.0	8.0	2.7					0	1		False	True	False	False	False	False
GO:0035050	embryonic heart tube development	GO:BP					0.07099	55.0	10.0	6.19					0	1		False	True	False	False	False	False
GO:1902307	positive regulation of sodium ion transmembrane transport	GO:BP					0.07108	19.0	5.0	2.14					0	1		False	True	False	False	False	False
GO:0035357	peroxisome proliferator activated receptor signaling pathway	GO:BP					0.07117	28.0	5.0	3.15					0	1		False	True	False	False	False	False
GO:0042403	thyroid hormone metabolic process	GO:BP					0.07125	27.0	4.0	3.04					0	1		False	True	False	False	False	False
GO:0035767	endothelial cell chemotaxis	GO:BP					0.07128	30.0	4.0	3.38					0	1		False	True	False	False	False	False
GO:0048660	regulation of smooth muscle cell proliferation	GO:BP					0.07141	131.0	14.0	14.75					0	1		False	True	False	False	False	False
GO:1901987	regulation of cell cycle phase transition	GO:BP					0.07243	429.0	37.0	48.29					0	1		False	True	False	False	False	False
GO:0043086	negative regulation of catalytic activity	GO:BP					0.07548	140.0	19.0	15.76					0	1		False	True	False	False	False	False
GO:0002862	negative regulation of inflammatory response to antigenic stimulus	GO:BP					0.07552	27.0	6.0	3.04					0	1		False	True	False	False	False	False
GO:0034067	protein localization to Golgi apparatus	GO:BP					0.07552	27.0	6.0	3.04					0	1		False	True	False	False	False	False
GO:0046677	response to antibiotic	GO:BP					0.07552	27.0	6.0	3.04					0	1		False	True	False	False	False	False
GO:0051497	negative regulation of stress fiber assembly	GO:BP					0.07552	27.0	6.0	3.04					0	1		False	True	False	False	False	False
GO:0070935	3'-UTR-mediated mRNA stabilization	GO:BP					0.07552	27.0	6.0	3.04					0	1		False	True	False	False	False	False
GO:0050768	negative regulation of neurogenesis	GO:BP					0.07557	92.0	13.0	10.36					0	1		False	True	False	False	False	False
GO:0007032	endosome organization	GO:BP					0.07626	100.0	17.0	11.26					0	1		False	True	False	False	False	False
GO:0051965	positive regulation of synapse assembly	GO:BP					0.07665	54.0	10.0	6.08					0	1		False	True	False	False	False	False
GO:0043200	response to amino acid	GO:BP					0.07867	94.0	16.0	10.58					0	1		False	True	False	False	False	False
GO:0006900	vesicle budding from membrane	GO:BP					0.07872	88.0	15.0	9.91					0	1		False	True	False	False	False	False
GO:2001234	negative regulation of apoptotic signaling pathway	GO:BP					0.07874	181.0	28.0	20.38					0	1		False	True	False	False	False	False
GO:0003094	glomerular filtration	GO:BP					0.07907	21.0	5.0	2.36					0	1		False	True	False	False	False	False
GO:0035902	response to immobilization stress	GO:BP					0.07907	21.0	5.0	2.36					0	1		False	True	False	False	False	False
GO:0046579	positive regulation of Ras protein signal transduction	GO:BP					0.07907	21.0	5.0	2.36					0	1		False	True	False	False	False	False
GO:0061909	autophagosome-lysosome fusion	GO:BP					0.07907	21.0	5.0	2.36					0	1		False	True	False	False	False	False
GO:0090141	positive regulation of mitochondrial fission	GO:BP					0.07907	21.0	5.0	2.36					0	1		False	True	False	False	False	False
GO:0006939	smooth muscle contraction	GO:BP					0.07919	79.0	13.0	8.89					0	1		False	True	False	False	False	False
GO:0019226	transmission of nerve impulse	GO:BP					0.07936	56.0	9.0	6.3					0	1		False	True	False	False	False	False
GO:0034058	endosomal vesicle fusion	GO:BP					0.07941	15.0	4.0	1.69					0	1		False	True	False	False	False	False
GO:0051152	positive regulation of smooth muscle cell differentiation	GO:BP					0.07941	15.0	4.0	1.69					0	1		False	True	False	False	False	False
GO:0060143	positive regulation of syncytium formation by plasma membrane fusion	GO:BP					0.07941	15.0	4.0	1.69					0	1		False	True	False	False	False	False
GO:0061795	Golgi lumen acidification	GO:BP					0.07941	15.0	4.0	1.69					0	1		False	True	False	False	False	False
GO:0071732	cellular response to nitric oxide	GO:BP					0.07941	15.0	4.0	1.69					0	1		False	True	False	False	False	False
GO:0098693	regulation of synaptic vesicle cycle	GO:BP					0.07941	15.0	4.0	1.69					0	1		False	True	False	False	False	False
GO:0099509	regulation of presynaptic cytosolic calcium ion concentration	GO:BP					0.07941	15.0	4.0	1.69					0	1		False	True	False	False	False	False
GO:1904181	positive regulation of membrane depolarization	GO:BP					0.07941	15.0	4.0	1.69					0	1		False	True	False	False	False	False
GO:2000010	positive regulation of protein localization to cell surface	GO:BP					0.07941	15.0	4.0	1.69					0	1		False	True	False	False	False	False
GO:2000104	negative regulation of DNA-templated DNA replication	GO:BP					0.07941	15.0	4.0	1.69					0	1		False	True	False	False	False	False
GO:0009154	purine ribonucleotide catabolic process	GO:BP					0.07947	119.0	24.0	13.4					0	1		False	True	False	False	False	False
GO:0030010	establishment of cell polarity	GO:BP					0.08025	122.0	20.0	13.73					0	1		False	True	False	False	False	False
GO:0072583	clathrin-dependent endocytosis	GO:BP					0.0806	50.0	10.0	5.63					0	1		False	True	False	False	False	False
GO:0006094	gluconeogenesis	GO:BP					0.08115	77.0	10.0	8.67					0	1		False	True	False	False	False	False
GO:0007254	JNK cascade	GO:BP					0.0814	169.0	19.0	19.03					0	1		False	True	False	False	False	False
GO:0097009	energy homeostasis	GO:BP					0.08355	58.0	10.0	6.53					0	1		False	True	False	False	False	False
GO:0070830	bicellular tight junction assembly	GO:BP					0.08676	50.0	12.0	5.63					0	1		False	True	False	False	False	False
GO:0050729	positive regulation of inflammatory response	GO:BP					0.08709	153.0	22.0	17.22					0	1		False	True	False	False	False	False
GO:0060173	limb development	GO:BP					0.08722	91.0	14.0	10.24					0	1		False	True	False	False	False	False
GO:0099505	regulation of presynaptic membrane potential	GO:BP					0.08738	28.0	6.0	3.15					0	1		False	True	False	False	False	False
GO:0019882	antigen processing and presentation	GO:BP					0.08774	99.0	12.0	11.14					0	1		False	True	False	False	False	False
GO:1902600	proton transmembrane transport	GO:BP					0.09225	186.0	30.0	20.94					0	1		False	True	False	False	False	False
GO:0007631	feeding behavior	GO:BP					0.09237	80.0	17.0	9.01					0	1		False	True	False	False	False	False
GO:0022406	membrane docking	GO:BP					0.09266	87.0	18.0	9.79					0	1		False	True	False	False	False	False
GO:0045022	early endosome to late endosome transport	GO:BP					0.0928	41.0	10.0	4.62					0	1		False	True	False	False	False	False
GO:0062013	positive regulation of small molecule metabolic process	GO:BP					0.09297	146.0	22.0	16.44					0	1		False	True	False	False	False	False
GO:2000027	regulation of animal organ morphogenesis	GO:BP					0.09302	43.0	10.0	4.84					0	1		False	True	False	False	False	False
GO:0051480	regulation of cytosolic calcium ion concentration	GO:BP					0.09304	57.0	12.0	6.42					0	1		False	True	False	False	False	False
GO:0045921	positive regulation of exocytosis	GO:BP					0.09305	81.0	13.0	9.12					0	1		False	True	False	False	False	False
GO:0017158	regulation of calcium ion-dependent exocytosis	GO:BP					0.09306	37.0	8.0	4.17					0	1		False	True	False	False	False	False
GO:0033619	membrane protein proteolysis	GO:BP					0.0931	58.0	11.0	6.53					0	1		False	True	False	False	False	False
GO:0006839	mitochondrial transport	GO:BP					0.09314	34.0	8.0	3.83					0	1		False	True	False	False	False	False
GO:0099558	maintenance of synapse structure	GO:BP					0.09316	34.0	7.0	3.83					0	1		False	True	False	False	False	False
GO:0045217	cell-cell junction maintenance	GO:BP					0.09327	22.0	5.0	2.48					0	1		False	True	False	False	False	False
GO:1902041	regulation of extrinsic apoptotic signaling pathway via death domain receptors	GO:BP					0.09327	35.0	7.0	3.94					0	1		False	True	False	False	False	False
GO:1903861	positive regulation of dendrite extension	GO:BP					0.09327	22.0	5.0	2.48					0	1		False	True	False	False	False	False
GO:0048246	macrophage chemotaxis	GO:BP					0.0933	37.0	7.0	4.17					0	1		False	True	False	False	False	False
GO:0035455	response to interferon-alpha	GO:BP					0.09331	20.0	5.0	2.25					0	1		False	True	False	False	False	False
GO:0051043	regulation of membrane protein ectodomain proteolysis	GO:BP					0.09337	25.0	5.0	2.81					0	1		False	True	False	False	False	False
GO:0001771	immunological synapse formation	GO:BP					0.09341	10.0	3.0	1.13					0	1		False	True	False	False	False	False
GO:0001878	response to yeast	GO:BP					0.09341	10.0	3.0	1.13					0	1		False	True	False	False	False	False
GO:0002420	natural killer cell mediated cytotoxicity directed against tumor cell target	GO:BP					0.09341	10.0	3.0	1.13					0	1		False	True	False	False	False	False
GO:0007194	negative regulation of adenylate cyclase activity	GO:BP					0.09341	10.0	3.0	1.13					0	1		False	True	False	False	False	False
GO:0008300	isoprenoid catabolic process	GO:BP					0.09341	10.0	3.0	1.13					0	1		False	True	False	False	False	False
GO:0009812	flavonoid metabolic process	GO:BP					0.09341	10.0	3.0	1.13					0	1		False	True	False	False	False	False
GO:0010510	regulation of pyruvate decarboxylation to acetyl-CoA	GO:BP					0.09341	10.0	3.0	1.13					0	1		False	True	False	False	False	False
GO:0015937	coenzyme A biosynthetic process	GO:BP					0.09341	10.0	3.0	1.13					0	1		False	True	False	False	False	False
GO:0016102	diterpenoid biosynthetic process	GO:BP					0.09341	10.0	3.0	1.13					0	1		False	True	False	False	False	False
GO:0019732	antifungal humoral response	GO:BP					0.09341	10.0	3.0	1.13					0	1		False	True	False	False	False	False
GO:0031452	negative regulation of heterochromatin formation	GO:BP					0.09341	10.0	3.0	1.13					0	1		False	True	False	False	False	False
GO:0032000	positive regulation of fatty acid beta-oxidation	GO:BP					0.09341	10.0	3.0	1.13					0	1		False	True	False	False	False	False
GO:0033148	positive regulation of intracellular estrogen receptor signaling pathway	GO:BP					0.09341	10.0	3.0	1.13					0	1		False	True	False	False	False	False
GO:0034354	'de novo' NAD+ biosynthetic process from L-tryptophan	GO:BP					0.09341	10.0	3.0	1.13					0	1		False	True	False	False	False	False
GO:0036337	Fas signaling pathway	GO:BP					0.09341	10.0	3.0	1.13					0	1		False	True	False	False	False	False
GO:0042416	dopamine biosynthetic process	GO:BP					0.09341	10.0	3.0	1.13					0	1		False	True	False	False	False	False
GO:0044351	macropinocytosis	GO:BP					0.09341	10.0	3.0	1.13					0	1		False	True	False	False	False	False
GO:0045337	farnesyl diphosphate biosynthetic process	GO:BP					0.09341	10.0	3.0	1.13					0	1		False	True	False	False	False	False
GO:0051292	nuclear pore complex assembly	GO:BP					0.09341	10.0	3.0	1.13					0	1		False	True	False	False	False	False
GO:0051964	negative regulation of synapse assembly	GO:BP					0.09341	10.0	3.0	1.13					0	1		False	True	False	False	False	False
GO:0060075	regulation of resting membrane potential	GO:BP					0.09341	10.0	3.0	1.13					0	1		False	True	False	False	False	False
GO:0060159	regulation of dopamine receptor signaling pathway	GO:BP					0.09341	10.0	3.0	1.13					0	1		False	True	False	False	False	False
GO:0061000	negative regulation of dendritic spine development	GO:BP					0.09341	10.0	3.0	1.13					0	1		False	True	False	False	False	False
GO:0061303	cornea development in camera-type eye	GO:BP					0.09341	10.0	3.0	1.13					0	1		False	True	False	False	False	False
GO:0070729	cyclic nucleotide transport	GO:BP					0.09341	10.0	3.0	1.13					0	1		False	True	False	False	False	False
GO:0071287	cellular response to manganese ion	GO:BP					0.09341	10.0	3.0	1.13					0	1		False	True	False	False	False	False
GO:0071415	cellular response to purine-containing compound	GO:BP					0.09341	10.0	3.0	1.13					0	1		False	True	False	False	False	False
GO:0090522	vesicle tethering involved in exocytosis	GO:BP					0.09341	10.0	3.0	1.13					0	1		False	True	False	False	False	False
GO:0098828	modulation of inhibitory postsynaptic potential	GO:BP					0.09341	10.0	3.0	1.13					0	1		False	True	False	False	False	False
GO:0098917	retrograde trans-synaptic signaling	GO:BP					0.09341	10.0	3.0	1.13					0	1		False	True	False	False	False	False
GO:0160020	positive regulation of ferroptosis	GO:BP					0.09341	10.0	3.0	1.13					0	1		False	True	False	False	False	False
GO:1904871	positive regulation of protein localization to Cajal body	GO:BP					0.09341	10.0	3.0	1.13					0	1		False	True	False	False	False	False
GO:1905665	positive regulation of calcium ion import across plasma membrane	GO:BP					0.09341	10.0	3.0	1.13					0	1		False	True	False	False	False	False
GO:0072089	stem cell proliferation	GO:BP					0.09345	57.0	8.0	6.42					0	1		False	True	False	False	False	False
GO:0036010	protein localization to endosome	GO:BP					0.09352	27.0	4.0	3.04					0	1		False	True	False	False	False	False
GO:0045747	positive regulation of Notch signaling pathway	GO:BP					0.09355	42.0	8.0	4.73					0	1		False	True	False	False	False	False
GO:0072538	T-helper 17 type immune response	GO:BP					0.09362	70.0	8.0	7.88					0	1		False	True	False	False	False	False
GO:0046849	bone remodeling	GO:BP					0.09379	65.0	6.0	7.32					0	1		False	True	False	False	False	False
GO:0071482	cellular response to light stimulus	GO:BP					0.0938	101.0	10.0	11.37					0	1		False	True	False	False	False	False
GO:0042098	T cell proliferation	GO:BP					0.09407	157.0	14.0	17.67					0	1		False	True	False	False	False	False
GO:0001666	response to hypoxia	GO:BP					0.09479	267.0	36.0	30.06					0	1		False	True	False	False	False	False
GO:0017156	calcium-ion regulated exocytosis	GO:BP					0.09583	62.0	16.0	6.98					0	1		False	True	False	False	False	False
GO:0050795	regulation of behavior	GO:BP					0.09588	83.0	18.0	9.34					0	1		False	True	False	False	False	False
GO:0048675	axon extension	GO:BP					0.09611	88.0	17.0	9.91					0	1		False	True	False	False	False	False
GO:0042755	eating behavior	GO:BP					0.09636	32.0	9.0	3.6					0	1		False	True	False	False	False	False
GO:0007212	G protein-coupled dopamine receptor signaling pathway	GO:BP					0.09656	26.0	7.0	2.93					0	1		False	True	False	False	False	False
GO:0061351	neural precursor cell proliferation	GO:BP					0.09659	99.0	15.0	11.14					0	1		False	True	False	False	False	False
GO:0001574	ganglioside biosynthetic process	GO:BP					0.09684	16.0	4.0	1.8					0	1		False	True	False	False	False	False
GO:0042402	biogenic amine catabolic process	GO:BP					0.09684	16.0	4.0	1.8					0	1		False	True	False	False	False	False
GO:0042756	drinking behavior	GO:BP					0.09684	16.0	4.0	1.8					0	1		False	True	False	False	False	False
GO:0051923	sulfation	GO:BP					0.09684	16.0	4.0	1.8					0	1		False	True	False	False	False	False
GO:0085020	protein K6-linked ubiquitination	GO:BP					0.09684	16.0	4.0	1.8					0	1		False	True	False	False	False	False
GO:0090158	endoplasmic reticulum membrane organization	GO:BP					0.09684	16.0	4.0	1.8					0	1		False	True	False	False	False	False
GO:1903358	regulation of Golgi organization	GO:BP					0.09684	16.0	4.0	1.8					0	1		False	True	False	False	False	False
GO:1904044	response to aldosterone	GO:BP					0.09684	16.0	4.0	1.8					0	1		False	True	False	False	False	False
GO:2000178	negative regulation of neural precursor cell proliferation	GO:BP					0.09684	16.0	4.0	1.8					0	1		False	True	False	False	False	False
GO:0032456	endocytic recycling	GO:BP					0.09696	104.0	19.0	11.71					0	1		False	True	False	False	False	False
GO:0051726	regulation of cell cycle	GO:BP					0.09822	1005.0	106.0	113.14					0	1		False	True	False	False	False	False
GO:0051453	regulation of intracellular pH	GO:BP					0.09945	93.0	17.0	10.47					0	1		False	True	False	False	False	False
GO:0098927	vesicle-mediated transport between endosomal compartments	GO:BP					0.1	46.0	12.0	5.18					0	1		False	True	False	False	False	False
GO:0032467	positive regulation of cytokinesis	GO:BP					0.1001	42.0	8.0	4.73					0	1		False	True	False	False	False	False
GO:0070536	protein K63-linked deubiquitination	GO:BP					0.1002	29.0	6.0	3.26					0	1		False	True	False	False	False	False
GO:0061049	cell growth involved in cardiac muscle cell development	GO:BP					0.10021	21.0	7.0	2.36					0	1		False	True	False	False	False	False
GO:1900015	regulation of cytokine production involved in inflammatory response	GO:BP					0.1003	65.0	11.0	7.32					0	1		False	True	False	False	False	False
GO:0006086	pyruvate decarboxylation to acetyl-CoA	GO:BP					0.10033	15.0	5.0	1.69					0	1		False	True	False	False	False	False
GO:0014047	glutamate secretion	GO:BP					0.10038	20.0	5.0	2.25					0	1		False	True	False	False	False	False
GO:1900180	regulation of protein localization to nucleus	GO:BP					0.10038	126.0	17.0	14.18					0	1		False	True	False	False	False	False
GO:1904889	regulation of excitatory synapse assembly	GO:BP					0.1004	21.0	5.0	2.36					0	1		False	True	False	False	False	False
GO:0006613	cotranslational protein targeting to membrane	GO:BP					0.10041	31.0	6.0	3.49					0	1		False	True	False	False	False	False
GO:0006984	ER-nucleus signaling pathway	GO:BP					0.10041	49.0	8.0	5.52					0	1		False	True	False	False	False	False
GO:0071621	granulocyte chemotaxis	GO:BP					0.10042	103.0	14.0	11.6					0	1		False	True	False	False	False	False
GO:0021680	cerebellar Purkinje cell layer development	GO:BP					0.10043	15.0	4.0	1.69					0	1		False	True	False	False	False	False
GO:0090235	regulation of metaphase plate congression	GO:BP					0.10043	15.0	4.0	1.69					0	1		False	True	False	False	False	False
GO:0009648	photoperiodism	GO:BP					0.10047	28.0	5.0	3.15					0	1		False	True	False	False	False	False
GO:0098868	bone growth	GO:BP					0.10047	19.0	4.0	2.14					0	1		False	True	False	False	False	False
GO:0035821	modulation of process of another organism	GO:BP					0.10049	110.0	14.0	12.38					0	1		False	True	False	False	False	False
GO:0046209	nitric oxide metabolic process	GO:BP					0.10051	76.0	10.0	8.56					0	1		False	True	False	False	False	False
GO:0099188	postsynaptic cytoskeleton organization	GO:BP					0.10052	24.0	4.0	2.7					0	1		False	True	False	False	False	False
GO:0090278	negative regulation of peptide hormone secretion	GO:BP					0.10053	34.0	5.0	3.83					0	1		False	True	False	False	False	False
GO:0010171	body morphogenesis	GO:BP					0.10054	26.0	4.0	2.93					0	1		False	True	False	False	False	False
GO:0018198	peptidyl-cysteine modification	GO:BP					0.10057	20.0	3.0	2.25					0	1		False	True	False	False	False	False
GO:0032647	regulation of interferon-alpha production	GO:BP					0.10057	29.0	4.0	3.26					0	1		False	True	False	False	False	False
GO:0001913	T cell mediated cytotoxicity	GO:BP					0.10065	45.0	5.0	5.07					0	1		False	True	False	False	False	False
GO:1902106	negative regulation of leukocyte differentiation	GO:BP					0.1009	104.0	9.0	11.71					0	1		False	True	False	False	False	False
GO:0030155	regulation of cell adhesion	GO:BP					0.10177	710.0	75.0	79.93					0	1		False	True	False	False	False	False
GO:0048519	negative regulation of biological process	GO:BP					0.1021	5120.0	566.0	576.38					0	1		False	True	False	False	False	False
GO:0045744	negative regulation of G protein-coupled receptor signaling pathway	GO:BP					0.10281	69.0	13.0	7.77					0	1		False	True	False	False	False	False
GO:0031648	protein destabilization	GO:BP					0.10366	50.0	9.0	5.63					0	1		False	True	False	False	False	False
GO:0071320	cellular response to cAMP	GO:BP					0.10366	50.0	9.0	5.63					0	1		False	True	False	False	False	False
GO:0060348	bone development	GO:BP					0.10367	122.0	19.0	13.73					0	1		False	True	False	False	False	False
GO:0090398	cellular senescence	GO:BP					0.10382	83.0	14.0	9.34					0	1		False	True	False	False	False	False
GO:0071466	cellular response to xenobiotic stimulus	GO:BP					0.10439	166.0	21.0	18.69					0	1		False	True	False	False	False	False
GO:0007528	neuromuscular junction development	GO:BP					0.10853	43.0	8.0	4.84					0	1		False	True	False	False	False	False
GO:0009083	branched-chain amino acid catabolic process	GO:BP					0.10867	23.0	5.0	2.59					0	1		False	True	False	False	False	False
GO:0032482	Rab protein signal transduction	GO:BP					0.10867	23.0	5.0	2.59					0	1		False	True	False	False	False	False
GO:0036092	phosphatidylinositol-3-phosphate biosynthetic process	GO:BP					0.10867	23.0	5.0	2.59					0	1		False	True	False	False	False	False
GO:0042733	embryonic digit morphogenesis	GO:BP					0.10867	23.0	5.0	2.59					0	1		False	True	False	False	False	False
GO:0090026	positive regulation of monocyte chemotaxis	GO:BP					0.10867	23.0	5.0	2.59					0	1		False	True	False	False	False	False
GO:0042219	modified amino acid catabolic process	GO:BP					0.1087	33.0	6.0	3.71					0	1		False	True	False	False	False	False
GO:0007189	adenylate cyclase-activating G protein-coupled receptor signaling pathway	GO:BP					0.11122	183.0	27.0	20.6					0	1		False	True	False	False	False	False
GO:0010467	gene expression	GO:BP					0.11154	6105.0	559.0	687.27					0	1		False	True	False	False	False	False
GO:0045666	positive regulation of neuron differentiation	GO:BP					0.11177	58.0	10.0	6.53					0	1		False	True	False	False	False	False
GO:0021953	central nervous system neuron differentiation	GO:BP					0.1122	119.0	24.0	13.4					0	1		False	True	False	False	False	False
GO:0090101	negative regulation of transmembrane receptor protein serine/threonine kinase signaling pathway	GO:BP					0.1122	141.0	23.0	15.87					0	1		False	True	False	False	False	False
GO:0086001	cardiac muscle cell action potential	GO:BP					0.1123	84.0	15.0	9.46					0	1		False	True	False	False	False	False
GO:0061620	glycolytic process through glucose-6-phosphate	GO:BP					0.11234	20.0	7.0	2.25					0	1		False	True	False	False	False	False
GO:0055017	cardiac muscle tissue growth	GO:BP					0.11236	58.0	11.0	6.53					0	1		False	True	False	False	False	False
GO:0106056	regulation of calcineurin-mediated signaling	GO:BP					0.11238	34.0	8.0	3.83					0	1		False	True	False	False	False	False
GO:0070571	negative regulation of neuron projection regeneration	GO:BP					0.11242	13.0	5.0	1.46					0	1		False	True	False	False	False	False
GO:0099174	regulation of presynapse organization	GO:BP					0.11242	32.0	7.0	3.6					0	1		False	True	False	False	False	False
GO:0042745	circadian sleep/wake cycle	GO:BP					0.11243	24.0	6.0	2.7					0	1		False	True	False	False	False	False
GO:1900373	positive regulation of purine nucleotide biosynthetic process	GO:BP					0.11243	15.0	5.0	1.69					0	1		False	True	False	False	False	False
GO:0098656	monoatomic anion transmembrane transport	GO:BP					0.11247	139.0	25.0	15.65					0	1		False	True	False	False	False	False
GO:0043369	CD4-positive or CD8-positive, alpha-beta T cell lineage commitment	GO:BP					0.11248	32.0	6.0	3.6					0	1		False	True	False	False	False	False
GO:0051204	protein insertion into mitochondrial membrane	GO:BP					0.11248	31.0	6.0	3.49					0	1		False	True	False	False	False	False
GO:0072110	glomerular mesangial cell proliferation	GO:BP					0.11252	11.0	3.0	1.24					0	1		False	True	False	False	False	False
GO:0032197	retrotransposition	GO:BP					0.11256	43.0	6.0	4.84					0	1		False	True	False	False	False	False
GO:1903578	regulation of ATP metabolic process	GO:BP					0.11256	70.0	9.0	7.88					0	1		False	True	False	False	False	False
GO:0006778	porphyrin-containing compound metabolic process	GO:BP					0.11259	48.0	6.0	5.4					0	1		False	True	False	False	False	False
GO:0009260	ribonucleotide biosynthetic process	GO:BP					0.11264	170.0	19.0	19.14					0	1		False	True	False	False	False	False
GO:0007623	circadian rhythm	GO:BP					0.11265	198.0	36.0	22.29					0	1		False	True	False	False	False	False
GO:0072073	kidney epithelium development	GO:BP					0.1127	108.0	11.0	12.16					0	1		False	True	False	False	False	False
GO:0043414	macromolecule methylation	GO:BP					0.11271	127.0	13.0	14.3					0	1		False	True	False	False	False	False
GO:0061326	renal tubule development	GO:BP					0.11271	75.0	7.0	8.44					0	1		False	True	False	False	False	False
GO:0002228	natural killer cell mediated immunity	GO:BP					0.11274	79.0	7.0	8.89					0	1		False	True	False	False	False	False
GO:0106106	cold-induced thermogenesis	GO:BP					0.11275	152.0	15.0	17.11					0	1		False	True	False	False	False	False
GO:0050879	multicellular organismal movement	GO:BP					0.11283	56.0	3.0	6.3					0	1		False	True	False	False	False	False
GO:0032787	monocarboxylic acid metabolic process	GO:BP					0.11344	564.0	74.0	63.49					0	1		False	True	False	False	False	False
GO:0006515	protein quality control for misfolded or incompletely synthesized proteins	GO:BP					0.11395	30.0	6.0	3.38					0	1		False	True	False	False	False	False
GO:0035025	positive regulation of Rho protein signal transduction	GO:BP					0.11395	30.0	6.0	3.38					0	1		False	True	False	False	False	False
GO:0098719	sodium ion import across plasma membrane	GO:BP					0.11395	30.0	6.0	3.38					0	1		False	True	False	False	False	False
GO:0007160	cell-matrix adhesion	GO:BP					0.1143	222.0	31.0	24.99					0	1		False	True	False	False	False	False
GO:0033043	regulation of organelle organization	GO:BP					0.1145	1108.0	150.0	124.73					0	1		False	True	False	False	False	False
GO:0006096	glycolytic process	GO:BP					0.11509	83.0	16.0	9.34					0	1		False	True	False	False	False	False
GO:0071542	dopaminergic neuron differentiation	GO:BP					0.11551	34.0	8.0	3.83					0	1		False	True	False	False	False	False
GO:0099645	neurotransmitter receptor localization to postsynaptic specialization membrane	GO:BP					0.11555	36.0	8.0	4.05					0	1		False	True	False	False	False	False
GO:0097190	apoptotic signaling pathway	GO:BP					0.1156	495.0	59.0	55.72					0	1		False	True	False	False	False	False
GO:0007010	cytoskeleton organization	GO:BP					0.11578	1448.0	165.0	163.01					0	1		False	True	False	False	False	False
GO:0003085	negative regulation of systemic arterial blood pressure	GO:BP					0.11587	17.0	4.0	1.91					0	1		False	True	False	False	False	False
GO:0003376	sphingosine-1-phosphate receptor signaling pathway	GO:BP					0.11587	17.0	4.0	1.91					0	1		False	True	False	False	False	False
GO:0009404	toxin metabolic process	GO:BP					0.11587	17.0	4.0	1.91					0	1		False	True	False	False	False	False
GO:0010248	establishment or maintenance of transmembrane electrochemical gradient	GO:BP					0.11587	17.0	4.0	1.91					0	1		False	True	False	False	False	False
GO:0035627	ceramide transport	GO:BP					0.11587	17.0	4.0	1.91					0	1		False	True	False	False	False	False
GO:0060973	cell migration involved in heart development	GO:BP					0.11587	17.0	4.0	1.91					0	1		False	True	False	False	False	False
GO:1900221	regulation of amyloid-beta clearance	GO:BP					0.11587	17.0	4.0	1.91					0	1		False	True	False	False	False	False
GO:1904948	midbrain dopaminergic neuron differentiation	GO:BP					0.11587	17.0	4.0	1.91					0	1		False	True	False	False	False	False
GO:0035556	intracellular signal transduction	GO:BP					0.11661	2902.0	358.0	326.69					0	1		False	True	False	False	False	False
GO:0006821	chloride transport	GO:BP					0.11713	120.0	22.0	13.51					0	1		False	True	False	False	False	False
GO:0006164	purine nucleotide biosynthetic process	GO:BP					0.11767	189.0	26.0	21.28					0	1		False	True	False	False	False	False
GO:0010880	regulation of release of sequestered calcium ion into cytosol by sarcoplasmic reticulum	GO:BP					0.11786	32.0	7.0	3.6					0	1		False	True	False	False	False	False
GO:0098840	protein transport along microtubule	GO:BP					0.11786	23.0	6.0	2.59					0	1		False	True	False	False	False	False
GO:1900037	regulation of cellular response to hypoxia	GO:BP					0.11801	23.0	5.0	2.59					0	1		False	True	False	False	False	False
GO:0044706	multi-multicellular organism process	GO:BP					0.11808	152.0	19.0	17.11					0	1		False	True	False	False	False	False
GO:0000338	protein deneddylation	GO:BP					0.1181	11.0	3.0	1.24					0	1		False	True	False	False	False	False
GO:0006995	cellular response to nitrogen starvation	GO:BP					0.1181	11.0	3.0	1.24					0	1		False	True	False	False	False	False
GO:0007620	copulation	GO:BP					0.1181	11.0	3.0	1.24					0	1		False	True	False	False	False	False
GO:0009169	purine ribonucleoside monophosphate catabolic process	GO:BP					0.1181	11.0	3.0	1.24					0	1		False	True	False	False	False	False
GO:0010766	negative regulation of sodium ion transport	GO:BP					0.1181	11.0	3.0	1.24					0	1		False	True	False	False	False	False
GO:0010807	regulation of synaptic vesicle priming	GO:BP					0.1181	11.0	3.0	1.24					0	1		False	True	False	False	False	False
GO:0016185	synaptic vesicle budding from presynaptic endocytic zone membrane	GO:BP					0.1181	11.0	3.0	1.24					0	1		False	True	False	False	False	False
GO:0032230	positive regulation of synaptic transmission, GABAergic	GO:BP					0.1181	11.0	3.0	1.24					0	1		False	True	False	False	False	False
GO:0033604	negative regulation of catecholamine secretion	GO:BP					0.1181	11.0	3.0	1.24					0	1		False	True	False	False	False	False
GO:0033605	positive regulation of catecholamine secretion	GO:BP					0.1181	11.0	3.0	1.24					0	1		False	True	False	False	False	False
GO:0036035	osteoclast development	GO:BP					0.1181	11.0	3.0	1.24					0	1		False	True	False	False	False	False
GO:0042436	indole-containing compound catabolic process	GO:BP					0.1181	11.0	3.0	1.24					0	1		False	True	False	False	False	False
GO:0042939	tripeptide transport	GO:BP					0.1181	11.0	3.0	1.24					0	1		False	True	False	False	False	False
GO:0048149	behavioral response to ethanol	GO:BP					0.1181	11.0	3.0	1.24					0	1		False	True	False	False	False	False
GO:0048227	plasma membrane to endosome transport	GO:BP					0.1181	11.0	3.0	1.24					0	1		False	True	False	False	False	False
GO:0051256	mitotic spindle midzone assembly	GO:BP					0.1181	11.0	3.0	1.24					0	1		False	True	False	False	False	False
GO:0070200	establishment of protein localization to telomere	GO:BP					0.1181	11.0	3.0	1.24					0	1		False	True	False	False	False	False
GO:0070307	lens fiber cell development	GO:BP					0.1181	11.0	3.0	1.24					0	1		False	True	False	False	False	False
GO:0071361	cellular response to ethanol	GO:BP					0.1181	11.0	3.0	1.24					0	1		False	True	False	False	False	False
GO:0071872	cellular response to epinephrine stimulus	GO:BP					0.1181	11.0	3.0	1.24					0	1		False	True	False	False	False	False
GO:0090161	Golgi ribbon formation	GO:BP					0.1181	11.0	3.0	1.24					0	1		False	True	False	False	False	False
GO:0097264	self proteolysis	GO:BP					0.1181	11.0	3.0	1.24					0	1		False	True	False	False	False	False
GO:1902633	1-phosphatidyl-1D-myo-inositol 4,5-bisphosphate metabolic process	GO:BP					0.1181	11.0	3.0	1.24					0	1		False	True	False	False	False	False
GO:1905671	regulation of lysosome organization	GO:BP					0.1181	11.0	3.0	1.24					0	1		False	True	False	False	False	False
GO:1990403	embryonic brain development	GO:BP					0.1181	11.0	3.0	1.24					0	1		False	True	False	False	False	False
GO:0034620	cellular response to unfolded protein	GO:BP					0.11815	103.0	13.0	11.6					0	1		False	True	False	False	False	False
GO:0032511	late endosome to vacuole transport via multivesicular body sorting pathway	GO:BP					0.11822	27.0	4.0	3.04					0	1		False	True	False	False	False	False
GO:1901739	regulation of myoblast fusion	GO:BP					0.11872	58.0	4.0	6.53					0	1		False	True	False	False	False	False
GO:0032731	positive regulation of interleukin-1 beta production	GO:BP					0.12176	59.0	10.0	6.64					0	1		False	True	False	False	False	False
GO:0006904	vesicle docking involved in exocytosis	GO:BP					0.12448	37.0	10.0	4.17					0	1		False	True	False	False	False	False
GO:0048678	response to axon injury	GO:BP					0.12474	57.0	11.0	6.42					0	1		False	True	False	False	False	False
GO:0040019	positive regulation of embryonic development	GO:BP					0.12522	24.0	5.0	2.7					0	1		False	True	False	False	False	False
GO:0046597	host-mediated suppression of symbiont invasion	GO:BP					0.12522	24.0	5.0	2.7					0	1		False	True	False	False	False	False
GO:0090314	positive regulation of protein targeting to membrane	GO:BP					0.12522	24.0	5.0	2.7					0	1		False	True	False	False	False	False
GO:1990542	mitochondrial transmembrane transport	GO:BP					0.12522	24.0	5.0	2.7					0	1		False	True	False	False	False	False
GO:0006611	protein export from nucleus	GO:BP					0.1253	54.0	8.0	6.08					0	1		False	True	False	False	False	False
GO:0016486	peptide hormone processing	GO:BP					0.1253	36.0	6.0	4.05					0	1		False	True	False	False	False	False
GO:0003407	neural retina development	GO:BP					0.12556	56.0	7.0	6.3					0	1		False	True	False	False	False	False
GO:0009755	hormone-mediated signaling pathway	GO:BP					0.12705	204.0	27.0	22.97					0	1		False	True	False	False	False	False
GO:0046034	ATP metabolic process	GO:BP					0.12747	212.0	31.0	23.87					0	1		False	True	False	False	False	False
GO:0001837	epithelial to mesenchymal transition	GO:BP					0.12839	157.0	21.0	17.67					0	1		False	True	False	False	False	False
GO:0042220	response to cocaine	GO:BP					0.12841	42.0	8.0	4.73					0	1		False	True	False	False	False	False
GO:0006099	tricarboxylic acid cycle	GO:BP					0.12859	31.0	6.0	3.49					0	1		False	True	False	False	False	False
GO:0099170	postsynaptic modulation of chemical synaptic transmission	GO:BP					0.12859	31.0	6.0	3.49					0	1		False	True	False	False	False	False
GO:1905606	regulation of presynapse assembly	GO:BP					0.12859	31.0	6.0	3.49					0	1		False	True	False	False	False	False
GO:0090263	positive regulation of canonical Wnt signaling pathway	GO:BP					0.12887	105.0	16.0	11.82					0	1		False	True	False	False	False	False
GO:0006446	regulation of translational initiation	GO:BP					0.1292	89.0	10.0	10.02					0	1		False	True	False	False	False	False
GO:0044782	cilium organization	GO:BP					0.13526	421.0	55.0	47.39					0	1		False	True	False	False	False	False
GO:0070306	lens fiber cell differentiation	GO:BP					0.13604	29.0	7.0	3.26					0	1		False	True	False	False	False	False
GO:0007605	sensory perception of sound	GO:BP					0.13613	119.0	19.0	13.4					0	1		False	True	False	False	False	False
GO:0008090	retrograde axonal transport	GO:BP					0.13638	18.0	4.0	2.03					0	1		False	True	False	False	False	False
GO:0021517	ventral spinal cord development	GO:BP					0.13638	18.0	4.0	2.03					0	1		False	True	False	False	False	False
GO:0032288	myelin assembly	GO:BP					0.13638	18.0	4.0	2.03					0	1		False	True	False	False	False	False
GO:0038166	angiotensin-activated signaling pathway	GO:BP					0.13638	18.0	4.0	2.03					0	1		False	True	False	False	False	False
GO:0048854	brain morphogenesis	GO:BP					0.13638	18.0	4.0	2.03					0	1		False	True	False	False	False	False
GO:0050765	negative regulation of phagocytosis	GO:BP					0.13638	18.0	4.0	2.03					0	1		False	True	False	False	False	False
GO:0055119	relaxation of cardiac muscle	GO:BP					0.13638	18.0	4.0	2.03					0	1		False	True	False	False	False	False
GO:1901096	regulation of autophagosome maturation	GO:BP					0.13638	18.0	4.0	2.03					0	1		False	True	False	False	False	False
GO:1904294	positive regulation of ERAD pathway	GO:BP					0.13638	18.0	4.0	2.03					0	1		False	True	False	False	False	False
GO:0031646	positive regulation of nervous system process	GO:BP					0.13646	39.0	6.0	4.39					0	1		False	True	False	False	False	False
GO:1900181	negative regulation of protein localization to nucleus	GO:BP					0.1365	32.0	5.0	3.6					0	1		False	True	False	False	False	False
GO:2000036	regulation of stem cell population maintenance	GO:BP					0.13675	70.0	8.0	7.88					0	1		False	True	False	False	False	False
GO:0044283	small molecule biosynthetic process	GO:BP					0.13833	571.0	77.0	64.28					0	1		False	True	False	False	False	False
GO:1901701	cellular response to oxygen-containing compound	GO:BP					0.13863	1087.0	152.0	122.37					0	1		False	True	False	False	False	False
GO:0010638	positive regulation of organelle organization	GO:BP					0.13908	462.0	70.0	52.01					0	1		False	True	False	False	False	False
GO:0051384	response to glucocorticoid	GO:BP					0.13919	115.0	18.0	12.95					0	1		False	True	False	False	False	False
GO:0033500	carbohydrate homeostasis	GO:BP					0.13921	222.0	31.0	24.99					0	1		False	True	False	False	False	False
GO:0071559	response to transforming growth factor beta	GO:BP					0.13929	245.0	33.0	27.58					0	1		False	True	False	False	False	False
GO:0099068	postsynapse assembly	GO:BP					0.13929	85.0	15.0	9.57					0	1		False	True	False	False	False	False
GO:1903169	regulation of calcium ion transmembrane transport	GO:BP					0.13942	130.0	19.0	14.63					0	1		False	True	False	False	False	False
GO:0048679	regulation of axon regeneration	GO:BP					0.13947	18.0	6.0	2.03					0	1		False	True	False	False	False	False
GO:0035864	response to potassium ion	GO:BP					0.1396	18.0	5.0	2.03					0	1		False	True	False	False	False	False
GO:0009151	purine deoxyribonucleotide metabolic process	GO:BP					0.13961	19.0	5.0	2.14					0	1		False	True	False	False	False	False
GO:0010464	regulation of mesenchymal cell proliferation	GO:BP					0.1397	16.0	4.0	1.8					0	1		False	True	False	False	False	False
GO:0051590	positive regulation of neurotransmitter transport	GO:BP					0.1397	25.0	5.0	2.81					0	1		False	True	False	False	False	False
GO:0042092	type 2 immune response	GO:BP					0.13971	35.0	6.0	3.94					0	1		False	True	False	False	False	False
GO:0097494	regulation of vesicle size	GO:BP					0.13971	17.0	4.0	1.91					0	1		False	True	False	False	False	False
GO:1902914	regulation of protein polyubiquitination	GO:BP					0.13973	27.0	5.0	3.04					0	1		False	True	False	False	False	False
GO:0071985	multivesicular body sorting pathway	GO:BP					0.13979	49.0	7.0	5.52					0	1		False	True	False	False	False	False
GO:0032785	negative regulation of DNA-templated transcription, elongation	GO:BP					0.13981	24.0	4.0	2.7					0	1		False	True	False	False	False	False
GO:0046390	ribose phosphate biosynthetic process	GO:BP					0.13982	176.0	21.0	19.81					0	1		False	True	False	False	False	False
GO:0070841	inclusion body assembly	GO:BP					0.13982	25.0	4.0	2.81					0	1		False	True	False	False	False	False
GO:0097212	lysosomal membrane organization	GO:BP					0.13985	18.0	3.0	2.03					0	1		False	True	False	False	False	False
GO:0035094	response to nicotine	GO:BP					0.13987	46.0	8.0	5.18					0	1		False	True	False	False	False	False
GO:0071715	icosanoid transport	GO:BP					0.14012	55.0	5.0	6.19					0	1		False	True	False	False	False	False
GO:0042129	regulation of T cell proliferation	GO:BP					0.14061	143.0	11.0	16.1					0	1		False	True	False	False	False	False
GO:0045332	phospholipid translocation	GO:BP					0.14247	55.0	10.0	6.19					0	1		False	True	False	False	False	False
GO:2001237	negative regulation of extrinsic apoptotic signaling pathway	GO:BP					0.14253	75.0	12.0	8.44					0	1		False	True	False	False	False	False
GO:1900026	positive regulation of substrate adhesion-dependent cell spreading	GO:BP					0.14269	39.0	7.0	4.39					0	1		False	True	False	False	False	False
GO:0030150	protein import into mitochondrial matrix	GO:BP					0.14285	25.0	5.0	2.81					0	1		False	True	False	False	False	False
GO:0035331	negative regulation of hippo signaling	GO:BP					0.14285	25.0	5.0	2.81					0	1		False	True	False	False	False	False
GO:0051894	positive regulation of focal adhesion assembly	GO:BP					0.14285	25.0	5.0	2.81					0	1		False	True	False	False	False	False
GO:1903672	positive regulation of sprouting angiogenesis	GO:BP					0.14285	25.0	5.0	2.81					0	1		False	True	False	False	False	False
GO:0010043	response to zinc ion	GO:BP					0.14311	44.0	6.0	4.95					0	1		False	True	False	False	False	False
GO:0009743	response to carbohydrate	GO:BP					0.14348	188.0	31.0	21.16					0	1		False	True	False	False	False	False
GO:1904377	positive regulation of protein localization to cell periphery	GO:BP					0.14389	76.0	16.0	8.56					0	1		False	True	False	False	False	False
GO:0002028	regulation of sodium ion transport	GO:BP					0.14397	62.0	14.0	6.98					0	1		False	True	False	False	False	False
GO:0010976	positive regulation of neuron projection development	GO:BP					0.14401	141.0	22.0	15.87					0	1		False	True	False	False	False	False
GO:0030855	epithelial cell differentiation	GO:BP					0.14432	503.0	65.0	56.62					0	1		False	True	False	False	False	False
GO:0032418	lysosome localization	GO:BP					0.14469	79.0	9.0	8.89					0	1		False	True	False	False	False	False
GO:0015931	nucleobase-containing compound transport	GO:BP					0.14476	228.0	28.0	25.67					0	1		False	True	False	False	False	False
GO:0001736	establishment of planar polarity	GO:BP					0.14488	12.0	3.0	1.35					0	1		False	True	False	False	False	False
GO:0008611	ether lipid biosynthetic process	GO:BP					0.14488	12.0	3.0	1.35					0	1		False	True	False	False	False	False
GO:0021895	cerebral cortex neuron differentiation	GO:BP					0.14488	12.0	3.0	1.35					0	1		False	True	False	False	False	False
GO:0030011	maintenance of cell polarity	GO:BP					0.14488	12.0	3.0	1.35					0	1		False	True	False	False	False	False
GO:0031000	response to caffeine	GO:BP					0.14488	12.0	3.0	1.35					0	1		False	True	False	False	False	False
GO:0032048	cardiolipin metabolic process	GO:BP					0.14488	12.0	3.0	1.35					0	1		False	True	False	False	False	False
GO:0032908	regulation of transforming growth factor beta1 production	GO:BP					0.14488	12.0	3.0	1.35					0	1		False	True	False	False	False	False
GO:0034380	high-density lipoprotein particle assembly	GO:BP					0.14488	12.0	3.0	1.35					0	1		False	True	False	False	False	False
GO:0035865	cellular response to potassium ion	GO:BP					0.14488	12.0	3.0	1.35					0	1		False	True	False	False	False	False
GO:0042428	serotonin metabolic process	GO:BP					0.14488	12.0	3.0	1.35					0	1		False	True	False	False	False	False
GO:0043652	engulfment of apoptotic cell	GO:BP					0.14488	12.0	3.0	1.35					0	1		False	True	False	False	False	False
GO:0048012	hepatocyte growth factor receptor signaling pathway	GO:BP					0.14488	12.0	3.0	1.35					0	1		False	True	False	False	False	False
GO:0048670	regulation of collateral sprouting	GO:BP					0.14488	12.0	3.0	1.35					0	1		False	True	False	False	False	False
GO:0060457	negative regulation of digestive system process	GO:BP					0.14488	12.0	3.0	1.35					0	1		False	True	False	False	False	False
GO:0070885	negative regulation of calcineurin-NFAT signaling cascade	GO:BP					0.14488	12.0	3.0	1.35					0	1		False	True	False	False	False	False
GO:0098792	xenophagy	GO:BP					0.14488	12.0	3.0	1.35					0	1		False	True	False	False	False	False
GO:0099640	axo-dendritic protein transport	GO:BP					0.14488	12.0	3.0	1.35					0	1		False	True	False	False	False	False
GO:0106074	aminoacyl-tRNA metabolism involved in translational fidelity	GO:BP					0.14488	12.0	3.0	1.35					0	1		False	True	False	False	False	False
GO:1905165	regulation of lysosomal protein catabolic process	GO:BP					0.14488	12.0	3.0	1.35					0	1		False	True	False	False	False	False
GO:1990034	calcium ion export across plasma membrane	GO:BP					0.14488	12.0	3.0	1.35					0	1		False	True	False	False	False	False
GO:2000052	positive regulation of non-canonical Wnt signaling pathway	GO:BP					0.14488	12.0	3.0	1.35					0	1		False	True	False	False	False	False
GO:2000253	positive regulation of feeding behavior	GO:BP					0.14488	12.0	3.0	1.35					0	1		False	True	False	False	False	False
GO:0033198	response to ATP	GO:BP					0.14489	30.0	5.0	3.38					0	1		False	True	False	False	False	False
GO:0046685	response to arsenic-containing substance	GO:BP					0.145	27.0	4.0	3.04					0	1		False	True	False	False	False	False
GO:0031048	regulatory ncRNA-mediated heterochromatin formation	GO:BP					0.14502	28.0	4.0	3.15					0	1		False	True	False	False	False	False
GO:0003002	regionalization	GO:BP					0.14576	235.0	23.0	26.46					0	1		False	True	False	False	False	False
GO:0016042	lipid catabolic process	GO:BP					0.14686	331.0	44.0	37.26					0	1		False	True	False	False	False	False
GO:0000045	autophagosome assembly	GO:BP					0.14738	113.0	18.0	12.72					0	1		False	True	False	False	False	False
GO:0032869	cellular response to insulin stimulus	GO:BP					0.14811	192.0	26.0	21.61					0	1		False	True	False	False	False	False
GO:0031398	positive regulation of protein ubiquitination	GO:BP					0.15224	92.0	15.0	10.36					0	1		False	True	False	False	False	False
GO:0070050	neuron cellular homeostasis	GO:BP					0.15705	51.0	13.0	5.74					0	1		False	True	False	False	False	False
GO:0045740	positive regulation of DNA replication	GO:BP					0.15721	40.0	7.0	4.5					0	1		False	True	False	False	False	False
GO:0006084	acetyl-CoA metabolic process	GO:BP					0.15724	41.0	11.0	4.62					0	1		False	True	False	False	False	False
GO:0060271	cilium assembly	GO:BP					0.15732	389.0	49.0	43.79					0	1		False	True	False	False	False	False
GO:0030148	sphingolipid biosynthetic process	GO:BP					0.15757	108.0	17.0	12.16					0	1		False	True	False	False	False	False
GO:0021545	cranial nerve development	GO:BP					0.1576	38.0	9.0	4.28					0	1		False	True	False	False	False	False
GO:1902305	regulation of sodium ion transmembrane transport	GO:BP					0.1576	38.0	9.0	4.28					0	1		False	True	False	False	False	False
GO:0001709	cell fate determination	GO:BP					0.15823	19.0	4.0	2.14					0	1		False	True	False	False	False	False
GO:0006744	ubiquinone biosynthetic process	GO:BP					0.15823	19.0	4.0	2.14					0	1		False	True	False	False	False	False
GO:0007263	nitric oxide mediated signal transduction	GO:BP					0.15823	19.0	4.0	2.14					0	1		False	True	False	False	False	False
GO:0009084	L-glutamine family amino acid biosynthetic process	GO:BP					0.15823	19.0	4.0	2.14					0	1		False	True	False	False	False	False
GO:0010884	positive regulation of lipid storage	GO:BP					0.15823	19.0	4.0	2.14					0	1		False	True	False	False	False	False
GO:0045187	regulation of circadian sleep/wake cycle, sleep	GO:BP					0.15823	19.0	4.0	2.14					0	1		False	True	False	False	False	False
GO:0048490	anterograde synaptic vesicle transport	GO:BP					0.15823	19.0	4.0	2.14					0	1		False	True	False	False	False	False
GO:0048745	smooth muscle tissue development	GO:BP					0.15823	19.0	4.0	2.14					0	1		False	True	False	False	False	False
GO:0051580	regulation of neurotransmitter uptake	GO:BP					0.15823	19.0	4.0	2.14					0	1		False	True	False	False	False	False
GO:0061081	positive regulation of myeloid leukocyte cytokine production involved in immune response	GO:BP					0.15823	19.0	4.0	2.14					0	1		False	True	False	False	False	False
GO:0070886	positive regulation of calcineurin-NFAT signaling cascade	GO:BP					0.15823	19.0	4.0	2.14					0	1		False	True	False	False	False	False
GO:0090162	establishment of epithelial cell polarity	GO:BP					0.15823	19.0	4.0	2.14					0	1		False	True	False	False	False	False
GO:0098696	regulation of neurotransmitter receptor localization to postsynaptic specialization membrane	GO:BP					0.15823	19.0	4.0	2.14					0	1		False	True	False	False	False	False
GO:1903427	negative regulation of reactive oxygen species biosynthetic process	GO:BP					0.15823	19.0	4.0	2.14					0	1		False	True	False	False	False	False
GO:1903441	protein localization to ciliary membrane	GO:BP					0.15823	19.0	4.0	2.14					0	1		False	True	False	False	False	False
GO:0031333	negative regulation of protein-containing complex assembly	GO:BP					0.15828	140.0	25.0	15.76					0	1		False	True	False	False	False	False
GO:0060236	regulation of mitotic spindle organization	GO:BP					0.15839	43.0	6.0	4.84					0	1		False	True	False	False	False	False
GO:0019233	sensory perception of pain	GO:BP					0.15964	63.0	12.0	7.09					0	1		False	True	False	False	False	False
GO:0032870	cellular response to hormone stimulus	GO:BP					0.15972	613.0	91.0	69.01					0	1		False	True	False	False	False	False
GO:0008306	associative learning	GO:BP					0.15995	55.0	10.0	6.19					0	1		False	True	False	False	False	False
GO:0015012	heparan sulfate proteoglycan biosynthetic process	GO:BP					0.16039	33.0	6.0	3.71					0	1		False	True	False	False	False	False
GO:0002027	regulation of heart rate	GO:BP					0.1607	97.0	16.0	10.92					0	1		False	True	False	False	False	False
GO:0070936	protein K48-linked ubiquitination	GO:BP					0.16072	101.0	15.0	11.37					0	1		False	True	False	False	False	False
GO:0061001	regulation of dendritic spine morphogenesis	GO:BP					0.16128	46.0	8.0	5.18					0	1		False	True	False	False	False	False
GO:0001675	acrosome assembly	GO:BP					0.16147	26.0	5.0	2.93					0	1		False	True	False	False	False	False
GO:0032941	secretion by tissue	GO:BP					0.16147	26.0	5.0	2.93					0	1		False	True	False	False	False	False
GO:0099550	trans-synaptic signaling, modulating synaptic transmission	GO:BP					0.16147	26.0	5.0	2.93					0	1		False	True	False	False	False	False
GO:0045807	positive regulation of endocytosis	GO:BP					0.16168	153.0	15.0	17.22					0	1		False	True	False	False	False	False
GO:0000209	protein polyubiquitination	GO:BP					0.16177	268.0	43.0	30.17					0	1		False	True	False	False	False	False
GO:0010629	negative regulation of gene expression	GO:BP					0.16196	1255.0	110.0	141.28					0	1		False	True	False	False	False	False
GO:0097193	intrinsic apoptotic signaling pathway	GO:BP					0.16264	279.0	29.0	31.41					0	1		False	True	False	False	False	False
GO:0008277	regulation of G protein-coupled receptor signaling pathway	GO:BP					0.16493	147.0	24.0	16.55					0	1		False	True	False	False	False	False
GO:0007229	integrin-mediated signaling pathway	GO:BP					0.16636	108.0	15.0	12.16					0	1		False	True	False	False	False	False
GO:0003333	amino acid transmembrane transport	GO:BP					0.1722	101.0	19.0	11.37					0	1		False	True	False	False	False	False
GO:1904646	cellular response to amyloid-beta	GO:BP					0.17237	41.0	7.0	4.62					0	1		False	True	False	False	False	False
GO:0043069	negative regulation of programmed cell death	GO:BP					0.17273	748.0	89.0	84.21					0	1		False	True	False	False	False	False
GO:0010812	negative regulation of cell-substrate adhesion	GO:BP					0.17281	57.0	11.0	6.42					0	1		False	True	False	False	False	False
GO:0007200	phospholipase C-activating G protein-coupled receptor signaling pathway	GO:BP					0.17287	150.0	21.0	16.89					0	1		False	True	False	False	False	False
GO:0060333	type II interferon-mediated signaling pathway	GO:BP					0.1731	26.0	6.0	2.93					0	1		False	True	False	False	False	False
GO:0008631	intrinsic apoptotic signaling pathway in response to oxidative stress	GO:BP					0.17315	55.0	9.0	6.19					0	1		False	True	False	False	False	False
GO:0006901	vesicle coating	GO:BP					0.17317	38.0	7.0	4.28					0	1		False	True	False	False	False	False
GO:0014032	neural crest cell development	GO:BP					0.17322	58.0	9.0	6.53					0	1		False	True	False	False	False	False
GO:0045444	fat cell differentiation	GO:BP					0.17337	177.0	23.0	19.93					0	1		False	True	False	False	False	False
GO:0003128	heart field specification	GO:BP					0.17341	13.0	3.0	1.46					0	1		False	True	False	False	False	False
GO:0006287	base-excision repair, gap-filling	GO:BP					0.17341	13.0	3.0	1.46					0	1		False	True	False	False	False	False
GO:0008063	Toll signaling pathway	GO:BP					0.17341	13.0	3.0	1.46					0	1		False	True	False	False	False	False
GO:0009155	purine deoxyribonucleotide catabolic process	GO:BP					0.17341	13.0	3.0	1.46					0	1		False	True	False	False	False	False
GO:0010799	regulation of peptidyl-threonine phosphorylation	GO:BP					0.17341	13.0	3.0	1.46					0	1		False	True	False	False	False	False
GO:0016024	CDP-diacylglycerol biosynthetic process	GO:BP					0.17341	13.0	3.0	1.46					0	1		False	True	False	False	False	False
GO:0030033	microvillus assembly	GO:BP					0.17341	13.0	3.0	1.46					0	1		False	True	False	False	False	False
GO:0032276	regulation of gonadotropin secretion	GO:BP					0.17341	13.0	3.0	1.46					0	1		False	True	False	False	False	False
GO:0032966	negative regulation of collagen biosynthetic process	GO:BP					0.17341	13.0	3.0	1.46					0	1		False	True	False	False	False	False
GO:0033147	negative regulation of intracellular estrogen receptor signaling pathway	GO:BP					0.17341	13.0	3.0	1.46					0	1		False	True	False	False	False	False
GO:0045475	locomotor rhythm	GO:BP					0.17341	13.0	3.0	1.46					0	1		False	True	False	False	False	False
GO:0050910	detection of mechanical stimulus involved in sensory perception of sound	GO:BP					0.17341	13.0	3.0	1.46					0	1		False	True	False	False	False	False
GO:0060334	regulation of type II interferon-mediated signaling pathway	GO:BP					0.17341	13.0	3.0	1.46					0	1		False	True	False	False	False	False
GO:0072584	caveolin-mediated endocytosis	GO:BP					0.17341	13.0	3.0	1.46					0	1		False	True	False	False	False	False
GO:1900152	negative regulation of nuclear-transcribed mRNA catabolic process, deadenylation-dependent decay	GO:BP					0.17341	13.0	3.0	1.46					0	1		False	True	False	False	False	False
GO:1904179	positive regulation of adipose tissue development	GO:BP					0.17341	13.0	3.0	1.46					0	1		False	True	False	False	False	False
GO:2000833	positive regulation of steroid hormone secretion	GO:BP					0.17341	13.0	3.0	1.46					0	1		False	True	False	False	False	False
GO:0006730	one-carbon metabolic process	GO:BP					0.17343	23.0	4.0	2.59					0	1		False	True	False	False	False	False
GO:0006497	protein lipidation	GO:BP					0.1735	44.0	6.0	4.95					0	1		False	True	False	False	False	False
GO:0051403	stress-activated MAPK cascade	GO:BP					0.17352	45.0	6.0	5.07					0	1		False	True	False	False	False	False
GO:0002474	antigen processing and presentation of peptide antigen via MHC class I	GO:BP					0.17367	34.0	4.0	3.83					0	1		False	True	False	False	False	False
GO:0042770	signal transduction in response to DNA damage	GO:BP					0.17425	184.0	18.0	20.71					0	1		False	True	False	False	False	False
GO:0051094	positive regulation of developmental process	GO:BP					0.17613	1127.0	133.0	126.87					0	1		False	True	False	False	False	False
GO:0048511	rhythmic process	GO:BP					0.17687	270.0	47.0	30.4					0	1		False	True	False	False	False	False
GO:0045880	positive regulation of smoothened signaling pathway	GO:BP					0.17744	34.0	6.0	3.83					0	1		False	True	False	False	False	False
GO:0051897	positive regulation of phosphatidylinositol 3-kinase/protein kinase B signal transduction	GO:BP					0.17814	183.0	25.0	20.6					0	1		False	True	False	False	False	False
GO:0000086	G2/M transition of mitotic cell cycle	GO:BP					0.1783	130.0	14.0	14.63					0	1		False	True	False	False	False	False
GO:0006417	regulation of translation	GO:BP					0.17874	368.0	40.0	41.43					0	1		False	True	False	False	False	False
GO:0099175	regulation of postsynapse organization	GO:BP					0.17902	142.0	25.0	15.99					0	1		False	True	False	False	False	False
GO:0051223	regulation of protein transport	GO:BP					0.17912	389.0	61.0	43.79					0	1		False	True	False	False	False	False
GO:0040008	regulation of growth	GO:BP					0.1795	464.0	67.0	52.23					0	1		False	True	False	False	False	False
GO:0031503	protein-containing complex localization	GO:BP					0.1796	80.0	16.0	9.01					0	1		False	True	False	False	False	False
GO:0046928	regulation of neurotransmitter secretion	GO:BP					0.17971	79.0	17.0	8.89					0	1		False	True	False	False	False	False
GO:0006635	fatty acid beta-oxidation	GO:BP					0.18009	67.0	12.0	7.54					0	1		False	True	False	False	False	False
GO:0045664	regulation of neuron differentiation	GO:BP					0.18045	116.0	17.0	13.06					0	1		False	True	False	False	False	False
GO:0061951	establishment of protein localization to plasma membrane	GO:BP					0.18049	65.0	16.0	7.32					0	1		False	True	False	False	False	False
GO:0060047	heart contraction	GO:BP					0.18061	223.0	33.0	25.1					0	1		False	True	False	False	False	False
GO:0035773	insulin secretion involved in cellular response to glucose stimulus	GO:BP					0.18075	62.0	14.0	6.98					0	1		False	True	False	False	False	False
GO:0071526	semaphorin-plexin signaling pathway	GO:BP					0.18082	49.0	8.0	5.52					0	1		False	True	False	False	False	False
GO:1905037	autophagosome organization	GO:BP					0.18083	120.0	20.0	13.51					0	1		False	True	False	False	False	False
GO:0048512	circadian behavior	GO:BP					0.18089	43.0	11.0	4.84					0	1		False	True	False	False	False	False
GO:0042157	lipoprotein metabolic process	GO:BP					0.18096	79.0	11.0	8.89					0	1		False	True	False	False	False	False
GO:0098815	modulation of excitatory postsynaptic potential	GO:BP					0.18098	48.0	11.0	5.4					0	1		False	True	False	False	False	False
GO:0021955	central nervous system neuron axonogenesis	GO:BP					0.18099	22.0	8.0	2.48					0	1		False	True	False	False	False	False
GO:0006656	phosphatidylcholine biosynthetic process	GO:BP					0.181	27.0	5.0	3.04					0	1		False	True	False	False	False	False
GO:0072337	modified amino acid transport	GO:BP					0.18113	40.0	6.0	4.5					0	1		False	True	False	False	False	False
GO:0006085	acetyl-CoA biosynthetic process	GO:BP					0.18114	22.0	7.0	2.48					0	1		False	True	False	False	False	False
GO:0090596	sensory organ morphogenesis	GO:BP					0.1812	150.0	21.0	16.89					0	1		False	True	False	False	False	False
GO:0001569	branching involved in blood vessel morphogenesis	GO:BP					0.18126	20.0	4.0	2.25					0	1		False	True	False	False	False	False
GO:0001975	response to amphetamine	GO:BP					0.18126	20.0	4.0	2.25					0	1		False	True	False	False	False	False
GO:0003184	pulmonary valve morphogenesis	GO:BP					0.18126	20.0	4.0	2.25					0	1		False	True	False	False	False	False
GO:0006607	NLS-bearing protein import into nucleus	GO:BP					0.18126	20.0	4.0	2.25					0	1		False	True	False	False	False	False
GO:0006929	substrate-dependent cell migration	GO:BP					0.18126	20.0	4.0	2.25					0	1		False	True	False	False	False	False
GO:0021772	olfactory bulb development	GO:BP					0.18126	20.0	4.0	2.25					0	1		False	True	False	False	False	False
GO:0035303	regulation of dephosphorylation	GO:BP					0.18126	20.0	4.0	2.25					0	1		False	True	False	False	False	False
GO:0090267	positive regulation of mitotic cell cycle spindle assembly checkpoint	GO:BP					0.18126	20.0	4.0	2.25					0	1		False	True	False	False	False	False
GO:1902742	apoptotic process involved in development	GO:BP					0.18126	20.0	4.0	2.25					0	1		False	True	False	False	False	False
GO:0033555	multicellular organismal response to stress	GO:BP					0.18129	48.0	9.0	5.4					0	1		False	True	False	False	False	False
GO:1901889	negative regulation of cell junction assembly	GO:BP					0.18139	36.0	7.0	4.05					0	1		False	True	False	False	False	False
GO:0090288	negative regulation of cellular response to growth factor stimulus	GO:BP					0.18147	94.0	13.0	10.58					0	1		False	True	False	False	False	False
GO:0010761	fibroblast migration	GO:BP					0.18149	42.0	7.0	4.73					0	1		False	True	False	False	False	False
GO:0032675	regulation of interleukin-6 production	GO:BP					0.18151	132.0	17.0	14.86					0	1		False	True	False	False	False	False
GO:0032328	alanine transport	GO:BP					0.18154	18.0	4.0	2.03					0	1		False	True	False	False	False	False
GO:0019432	triglyceride biosynthetic process	GO:BP					0.18156	40.0	5.0	4.5					0	1		False	True	False	False	False	False
GO:2001212	regulation of vasculogenesis	GO:BP					0.18157	20.0	4.0	2.25					0	1		False	True	False	False	False	False
GO:0090022	regulation of neutrophil chemotaxis	GO:BP					0.18161	31.0	5.0	3.49					0	1		False	True	False	False	False	False
GO:0150146	cell junction disassembly	GO:BP					0.18161	40.0	6.0	4.5					0	1		False	True	False	False	False	False
GO:0006081	aldehyde metabolic process	GO:BP					0.18163	78.0	9.0	8.78					0	1		False	True	False	False	False	False
GO:0090559	regulation of membrane permeability	GO:BP					0.18163	59.0	8.0	6.64					0	1		False	True	False	False	False	False
GO:0042438	melanin biosynthetic process	GO:BP					0.18166	25.0	4.0	2.81					0	1		False	True	False	False	False	False
GO:0046040	IMP metabolic process	GO:BP					0.18168	17.0	3.0	1.91					0	1		False	True	False	False	False	False
GO:0086005	ventricular cardiac muscle cell action potential	GO:BP					0.18168	35.0	5.0	3.94					0	1		False	True	False	False	False	False
GO:0034163	regulation of toll-like receptor 9 signaling pathway	GO:BP					0.18169	18.0	3.0	2.03					0	1		False	True	False	False	False	False
GO:0006837	serotonin transport	GO:BP					0.18173	20.0	3.0	2.25					0	1		False	True	False	False	False	False
GO:0003081	regulation of systemic arterial blood pressure by renin-angiotensin	GO:BP					0.18183	26.0	3.0	2.93					0	1		False	True	False	False	False	False
GO:2000516	positive regulation of CD4-positive, alpha-beta T cell activation	GO:BP					0.18187	37.0	4.0	4.17					0	1		False	True	False	False	False	False
GO:0010828	positive regulation of D-glucose transmembrane transport	GO:BP					0.18196	33.0	3.0	3.71					0	1		False	True	False	False	False	False
GO:0042310	vasoconstriction	GO:BP					0.18196	69.0	7.0	7.77					0	1		False	True	False	False	False	False
GO:0060038	cardiac muscle cell proliferation	GO:BP					0.18203	37.0	3.0	4.17					0	1		False	True	False	False	False	False
GO:0010594	regulation of endothelial cell migration	GO:BP					0.18241	174.0	16.0	19.59					0	1		False	True	False	False	False	False
GO:0031023	microtubule organizing center organization	GO:BP					0.18253	154.0	13.0	17.34					0	1		False	True	False	False	False	False
GO:0050671	positive regulation of lymphocyte proliferation	GO:BP					0.18262	115.0	8.0	12.95					0	1		False	True	False	False	False	False
GO:0032024	positive regulation of insulin secretion	GO:BP					0.18609	79.0	17.0	8.89					0	1		False	True	False	False	False	False
GO:0048609	multicellular organismal reproductive process	GO:BP					0.18697	785.0	57.0	88.37					0	1		False	True	False	False	False	False
GO:0001947	heart looping	GO:BP					0.18814	42.0	7.0	4.73					0	1		False	True	False	False	False	False
GO:0086091	regulation of heart rate by cardiac conduction	GO:BP					0.18814	42.0	7.0	4.73					0	1		False	True	False	False	False	False
GO:0071168	protein localization to chromatin	GO:BP					0.18834	56.0	8.0	6.3					0	1		False	True	False	False	False	False
GO:0016567	protein ubiquitination	GO:BP					0.19133	702.0	104.0	79.03					0	1		False	True	False	False	False	False
GO:0043010	camera-type eye development	GO:BP					0.1929	205.0	32.0	23.08					0	1		False	True	False	False	False	False
GO:0071230	cellular response to amino acid stimulus	GO:BP					0.19526	62.0	10.0	6.98					0	1		False	True	False	False	False	False
GO:0048013	ephrin receptor signaling pathway	GO:BP					0.19552	50.0	8.0	5.63					0	1		False	True	False	False	False	False
GO:0006883	intracellular sodium ion homeostasis	GO:BP					0.20136	28.0	5.0	3.15					0	1		False	True	False	False	False	False
GO:0071108	protein K48-linked deubiquitination	GO:BP					0.20136	28.0	5.0	3.15					0	1		False	True	False	False	False	False
GO:1900017	positive regulation of cytokine production involved in inflammatory response	GO:BP					0.20136	28.0	5.0	3.15					0	1		False	True	False	False	False	False
GO:0071677	positive regulation of mononuclear cell migration	GO:BP					0.2028	91.0	14.0	10.24					0	1		False	True	False	False	False	False
GO:0016043	cellular component organization	GO:BP					0.20308	6295.0	785.0	708.66					0	1		False	True	False	False	False	False
GO:0015867	ATP transport	GO:BP					0.20313	24.0	5.0	2.7					0	1		False	True	False	False	False	False
GO:0001779	natural killer cell differentiation	GO:BP					0.20332	14.0	3.0	1.58					0	1		False	True	False	False	False	False
GO:0006068	ethanol catabolic process	GO:BP					0.20332	14.0	3.0	1.58					0	1		False	True	False	False	False	False
GO:0006388	tRNA splicing, via endonucleolytic cleavage and ligation	GO:BP					0.20332	14.0	3.0	1.58					0	1		False	True	False	False	False	False
GO:0009170	purine deoxyribonucleoside monophosphate metabolic process	GO:BP					0.20332	14.0	3.0	1.58					0	1		False	True	False	False	False	False
GO:0021533	cell differentiation in hindbrain	GO:BP					0.20332	14.0	3.0	1.58					0	1		False	True	False	False	False	False
GO:0021697	cerebellar cortex formation	GO:BP					0.20332	14.0	3.0	1.58					0	1		False	True	False	False	False	False
GO:0035860	glial cell-derived neurotrophic factor receptor signaling pathway	GO:BP					0.20332	14.0	3.0	1.58					0	1		False	True	False	False	False	False
GO:0043217	myelin maintenance	GO:BP					0.20332	14.0	3.0	1.58					0	1		False	True	False	False	False	False
GO:0071073	positive regulation of phospholipid biosynthetic process	GO:BP					0.20332	14.0	3.0	1.58					0	1		False	True	False	False	False	False
GO:0090385	phagosome-lysosome fusion	GO:BP					0.20332	14.0	3.0	1.58					0	1		False	True	False	False	False	False
GO:0106072	negative regulation of adenylate cyclase-activating G protein-coupled receptor signaling pathway	GO:BP					0.20332	14.0	3.0	1.58					0	1		False	True	False	False	False	False
GO:0170043	non-proteinogenic amino acid biosynthetic process	GO:BP					0.20332	14.0	3.0	1.58					0	1		False	True	False	False	False	False
GO:1903377	negative regulation of oxidative stress-induced neuron intrinsic apoptotic signaling pathway	GO:BP					0.20332	14.0	3.0	1.58					0	1		False	True	False	False	False	False
GO:0044319	wound healing, spreading of cells	GO:BP					0.20345	37.0	5.0	4.17					0	1		False	True	False	False	False	False
GO:0085029	extracellular matrix assembly	GO:BP					0.20348	38.0	5.0	4.28					0	1		False	True	False	False	False	False
GO:0006809	nitric oxide biosynthetic process	GO:BP					0.20354	67.0	8.0	7.54					0	1		False	True	False	False	False	False
GO:0002753	cytoplasmic pattern recognition receptor signaling pathway	GO:BP					0.20393	189.0	20.0	21.28					0	1		False	True	False	False	False	False
GO:0097242	amyloid-beta clearance	GO:BP					0.20474	38.0	8.0	4.28					0	1		False	True	False	False	False	False
GO:0043627	response to estrogen	GO:BP					0.20488	62.0	8.0	6.98					0	1		False	True	False	False	False	False
GO:0010881	regulation of cardiac muscle contraction by regulation of the release of sequestered calcium ion	GO:BP					0.2053	21.0	4.0	2.36					0	1		False	True	False	False	False	False
GO:0048147	negative regulation of fibroblast proliferation	GO:BP					0.2053	21.0	4.0	2.36					0	1		False	True	False	False	False	False
GO:0048741	skeletal muscle fiber development	GO:BP					0.2053	21.0	4.0	2.36					0	1		False	True	False	False	False	False
GO:0060307	regulation of ventricular cardiac muscle cell membrane repolarization	GO:BP					0.2053	21.0	4.0	2.36					0	1		False	True	False	False	False	False
GO:0071280	cellular response to copper ion	GO:BP					0.2053	21.0	4.0	2.36					0	1		False	True	False	False	False	False
GO:1902774	late endosome to lysosome transport	GO:BP					0.2053	21.0	4.0	2.36					0	1		False	True	False	False	False	False
GO:2000114	regulation of establishment of cell polarity	GO:BP					0.2053	21.0	4.0	2.36					0	1		False	True	False	False	False	False
GO:0006879	intracellular iron ion homeostasis	GO:BP					0.20674	74.0	11.0	8.33					0	1		False	True	False	False	False	False
GO:0031146	SCF-dependent proteasomal ubiquitin-dependent protein catabolic process	GO:BP					0.20836	82.0	12.0	9.23					0	1		False	True	False	False	False	False
GO:0060079	excitatory postsynaptic potential	GO:BP					0.20839	99.0	19.0	11.14					0	1		False	True	False	False	False	False
GO:0003008	system process	GO:BP					0.20872	1835.0	239.0	206.57					0	1		False	True	False	False	False	False
GO:0120035	regulation of plasma membrane bounded cell projection organization	GO:BP					0.20927	568.0	94.0	63.94					0	1		False	True	False	False	False	False
GO:1990573	potassium ion import across plasma membrane	GO:BP					0.21068	51.0	8.0	5.74					0	1		False	True	False	False	False	False
GO:0060491	regulation of cell projection assembly	GO:BP					0.21164	199.0	31.0	22.4					0	1		False	True	False	False	False	False
GO:0120032	regulation of plasma membrane bounded cell projection assembly	GO:BP					0.21173	197.0	30.0	22.18					0	1		False	True	False	False	False	False
GO:0046032	ADP catabolic process	GO:BP					0.21177	85.0	17.0	9.57					0	1		False	True	False	False	False	False
GO:0051385	response to mineralocorticoid	GO:BP					0.21192	35.0	10.0	3.94					0	1		False	True	False	False	False	False
GO:0106027	neuron projection organization	GO:BP					0.21216	91.0	14.0	10.24					0	1		False	True	False	False	False	False
GO:0031343	positive regulation of cell killing	GO:BP					0.2122	58.0	10.0	6.53					0	1		False	True	False	False	False	False
GO:1903859	regulation of dendrite extension	GO:BP					0.21221	24.0	6.0	2.7					0	1		False	True	False	False	False	False
GO:0002861	regulation of inflammatory response to antigenic stimulus	GO:BP					0.21225	36.0	7.0	4.05					0	1		False	True	False	False	False	False
GO:0009301	snRNA transcription	GO:BP					0.21226	19.0	5.0	2.14					0	1		False	True	False	False	False	False
GO:0006743	ubiquinone metabolic process	GO:BP					0.21228	21.0	5.0	2.36					0	1		False	True	False	False	False	False
GO:0097106	postsynaptic density organization	GO:BP					0.21229	48.0	8.0	5.4					0	1		False	True	False	False	False	False
GO:0022410	circadian sleep/wake cycle process	GO:BP					0.2123	22.0	5.0	2.48					0	1		False	True	False	False	False	False
GO:1990173	protein localization to nucleoplasm	GO:BP					0.21231	14.0	4.0	1.58					0	1		False	True	False	False	False	False
GO:2000058	regulation of ubiquitin-dependent protein catabolic process	GO:BP					0.21234	159.0	20.0	17.9					0	1		False	True	False	False	False	False
GO:0038034	signal transduction in absence of ligand	GO:BP					0.21235	44.0	7.0	4.95					0	1		False	True	False	False	False	False
GO:0032196	transposition	GO:BP					0.21236	45.0	7.0	5.07					0	1		False	True	False	False	False	False
GO:0032210	regulation of telomere maintenance via telomerase	GO:BP					0.21237	46.0	7.0	5.18					0	1		False	True	False	False	False	False
GO:0031098	stress-activated protein kinase signaling cascade	GO:BP					0.21238	47.0	7.0	5.29					0	1		False	True	False	False	False	False
GO:0140354	lipid import into cell	GO:BP					0.21238	20.0	4.0	2.25					0	1		False	True	False	False	False	False
GO:0021587	cerebellum morphogenesis	GO:BP					0.2124	22.0	4.0	2.48					0	1		False	True	False	False	False	False
GO:0060211	regulation of nuclear-transcribed mRNA poly(A) tail shortening	GO:BP					0.21243	15.0	3.0	1.69					0	1		False	True	False	False	False	False
GO:0034656	nucleobase-containing small molecule catabolic process	GO:BP					0.21244	16.0	3.0	1.8					0	1		False	True	False	False	False	False
GO:0070206	protein trimerization	GO:BP					0.21244	16.0	3.0	1.8					0	1		False	True	False	False	False	False
GO:0001893	maternal placenta development	GO:BP					0.21245	17.0	3.0	1.91					0	1		False	True	False	False	False	False
GO:0065002	intracellular protein transmembrane transport	GO:BP					0.21245	35.0	5.0	3.94					0	1		False	True	False	False	False	False
GO:0038127	ERBB signaling pathway	GO:BP					0.21247	143.0	17.0	16.1					0	1		False	True	False	False	False	False
GO:0009127	purine nucleoside monophosphate biosynthetic process	GO:BP					0.21248	20.0	3.0	2.25					0	1		False	True	False	False	False	False
GO:0009756	carbohydrate mediated signaling	GO:BP					0.2125	12.0	2.0	1.35					0	1		False	True	False	False	False	False
GO:0034111	negative regulation of homotypic cell-cell adhesion	GO:BP					0.2125	12.0	2.0	1.35					0	1		False	True	False	False	False	False
GO:0019627	urea metabolic process	GO:BP					0.21251	13.0	2.0	1.46					0	1		False	True	False	False	False	False
GO:0075509	endocytosis involved in viral entry into host cell	GO:BP					0.21251	13.0	2.0	1.46					0	1		False	True	False	False	False	False
GO:0072529	pyrimidine-containing compound catabolic process	GO:BP					0.21253	24.0	3.0	2.7					0	1		False	True	False	False	False	False
GO:0006517	protein deglycosylation	GO:BP					0.21255	17.0	2.0	1.91					0	1		False	True	False	False	False	False
GO:0051052	regulation of DNA metabolic process	GO:BP					0.21256	479.0	54.0	53.92					0	1		False	True	False	False	False	False
GO:0048659	smooth muscle cell proliferation	GO:BP					0.21257	134.0	15.0	15.08					0	1		False	True	False	False	False	False
GO:1903523	negative regulation of blood circulation	GO:BP					0.21259	20.0	2.0	2.25					0	1		False	True	False	False	False	False
GO:0046622	positive regulation of organ growth	GO:BP					0.2126	30.0	3.0	3.38					0	1		False	True	False	False	False	False
GO:0070977	bone maturation	GO:BP					0.2126	21.0	2.0	2.36					0	1		False	True	False	False	False	False
GO:0097006	regulation of plasma lipoprotein particle levels	GO:BP					0.2126	83.0	9.0	9.34					0	1		False	True	False	False	False	False
GO:0051349	positive regulation of lyase activity	GO:BP					0.21263	23.0	2.0	2.59					0	1		False	True	False	False	False	False
GO:0141161	regulation of cAMP/PKA signal transduction	GO:BP					0.21263	50.0	5.0	5.63					0	1		False	True	False	False	False	False
GO:0045229	external encapsulating structure organization	GO:BP					0.21264	264.0	29.0	29.72					0	1		False	True	False	False	False	False
GO:0043370	regulation of CD4-positive, alpha-beta T cell differentiation	GO:BP					0.21265	52.0	5.0	5.85					0	1		False	True	False	False	False	False
GO:0030323	respiratory tube development	GO:BP					0.21266	70.0	7.0	7.88					0	1		False	True	False	False	False	False
GO:0046854	phosphatidylinositol phosphate biosynthetic process	GO:BP					0.21271	59.0	11.0	6.64					0	1		False	True	False	False	False	False
GO:0050851	antigen receptor-mediated signaling pathway	GO:BP					0.21276	194.0	20.0	21.84					0	1		False	True	False	False	False	False
GO:0032653	regulation of interleukin-10 production	GO:BP					0.21281	56.0	4.0	6.3					0	1		False	True	False	False	False	False
GO:0120161	regulation of cold-induced thermogenesis	GO:BP					0.21288	151.0	14.0	17.0					0	1		False	True	False	False	False	False
GO:0032496	response to lipopolysaccharide	GO:BP					0.21305	275.0	27.0	30.96					0	1		False	True	False	False	False	False
GO:0046651	lymphocyte proliferation	GO:BP					0.21309	221.0	20.0	24.88					0	1		False	True	False	False	False	False
GO:0006469	negative regulation of protein kinase activity	GO:BP					0.21435	65.0	7.0	7.32					0	1		False	True	False	False	False	False
GO:0051254	positive regulation of RNA metabolic process	GO:BP					0.21514	1748.0	175.0	196.78					0	1		False	True	False	False	False	False
GO:0051289	protein homotetramerization	GO:BP					0.21766	67.0	10.0	7.54					0	1		False	True	False	False	False	False
GO:0030178	negative regulation of Wnt signaling pathway	GO:BP					0.22	158.0	27.0	17.79					0	1		False	True	False	False	False	False
GO:0010648	negative regulation of cell communication	GO:BP					0.22051	1372.0	178.0	154.45					0	1		False	True	False	False	False	False
GO:0021762	substantia nigra development	GO:BP					0.2213	44.0	7.0	4.95					0	1		False	True	False	False	False	False
GO:0150052	regulation of postsynapse assembly	GO:BP					0.2213	44.0	7.0	4.95					0	1		False	True	False	False	False	False
GO:1900227	positive regulation of NLRP3 inflammasome complex assembly	GO:BP					0.22243	29.0	5.0	3.26					0	1		False	True	False	False	False	False
GO:0031589	cell-substrate adhesion	GO:BP					0.22269	325.0	50.0	36.59					0	1		False	True	False	False	False	False
GO:1902652	secondary alcohol metabolic process	GO:BP					0.22344	138.0	25.0	15.54					0	1		False	True	False	False	False	False
GO:0009895	negative regulation of catabolic process	GO:BP					0.22348	345.0	48.0	38.84					0	1		False	True	False	False	False	False
GO:0031629	synaptic vesicle fusion to presynaptic active zone membrane	GO:BP					0.22432	29.0	8.0	3.26					0	1		False	True	False	False	False	False
GO:0051205	protein insertion into membrane	GO:BP					0.22445	71.0	12.0	7.99					0	1		False	True	False	False	False	False
GO:0090025	regulation of monocyte chemotaxis	GO:BP					0.22455	31.0	7.0	3.49					0	1		False	True	False	False	False	False
GO:0015936	coenzyme A metabolic process	GO:BP					0.22465	18.0	5.0	2.03					0	1		False	True	False	False	False	False
GO:0045047	protein targeting to ER	GO:BP					0.22467	46.0	8.0	5.18					0	1		False	True	False	False	False	False
GO:0060295	regulation of cilium movement involved in cell motility	GO:BP					0.22467	28.0	6.0	3.15					0	1		False	True	False	False	False	False
GO:0070925	organelle assembly	GO:BP					0.22467	1006.0	116.0	113.25					0	1		False	True	False	False	False	False
GO:1903035	negative regulation of response to wounding	GO:BP					0.22474	85.0	12.0	9.57					0	1		False	True	False	False	False	False
GO:0035751	regulation of lysosomal lumen pH	GO:BP					0.22475	32.0	6.0	3.6					0	1		False	True	False	False	False	False
GO:0098926	postsynaptic signal transduction	GO:BP					0.22478	51.0	8.0	5.74					0	1		False	True	False	False	False	False
GO:0015810	aspartate transmembrane transport	GO:BP					0.22485	19.0	4.0	2.14					0	1		False	True	False	False	False	False
GO:0034405	response to fluid shear stress	GO:BP					0.22486	55.0	8.0	6.19					0	1		False	True	False	False	False	False
GO:0071773	cellular response to BMP stimulus	GO:BP					0.22497	149.0	18.0	16.77					0	1		False	True	False	False	False	False
GO:0043043	peptide biosynthetic process	GO:BP					0.2251	22.0	3.0	2.48					0	1		False	True	False	False	False	False
GO:0043543	protein acylation	GO:BP					0.22521	63.0	7.0	7.09					0	1		False	True	False	False	False	False
GO:0046902	regulation of mitochondrial membrane permeability	GO:BP					0.22523	46.0	5.0	5.18					0	1		False	True	False	False	False	False
GO:0002444	myeloid leukocyte mediated immunity	GO:BP					0.22524	100.0	11.0	11.26					0	1		False	True	False	False	False	False
GO:0043299	leukocyte degranulation	GO:BP					0.22556	71.0	6.0	7.99					0	1		False	True	False	False	False	False
GO:0030514	negative regulation of BMP signaling pathway	GO:BP					0.22629	52.0	8.0	5.85					0	1		False	True	False	False	False	False
GO:1903047	mitotic cell cycle process	GO:BP					0.22689	718.0	72.0	80.83					0	1		False	True	False	False	False	False
GO:0035295	tube development	GO:BP					0.22721	812.0	81.0	91.41					0	1		False	True	False	False	False	False
GO:1901570	fatty acid derivative biosynthetic process	GO:BP					0.22908	50.0	11.0	5.63					0	1		False	True	False	False	False	False
GO:0031334	positive regulation of protein-containing complex assembly	GO:BP					0.22964	188.0	27.0	21.16					0	1		False	True	False	False	False	False
GO:0050769	positive regulation of neurogenesis	GO:BP					0.22966	174.0	29.0	19.59					0	1		False	True	False	False	False	False
GO:0046471	phosphatidylglycerol metabolic process	GO:BP					0.22972	34.0	7.0	3.83					0	1		False	True	False	False	False	False
GO:0051402	neuron apoptotic process	GO:BP					0.22999	220.0	27.0	24.77					0	1		False	True	False	False	False	False
GO:0008542	visual learning	GO:BP					0.2302	22.0	4.0	2.48					0	1		False	True	False	False	False	False
GO:0010460	positive regulation of heart rate	GO:BP					0.2302	22.0	4.0	2.48					0	1		False	True	False	False	False	False
GO:0010566	regulation of ketone biosynthetic process	GO:BP					0.2302	22.0	4.0	2.48					0	1		False	True	False	False	False	False
GO:0030007	intracellular potassium ion homeostasis	GO:BP					0.2302	22.0	4.0	2.48					0	1		False	True	False	False	False	False
GO:0033138	positive regulation of peptidyl-serine phosphorylation	GO:BP					0.2302	22.0	4.0	2.48					0	1		False	True	False	False	False	False
GO:0071786	endoplasmic reticulum tubular network organization	GO:BP					0.2302	22.0	4.0	2.48					0	1		False	True	False	False	False	False
GO:0007602	phototransduction	GO:BP					0.23046	39.0	5.0	4.39					0	1		False	True	False	False	False	False
GO:0007566	embryo implantation	GO:BP					0.23059	43.0	5.0	4.84					0	1		False	True	False	False	False	False
GO:0034341	response to type II interferon	GO:BP					0.23067	109.0	19.0	12.27					0	1		False	True	False	False	False	False
GO:0006661	phosphatidylinositol biosynthetic process	GO:BP					0.23105	127.0	20.0	14.3					0	1		False	True	False	False	False	False
GO:0032436	positive regulation of proteasomal ubiquitin-dependent protein catabolic process	GO:BP					0.2324	76.0	11.0	8.56					0	1		False	True	False	False	False	False
GO:0072348	sulfur compound transport	GO:BP					0.23254	65.0	9.0	7.32					0	1		False	True	False	False	False	False
GO:0051896	regulation of phosphatidylinositol 3-kinase/protein kinase B signal transduction	GO:BP					0.23286	248.0	35.0	27.92					0	1		False	True	False	False	False	False
GO:0016310	phosphorylation	GO:BP					0.23364	694.0	82.0	78.13					0	1		False	True	False	False	False	False
GO:0032204	regulation of telomere maintenance	GO:BP					0.2337	109.0	16.0	12.27					0	1		False	True	False	False	False	False
GO:0045616	regulation of keratinocyte differentiation	GO:BP					0.23422	30.0	5.0	3.38					0	1		False	True	False	False	False	False
GO:0140058	neuron projection arborization	GO:BP					0.23422	30.0	5.0	3.38					0	1		False	True	False	False	False	False
GO:0002693	positive regulation of cellular extravasation	GO:BP					0.2343	15.0	3.0	1.69					0	1		False	True	False	False	False	False
GO:0006541	glutamine metabolic process	GO:BP					0.2343	15.0	3.0	1.69					0	1		False	True	False	False	False	False
GO:0015812	gamma-aminobutyric acid transport	GO:BP					0.2343	15.0	3.0	1.69					0	1		False	True	False	False	False	False
GO:0031645	negative regulation of nervous system process	GO:BP					0.2343	15.0	3.0	1.69					0	1		False	True	False	False	False	False
GO:0032099	negative regulation of appetite	GO:BP					0.2343	15.0	3.0	1.69					0	1		False	True	False	False	False	False
GO:0035092	sperm DNA condensation	GO:BP					0.2343	15.0	3.0	1.69					0	1		False	True	False	False	False	False
GO:0035435	phosphate ion transmembrane transport	GO:BP					0.2343	15.0	3.0	1.69					0	1		False	True	False	False	False	False
GO:0036197	zymosterol biosynthetic process	GO:BP					0.2343	15.0	3.0	1.69					0	1		False	True	False	False	False	False
GO:0043576	regulation of respiratory gaseous exchange	GO:BP					0.2343	15.0	3.0	1.69					0	1		False	True	False	False	False	False
GO:0045542	positive regulation of cholesterol biosynthetic process	GO:BP					0.2343	15.0	3.0	1.69					0	1		False	True	False	False	False	False
GO:0045820	negative regulation of glycolytic process	GO:BP					0.2343	15.0	3.0	1.69					0	1		False	True	False	False	False	False
GO:0045956	positive regulation of calcium ion-dependent exocytosis	GO:BP					0.2343	15.0	3.0	1.69					0	1		False	True	False	False	False	False
GO:0048172	regulation of short-term neuronal synaptic plasticity	GO:BP					0.2343	15.0	3.0	1.69					0	1		False	True	False	False	False	False
GO:0061684	chaperone-mediated autophagy	GO:BP					0.2343	15.0	3.0	1.69					0	1		False	True	False	False	False	False
GO:0070863	positive regulation of protein exit from endoplasmic reticulum	GO:BP					0.2343	15.0	3.0	1.69					0	1		False	True	False	False	False	False
GO:0071397	cellular response to cholesterol	GO:BP					0.2343	15.0	3.0	1.69					0	1		False	True	False	False	False	False
GO:1900006	positive regulation of dendrite development	GO:BP					0.2343	15.0	3.0	1.69					0	1		False	True	False	False	False	False
GO:1900029	positive regulation of ruffle assembly	GO:BP					0.2343	15.0	3.0	1.69					0	1		False	True	False	False	False	False
GO:1900452	regulation of long-term synaptic depression	GO:BP					0.2343	15.0	3.0	1.69					0	1		False	True	False	False	False	False
GO:1902916	positive regulation of protein polyubiquitination	GO:BP					0.2343	15.0	3.0	1.69					0	1		False	True	False	False	False	False
GO:2000328	regulation of T-helper 17 cell lineage commitment	GO:BP					0.2343	15.0	3.0	1.69					0	1		False	True	False	False	False	False
GO:2000402	negative regulation of lymphocyte migration	GO:BP					0.2343	15.0	3.0	1.69					0	1		False	True	False	False	False	False
GO:0050771	negative regulation of axonogenesis	GO:BP					0.23433	34.0	5.0	3.83					0	1		False	True	False	False	False	False
GO:0060396	growth hormone receptor signaling pathway	GO:BP					0.23433	25.0	4.0	2.81					0	1		False	True	False	False	False	False
GO:0060544	regulation of necroptotic process	GO:BP					0.23444	29.0	4.0	3.26					0	1		False	True	False	False	False	False
GO:0006940	regulation of smooth muscle contraction	GO:BP					0.23448	48.0	6.0	5.4					0	1		False	True	False	False	False	False
GO:0010558	negative regulation of macromolecule biosynthetic process	GO:BP					0.23477	2290.0	213.0	257.8					0	1		False	True	False	False	False	False
GO:0038066	p38MAPK cascade	GO:BP					0.23483	52.0	5.0	5.85					0	1		False	True	False	False	False	False
GO:0034612	response to tumor necrosis factor	GO:BP					0.23586	204.0	18.0	22.97					0	1		False	True	False	False	False	False
GO:0016239	positive regulation of macroautophagy	GO:BP					0.23652	89.0	17.0	10.02					0	1		False	True	False	False	False	False
GO:0010719	negative regulation of epithelial to mesenchymal transition	GO:BP					0.2386	45.0	7.0	5.07					0	1		False	True	False	False	False	False
GO:0016339	calcium-dependent cell-cell adhesion	GO:BP					0.2386	45.0	7.0	5.07					0	1		False	True	False	False	False	False
GO:0090148	membrane fission	GO:BP					0.2386	45.0	7.0	5.07					0	1		False	True	False	False	False	False
GO:0071333	cellular response to glucose stimulus	GO:BP					0.23909	123.0	23.0	13.85					0	1		False	True	False	False	False	False
GO:0008203	cholesterol metabolic process	GO:BP					0.23944	130.0	23.0	14.63					0	1		False	True	False	False	False	False
GO:0050796	regulation of insulin secretion	GO:BP					0.24172	146.0	25.0	16.44					0	1		False	True	False	False	False	False
GO:0008286	insulin receptor signaling pathway	GO:BP					0.24268	114.0	14.0	12.83					0	1		False	True	False	False	False	False
GO:0010039	response to iron ion	GO:BP					0.24413	30.0	5.0	3.38					0	1		False	True	False	False	False	False
GO:0010575	positive regulation of vascular endothelial growth factor production	GO:BP					0.24413	30.0	5.0	3.38					0	1		False	True	False	False	False	False
GO:0042573	retinoic acid metabolic process	GO:BP					0.24413	30.0	5.0	3.38					0	1		False	True	False	False	False	False
GO:0089718	amino acid import across plasma membrane	GO:BP					0.24421	50.0	7.0	5.63					0	1		False	True	False	False	False	False
GO:0007589	body fluid secretion	GO:BP					0.24437	54.0	7.0	6.08					0	1		False	True	False	False	False	False
GO:0043588	skin development	GO:BP					0.24498	194.0	21.0	21.84					0	1		False	True	False	False	False	False
GO:0032755	positive regulation of interleukin-6 production	GO:BP					0.24536	85.0	12.0	9.57					0	1		False	True	False	False	False	False
GO:0030308	negative regulation of cell growth	GO:BP					0.25	150.0	22.0	16.89					0	1		False	True	False	False	False	False
GO:0051302	regulation of cell division	GO:BP					0.25003	173.0	26.0	19.48					0	1		False	True	False	False	False	False
GO:0003180	aortic valve morphogenesis	GO:BP					0.25192	38.0	6.0	4.28					0	1		False	True	False	False	False	False
GO:0048146	positive regulation of fibroblast proliferation	GO:BP					0.25192	38.0	6.0	4.28					0	1		False	True	False	False	False	False
GO:0072344	rescue of stalled cytosolic ribosome	GO:BP					0.25192	38.0	6.0	4.28					0	1		False	True	False	False	False	False
GO:0055088	lipid homeostasis	GO:BP					0.25221	169.0	20.0	19.03					0	1		False	True	False	False	False	False
GO:0034113	heterotypic cell-cell adhesion	GO:BP					0.25245	59.0	7.0	6.64					0	1		False	True	False	False	False	False
GO:0071346	cellular response to type II interferon	GO:BP					0.25499	72.0	13.0	8.11					0	1		False	True	False	False	False	False
GO:0021884	forebrain neuron development	GO:BP					0.25578	23.0	4.0	2.59					0	1		False	True	False	False	False	False
GO:0032211	negative regulation of telomere maintenance via telomerase	GO:BP					0.25578	23.0	4.0	2.59					0	1		False	True	False	False	False	False
GO:0051642	centrosome localization	GO:BP					0.25578	23.0	4.0	2.59					0	1		False	True	False	False	False	False
GO:0008333	endosome to lysosome transport	GO:BP					0.25681	65.0	8.0	7.32					0	1		False	True	False	False	False	False
GO:1901698	response to nitrogen compound	GO:BP					0.25696	843.0	121.0	94.9					0	1		False	True	False	False	False	False
GO:1902895	positive regulation of miRNA transcription	GO:BP					0.25866	54.0	8.0	6.08					0	1		False	True	False	False	False	False
GO:0035725	sodium ion transmembrane transport	GO:BP					0.25971	184.0	31.0	20.71					0	1		False	True	False	False	False	False
GO:0031397	negative regulation of protein ubiquitination	GO:BP					0.25975	70.0	10.0	7.88					0	1		False	True	False	False	False	False
GO:0051048	negative regulation of secretion	GO:BP					0.26319	145.0	28.0	16.32					0	1		False	True	False	False	False	False
GO:0006979	response to oxidative stress	GO:BP					0.26421	386.0	47.0	43.45					0	1		False	True	False	False	False	False
GO:0061512	protein localization to cilium	GO:BP					0.26471	89.0	16.0	10.02					0	1		False	True	False	False	False	False
GO:0070585	protein localization to mitochondrion	GO:BP					0.26481	127.0	20.0	14.3					0	1		False	True	False	False	False	False
GO:0071902	positive regulation of protein serine/threonine kinase activity	GO:BP					0.26496	43.0	10.0	4.84					0	1		False	True	False	False	False	False
GO:0045806	negative regulation of endocytosis	GO:BP					0.26553	62.0	10.0	6.98					0	1		False	True	False	False	False	False
GO:0001954	positive regulation of cell-matrix adhesion	GO:BP					0.26555	56.0	10.0	6.3					0	1		False	True	False	False	False	False
GO:0015804	neutral amino acid transport	GO:BP					0.26559	55.0	9.0	6.19					0	1		False	True	False	False	False	False
GO:0003016	respiratory system process	GO:BP					0.26602	16.0	3.0	1.8					0	1		False	True	False	False	False	False
GO:0007210	serotonin receptor signaling pathway	GO:BP					0.26602	16.0	3.0	1.8					0	1		False	True	False	False	False	False
GO:0008595	anterior/posterior axis specification, embryo	GO:BP					0.26602	16.0	3.0	1.8					0	1		False	True	False	False	False	False
GO:0010310	regulation of hydrogen peroxide metabolic process	GO:BP					0.26602	16.0	3.0	1.8					0	1		False	True	False	False	False	False
GO:0031128	developmental induction	GO:BP					0.26602	16.0	3.0	1.8					0	1		False	True	False	False	False	False
GO:0032530	regulation of microvillus organization	GO:BP					0.26602	16.0	3.0	1.8					0	1		False	True	False	False	False	False
GO:0032816	positive regulation of natural killer cell activation	GO:BP					0.26602	16.0	3.0	1.8					0	1		False	True	False	False	False	False
GO:0046512	sphingosine biosynthetic process	GO:BP					0.26602	16.0	3.0	1.8					0	1		False	True	False	False	False	False
GO:0048313	Golgi inheritance	GO:BP					0.26602	16.0	3.0	1.8					0	1		False	True	False	False	False	False
GO:0050427	3'-phosphoadenosine 5'-phosphosulfate metabolic process	GO:BP					0.26602	16.0	3.0	1.8					0	1		False	True	False	False	False	False
GO:0055062	phosphate ion homeostasis	GO:BP					0.26602	16.0	3.0	1.8					0	1		False	True	False	False	False	False
GO:0060425	lung morphogenesis	GO:BP					0.26602	16.0	3.0	1.8					0	1		False	True	False	False	False	False
GO:0090336	positive regulation of brown fat cell differentiation	GO:BP					0.26602	16.0	3.0	1.8					0	1		False	True	False	False	False	False
GO:0097091	synaptic vesicle clustering	GO:BP					0.26602	16.0	3.0	1.8					0	1		False	True	False	False	False	False
GO:0097400	interleukin-17-mediated signaling pathway	GO:BP					0.26602	16.0	3.0	1.8					0	1		False	True	False	False	False	False
GO:0099151	regulation of postsynaptic density assembly	GO:BP					0.26602	16.0	3.0	1.8					0	1		False	True	False	False	False	False
GO:0140627	ubiquitin-dependent protein catabolic process via the C-end degron rule pathway	GO:BP					0.26602	16.0	3.0	1.8					0	1		False	True	False	False	False	False
GO:1900226	negative regulation of NLRP3 inflammasome complex assembly	GO:BP					0.26602	16.0	3.0	1.8					0	1		False	True	False	False	False	False
GO:1901077	regulation of relaxation of muscle	GO:BP					0.26602	16.0	3.0	1.8					0	1		False	True	False	False	False	False
GO:1902065	response to L-glutamate	GO:BP					0.26602	16.0	3.0	1.8					0	1		False	True	False	False	False	False
GO:1902514	regulation of calcium ion transmembrane transport via high voltage-gated calcium channel	GO:BP					0.26602	16.0	3.0	1.8					0	1		False	True	False	False	False	False
GO:1903265	positive regulation of tumor necrosis factor-mediated signaling pathway	GO:BP					0.26602	16.0	3.0	1.8					0	1		False	True	False	False	False	False
GO:2000369	regulation of clathrin-dependent endocytosis	GO:BP					0.26602	16.0	3.0	1.8					0	1		False	True	False	False	False	False
GO:0046686	response to cadmium ion	GO:BP					0.26603	34.0	5.0	3.83					0	1		False	True	False	False	False	False
GO:0046037	GMP metabolic process	GO:BP					0.26609	27.0	4.0	3.04					0	1		False	True	False	False	False	False
GO:0031641	regulation of myelination	GO:BP					0.26612	37.0	5.0	4.17					0	1		False	True	False	False	False	False
GO:0042073	intraciliary transport	GO:BP					0.26613	55.0	7.0	6.19					0	1		False	True	False	False	False	False
GO:0090317	negative regulation of intracellular protein transport	GO:BP					0.26618	30.0	4.0	3.38					0	1		False	True	False	False	False	False
GO:0034121	regulation of toll-like receptor signaling pathway	GO:BP					0.2663	34.0	4.0	3.83					0	1		False	True	False	False	False	False
GO:0051602	response to electrical stimulus	GO:BP					0.26635	31.0	5.0	3.49					0	1		False	True	False	False	False	False
GO:0050658	RNA transport	GO:BP					0.2668	157.0	16.0	17.67					0	1		False	True	False	False	False	False
GO:0043297	apical junction assembly	GO:BP					0.2676	59.0	14.0	6.64					0	1		False	True	False	False	False	False
GO:0010591	regulation of lamellipodium assembly	GO:BP					0.26809	35.0	9.0	3.94					0	1		False	True	False	False	False	False
GO:0001919	regulation of receptor recycling	GO:BP					0.26823	23.0	7.0	2.59					0	1		False	True	False	False	False	False
GO:0006665	sphingolipid metabolic process	GO:BP					0.26824	157.0	22.0	17.67					0	1		False	True	False	False	False	False
GO:0097484	dendrite extension	GO:BP					0.26825	33.0	8.0	3.71					0	1		False	True	False	False	False	False
GO:0046949	fatty-acyl-CoA biosynthetic process	GO:BP					0.26834	28.0	7.0	3.15					0	1		False	True	False	False	False	False
GO:0120034	positive regulation of plasma membrane bounded cell projection assembly	GO:BP					0.26834	108.0	16.0	12.16					0	1		False	True	False	False	False	False
GO:0046931	pore complex assembly	GO:BP					0.26855	19.0	5.0	2.14					0	1		False	True	False	False	False	False
GO:0043616	keratinocyte proliferation	GO:BP					0.26858	38.0	7.0	4.28					0	1		False	True	False	False	False	False
GO:0010882	regulation of cardiac muscle contraction by calcium ion signaling	GO:BP					0.2686	30.0	6.0	3.38					0	1		False	True	False	False	False	False
GO:0032261	purine nucleotide salvage	GO:BP					0.26876	19.0	4.0	2.14					0	1		False	True	False	False	False	False
GO:0046128	purine ribonucleoside metabolic process	GO:BP					0.26876	19.0	4.0	2.14					0	1		False	True	False	False	False	False
GO:2000047	regulation of cell-cell adhesion mediated by cadherin	GO:BP					0.26878	20.0	4.0	2.25					0	1		False	True	False	False	False	False
GO:0046653	tetrahydrofolate metabolic process	GO:BP					0.26897	19.0	3.0	2.14					0	1		False	True	False	False	False	False
GO:0071305	cellular response to vitamin D	GO:BP					0.26897	19.0	3.0	2.14					0	1		False	True	False	False	False	False
GO:0035264	multicellular organism growth	GO:BP					0.269	29.0	4.0	3.26					0	1		False	True	False	False	False	False
GO:0032414	positive regulation of ion transmembrane transporter activity	GO:BP					0.26902	30.0	4.0	3.38					0	1		False	True	False	False	False	False
GO:0009110	vitamin biosynthetic process	GO:BP					0.26904	22.0	3.0	2.48					0	1		False	True	False	False	False	False
GO:0048265	response to pain	GO:BP					0.26904	22.0	3.0	2.48					0	1		False	True	False	False	False	False
GO:0071577	zinc ion transmembrane transport	GO:BP					0.26904	31.0	4.0	3.49					0	1		False	True	False	False	False	False
GO:0141005	transposable element silencing by heterochromatin formation	GO:BP					0.26909	24.0	3.0	2.7					0	1		False	True	False	False	False	False
GO:0043903	regulation of biological process involved in symbiotic interaction	GO:BP					0.26911	34.0	4.0	3.83					0	1		False	True	False	False	False	False
GO:0051651	maintenance of location in cell	GO:BP					0.26921	56.0	6.0	6.3					0	1		False	True	False	False	False	False
GO:0032649	regulation of type II interferon production	GO:BP					0.2704	115.0	7.0	12.95					0	1		False	True	False	False	False	False
GO:0050918	positive chemotaxis	GO:BP					0.27161	62.0	9.0	6.98					0	1		False	True	False	False	False	False
GO:0032435	negative regulation of proteasomal ubiquitin-dependent protein catabolic process	GO:BP					0.27178	39.0	6.0	4.39					0	1		False	True	False	False	False	False
GO:0006915	apoptotic process	GO:BP					0.27401	1655.0	181.0	186.31					0	1		False	True	False	False	False	False
GO:0042149	cellular response to glucose starvation	GO:BP					0.27441	47.0	7.0	5.29					0	1		False	True	False	False	False	False
GO:0045599	negative regulation of fat cell differentiation	GO:BP					0.27441	47.0	7.0	5.29					0	1		False	True	False	False	False	False
GO:0006890	retrograde vesicle-mediated transport, Golgi to endoplasmic reticulum	GO:BP					0.27535	55.0	8.0	6.19					0	1		False	True	False	False	False	False
GO:0042060	wound healing	GO:BP					0.27636	378.0	40.0	42.55					0	1		False	True	False	False	False	False
GO:0006629	lipid metabolic process	GO:BP					0.27697	1279.0	166.0	143.98					0	1		False	True	False	False	False	False
GO:0090277	positive regulation of peptide hormone secretion	GO:BP					0.27919	103.0	21.0	11.6					0	1		False	True	False	False	False	False
GO:0043687	post-translational protein modification	GO:BP					0.27937	933.0	134.0	105.03					0	1		False	True	False	False	False	False
GO:0051258	protein polymerization	GO:BP					0.27962	266.0	38.0	29.94					0	1		False	True	False	False	False	False
GO:0051928	positive regulation of calcium ion transport	GO:BP					0.28074	91.0	15.0	10.24					0	1		False	True	False	False	False	False
GO:0006706	steroid catabolic process	GO:BP					0.28189	24.0	4.0	2.7					0	1		False	True	False	False	False	False
GO:0007042	lysosomal lumen acidification	GO:BP					0.28189	24.0	4.0	2.7					0	1		False	True	False	False	False	False
GO:0048015	phosphatidylinositol-mediated signaling	GO:BP					0.28189	24.0	4.0	2.7					0	1		False	True	False	False	False	False
GO:0048663	neuron fate commitment	GO:BP					0.28189	24.0	4.0	2.7					0	1		False	True	False	False	False	False
GO:0061709	reticulophagy	GO:BP					0.28189	24.0	4.0	2.7					0	1		False	True	False	False	False	False
GO:0005975	carbohydrate metabolic process	GO:BP					0.28206	497.0	58.0	55.95					0	1		False	True	False	False	False	False
GO:0098609	cell-cell adhesion	GO:BP					0.2829	905.0	107.0	101.88					0	1		False	True	False	False	False	False
GO:0072330	monocarboxylic acid biosynthetic process	GO:BP					0.28348	217.0	21.0	24.43					0	1		False	True	False	False	False	False
GO:0006006	glucose metabolic process	GO:BP					0.2867	157.0	25.0	17.67					0	1		False	True	False	False	False	False
GO:0009611	response to wounding	GO:BP					0.28731	474.0	59.0	53.36					0	1		False	True	False	False	False	False
GO:0036258	multivesicular body assembly	GO:BP					0.28899	32.0	5.0	3.6					0	1		False	True	False	False	False	False
GO:0042059	negative regulation of epidermal growth factor receptor signaling pathway	GO:BP					0.28899	32.0	5.0	3.6					0	1		False	True	False	False	False	False
GO:0009636	response to toxic substance	GO:BP					0.29103	234.0	25.0	26.34					0	1		False	True	False	False	False	False
GO:0045824	negative regulation of innate immune response	GO:BP					0.29192	88.0	10.0	9.91					0	1		False	True	False	False	False	False
GO:1901699	cellular response to nitrogen compound	GO:BP					0.29251	610.0	96.0	68.67					0	1		False	True	False	False	False	False
GO:0006631	fatty acid metabolic process	GO:BP					0.29274	366.0	41.0	41.2					0	1		False	True	False	False	False	False
GO:0045785	positive regulation of cell adhesion	GO:BP					0.29478	425.0	43.0	47.84					0	1		False	True	False	False	False	False
GO:0097435	supramolecular fiber organization	GO:BP					0.29526	766.0	97.0	86.23					0	1		False	True	False	False	False	False
GO:0002548	monocyte chemotaxis	GO:BP					0.29718	48.0	10.0	5.4					0	1		False	True	False	False	False	False
GO:0010821	regulation of mitochondrion organization	GO:BP					0.29772	109.0	15.0	12.27					0	1		False	True	False	False	False	False
GO:1903055	positive regulation of extracellular matrix organization	GO:BP					0.29804	30.0	5.0	3.38					0	1		False	True	False	False	False	False
GO:0048384	retinoic acid receptor signaling pathway	GO:BP					0.29811	32.0	5.0	3.6					0	1		False	True	False	False	False	False
GO:0086002	cardiac muscle cell action potential involved in contraction	GO:BP					0.29815	60.0	8.0	6.75					0	1		False	True	False	False	False	False
GO:0002320	lymphoid progenitor cell differentiation	GO:BP					0.2982	17.0	3.0	1.91					0	1		False	True	False	False	False	False
GO:0002689	negative regulation of leukocyte chemotaxis	GO:BP					0.2982	17.0	3.0	1.91					0	1		False	True	False	False	False	False
GO:0002839	positive regulation of immune response to tumor cell	GO:BP					0.2982	17.0	3.0	1.91					0	1		False	True	False	False	False	False
GO:0007168	receptor guanylyl cyclase signaling pathway	GO:BP					0.2982	17.0	3.0	1.91					0	1		False	True	False	False	False	False
GO:0022011	myelination in peripheral nervous system	GO:BP					0.2982	17.0	3.0	1.91					0	1		False	True	False	False	False	False
GO:0032486	Rap protein signal transduction	GO:BP					0.2982	17.0	3.0	1.91					0	1		False	True	False	False	False	False
GO:0038092	nodal signaling pathway	GO:BP					0.2982	17.0	3.0	1.91					0	1		False	True	False	False	False	False
GO:0044790	suppression of viral release by host	GO:BP					0.2982	17.0	3.0	1.91					0	1		False	True	False	False	False	False
GO:0048596	embryonic camera-type eye morphogenesis	GO:BP					0.2982	17.0	3.0	1.91					0	1		False	True	False	False	False	False
GO:0050908	detection of light stimulus involved in visual perception	GO:BP					0.2982	17.0	3.0	1.91					0	1		False	True	False	False	False	False
GO:0051900	regulation of mitochondrial depolarization	GO:BP					0.2982	17.0	3.0	1.91					0	1		False	True	False	False	False	False
GO:0055091	phospholipid homeostasis	GO:BP					0.2982	17.0	3.0	1.91					0	1		False	True	False	False	False	False
GO:0060340	positive regulation of type I interferon-mediated signaling pathway	GO:BP					0.2982	17.0	3.0	1.91					0	1		False	True	False	False	False	False
GO:0061154	endothelial tube morphogenesis	GO:BP					0.2982	17.0	3.0	1.91					0	1		False	True	False	False	False	False
GO:0110110	positive regulation of animal organ morphogenesis	GO:BP					0.2982	17.0	3.0	1.91					0	1		False	True	False	False	False	False
GO:1903054	negative regulation of extracellular matrix organization	GO:BP					0.2982	17.0	3.0	1.91					0	1		False	True	False	False	False	False
GO:1903140	regulation of establishment of endothelial barrier	GO:BP					0.2982	17.0	3.0	1.91					0	1		False	True	False	False	False	False
GO:2000434	regulation of protein neddylation	GO:BP					0.2982	17.0	3.0	1.91					0	1		False	True	False	False	False	False
GO:2001243	negative regulation of intrinsic apoptotic signaling pathway	GO:BP					0.29829	91.0	11.0	10.24					0	1		False	True	False	False	False	False
GO:0006139	nucleobase-containing compound metabolic process	GO:BP					0.2986	5482.0	523.0	617.13					0	1		False	True	False	False	False	False
GO:1902903	regulation of supramolecular fiber organization	GO:BP					0.29884	349.0	56.0	39.29					0	1		False	True	False	False	False	False
GO:0009628	response to abiotic stimulus	GO:BP					0.2995	962.0	120.0	108.3					0	1		False	True	False	False	False	False
GO:0071331	cellular response to hexose stimulus	GO:BP					0.29985	126.0	24.0	14.18					0	1		False	True	False	False	False	False
GO:0031644	regulation of nervous system process	GO:BP					0.29986	118.0	23.0	13.28					0	1		False	True	False	False	False	False
GO:0009792	embryo development ending in birth or egg hatching	GO:BP					0.29999	240.0	22.0	27.02					0	1		False	True	False	False	False	False
GO:0099565	chemical synaptic transmission, postsynaptic	GO:BP					0.30004	111.0	21.0	12.5					0	1		False	True	False	False	False	False
GO:1990928	response to amino acid starvation	GO:BP					0.30015	56.0	14.0	6.3					0	1		False	True	False	False	False	False
GO:0042063	gliogenesis	GO:BP					0.30034	228.0	32.0	25.67					0	1		False	True	False	False	False	False
GO:0000041	transition metal ion transport	GO:BP					0.30049	95.0	16.0	10.69					0	1		False	True	False	False	False	False
GO:0014037	Schwann cell differentiation	GO:BP					0.30059	30.0	8.0	3.38					0	1		False	True	False	False	False	False
GO:0048144	fibroblast proliferation	GO:BP					0.30069	63.0	11.0	7.09					0	1		False	True	False	False	False	False
GO:0061050	regulation of cell growth involved in cardiac muscle cell development	GO:BP					0.30079	16.0	5.0	1.8					0	1		False	True	False	False	False	False
GO:1902932	positive regulation of alcohol biosynthetic process	GO:BP					0.30084	28.0	6.0	3.15					0	1		False	True	False	False	False	False
GO:1990182	exosomal secretion	GO:BP					0.30085	20.0	5.0	2.25					0	1		False	True	False	False	False	False
GO:0010573	vascular endothelial growth factor production	GO:BP					0.30087	39.0	7.0	4.39					0	1		False	True	False	False	False	False
GO:0019359	nicotinamide nucleotide biosynthetic process	GO:BP					0.30088	22.0	5.0	2.48					0	1		False	True	False	False	False	False
GO:0031445	regulation of heterochromatin formation	GO:BP					0.30088	13.0	4.0	1.46					0	1		False	True	False	False	False	False
GO:0033145	positive regulation of intracellular steroid hormone receptor signaling pathway	GO:BP					0.30088	13.0	4.0	1.46					0	1		False	True	False	False	False	False
GO:0042749	regulation of circadian sleep/wake cycle	GO:BP					0.30088	22.0	5.0	2.48					0	1		False	True	False	False	False	False
GO:0030431	sleep	GO:BP					0.3009	23.0	5.0	2.59					0	1		False	True	False	False	False	False
GO:0071871	response to epinephrine	GO:BP					0.3009	14.0	4.0	1.58					0	1		False	True	False	False	False	False
GO:0001845	phagolysosome assembly	GO:BP					0.30095	17.0	4.0	1.91					0	1		False	True	False	False	False	False
GO:0019319	hexose biosynthetic process	GO:BP					0.30096	80.0	11.0	9.01					0	1		False	True	False	False	False	False
GO:0002295	T-helper cell lineage commitment	GO:BP					0.30098	28.0	5.0	3.15					0	1		False	True	False	False	False	False
GO:0006721	terpenoid metabolic process	GO:BP					0.30098	108.0	14.0	12.16					0	1		False	True	False	False	False	False
GO:0003179	heart valve morphogenesis	GO:BP					0.30099	55.0	8.0	6.19					0	1		False	True	False	False	False	False
GO:0072677	eosinophil migration	GO:BP					0.30103	22.0	4.0	2.48					0	1		False	True	False	False	False	False
GO:0071453	cellular response to oxygen levels	GO:BP					0.30104	165.0	20.0	18.57					0	1		False	True	False	False	False	False
GO:1900543	negative regulation of purine nucleotide metabolic process	GO:BP					0.30104	23.0	4.0	2.59					0	1		False	True	False	False	False	False
GO:0061734	type 2 mitophagy	GO:BP					0.30106	15.0	3.0	1.69					0	1		False	True	False	False	False	False
GO:0070141	response to UV-A	GO:BP					0.30106	15.0	3.0	1.69					0	1		False	True	False	False	False	False
GO:0062098	regulation of programmed necrotic cell death	GO:BP					0.30109	35.0	5.0	3.94					0	1		False	True	False	False	False	False
GO:1905897	regulation of response to endoplasmic reticulum stress	GO:BP					0.30115	92.0	11.0	10.36					0	1		False	True	False	False	False	False
GO:0002455	humoral immune response mediated by circulating immunoglobulin	GO:BP					0.3012	42.0	5.0	4.73					0	1		False	True	False	False	False	False
GO:0008211	glucocorticoid metabolic process	GO:BP					0.3012	24.0	3.0	2.7					0	1		False	True	False	False	False	False
GO:0036119	response to platelet-derived growth factor	GO:BP					0.3012	24.0	3.0	2.7					0	1		False	True	False	False	False	False
GO:0010421	hydrogen peroxide-mediated programmed cell death	GO:BP					0.30121	16.0	2.0	1.8					0	1		False	True	False	False	False	False
GO:0006704	glucocorticoid biosynthetic process	GO:BP					0.30124	18.0	2.0	2.03					0	1		False	True	False	False	False	False
GO:0006779	porphyrin-containing compound biosynthetic process	GO:BP					0.30129	30.0	3.0	3.38					0	1		False	True	False	False	False	False
GO:0002702	positive regulation of production of molecular mediator of immune response	GO:BP					0.3013	110.0	12.0	12.38					0	1		False	True	False	False	False	False
GO:0002381	immunoglobulin production involved in immunoglobulin-mediated immune response	GO:BP					0.30131	40.0	4.0	4.5					0	1		False	True	False	False	False	False
GO:0050819	negative regulation of coagulation	GO:BP					0.30133	50.0	5.0	5.63					0	1		False	True	False	False	False	False
GO:0002279	mast cell activation involved in immune response	GO:BP					0.30147	50.0	4.0	5.63					0	1		False	True	False	False	False	False
GO:0008535	respiratory chain complex IV assembly	GO:BP					0.30147	32.0	2.0	3.6					0	1		False	True	False	False	False	False
GO:0002822	regulation of adaptive immune response based on somatic recombination of immune receptors built from immunoglobulin superfamily domains	GO:BP					0.30156	171.0	17.0	19.25					0	1		False	True	False	False	False	False
GO:1903557	positive regulation of tumor necrosis factor superfamily cytokine production	GO:BP					0.30161	112.0	10.0	12.61					0	1		False	True	False	False	False	False
GO:0072359	circulatory system development	GO:BP					0.30196	913.0	98.0	102.78					0	1		False	True	False	False	False	False
GO:0022407	regulation of cell-cell adhesion	GO:BP					0.30232	451.0	38.0	50.77					0	1		False	True	False	False	False	False
GO:0051865	protein autoubiquitination	GO:BP					0.30422	73.0	10.0	8.22					0	1		False	True	False	False	False	False
GO:0140374	antiviral innate immune response	GO:BP					0.30422	73.0	10.0	8.22					0	1		False	True	False	False	False	False
GO:0045934	negative regulation of nucleobase-containing compound metabolic process	GO:BP					0.30447	1509.0	149.0	169.87					0	1		False	True	False	False	False	False
GO:0048009	insulin-like growth factor receptor signaling pathway	GO:BP					0.30808	44.0	7.0	4.95					0	1		False	True	False	False	False	False
GO:1902017	regulation of cilium assembly	GO:BP					0.30833	77.0	10.0	8.67					0	1		False	True	False	False	False	False
GO:0045954	positive regulation of natural killer cell mediated cytotoxicity	GO:BP					0.30838	25.0	4.0	2.81					0	1		False	True	False	False	False	False
GO:0048208	COPII vesicle coating	GO:BP					0.30838	25.0	4.0	2.81					0	1		False	True	False	False	False	False
GO:1902042	negative regulation of extrinsic apoptotic signaling pathway via death domain receptors	GO:BP					0.30838	25.0	4.0	2.81					0	1		False	True	False	False	False	False
GO:0071375	cellular response to peptide hormone stimulus	GO:BP					0.30849	313.0	45.0	35.24					0	1		False	True	False	False	False	False
GO:1905039	carboxylic acid transmembrane transport	GO:BP					0.30889	144.0	23.0	16.21					0	1		False	True	False	False	False	False
GO:1904062	regulation of monoatomic cation transmembrane transport	GO:BP					0.31029	243.0	39.0	27.36					0	1		False	True	False	False	False	False
GO:0051924	regulation of calcium ion transport	GO:BP					0.31133	202.0	30.0	22.74					0	1		False	True	False	False	False	False
GO:0021954	central nervous system neuron development	GO:BP					0.31142	54.0	13.0	6.08					0	1		False	True	False	False	False	False
GO:0043113	receptor clustering	GO:BP					0.31205	53.0	7.0	5.97					0	1		False	True	False	False	False	False
GO:0001932	regulation of protein phosphorylation	GO:BP					0.31224	361.0	44.0	40.64					0	1		False	True	False	False	False	False
GO:0051646	mitochondrion localization	GO:BP					0.31224	50.0	9.0	5.63					0	1		False	True	False	False	False	False
GO:0060986	endocrine hormone secretion	GO:BP					0.31224	50.0	9.0	5.63					0	1		False	True	False	False	False	False
GO:1902683	regulation of receptor localization to synapse	GO:BP					0.31239	29.0	6.0	3.26					0	1		False	True	False	False	False	False
GO:0036376	sodium ion export across plasma membrane	GO:BP					0.31262	20.0	4.0	2.25					0	1		False	True	False	False	False	False
GO:1904063	negative regulation of cation transmembrane transport	GO:BP					0.31264	65.0	9.0	7.32					0	1		False	True	False	False	False	False
GO:0051988	regulation of attachment of spindle microtubules to kinetochore	GO:BP					0.3127	23.0	4.0	2.59					0	1		False	True	False	False	False	False
GO:1902570	protein localization to nucleolus	GO:BP					0.3127	23.0	4.0	2.59					0	1		False	True	False	False	False	False
GO:0086013	membrane repolarization during cardiac muscle cell action potential	GO:BP					0.31281	27.0	4.0	3.04					0	1		False	True	False	False	False	False
GO:0000492	box C/D snoRNP assembly	GO:BP					0.31283	10.0	2.0	1.13					0	1		False	True	False	False	False	False
GO:0001408	guanine nucleotide transport	GO:BP					0.31283	10.0	2.0	1.13					0	1		False	True	False	False	False	False
GO:0001710	mesodermal cell fate commitment	GO:BP					0.31283	10.0	2.0	1.13					0	1		False	True	False	False	False	False
GO:0002053	positive regulation of mesenchymal cell proliferation	GO:BP					0.31283	10.0	2.0	1.13					0	1		False	True	False	False	False	False
GO:0002855	regulation of natural killer cell mediated immune response to tumor cell	GO:BP					0.31283	10.0	2.0	1.13					0	1		False	True	False	False	False	False
GO:0003417	growth plate cartilage development	GO:BP					0.31283	10.0	2.0	1.13					0	1		False	True	False	False	False	False
GO:0006048	UDP-N-acetylglucosamine biosynthetic process	GO:BP					0.31283	10.0	2.0	1.13					0	1		False	True	False	False	False	False
GO:0006107	oxaloacetate metabolic process	GO:BP					0.31283	10.0	2.0	1.13					0	1		False	True	False	False	False	False
GO:0006616	SRP-dependent cotranslational protein targeting to membrane, translocation	GO:BP					0.31283	10.0	2.0	1.13					0	1		False	True	False	False	False	False
GO:0007198	adenylate cyclase-inhibiting serotonin receptor signaling pathway	GO:BP					0.31283	10.0	2.0	1.13					0	1		False	True	False	False	False	False
GO:0009113	purine nucleobase biosynthetic process	GO:BP					0.31283	10.0	2.0	1.13					0	1		False	True	False	False	False	False
GO:0010454	negative regulation of cell fate commitment	GO:BP					0.31283	10.0	2.0	1.13					0	1		False	True	False	False	False	False
GO:0010831	positive regulation of myotube differentiation	GO:BP					0.31283	10.0	2.0	1.13					0	1		False	True	False	False	False	False
GO:0014049	positive regulation of glutamate secretion	GO:BP					0.31283	10.0	2.0	1.13					0	1		False	True	False	False	False	False
GO:0019371	cyclooxygenase pathway	GO:BP					0.31283	10.0	2.0	1.13					0	1		False	True	False	False	False	False
GO:0021692	cerebellar Purkinje cell layer morphogenesis	GO:BP					0.31283	10.0	2.0	1.13					0	1		False	True	False	False	False	False
GO:0031579	membrane raft organization	GO:BP					0.31283	28.0	4.0	3.15					0	1		False	True	False	False	False	False
GO:0034355	NAD+ biosynthetic process via the salvage pathway	GO:BP					0.31283	10.0	2.0	1.13					0	1		False	True	False	False	False	False
GO:0035457	cellular response to interferon-alpha	GO:BP					0.31283	10.0	2.0	1.13					0	1		False	True	False	False	False	False
GO:0035519	protein K29-linked ubiquitination	GO:BP					0.31283	10.0	2.0	1.13					0	1		False	True	False	False	False	False
GO:0035694	mitochondrial protein catabolic process	GO:BP					0.31283	10.0	2.0	1.13					0	1		False	True	False	False	False	False
GO:0035696	monocyte extravasation	GO:BP					0.31283	10.0	2.0	1.13					0	1		False	True	False	False	False	False
GO:0036500	ATF6-mediated unfolded protein response	GO:BP					0.31283	10.0	2.0	1.13					0	1		False	True	False	False	False	False
GO:0038130	ERBB4 signaling pathway	GO:BP					0.31283	10.0	2.0	1.13					0	1		False	True	False	False	False	False
GO:0042796	snRNA transcription by RNA polymerase III	GO:BP					0.31283	10.0	2.0	1.13					0	1		False	True	False	False	False	False
GO:0043586	tongue development	GO:BP					0.31283	10.0	2.0	1.13					0	1		False	True	False	False	False	False
GO:0044341	sodium-dependent phosphate transport	GO:BP					0.31283	10.0	2.0	1.13					0	1		False	True	False	False	False	False
GO:0044837	actomyosin contractile ring organization	GO:BP					0.31283	10.0	2.0	1.13					0	1		False	True	False	False	False	False
GO:0046129	purine ribonucleoside biosynthetic process	GO:BP					0.31283	10.0	2.0	1.13					0	1		False	True	False	False	False	False
GO:0046174	polyol catabolic process	GO:BP					0.31283	10.0	2.0	1.13					0	1		False	True	False	False	False	False
GO:0046415	urate metabolic process	GO:BP					0.31283	10.0	2.0	1.13					0	1		False	True	False	False	False	False
GO:0048840	otolith development	GO:BP					0.31283	10.0	2.0	1.13					0	1		False	True	False	False	False	False
GO:0051583	dopamine uptake involved in synaptic transmission	GO:BP					0.31283	10.0	2.0	1.13					0	1		False	True	False	False	False	False
GO:0060245	detection of cell density	GO:BP					0.31283	10.0	2.0	1.13					0	1		False	True	False	False	False	False
GO:0060368	regulation of Fc receptor mediated stimulatory signaling pathway	GO:BP					0.31283	10.0	2.0	1.13					0	1		False	True	False	False	False	False
GO:0060711	labyrinthine layer development	GO:BP					0.31283	10.0	2.0	1.13					0	1		False	True	False	False	False	False
GO:0060732	positive regulation of inositol phosphate biosynthetic process	GO:BP					0.31283	10.0	2.0	1.13					0	1		False	True	False	False	False	False
GO:0060816	random inactivation of X chromosome	GO:BP					0.31283	10.0	2.0	1.13					0	1		False	True	False	False	False	False
GO:0061298	retina vasculature development in camera-type eye	GO:BP					0.31283	10.0	2.0	1.13					0	1		False	True	False	False	False	False
GO:0062042	regulation of cardiac epithelial to mesenchymal transition	GO:BP					0.31283	10.0	2.0	1.13					0	1		False	True	False	False	False	False
GO:0070278	extracellular matrix constituent secretion	GO:BP					0.31283	10.0	2.0	1.13					0	1		False	True	False	False	False	False
GO:0070782	phosphatidylserine exposure on apoptotic cell surface	GO:BP					0.31283	10.0	2.0	1.13					0	1		False	True	False	False	False	False
GO:0072044	collecting duct development	GO:BP					0.31283	10.0	2.0	1.13					0	1		False	True	False	False	False	False
GO:0072124	regulation of glomerular mesangial cell proliferation	GO:BP					0.31283	10.0	2.0	1.13					0	1		False	True	False	False	False	False
GO:0097284	hepatocyte apoptotic process	GO:BP					0.31283	10.0	2.0	1.13					0	1		False	True	False	False	False	False
GO:0097680	double-strand break repair via classical nonhomologous end joining	GO:BP					0.31283	10.0	2.0	1.13					0	1		False	True	False	False	False	False
GO:0098887	neurotransmitter receptor transport, endosome to postsynaptic membrane	GO:BP					0.31283	10.0	2.0	1.13					0	1		False	True	False	False	False	False
GO:0099519	dense core granule cytoskeletal transport	GO:BP					0.31283	10.0	2.0	1.13					0	1		False	True	False	False	False	False
GO:0106014	regulation of inflammatory response to wounding	GO:BP					0.31283	10.0	2.0	1.13					0	1		False	True	False	False	False	False
GO:1901334	lactone metabolic process	GO:BP					0.31283	10.0	2.0	1.13					0	1		False	True	False	False	False	False
GO:1902423	regulation of attachment of mitotic spindle microtubules to kinetochore	GO:BP					0.31283	10.0	2.0	1.13					0	1		False	True	False	False	False	False
GO:1903278	positive regulation of sodium ion export across plasma membrane	GO:BP					0.31283	10.0	2.0	1.13					0	1		False	True	False	False	False	False
GO:1903689	regulation of wound healing, spreading of epidermal cells	GO:BP					0.31283	10.0	2.0	1.13					0	1		False	True	False	False	False	False
GO:1904669	ATP export	GO:BP					0.31283	10.0	2.0	1.13					0	1		False	True	False	False	False	False
GO:1904903	ESCRT III complex disassembly	GO:BP					0.31283	10.0	2.0	1.13					0	1		False	True	False	False	False	False
GO:1905091	positive regulation of type 2 mitophagy	GO:BP					0.31283	10.0	2.0	1.13					0	1		False	True	False	False	False	False
GO:2000252	negative regulation of feeding behavior	GO:BP					0.31283	10.0	2.0	1.13					0	1		False	True	False	False	False	False
GO:2000345	regulation of hepatocyte proliferation	GO:BP					0.31283	10.0	2.0	1.13					0	1		False	True	False	False	False	False
GO:0050927	positive regulation of positive chemotaxis	GO:BP					0.31291	22.0	3.0	2.48					0	1		False	True	False	False	False	False
GO:0086010	membrane depolarization during action potential	GO:BP					0.31291	31.0	4.0	3.49					0	1		False	True	False	False	False	False
GO:0040036	regulation of fibroblast growth factor receptor signaling pathway	GO:BP					0.31296	24.0	3.0	2.7					0	1		False	True	False	False	False	False
GO:0046823	negative regulation of nucleocytoplasmic transport	GO:BP					0.31296	24.0	3.0	2.7					0	1		False	True	False	False	False	False
GO:0090169	regulation of spindle assembly	GO:BP					0.31299	34.0	4.0	3.83					0	1		False	True	False	False	False	False
GO:0001776	leukocyte homeostasis	GO:BP					0.31308	73.0	8.0	8.22					0	1		False	True	False	False	False	False
GO:0042093	T-helper cell differentiation	GO:BP					0.31335	92.0	9.0	10.36					0	1		False	True	False	False	False	False
GO:0050905	neuromuscular process	GO:BP					0.31369	96.0	8.0	10.81					0	1		False	True	False	False	False	False
GO:0002831	regulation of response to biotic stimulus	GO:BP					0.31456	545.0	55.0	61.35					0	1		False	True	False	False	False	False
GO:1903706	regulation of hemopoiesis	GO:BP					0.31685	365.0	25.0	41.09					0	1		False	True	False	False	False	False
GO:0009893	positive regulation of metabolic process	GO:BP					0.31698	3256.0	353.0	366.54					0	1		False	True	False	False	False	False
GO:0009889	regulation of biosynthetic process	GO:BP					0.31722	4960.0	478.0	558.37					0	1		False	True	False	False	False	False
GO:0016070	RNA metabolic process	GO:BP					0.31999	4372.0	393.0	492.18					0	1		False	True	False	False	False	False
GO:0060070	canonical Wnt signaling pathway	GO:BP					0.32333	291.0	48.0	32.76					0	1		False	True	False	False	False	False
GO:0072523	purine-containing compound catabolic process	GO:BP					0.32731	147.0	28.0	16.55					0	1		False	True	False	False	False	False
GO:0140056	organelle localization by membrane tethering	GO:BP					0.3289	77.0	15.0	8.67					0	1		False	True	False	False	False	False
GO:0006935	chemotaxis	GO:BP					0.32909	408.0	56.0	45.93					0	1		False	True	False	False	False	False
GO:0008202	steroid metabolic process	GO:BP					0.32943	288.0	37.0	32.42					0	1		False	True	False	False	False	False
GO:0030902	hindbrain development	GO:BP					0.33011	85.0	12.0	9.57					0	1		False	True	False	False	False	False
GO:0050922	negative regulation of chemotaxis	GO:BP					0.33023	35.0	6.0	3.94					0	1		False	True	False	False	False	False
GO:0120033	negative regulation of plasma membrane bounded cell projection assembly	GO:BP					0.33023	44.0	7.0	4.95					0	1		False	True	False	False	False	False
GO:0010837	regulation of keratinocyte proliferation	GO:BP					0.33033	29.0	5.0	3.26					0	1		False	True	False	False	False	False
GO:0007157	heterophilic cell-cell adhesion	GO:BP					0.33035	50.0	7.0	5.63					0	1		False	True	False	False	False	False
GO:0008053	mitochondrial fusion	GO:BP					0.33043	32.0	5.0	3.6					0	1		False	True	False	False	False	False
GO:1901654	response to ketone	GO:BP					0.33043	192.0	23.0	21.61					0	1		False	True	False	False	False	False
GO:0007158	neuron cell-cell adhesion	GO:BP					0.33056	18.0	3.0	2.03					0	1		False	True	False	False	False	False
GO:0035994	response to muscle stretch	GO:BP					0.33056	18.0	3.0	2.03					0	1		False	True	False	False	False	False
GO:0042407	cristae formation	GO:BP					0.33056	18.0	3.0	2.03					0	1		False	True	False	False	False	False
GO:0043116	negative regulation of vascular permeability	GO:BP					0.33056	18.0	3.0	2.03					0	1		False	True	False	False	False	False
GO:0044539	long-chain fatty acid import into cell	GO:BP					0.33056	18.0	3.0	2.03					0	1		False	True	False	False	False	False
GO:0050885	neuromuscular process controlling balance	GO:BP					0.33056	18.0	3.0	2.03					0	1		False	True	False	False	False	False
GO:0071549	cellular response to dexamethasone stimulus	GO:BP					0.33056	18.0	3.0	2.03					0	1		False	True	False	False	False	False
GO:0071880	adenylate cyclase-activating adrenergic receptor signaling pathway	GO:BP					0.33056	18.0	3.0	2.03					0	1		False	True	False	False	False	False
GO:2000767	positive regulation of cytoplasmic translation	GO:BP					0.33056	18.0	3.0	2.03					0	1		False	True	False	False	False	False
GO:0090102	cochlea development	GO:BP					0.3307	31.0	4.0	3.49					0	1		False	True	False	False	False	False
GO:0007612	learning	GO:BP					0.33147	97.0	16.0	10.92					0	1		False	True	False	False	False	False
GO:0010596	negative regulation of endothelial cell migration	GO:BP					0.33168	59.0	4.0	6.64					0	1		False	True	False	False	False	False
GO:0010972	negative regulation of G2/M transition of mitotic cell cycle	GO:BP					0.33179	71.0	5.0	7.99					0	1		False	True	False	False	False	False
GO:0051495	positive regulation of cytoskeleton organization	GO:BP					0.3327	173.0	27.0	19.48					0	1		False	True	False	False	False	False
GO:0045454	cell redox homeostasis	GO:BP					0.33323	42.0	6.0	4.73					0	1		False	True	False	False	False	False
GO:0051262	protein tetramerization	GO:BP					0.33411	101.0	15.0	11.37					0	1		False	True	False	False	False	False
GO:0030216	keratinocyte differentiation	GO:BP					0.33444	108.0	15.0	12.16					0	1		False	True	False	False	False	False
GO:0098703	calcium ion import across plasma membrane	GO:BP					0.33452	39.0	7.0	4.39					0	1		False	True	False	False	False	False
GO:0002313	mature B cell differentiation involved in immune response	GO:BP					0.33509	26.0	4.0	2.93					0	1		False	True	False	False	False	False
GO:0042759	long-chain fatty acid biosynthetic process	GO:BP					0.33509	26.0	4.0	2.93					0	1		False	True	False	False	False	False
GO:0043403	skeletal muscle tissue regeneration	GO:BP					0.33509	26.0	4.0	2.93					0	1		False	True	False	False	False	False
GO:0051016	barbed-end actin filament capping	GO:BP					0.33509	26.0	4.0	2.93					0	1		False	True	False	False	False	False
GO:1902018	negative regulation of cilium assembly	GO:BP					0.33509	26.0	4.0	2.93					0	1		False	True	False	False	False	False
GO:0006654	phosphatidic acid biosynthetic process	GO:BP					0.33514	34.0	5.0	3.83					0	1		False	True	False	False	False	False
GO:1900016	negative regulation of cytokine production involved in inflammatory response	GO:BP					0.33514	34.0	5.0	3.83					0	1		False	True	False	False	False	False
GO:0006479	protein methylation	GO:BP					0.33543	43.0	5.0	4.84					0	1		False	True	False	False	False	False
GO:0006303	double-strand break repair via nonhomologous end joining	GO:BP					0.33558	70.0	8.0	7.88					0	1		False	True	False	False	False	False
GO:0043408	regulation of MAPK cascade	GO:BP					0.33558	597.0	67.0	67.21					0	1		False	True	False	False	False	False
GO:0007369	gastrulation	GO:BP					0.33669	120.0	11.0	13.51					0	1		False	True	False	False	False	False
GO:0006302	double-strand break repair	GO:BP					0.33749	318.0	28.0	35.8					0	1		False	True	False	False	False	False
GO:0000226	microtubule cytoskeleton organization	GO:BP					0.33895	639.0	67.0	71.94					0	1		False	True	False	False	False	False
GO:0045995	regulation of embryonic development	GO:BP					0.34326	83.0	13.0	9.34					0	1		False	True	False	False	False	False
GO:0008283	cell population proliferation	GO:BP					0.34663	1541.0	164.0	173.48					0	1		False	True	False	False	False	False
GO:0032446	protein modification by small protein conjugation	GO:BP					0.3492	783.0	115.0	88.15					0	1		False	True	False	False	False	False
GO:0016311	dephosphorylation	GO:BP					0.35327	143.0	28.0	16.1					0	1		False	True	False	False	False	False
GO:0001755	neural crest cell migration	GO:BP					0.35412	43.0	6.0	4.84					0	1		False	True	False	False	False	False
GO:0030838	positive regulation of actin filament polymerization	GO:BP					0.35412	43.0	6.0	4.84					0	1		False	True	False	False	False	False
GO:0045663	positive regulation of myoblast differentiation	GO:BP					0.35412	43.0	6.0	4.84					0	1		False	True	False	False	False	False
GO:0014074	response to purine-containing compound	GO:BP					0.35499	132.0	20.0	14.86					0	1		False	True	False	False	False	False
GO:0010765	positive regulation of sodium ion transport	GO:BP					0.35538	30.0	7.0	3.38					0	1		False	True	False	False	False	False
GO:0015868	purine ribonucleotide transport	GO:BP					0.35552	35.0	7.0	3.94					0	1		False	True	False	False	False	False
GO:0031529	ruffle organization	GO:BP					0.35555	45.0	8.0	5.07					0	1		False	True	False	False	False	False
GO:0007204	positive regulation of cytosolic calcium ion concentration	GO:BP					0.35561	155.0	19.0	17.45					0	1		False	True	False	False	False	False
GO:0072678	T cell migration	GO:BP					0.35584	64.0	9.0	7.2					0	1		False	True	False	False	False	False
GO:0032958	inositol phosphate biosynthetic process	GO:BP					0.35591	22.0	4.0	2.48					0	1		False	True	False	False	False	False
GO:0002011	morphogenesis of an epithelial sheet	GO:BP					0.35592	49.0	7.0	5.52					0	1		False	True	False	False	False	False
GO:2000404	regulation of T cell migration	GO:BP					0.356	43.0	6.0	4.84					0	1		False	True	False	False	False	False
GO:0035904	aorta development	GO:BP					0.35602	35.0	5.0	3.94					0	1		False	True	False	False	False	False
GO:0050873	brown fat cell differentiation	GO:BP					0.35602	35.0	5.0	3.94					0	1		False	True	False	False	False	False
GO:0002732	positive regulation of dendritic cell cytokine production	GO:BP					0.3561	11.0	2.0	1.24					0	1		False	True	False	False	False	False
GO:0002864	regulation of acute inflammatory response to antigenic stimulus	GO:BP					0.3561	11.0	2.0	1.24					0	1		False	True	False	False	False	False
GO:0009415	response to water	GO:BP					0.3561	11.0	2.0	1.24					0	1		False	True	False	False	False	False
GO:0010666	positive regulation of cardiac muscle cell apoptotic process	GO:BP					0.3561	11.0	2.0	1.24					0	1		False	True	False	False	False	False
GO:0010838	positive regulation of keratinocyte proliferation	GO:BP					0.3561	11.0	2.0	1.24					0	1		False	True	False	False	False	False
GO:0014831	gastro-intestinal system smooth muscle contraction	GO:BP					0.3561	11.0	2.0	1.24					0	1		False	True	False	False	False	False
GO:0015808	L-alanine transport	GO:BP					0.3561	11.0	2.0	1.24					0	1		False	True	False	False	False	False
GO:0015824	proline transport	GO:BP					0.3561	11.0	2.0	1.24					0	1		False	True	False	False	False	False
GO:0018342	protein prenylation	GO:BP					0.3561	11.0	2.0	1.24					0	1		False	True	False	False	False	False
GO:0021681	cerebellar granular layer development	GO:BP					0.3561	11.0	2.0	1.24					0	1		False	True	False	False	False	False
GO:0030252	growth hormone secretion	GO:BP					0.3561	11.0	2.0	1.24					0	1		False	True	False	False	False	False
GO:0031204	post-translational protein targeting to membrane, translocation	GO:BP					0.3561	11.0	2.0	1.24					0	1		False	True	False	False	False	False
GO:0032310	prostaglandin secretion	GO:BP					0.3561	11.0	2.0	1.24					0	1		False	True	False	False	False	False
GO:0032342	aldosterone biosynthetic process	GO:BP					0.3561	11.0	2.0	1.24					0	1		False	True	False	False	False	False
GO:0033572	transferrin transport	GO:BP					0.3561	11.0	2.0	1.24					0	1		False	True	False	False	False	False
GO:0033625	positive regulation of integrin activation	GO:BP					0.3561	11.0	2.0	1.24					0	1		False	True	False	False	False	False
GO:0035524	proline transmembrane transport	GO:BP					0.3561	11.0	2.0	1.24					0	1		False	True	False	False	False	False
GO:0035646	endosome to melanosome transport	GO:BP					0.3561	11.0	2.0	1.24					0	1		False	True	False	False	False	False
GO:0038003	G protein-coupled opioid receptor signaling pathway	GO:BP					0.3561	11.0	2.0	1.24					0	1		False	True	False	False	False	False
GO:0045348	positive regulation of MHC class II biosynthetic process	GO:BP					0.3561	11.0	2.0	1.24					0	1		False	True	False	False	False	False
GO:0046322	negative regulation of fatty acid oxidation	GO:BP					0.3561	11.0	2.0	1.24					0	1		False	True	False	False	False	False
GO:0046500	S-adenosylmethionine metabolic process	GO:BP					0.3561	11.0	2.0	1.24					0	1		False	True	False	False	False	False
GO:0046689	response to mercury ion	GO:BP					0.3561	11.0	2.0	1.24					0	1		False	True	False	False	False	False
GO:0048148	behavioral response to cocaine	GO:BP					0.3561	11.0	2.0	1.24					0	1		False	True	False	False	False	False
GO:0048251	elastic fiber assembly	GO:BP					0.3561	11.0	2.0	1.24					0	1		False	True	False	False	False	False
GO:0048536	spleen development	GO:BP					0.3561	11.0	2.0	1.24					0	1		False	True	False	False	False	False
GO:0051036	regulation of endosome size	GO:BP					0.3561	11.0	2.0	1.24					0	1		False	True	False	False	False	False
GO:0051124	synaptic assembly at neuromuscular junction	GO:BP					0.3561	11.0	2.0	1.24					0	1		False	True	False	False	False	False
GO:0051127	positive regulation of actin nucleation	GO:BP					0.3561	11.0	2.0	1.24					0	1		False	True	False	False	False	False
GO:0051987	positive regulation of attachment of spindle microtubules to kinetochore	GO:BP					0.3561	11.0	2.0	1.24					0	1		False	True	False	False	False	False
GO:0052803	imidazole-containing compound metabolic process	GO:BP					0.3561	11.0	2.0	1.24					0	1		False	True	False	False	False	False
GO:0061744	motor behavior	GO:BP					0.3561	11.0	2.0	1.24					0	1		False	True	False	False	False	False
GO:0070234	positive regulation of T cell apoptotic process	GO:BP					0.3561	11.0	2.0	1.24					0	1		False	True	False	False	False	False
GO:0070327	thyroid hormone transport	GO:BP					0.3561	11.0	2.0	1.24					0	1		False	True	False	False	False	False
GO:0070778	L-aspartate transmembrane transport	GO:BP					0.3561	11.0	2.0	1.24					0	1		False	True	False	False	False	False
GO:0070943	neutrophil-mediated killing of symbiont cell	GO:BP					0.3561	11.0	2.0	1.24					0	1		False	True	False	False	False	False
GO:0070989	oxidative demethylation	GO:BP					0.3561	11.0	2.0	1.24					0	1		False	True	False	False	False	False
GO:0071476	cellular hypotonic response	GO:BP					0.3561	11.0	2.0	1.24					0	1		False	True	False	False	False	False
GO:0097267	omega-hydroxylase P450 pathway	GO:BP					0.3561	11.0	2.0	1.24					0	1		False	True	False	False	False	False
GO:0099624	atrial cardiac muscle cell membrane repolarization	GO:BP					0.3561	11.0	2.0	1.24					0	1		False	True	False	False	False	False
GO:0140105	interleukin-10-mediated signaling pathway	GO:BP					0.3561	11.0	2.0	1.24					0	1		False	True	False	False	False	False
GO:1901678	iron coordination entity transport	GO:BP					0.3561	11.0	2.0	1.24					0	1		False	True	False	False	False	False
GO:1901844	regulation of cell communication by electrical coupling involved in cardiac conduction	GO:BP					0.3561	11.0	2.0	1.24					0	1		False	True	False	False	False	False
GO:1902563	regulation of neutrophil activation	GO:BP					0.3561	11.0	2.0	1.24					0	1		False	True	False	False	False	False
GO:1903044	protein localization to membrane raft	GO:BP					0.3561	11.0	2.0	1.24					0	1		False	True	False	False	False	False
GO:1905208	negative regulation of cardiocyte differentiation	GO:BP					0.3561	11.0	2.0	1.24					0	1		False	True	False	False	False	False
GO:2000009	negative regulation of protein localization to cell surface	GO:BP					0.3561	11.0	2.0	1.24					0	1		False	True	False	False	False	False
GO:2000048	negative regulation of cell-cell adhesion mediated by cadherin	GO:BP					0.3561	11.0	2.0	1.24					0	1		False	True	False	False	False	False
GO:2000551	regulation of T-helper 2 cell cytokine production	GO:BP					0.3561	11.0	2.0	1.24					0	1		False	True	False	False	False	False
GO:2000766	negative regulation of cytoplasmic translation	GO:BP					0.3561	11.0	2.0	1.24					0	1		False	True	False	False	False	False
GO:2000849	regulation of glucocorticoid secretion	GO:BP					0.3561	11.0	2.0	1.24					0	1		False	True	False	False	False	False
GO:0003351	epithelial cilium movement involved in extracellular fluid movement	GO:BP					0.35613	21.0	3.0	2.36					0	1		False	True	False	False	False	False
GO:0098883	synapse pruning	GO:BP					0.35613	21.0	3.0	2.36					0	1		False	True	False	False	False	False
GO:0046394	carboxylic acid biosynthetic process	GO:BP					0.35618	307.0	35.0	34.56					0	1		False	True	False	False	False	False
GO:0071277	cellular response to calcium ion	GO:BP					0.35618	68.0	9.0	7.66					0	1		False	True	False	False	False	False
GO:0042058	regulation of epidermal growth factor receptor signaling pathway	GO:BP					0.35629	71.0	8.0	7.99					0	1		False	True	False	False	False	False
GO:0042116	macrophage activation	GO:BP					0.35633	99.0	11.0	11.14					0	1		False	True	False	False	False	False
GO:0060402	calcium ion transport into cytosol	GO:BP					0.35633	28.0	3.0	3.15					0	1		False	True	False	False	False	False
GO:0006301	DNA damage tolerance	GO:BP					0.35658	37.0	3.0	4.17					0	1		False	True	False	False	False	False
GO:0050877	nervous system process	GO:BP					0.3567	1060.0	138.0	119.33					0	1		False	True	False	False	False	False
GO:0001510	RNA methylation	GO:BP					0.35697	86.0	7.0	9.68					0	1		False	True	False	False	False	False
GO:0002698	negative regulation of immune effector process	GO:BP					0.35698	104.0	9.0	11.71					0	1		False	True	False	False	False	False
GO:1903076	regulation of protein localization to plasma membrane	GO:BP					0.35943	112.0	24.0	12.61					0	1		False	True	False	False	False	False
GO:0016358	dendrite development	GO:BP					0.36018	195.0	31.0	21.95					0	1		False	True	False	False	False	False
GO:0006874	intracellular calcium ion homeostasis	GO:BP					0.36068	172.0	29.0	19.36					0	1		False	True	False	False	False	False
GO:0030041	actin filament polymerization	GO:BP					0.36101	140.0	19.0	15.76					0	1		False	True	False	False	False	False
GO:0010811	positive regulation of cell-substrate adhesion	GO:BP					0.36117	106.0	18.0	11.93					0	1		False	True	False	False	False	False
GO:0048168	regulation of neuronal synaptic plasticity	GO:BP					0.3614	50.0	11.0	5.63					0	1		False	True	False	False	False	False
GO:0050921	positive regulation of chemotaxis	GO:BP					0.36151	133.0	20.0	14.97					0	1		False	True	False	False	False	False
GO:0042554	superoxide anion generation	GO:BP					0.36169	40.0	9.0	4.5					0	1		False	True	False	False	False	False
GO:0002088	lens development in camera-type eye	GO:BP					0.36188	54.0	10.0	6.08					0	1		False	True	False	False	False	False
GO:0001778	plasma membrane repair	GO:BP					0.36189	27.0	4.0	3.04					0	1		False	True	False	False	False	False
GO:0051491	positive regulation of filopodium assembly	GO:BP					0.36189	27.0	4.0	3.04					0	1		False	True	False	False	False	False
GO:0060155	platelet dense granule organization	GO:BP					0.36189	27.0	4.0	3.04					0	1		False	True	False	False	False	False
GO:1902894	negative regulation of miRNA transcription	GO:BP					0.36189	27.0	4.0	3.04					0	1		False	True	False	False	False	False
GO:0033273	response to vitamin	GO:BP					0.36192	81.0	10.0	9.12					0	1		False	True	False	False	False	False
GO:0046847	filopodium assembly	GO:BP					0.36286	63.0	8.0	7.09					0	1		False	True	False	False	False	False
GO:0001956	positive regulation of neurotransmitter secretion	GO:BP					0.36287	19.0	3.0	2.14					0	1		False	True	False	False	False	False
GO:0006071	glycerol metabolic process	GO:BP					0.36287	19.0	3.0	2.14					0	1		False	True	False	False	False	False
GO:0010631	epithelial cell migration	GO:BP					0.36287	81.0	10.0	9.12					0	1		False	True	False	False	False	False
GO:0030174	regulation of DNA-templated DNA replication initiation	GO:BP					0.36287	19.0	3.0	2.14					0	1		False	True	False	False	False	False
GO:0030850	prostate gland development	GO:BP					0.36287	19.0	3.0	2.14					0	1		False	True	False	False	False	False
GO:0032926	negative regulation of activin receptor signaling pathway	GO:BP					0.36287	19.0	3.0	2.14					0	1		False	True	False	False	False	False
GO:0033081	regulation of T cell differentiation in thymus	GO:BP					0.36287	19.0	3.0	2.14					0	1		False	True	False	False	False	False
GO:0043567	regulation of insulin-like growth factor receptor signaling pathway	GO:BP					0.36287	19.0	3.0	2.14					0	1		False	True	False	False	False	False
GO:0048245	eosinophil chemotaxis	GO:BP					0.36287	19.0	3.0	2.14					0	1		False	True	False	False	False	False
GO:0060428	lung epithelium development	GO:BP					0.36287	19.0	3.0	2.14					0	1		False	True	False	False	False	False
GO:0071425	hematopoietic stem cell proliferation	GO:BP					0.36287	19.0	3.0	2.14					0	1		False	True	False	False	False	False
GO:0090110	COPII-coated vesicle cargo loading	GO:BP					0.36287	19.0	3.0	2.14					0	1		False	True	False	False	False	False
GO:1900119	positive regulation of execution phase of apoptosis	GO:BP					0.36287	19.0	3.0	2.14					0	1		False	True	False	False	False	False
GO:1903232	melanosome assembly	GO:BP					0.36287	19.0	3.0	2.14					0	1		False	True	False	False	False	False
GO:1903306	negative regulation of regulated secretory pathway	GO:BP					0.36287	19.0	3.0	2.14					0	1		False	True	False	False	False	False
GO:0002720	positive regulation of cytokine production involved in immune response	GO:BP					0.363	67.0	8.0	7.54					0	1		False	True	False	False	False	False
GO:0070498	interleukin-1-mediated signaling pathway	GO:BP					0.36306	33.0	4.0	3.71					0	1		False	True	False	False	False	False
GO:0051099	positive regulation of binding	GO:BP					0.36332	40.0	4.0	4.5					0	1		False	True	False	False	False	False
GO:0043161	proteasome-mediated ubiquitin-dependent protein catabolic process	GO:BP					0.36336	498.0	63.0	56.06					0	1		False	True	False	False	False	False
GO:0002042	cell migration involved in sprouting angiogenesis	GO:BP					0.36387	64.0	5.0	7.2					0	1		False	True	False	False	False	False
GO:0050728	negative regulation of inflammatory response	GO:BP					0.36498	171.0	24.0	19.25					0	1		False	True	False	False	False	False
GO:0001934	positive regulation of protein phosphorylation	GO:BP					0.37313	213.0	29.0	23.98					0	1		False	True	False	False	False	False
GO:0006606	protein import into nucleus	GO:BP					0.3734	140.0	16.0	15.76					0	1		False	True	False	False	False	False
GO:0050801	monoatomic ion homeostasis	GO:BP					0.37696	468.0	70.0	52.68					0	1		False	True	False	False	False	False
GO:0046883	regulation of hormone secretion	GO:BP					0.37792	232.0	38.0	26.12					0	1		False	True	False	False	False	False
GO:0040017	positive regulation of locomotion	GO:BP					0.37819	568.0	74.0	63.94					0	1		False	True	False	False	False	False
GO:0007040	lysosome organization	GO:BP					0.37841	110.0	21.0	12.38					0	1		False	True	False	False	False	False
GO:0071870	cellular response to catecholamine stimulus	GO:BP					0.37845	55.0	15.0	6.19					0	1		False	True	False	False	False	False
GO:0010810	regulation of cell-substrate adhesion	GO:BP					0.37851	192.0	30.0	21.61					0	1		False	True	False	False	False	False
GO:0061337	cardiac conduction	GO:BP					0.37865	92.0	18.0	10.36					0	1		False	True	False	False	False	False
GO:0043266	regulation of potassium ion transport	GO:BP					0.37868	76.0	16.0	8.56					0	1		False	True	False	False	False	False
GO:0150063	visual system development	GO:BP					0.37883	262.0	36.0	29.49					0	1		False	True	False	False	False	False
GO:0006576	biogenic amine metabolic process	GO:BP					0.37886	68.0	14.0	7.66					0	1		False	True	False	False	False	False
GO:0051336	regulation of hydrolase activity	GO:BP					0.37896	153.0	23.0	17.22					0	1		False	True	False	False	False	False
GO:0006801	superoxide metabolic process	GO:BP					0.37929	64.0	11.0	7.2					0	1		False	True	False	False	False	False
GO:0007006	mitochondrial membrane organization	GO:BP					0.37935	58.0	10.0	6.53					0	1		False	True	False	False	False	False
GO:0032400	melanosome localization	GO:BP					0.37938	24.0	6.0	2.7					0	1		False	True	False	False	False	False
GO:0048864	stem cell development	GO:BP					0.37942	62.0	10.0	6.98					0	1		False	True	False	False	False	False
GO:2000401	regulation of lymphocyte migration	GO:BP					0.37942	62.0	10.0	6.98					0	1		False	True	False	False	False	False
GO:0051654	establishment of mitochondrion localization	GO:BP					0.37949	30.0	6.0	3.38					0	1		False	True	False	False	False	False
GO:0003177	pulmonary valve development	GO:BP					0.37954	24.0	5.0	2.7					0	1		False	True	False	False	False	False
GO:0099637	neurotransmitter receptor transport	GO:BP					0.3796	18.0	4.0	2.03					0	1		False	True	False	False	False	False
GO:0043583	ear development	GO:BP					0.37962	108.0	14.0	12.16					0	1		False	True	False	False	False	False
GO:0099150	regulation of postsynaptic specialization assembly	GO:BP					0.37963	20.0	4.0	2.25					0	1		False	True	False	False	False	False
GO:0035051	cardiocyte differentiation	GO:BP					0.37968	120.0	15.0	13.51					0	1		False	True	False	False	False	False
GO:0070849	response to epidermal growth factor	GO:BP					0.37968	49.0	7.0	5.52					0	1		False	True	False	False	False	False
GO:0140353	lipid export from cell	GO:BP					0.37968	40.0	6.0	4.5					0	1		False	True	False	False	False	False
GO:0098969	neurotransmitter receptor transport to postsynaptic membrane	GO:BP					0.37969	14.0	3.0	1.58					0	1		False	True	False	False	False	False
GO:1900117	regulation of execution phase of apoptosis	GO:BP					0.37969	23.0	4.0	2.59					0	1		False	True	False	False	False	False
GO:0070988	demethylation	GO:BP					0.37971	15.0	3.0	1.69					0	1		False	True	False	False	False	False
GO:0002347	response to tumor cell	GO:BP					0.37972	51.0	7.0	5.74					0	1		False	True	False	False	False	False
GO:0006972	hyperosmotic response	GO:BP					0.37973	25.0	4.0	2.81					0	1		False	True	False	False	False	False
GO:0034616	response to laminar fluid shear stress	GO:BP					0.37975	35.0	5.0	3.94					0	1		False	True	False	False	False	False
GO:1902807	negative regulation of cell cycle G1/S phase transition	GO:BP					0.37979	55.0	7.0	6.19					0	1		False	True	False	False	False	False
GO:0007260	tyrosine phosphorylation of STAT protein	GO:BP					0.37981	38.0	5.0	4.28					0	1		False	True	False	False	False	False
GO:2001239	regulation of extrinsic apoptotic signaling pathway in absence of ligand	GO:BP					0.37982	30.0	4.0	3.38					0	1		False	True	False	False	False	False
GO:0016237	microautophagy	GO:BP					0.37984	22.0	3.0	2.48					0	1		False	True	False	False	False	False
GO:0015803	branched-chain amino acid transport	GO:BP					0.37986	14.0	2.0	1.58					0	1		False	True	False	False	False	False
GO:0090030	regulation of steroid hormone biosynthetic process	GO:BP					0.37986	14.0	2.0	1.58					0	1		False	True	False	False	False	False
GO:0034349	glial cell apoptotic process	GO:BP					0.37987	15.0	2.0	1.69					0	1		False	True	False	False	False	False
GO:0072673	lamellipodium morphogenesis	GO:BP					0.37987	15.0	2.0	1.69					0	1		False	True	False	False	False	False
GO:0032509	endosome transport via multivesicular body sorting pathway	GO:BP					0.3799	43.0	5.0	4.84					0	1		False	True	False	False	False	False
GO:0141137	positive regulation of gene expression, epigenetic	GO:BP					0.3799	61.0	7.0	6.87					0	1		False	True	False	False	False	False
GO:0032042	mitochondrial DNA metabolic process	GO:BP					0.37993	18.0	2.0	2.03					0	1		False	True	False	False	False	False
GO:0043516	regulation of DNA damage response, signal transduction by p53 class mediator	GO:BP					0.37993	36.0	4.0	4.05					0	1		False	True	False	False	False	False
GO:0010742	macrophage derived foam cell differentiation	GO:BP					0.37995	37.0	4.0	4.17					0	1		False	True	False	False	False	False
GO:0043271	negative regulation of monoatomic ion transport	GO:BP					0.37997	91.0	10.0	10.24					0	1		False	True	False	False	False	False
GO:0002260	lymphocyte homeostasis	GO:BP					0.38003	50.0	5.0	5.63					0	1		False	True	False	False	False	False
GO:0003338	metanephros morphogenesis	GO:BP					0.38004	24.0	2.0	2.7					0	1		False	True	False	False	False	False
GO:1905710	positive regulation of membrane permeability	GO:BP					0.38008	35.0	3.0	3.94					0	1		False	True	False	False	False	False
GO:0035710	CD4-positive, alpha-beta T cell activation	GO:BP					0.38009	124.0	13.0	13.96					0	1		False	True	False	False	False	False
GO:0017004	cytochrome complex assembly	GO:BP					0.38012	46.0	4.0	5.18					0	1		False	True	False	False	False	False
GO:0060421	positive regulation of heart growth	GO:BP					0.38012	28.0	2.0	3.15					0	1		False	True	False	False	False	False
GO:0060562	epithelial tube morphogenesis	GO:BP					0.38012	179.0	19.0	20.15					0	1		False	True	False	False	False	False
GO:0002724	regulation of T cell cytokine production	GO:BP					0.38016	39.0	3.0	4.39					0	1		False	True	False	False	False	False
GO:0042445	hormone metabolic process	GO:BP					0.38018	209.0	22.0	23.53					0	1		False	True	False	False	False	False
GO:0046661	male sex differentiation	GO:BP					0.38019	85.0	8.0	9.57					0	1		False	True	False	False	False	False
GO:0046324	regulation of D-glucose import across plasma membrane	GO:BP					0.38021	42.0	3.0	4.73					0	1		False	True	False	False	False	False
GO:0016101	diterpenoid metabolic process	GO:BP					0.38026	89.0	8.0	10.02					0	1		False	True	False	False	False	False
GO:0003231	cardiac ventricle development	GO:BP					0.38039	87.0	7.0	9.79					0	1		False	True	False	False	False	False
GO:0070918	regulatory ncRNA processing	GO:BP					0.38039	69.0	5.0	7.77					0	1		False	True	False	False	False	False
GO:0043534	blood vessel endothelial cell migration	GO:BP					0.38057	123.0	10.0	13.85					0	1		False	True	False	False	False	False
GO:1904018	positive regulation of vasculature development	GO:BP					0.38062	170.0	15.0	19.14					0	1		False	True	False	False	False	False
GO:0050881	musculoskeletal movement	GO:BP					0.38063	55.0	2.0	6.19					0	1		False	True	False	False	False	False
GO:0002262	myeloid cell homeostasis	GO:BP					0.38078	125.0	9.0	14.07					0	1		False	True	False	False	False	False
GO:0050866	negative regulation of cell activation	GO:BP					0.38102	191.0	15.0	21.5					0	1		False	True	False	False	False	False
GO:0001570	vasculogenesis	GO:BP					0.38106	56.0	9.0	6.3					0	1		False	True	False	False	False	False
GO:0045494	photoreceptor cell maintenance	GO:BP					0.38184	36.0	5.0	4.05					0	1		False	True	False	False	False	False
GO:0043254	regulation of protein-containing complex assembly	GO:BP					0.38246	399.0	61.0	44.92					0	1		False	True	False	False	False	False
GO:0007030	Golgi organization	GO:BP					0.38543	141.0	21.0	15.87					0	1		False	True	False	False	False	False
GO:0006310	DNA recombination	GO:BP					0.38733	330.0	26.0	37.15					0	1		False	True	False	False	False	False
GO:0007041	lysosomal transport	GO:BP					0.38759	129.0	18.0	14.52					0	1		False	True	False	False	False	False
GO:0061028	establishment of endothelial barrier	GO:BP					0.38821	45.0	7.0	5.07					0	1		False	True	False	False	False	False
GO:0001774	microglial cell activation	GO:BP					0.38861	45.0	6.0	5.07					0	1		False	True	False	False	False	False
GO:0007616	long-term memory	GO:BP					0.38864	28.0	4.0	3.15					0	1		False	True	False	False	False	False
GO:0009409	response to cold	GO:BP					0.38864	28.0	4.0	3.15					0	1		False	True	False	False	False	False
GO:0042026	protein refolding	GO:BP					0.38864	28.0	4.0	3.15					0	1		False	True	False	False	False	False
GO:0042178	xenobiotic catabolic process	GO:BP					0.38864	28.0	4.0	3.15					0	1		False	True	False	False	False	False
GO:0043032	positive regulation of macrophage activation	GO:BP					0.38864	28.0	4.0	3.15					0	1		False	True	False	False	False	False
GO:0046337	phosphatidylethanolamine metabolic process	GO:BP					0.38864	28.0	4.0	3.15					0	1		False	True	False	False	False	False
GO:0008016	regulation of heart contraction	GO:BP					0.39246	196.0	30.0	22.06					0	1		False	True	False	False	False	False
GO:0098739	import across plasma membrane	GO:BP					0.39298	263.0	36.0	29.61					0	1		False	True	False	False	False	False
GO:0080090	regulation of primary metabolic process	GO:BP					0.39305	4878.0	493.0	549.14					0	1		False	True	False	False	False	False
GO:0035924	cellular response to vascular endothelial growth factor stimulus	GO:BP					0.39453	72.0	10.0	8.11					0	1		False	True	False	False	False	False
GO:0006270	DNA replication initiation	GO:BP					0.39463	39.0	6.0	4.39					0	1		False	True	False	False	False	False
GO:0017121	plasma membrane phospholipid scrambling	GO:BP					0.39463	30.0	5.0	3.38					0	1		False	True	False	False	False	False
GO:1901264	carbohydrate derivative transport	GO:BP					0.39473	92.0	14.0	10.36					0	1		False	True	False	False	False	False
GO:0000423	mitophagy	GO:BP					0.39484	94.0	14.0	10.58					0	1		False	True	False	False	False	False
GO:0000028	ribosomal small subunit assembly	GO:BP					0.39492	20.0	3.0	2.25					0	1		False	True	False	False	False	False
GO:0003382	epithelial cell morphogenesis	GO:BP					0.39492	20.0	3.0	2.25					0	1		False	True	False	False	False	False
GO:0007141	male meiosis I	GO:BP					0.39492	20.0	3.0	2.25					0	1		False	True	False	False	False	False
GO:0010759	positive regulation of macrophage chemotaxis	GO:BP					0.39492	20.0	3.0	2.25					0	1		False	True	False	False	False	False
GO:0032091	negative regulation of protein binding	GO:BP					0.39492	20.0	3.0	2.25					0	1		False	True	False	False	False	False
GO:0032891	negative regulation of organic acid transport	GO:BP					0.39492	20.0	3.0	2.25					0	1		False	True	False	False	False	False
GO:0050855	regulation of B cell receptor signaling pathway	GO:BP					0.39492	20.0	3.0	2.25					0	1		False	True	False	False	False	False
GO:0061003	positive regulation of dendritic spine morphogenesis	GO:BP					0.39492	20.0	3.0	2.25					0	1		False	True	False	False	False	False
GO:1901380	negative regulation of potassium ion transmembrane transport	GO:BP					0.39492	20.0	3.0	2.25					0	1		False	True	False	False	False	False
GO:1901569	fatty acid derivative catabolic process	GO:BP					0.39492	20.0	3.0	2.25					0	1		False	True	False	False	False	False
GO:1902430	negative regulation of amyloid-beta formation	GO:BP					0.39492	20.0	3.0	2.25					0	1		False	True	False	False	False	False
GO:1903830	magnesium ion transmembrane transport	GO:BP					0.39492	20.0	3.0	2.25					0	1		False	True	False	False	False	False
GO:0003014	renal system process	GO:BP					0.39497	119.0	14.0	13.4					0	1		False	True	False	False	False	False
GO:0045428	regulation of nitric oxide biosynthetic process	GO:BP					0.3955	53.0	5.0	5.97					0	1		False	True	False	False	False	False
GO:0006259	DNA metabolic process	GO:BP					0.39558	983.0	95.0	110.66					0	1		False	True	False	False	False	False
GO:0033627	cell adhesion mediated by integrin	GO:BP					0.39586	80.0	7.0	9.01					0	1		False	True	False	False	False	False
GO:0071364	cellular response to epidermal growth factor stimulus	GO:BP					0.39609	45.0	6.0	5.07					0	1		False	True	False	False	False	False
GO:0006261	DNA-templated DNA replication	GO:BP					0.3961	166.0	16.0	18.69					0	1		False	True	False	False	False	False
GO:0038202	TORC1 signaling	GO:BP					0.39619	110.0	21.0	12.38					0	1		False	True	False	False	False	False
GO:0002218	activation of innate immune response	GO:BP					0.39672	315.0	31.0	35.46					0	1		False	True	False	False	False	False
GO:0048638	regulation of developmental growth	GO:BP					0.39703	209.0	29.0	23.53					0	1		False	True	False	False	False	False
GO:0060259	regulation of feeding behavior	GO:BP					0.39772	36.0	7.0	4.05					0	1		False	True	False	False	False	False
GO:0060292	long-term synaptic depression	GO:BP					0.39799	27.0	5.0	3.04					0	1		False	True	False	False	False	False
GO:1900027	regulation of ruffle assembly	GO:BP					0.39799	27.0	5.0	3.04					0	1		False	True	False	False	False	False
GO:0097192	extrinsic apoptotic signaling pathway in absence of ligand	GO:BP					0.39817	42.0	6.0	4.73					0	1		False	True	False	False	False	False
GO:0006167	AMP biosynthetic process	GO:BP					0.39834	12.0	2.0	1.35					0	1		False	True	False	False	False	False
GO:0006448	regulation of translational elongation	GO:BP					0.39834	12.0	2.0	1.35					0	1		False	True	False	False	False	False
GO:0006863	purine nucleobase transport	GO:BP					0.39834	12.0	2.0	1.35					0	1		False	True	False	False	False	False
GO:0007567	parturition	GO:BP					0.39834	12.0	2.0	1.35					0	1		False	True	False	False	False	False
GO:0008356	asymmetric cell division	GO:BP					0.39834	12.0	2.0	1.35					0	1		False	True	False	False	False	False
GO:0010820	positive regulation of T cell chemotaxis	GO:BP					0.39834	12.0	2.0	1.35					0	1		False	True	False	False	False	False
GO:0014842	regulation of skeletal muscle satellite cell proliferation	GO:BP					0.39834	12.0	2.0	1.35					0	1		False	True	False	False	False	False
GO:0016322	neuron remodeling	GO:BP					0.39834	12.0	2.0	1.35					0	1		False	True	False	False	False	False
GO:0019336	phenol-containing compound catabolic process	GO:BP					0.39834	12.0	2.0	1.35					0	1		False	True	False	False	False	False
GO:0030200	heparan sulfate proteoglycan catabolic process	GO:BP					0.39834	12.0	2.0	1.35					0	1		False	True	False	False	False	False
GO:0032688	negative regulation of interferon-beta production	GO:BP					0.39834	12.0	2.0	1.35					0	1		False	True	False	False	False	False
GO:0034085	establishment of sister chromatid cohesion	GO:BP					0.39834	12.0	2.0	1.35					0	1		False	True	False	False	False	False
GO:0034105	positive regulation of tissue remodeling	GO:BP					0.39834	12.0	2.0	1.35					0	1		False	True	False	False	False	False
GO:0036152	phosphatidylethanolamine acyl-chain remodeling	GO:BP					0.39834	12.0	2.0	1.35					0	1		False	True	False	False	False	False
GO:0042045	epithelial fluid transport	GO:BP					0.39834	12.0	2.0	1.35					0	1		False	True	False	False	False	False
GO:0042921	nuclear receptor-mediated glucocorticoid signaling pathway	GO:BP					0.39834	12.0	2.0	1.35					0	1		False	True	False	False	False	False
GO:0043306	positive regulation of mast cell degranulation	GO:BP					0.39834	12.0	2.0	1.35					0	1		False	True	False	False	False	False
GO:0044849	estrous cycle	GO:BP					0.39834	12.0	2.0	1.35					0	1		False	True	False	False	False	False
GO:0051341	regulation of oxidoreductase activity	GO:BP					0.39834	12.0	2.0	1.35					0	1		False	True	False	False	False	False
GO:0051645	Golgi localization	GO:BP					0.39834	12.0	2.0	1.35					0	1		False	True	False	False	False	False
GO:0051956	negative regulation of amino acid transport	GO:BP					0.39834	12.0	2.0	1.35					0	1		False	True	False	False	False	False
GO:0060008	Sertoli cell differentiation	GO:BP					0.39834	12.0	2.0	1.35					0	1		False	True	False	False	False	False
GO:0070344	regulation of fat cell proliferation	GO:BP					0.39834	12.0	2.0	1.35					0	1		False	True	False	False	False	False
GO:0070365	hepatocyte differentiation	GO:BP					0.39834	12.0	2.0	1.35					0	1		False	True	False	False	False	False
GO:0070934	CRD-mediated mRNA stabilization	GO:BP					0.39834	12.0	2.0	1.35					0	1		False	True	False	False	False	False
GO:0071233	cellular response to L-leucine	GO:BP					0.39834	12.0	2.0	1.35					0	1		False	True	False	False	False	False
GO:0071492	cellular response to UV-A	GO:BP					0.39834	12.0	2.0	1.35					0	1		False	True	False	False	False	False
GO:0098880	maintenance of postsynaptic specialization structure	GO:BP					0.39834	12.0	2.0	1.35					0	1		False	True	False	False	False	False
GO:0141212	phospholipase C/protein kinase C signal transduction	GO:BP					0.39834	12.0	2.0	1.35					0	1		False	True	False	False	False	False
GO:1900038	negative regulation of cellular response to hypoxia	GO:BP					0.39834	12.0	2.0	1.35					0	1		False	True	False	False	False	False
GO:1903911	positive regulation of receptor clustering	GO:BP					0.39834	12.0	2.0	1.35					0	1		False	True	False	False	False	False
GO:1904779	regulation of protein localization to centrosome	GO:BP					0.39834	12.0	2.0	1.35					0	1		False	True	False	False	False	False
GO:1904872	regulation of telomerase RNA localization to Cajal body	GO:BP					0.39834	12.0	2.0	1.35					0	1		False	True	False	False	False	False
GO:1905383	protein localization to presynapse	GO:BP					0.39834	12.0	2.0	1.35					0	1		False	True	False	False	False	False
GO:1990253	cellular response to leucine starvation	GO:BP					0.39834	12.0	2.0	1.35					0	1		False	True	False	False	False	False
GO:1990535	neuron projection maintenance	GO:BP					0.39834	12.0	2.0	1.35					0	1		False	True	False	False	False	False
GO:2000774	positive regulation of cellular senescence	GO:BP					0.39834	12.0	2.0	1.35					0	1		False	True	False	False	False	False
GO:2001198	regulation of dendritic cell differentiation	GO:BP					0.39834	12.0	2.0	1.35					0	1		False	True	False	False	False	False
GO:1905330	regulation of morphogenesis of an epithelium	GO:BP					0.39836	48.0	6.0	5.4					0	1		False	True	False	False	False	False
GO:0090183	regulation of kidney development	GO:BP					0.39838	31.0	4.0	3.49					0	1		False	True	False	False	False	False
GO:0097623	potassium ion export across plasma membrane	GO:BP					0.39841	23.0	3.0	2.59					0	1		False	True	False	False	False	False
GO:0051132	NK T cell activation	GO:BP					0.39844	24.0	3.0	2.7					0	1		False	True	False	False	False	False
GO:0002478	antigen processing and presentation of exogenous peptide antigen	GO:BP					0.39856	37.0	4.0	4.17					0	1		False	True	False	False	False	False
GO:0046825	regulation of protein export from nucleus	GO:BP					0.39862	30.0	3.0	3.38					0	1		False	True	False	False	False	False
GO:0010469	regulation of signaling receptor activity	GO:BP					0.39871	42.0	4.0	4.73					0	1		False	True	False	False	False	False
GO:0006913	nucleocytoplasmic transport	GO:BP					0.39876	292.0	32.0	32.87					0	1		False	True	False	False	False	False
GO:0030162	regulation of proteolysis	GO:BP					0.3998	140.0	11.0	15.76					0	1		False	True	False	False	False	False
GO:0009306	protein secretion	GO:BP					0.40079	311.0	47.0	35.01					0	1		False	True	False	False	False	False
GO:0002696	positive regulation of leukocyte activation	GO:BP					0.40083	315.0	27.0	35.46					0	1		False	True	False	False	False	False
GO:0030168	platelet activation	GO:BP					0.40601	124.0	13.0	13.96					0	1		False	True	False	False	False	False
GO:0032355	response to estradiol	GO:BP					0.4067	105.0	12.0	11.82					0	1		False	True	False	False	False	False
GO:1902532	negative regulation of intracellular signal transduction	GO:BP					0.41221	703.0	87.0	79.14					0	1		False	True	False	False	False	False
GO:0043491	phosphatidylinositol 3-kinase/protein kinase B signal transduction	GO:BP					0.4123	277.0	39.0	31.18					0	1		False	True	False	False	False	False
GO:0021510	spinal cord development	GO:BP					0.41434	54.0	9.0	6.08					0	1		False	True	False	False	False	False
GO:0018193	peptidyl-amino acid modification	GO:BP					0.4148	384.0	45.0	43.23					0	1		False	True	False	False	False	False
GO:0030513	positive regulation of BMP signaling pathway	GO:BP					0.41524	29.0	4.0	3.26					0	1		False	True	False	False	False	False
GO:0030857	negative regulation of epithelial cell differentiation	GO:BP					0.41524	29.0	4.0	3.26					0	1		False	True	False	False	False	False
GO:0034315	regulation of Arp2/3 complex-mediated actin nucleation	GO:BP					0.41524	29.0	4.0	3.26					0	1		False	True	False	False	False	False
GO:0051281	positive regulation of release of sequestered calcium ion into cytosol	GO:BP					0.41524	29.0	4.0	3.26					0	1		False	True	False	False	False	False
GO:0051781	positive regulation of cell division	GO:BP					0.41538	88.0	14.0	9.91					0	1		False	True	False	False	False	False
GO:0001933	negative regulation of protein phosphorylation	GO:BP					0.41546	105.0	12.0	11.82					0	1		False	True	False	False	False	False
GO:0006644	phospholipid metabolic process	GO:BP					0.42132	381.0	58.0	42.89					0	1		False	True	False	False	False	False
GO:0060326	cell chemotaxis	GO:BP					0.42396	278.0	36.0	31.3					0	1		False	True	False	False	False	False
GO:0007420	brain development	GO:BP					0.42489	516.0	80.0	58.09					0	1		False	True	False	False	False	False
GO:1902475	L-alpha-amino acid transmembrane transport	GO:BP					0.42549	66.0	11.0	7.43					0	1		False	True	False	False	False	False
GO:0045776	negative regulation of blood pressure	GO:BP					0.42579	38.0	7.0	4.28					0	1		False	True	False	False	False	False
GO:1901524	regulation of mitophagy	GO:BP					0.42611	46.0	7.0	5.18					0	1		False	True	False	False	False	False
GO:0038084	vascular endothelial growth factor signaling pathway	GO:BP					0.42627	50.0	7.0	5.63					0	1		False	True	False	False	False	False
GO:0010762	regulation of fibroblast migration	GO:BP					0.42638	35.0	5.0	3.94					0	1		False	True	False	False	False	False
GO:0022898	regulation of transmembrane transporter activity	GO:BP					0.42647	73.0	9.0	8.22					0	1		False	True	False	False	False	False
GO:0000729	DNA double-strand break processing	GO:BP					0.42653	21.0	3.0	2.36					0	1		False	True	False	False	False	False
GO:0002223	stimulatory C-type lectin receptor signaling pathway	GO:BP					0.42653	21.0	3.0	2.36					0	1		False	True	False	False	False	False
GO:0006525	arginine metabolic process	GO:BP					0.42653	21.0	3.0	2.36					0	1		False	True	False	False	False	False
GO:0014912	negative regulation of smooth muscle cell migration	GO:BP					0.42653	21.0	3.0	2.36					0	1		False	True	False	False	False	False
GO:0033962	P-body assembly	GO:BP					0.42653	21.0	3.0	2.36					0	1		False	True	False	False	False	False
GO:0045056	transcytosis	GO:BP					0.42653	21.0	3.0	2.36					0	1		False	True	False	False	False	False
GO:0048806	genitalia development	GO:BP					0.42653	21.0	3.0	2.36					0	1		False	True	False	False	False	False
GO:0071474	cellular hyperosmotic response	GO:BP					0.42653	21.0	3.0	2.36					0	1		False	True	False	False	False	False
GO:0071480	cellular response to gamma radiation	GO:BP					0.42653	21.0	3.0	2.36					0	1		False	True	False	False	False	False
GO:0090630	activation of GTPase activity	GO:BP					0.42653	21.0	3.0	2.36					0	1		False	True	False	False	False	False
GO:0170044	non-proteinogenic amino acid catabolic process	GO:BP					0.42653	21.0	3.0	2.36					0	1		False	True	False	False	False	False
GO:2000773	negative regulation of cellular senescence	GO:BP					0.42653	21.0	3.0	2.36					0	1		False	True	False	False	False	False
GO:0021536	diencephalon development	GO:BP					0.42657	40.0	5.0	4.5					0	1		False	True	False	False	False	False
GO:0061462	protein localization to lysosome	GO:BP					0.42658	49.0	6.0	5.52					0	1		False	True	False	False	False	False
GO:0032984	protein-containing complex disassembly	GO:BP					0.42668	247.0	28.0	27.81					0	1		False	True	False	False	False	False
GO:2000573	positive regulation of DNA biosynthetic process	GO:BP					0.42673	44.0	5.0	4.95					0	1		False	True	False	False	False	False
GO:0098708	D-glucose import across plasma membrane	GO:BP					0.42713	63.0	6.0	7.09					0	1		False	True	False	False	False	False
GO:0099171	presynaptic modulation of chemical synaptic transmission	GO:BP					0.4284	38.0	5.0	4.28					0	1		False	True	False	False	False	False
GO:0051050	positive regulation of transport	GO:BP					0.43099	787.0	117.0	88.6					0	1		False	True	False	False	False	False
GO:0048513	animal organ development	GO:BP					0.43369	2179.0	263.0	245.3					0	1		False	True	False	False	False	False
GO:0120031	plasma membrane bounded cell projection assembly	GO:BP					0.43494	557.0	78.0	62.7					0	1		False	True	False	False	False	False
GO:0170033	L-amino acid metabolic process	GO:BP					0.43624	159.0	29.0	17.9					0	1		False	True	False	False	False	False
GO:0006090	pyruvate metabolic process	GO:BP					0.43667	110.0	22.0	12.38					0	1		False	True	False	False	False	False
GO:1901292	nucleoside phosphate catabolic process	GO:BP					0.43672	174.0	29.0	19.59					0	1		False	True	False	False	False	False
GO:0060429	epithelium development	GO:BP					0.43699	807.0	99.0	90.85					0	1		False	True	False	False	False	False
GO:0010001	glial cell differentiation	GO:BP					0.43769	160.0	24.0	18.01					0	1		False	True	False	False	False	False
GO:0062197	cellular response to chemical stress	GO:BP					0.4378	288.0	38.0	32.42					0	1		False	True	False	False	False	False
GO:1902115	regulation of organelle assembly	GO:BP					0.43803	224.0	30.0	25.22					0	1		False	True	False	False	False	False
GO:0046839	phospholipid dephosphorylation	GO:BP					0.43809	39.0	9.0	4.39					0	1		False	True	False	False	False	False
GO:0030516	regulation of axon extension	GO:BP					0.43813	67.0	12.0	7.54					0	1		False	True	False	False	False	False
GO:0005996	monosaccharide metabolic process	GO:BP					0.43856	214.0	27.0	24.09					0	1		False	True	False	False	False	False
GO:0007035	vacuolar acidification	GO:BP					0.43887	37.0	6.0	4.17					0	1		False	True	False	False	False	False
GO:0032098	regulation of appetite	GO:BP					0.43887	28.0	5.0	3.15					0	1		False	True	False	False	False	False
GO:0045540	regulation of cholesterol biosynthetic process	GO:BP					0.43887	28.0	5.0	3.15					0	1		False	True	False	False	False	False
GO:0000578	embryonic axis specification	GO:BP					0.4389	29.0	5.0	3.26					0	1		False	True	False	False	False	False
GO:0097107	postsynaptic density assembly	GO:BP					0.4389	29.0	5.0	3.26					0	1		False	True	False	False	False	False
GO:0045936	negative regulation of phosphate metabolic process	GO:BP					0.43892	154.0	19.0	17.34					0	1		False	True	False	False	False	False
GO:1901526	positive regulation of mitophagy	GO:BP					0.43899	23.0	4.0	2.59					0	1		False	True	False	False	False	False
GO:0043393	regulation of protein binding	GO:BP					0.43903	33.0	5.0	3.71					0	1		False	True	False	False	False	False
GO:0045912	negative regulation of carbohydrate metabolic process	GO:BP					0.43906	43.0	6.0	4.84					0	1		False	True	False	False	False	False
GO:0048008	platelet-derived growth factor receptor signaling pathway	GO:BP					0.4391	44.0	6.0	4.95					0	1		False	True	False	False	False	False
GO:1902808	positive regulation of cell cycle G1/S phase transition	GO:BP					0.4391	53.0	7.0	5.97					0	1		False	True	False	False	False	False
GO:0045687	positive regulation of glial cell differentiation	GO:BP					0.43915	28.0	4.0	3.15					0	1		False	True	False	False	False	False
GO:0002063	chondrocyte development	GO:BP					0.43924	13.0	2.0	1.46					0	1		False	True	False	False	False	False
GO:0006104	succinyl-CoA metabolic process	GO:BP					0.43924	13.0	2.0	1.46					0	1		False	True	False	False	False	False
GO:0006122	mitochondrial electron transport, ubiquinol to cytochrome c	GO:BP					0.43924	13.0	2.0	1.46					0	1		False	True	False	False	False	False
GO:0006686	sphingomyelin biosynthetic process	GO:BP					0.43924	13.0	2.0	1.46					0	1		False	True	False	False	False	False
GO:0007398	ectoderm development	GO:BP					0.43924	13.0	2.0	1.46					0	1		False	True	False	False	False	False
GO:0009143	nucleoside triphosphate catabolic process	GO:BP					0.43924	13.0	2.0	1.46					0	1		False	True	False	False	False	False
GO:0010896	regulation of triglyceride catabolic process	GO:BP					0.43924	13.0	2.0	1.46					0	1		False	True	False	False	False	False
GO:0010992	ubiquitin recycling	GO:BP					0.43924	13.0	2.0	1.46					0	1		False	True	False	False	False	False
GO:0014029	neural crest formation	GO:BP					0.43924	13.0	2.0	1.46					0	1		False	True	False	False	False	False
GO:0030502	negative regulation of bone mineralization	GO:BP					0.43924	13.0	2.0	1.46					0	1		False	True	False	False	False	False
GO:0030836	positive regulation of actin filament depolymerization	GO:BP					0.43924	13.0	2.0	1.46					0	1		False	True	False	False	False	False
GO:0030949	positive regulation of vascular endothelial growth factor receptor signaling pathway	GO:BP					0.43924	13.0	2.0	1.46					0	1		False	True	False	False	False	False
GO:0031665	negative regulation of lipopolysaccharide-mediated signaling pathway	GO:BP					0.43924	13.0	2.0	1.46					0	1		False	True	False	False	False	False
GO:0033189	response to vitamin A	GO:BP					0.43924	13.0	2.0	1.46					0	1		False	True	False	False	False	False
GO:0033235	positive regulation of protein sumoylation	GO:BP					0.43924	13.0	2.0	1.46					0	1		False	True	False	False	False	False
GO:0042373	vitamin K metabolic process	GO:BP					0.43924	13.0	2.0	1.46					0	1		False	True	False	False	False	False
GO:0042761	very long-chain fatty acid biosynthetic process	GO:BP					0.43924	13.0	2.0	1.46					0	1		False	True	False	False	False	False
GO:0043922	host-mediated suppression of viral transcription	GO:BP					0.43924	13.0	2.0	1.46					0	1		False	True	False	False	False	False
GO:0044027	negative regulation of gene expression via chromosomal CpG island methylation	GO:BP					0.43924	13.0	2.0	1.46					0	1		False	True	False	False	False	False
GO:0046716	muscle cell cellular homeostasis	GO:BP					0.43924	13.0	2.0	1.46					0	1		False	True	False	False	False	False
GO:0048388	endosomal lumen acidification	GO:BP					0.43924	13.0	2.0	1.46					0	1		False	True	False	False	False	False
GO:0050872	white fat cell differentiation	GO:BP					0.43924	13.0	2.0	1.46					0	1		False	True	False	False	False	False
GO:0051639	actin filament network formation	GO:BP					0.43924	13.0	2.0	1.46					0	1		False	True	False	False	False	False
GO:0060122	inner ear receptor cell stereocilium organization	GO:BP					0.43924	13.0	2.0	1.46					0	1		False	True	False	False	False	False
GO:0060213	positive regulation of nuclear-transcribed mRNA poly(A) tail shortening	GO:BP					0.43924	13.0	2.0	1.46					0	1		False	True	False	False	False	False
GO:0061635	regulation of protein complex stability	GO:BP					0.43924	13.0	2.0	1.46					0	1		False	True	False	False	False	False
GO:0072224	metanephric glomerulus development	GO:BP					0.43924	13.0	2.0	1.46					0	1		False	True	False	False	False	False
GO:0090091	positive regulation of extracellular matrix disassembly	GO:BP					0.43924	13.0	2.0	1.46					0	1		False	True	False	False	False	False
GO:0090399	replicative senescence	GO:BP					0.43924	13.0	2.0	1.46					0	1		False	True	False	False	False	False
GO:1900153	positive regulation of nuclear-transcribed mRNA catabolic process, deadenylation-dependent decay	GO:BP					0.43924	13.0	2.0	1.46					0	1		False	True	False	False	False	False
GO:1900747	negative regulation of vascular endothelial growth factor signaling pathway	GO:BP					0.43924	13.0	2.0	1.46					0	1		False	True	False	False	False	False
GO:1900748	positive regulation of vascular endothelial growth factor signaling pathway	GO:BP					0.43924	13.0	2.0	1.46					0	1		False	True	False	False	False	False
GO:1901020	negative regulation of calcium ion transmembrane transporter activity	GO:BP					0.43924	13.0	2.0	1.46					0	1		False	True	False	False	False	False
GO:1902950	regulation of dendritic spine maintenance	GO:BP					0.43924	13.0	2.0	1.46					0	1		False	True	False	False	False	False
GO:1903490	positive regulation of mitotic cytokinesis	GO:BP					0.43924	13.0	2.0	1.46					0	1		False	True	False	False	False	False
GO:1903671	negative regulation of sprouting angiogenesis	GO:BP					0.43924	13.0	2.0	1.46					0	1		False	True	False	False	False	False
GO:1903798	regulation of miRNA processing	GO:BP					0.43924	13.0	2.0	1.46					0	1		False	True	False	False	False	False
GO:1904152	regulation of retrograde protein transport, ER to cytosol	GO:BP					0.43924	13.0	2.0	1.46					0	1		False	True	False	False	False	False
GO:1904749	regulation of protein localization to nucleolus	GO:BP					0.43924	13.0	2.0	1.46					0	1		False	True	False	False	False	False
GO:2000320	negative regulation of T-helper 17 cell differentiation	GO:BP					0.43924	13.0	2.0	1.46					0	1		False	True	False	False	False	False
GO:2001214	positive regulation of vasculogenesis	GO:BP					0.43924	13.0	2.0	1.46					0	1		False	True	False	False	False	False
GO:0006623	protein targeting to vacuole	GO:BP					0.43928	41.0	5.0	4.62					0	1		False	True	False	False	False	False
GO:0043409	negative regulation of MAPK cascade	GO:BP					0.43928	150.0	15.0	16.89					0	1		False	True	False	False	False	False
GO:0045048	protein insertion into ER membrane	GO:BP					0.43928	32.0	4.0	3.6					0	1		False	True	False	False	False	False
GO:0002407	dendritic cell chemotaxis	GO:BP					0.43931	24.0	3.0	2.7					0	1		False	True	False	False	False	False
GO:0006896	Golgi to vacuole transport	GO:BP					0.43934	25.0	3.0	2.81					0	1		False	True	False	False	False	False
GO:0030239	myofibril assembly	GO:BP					0.43976	65.0	6.0	7.32					0	1		False	True	False	False	False	False
GO:0044788	host-mediated perturbation of viral process	GO:BP					0.43977	74.0	7.0	8.33					0	1		False	True	False	False	False	False
GO:0050714	positive regulation of protein secretion	GO:BP					0.44067	135.0	24.0	15.2					0	1		False	True	False	False	False	False
GO:0140467	integrated stress response signaling	GO:BP					0.44139	53.0	7.0	5.97					0	1		False	True	False	False	False	False
GO:0031116	positive regulation of microtubule polymerization	GO:BP					0.44156	30.0	4.0	3.38					0	1		False	True	False	False	False	False
GO:0042531	positive regulation of tyrosine phosphorylation of STAT protein	GO:BP					0.44156	30.0	4.0	3.38					0	1		False	True	False	False	False	False
GO:0001568	blood vessel development	GO:BP					0.44166	602.0	60.0	67.77					0	1		False	True	False	False	False	False
GO:0032481	positive regulation of type I interferon production	GO:BP					0.44178	79.0	9.0	8.89					0	1		False	True	False	False	False	False
GO:0043524	negative regulation of neuron apoptotic process	GO:BP					0.44198	122.0	16.0	13.73					0	1		False	True	False	False	False	False
GO:1901796	regulation of signal transduction by p53 class mediator	GO:BP					0.4424	110.0	11.0	12.38					0	1		False	True	False	False	False	False
GO:0051898	negative regulation of phosphatidylinositol 3-kinase/protein kinase B signal transduction	GO:BP					0.44529	56.0	7.0	6.3					0	1		False	True	False	False	False	False
GO:1901888	regulation of cell junction assembly	GO:BP					0.44702	262.0	44.0	29.49					0	1		False	True	False	False	False	False
GO:0016482	cytosolic transport	GO:BP					0.44742	138.0	28.0	15.54					0	1		False	True	False	False	False	False
GO:0009191	ribonucleoside diphosphate catabolic process	GO:BP					0.44795	92.0	20.0	10.36					0	1		False	True	False	False	False	False
GO:0045937	positive regulation of phosphate metabolic process	GO:BP					0.44811	296.0	42.0	33.32					0	1		False	True	False	False	False	False
GO:0009308	amine metabolic process	GO:BP					0.44822	78.0	17.0	8.78					0	1		False	True	False	False	False	False
GO:0090174	organelle membrane fusion	GO:BP					0.44823	132.0	23.0	14.86					0	1		False	True	False	False	False	False
GO:0019364	pyridine nucleotide catabolic process	GO:BP					0.44843	88.0	17.0	9.91					0	1		False	True	False	False	False	False
GO:0008219	cell death	GO:BP					0.44847	1730.0	201.0	194.75					0	1		False	True	False	False	False	False
GO:0006885	regulation of pH	GO:BP					0.44851	101.0	18.0	11.37					0	1		False	True	False	False	False	False
GO:0097553	calcium ion transmembrane import into cytosol	GO:BP					0.44884	170.0	24.0	19.14					0	1		False	True	False	False	False	False
GO:0006007	glucose catabolic process	GO:BP					0.44895	24.0	7.0	2.7					0	1		False	True	False	False	False	False
GO:0019083	viral transcription	GO:BP					0.44897	25.0	7.0	2.81					0	1		False	True	False	False	False	False
GO:0044090	positive regulation of vacuole organization	GO:BP					0.44899	26.0	7.0	2.93					0	1		False	True	False	False	False	False
GO:1904376	negative regulation of protein localization to cell periphery	GO:BP					0.44899	35.0	8.0	3.94					0	1		False	True	False	False	False	False
GO:0097035	regulation of membrane lipid distribution	GO:BP					0.44906	65.0	11.0	7.32					0	1		False	True	False	False	False	False
GO:0050857	positive regulation of antigen receptor-mediated signaling pathway	GO:BP					0.44909	22.0	6.0	2.48					0	1		False	True	False	False	False	False
GO:0032232	negative regulation of actin filament bundle assembly	GO:BP					0.44912	32.0	7.0	3.6					0	1		False	True	False	False	False	False
GO:0046485	ether lipid metabolic process	GO:BP					0.44912	23.0	6.0	2.59					0	1		False	True	False	False	False	False
GO:0060996	dendritic spine development	GO:BP					0.44913	86.0	13.0	9.68					0	1		False	True	False	False	False	False
GO:0090313	regulation of protein targeting to membrane	GO:BP					0.44924	29.0	6.0	3.26					0	1		False	True	False	False	False	False
GO:0006999	nuclear pore organization	GO:BP					0.44932	15.0	4.0	1.69					0	1		False	True	False	False	False	False
GO:0042278	purine nucleoside metabolic process	GO:BP					0.44932	24.0	5.0	2.7					0	1		False	True	False	False	False	False
GO:0003176	aortic valve development	GO:BP					0.44935	43.0	7.0	4.84					0	1		False	True	False	False	False	False
GO:0099623	regulation of cardiac muscle cell membrane repolarization	GO:BP					0.44936	26.0	5.0	2.93					0	1		False	True	False	False	False	False
GO:0071071	regulation of phospholipid biosynthetic process	GO:BP					0.4494	19.0	4.0	2.14					0	1		False	True	False	False	False	False
GO:1903727	positive regulation of phospholipid metabolic process	GO:BP					0.4494	19.0	4.0	2.14					0	1		False	True	False	False	False	False
GO:0036315	cellular response to sterol	GO:BP					0.44942	20.0	4.0	2.25					0	1		False	True	False	False	False	False
GO:1905874	regulation of postsynaptic density organization	GO:BP					0.44944	21.0	4.0	2.36					0	1		False	True	False	False	False	False
GO:1902175	regulation of oxidative stress-induced intrinsic apoptotic signaling pathway	GO:BP					0.44947	40.0	6.0	4.5					0	1		False	True	False	False	False	False
GO:0014048	regulation of glutamate secretion	GO:BP					0.4495	15.0	3.0	1.69					0	1		False	True	False	False	False	False
GO:0032925	regulation of activin receptor signaling pathway	GO:BP					0.44951	24.0	4.0	2.7					0	1		False	True	False	False	False	False
GO:0008154	actin polymerization or depolymerization	GO:BP					0.44952	167.0	20.0	18.8					0	1		False	True	False	False	False	False
GO:0051147	regulation of muscle cell differentiation	GO:BP					0.44953	123.0	15.0	13.85					0	1		False	True	False	False	False	False
GO:0097699	vascular endothelial cell response to fluid shear stress	GO:BP					0.44957	27.0	4.0	3.04					0	1		False	True	False	False	False	False
GO:0014909	smooth muscle cell migration	GO:BP					0.4496	64.0	8.0	7.2					0	1		False	True	False	False	False	False
GO:0030947	regulation of vascular endothelial growth factor receptor signaling pathway	GO:BP					0.44961	29.0	4.0	3.26					0	1		False	True	False	False	False	False
GO:0003309	type B pancreatic cell differentiation	GO:BP					0.44963	21.0	3.0	2.36					0	1		False	True	False	False	False	False
GO:0014910	regulation of smooth muscle cell migration	GO:BP					0.44966	58.0	7.0	6.53					0	1		False	True	False	False	False	False
GO:0006740	NADPH regeneration	GO:BP					0.44969	24.0	3.0	2.7					0	1		False	True	False	False	False	False
GO:0060324	face development	GO:BP					0.44969	24.0	3.0	2.7					0	1		False	True	False	False	False	False
GO:0002756	MyD88-independent toll-like receptor signaling pathway	GO:BP					0.44971	16.0	2.0	1.8					0	1		False	True	False	False	False	False
GO:0040001	establishment of mitotic spindle localization	GO:BP					0.44971	34.0	4.0	3.83					0	1		False	True	False	False	False	False
GO:0071895	odontoblast differentiation	GO:BP					0.44971	16.0	2.0	1.8					0	1		False	True	False	False	False	False
GO:1900424	regulation of defense response to bacterium	GO:BP					0.44971	16.0	2.0	1.8					0	1		False	True	False	False	False	False
GO:1903409	reactive oxygen species biosynthetic process	GO:BP					0.44974	53.0	6.0	5.97					0	1		False	True	False	False	False	False
GO:0048021	regulation of melanin biosynthetic process	GO:BP					0.44975	18.0	2.0	2.03					0	1		False	True	False	False	False	False
GO:1990822	basic amino acid transmembrane transport	GO:BP					0.44979	20.0	2.0	2.25					0	1		False	True	False	False	False	False
GO:0009147	pyrimidine nucleoside triphosphate metabolic process	GO:BP					0.44983	22.0	2.0	2.48					0	1		False	True	False	False	False	False
GO:0032465	regulation of cytokinesis	GO:BP					0.44983	89.0	14.0	10.02					0	1		False	True	False	False	False	False
GO:1902108	regulation of mitochondrial membrane permeability involved in apoptotic process	GO:BP					0.44986	32.0	3.0	3.6					0	1		False	True	False	False	False	False
GO:0042168	heme metabolic process	GO:BP					0.44994	45.0	4.0	5.07					0	1		False	True	False	False	False	False
GO:0072595	maintenance of protein localization in organelle	GO:BP					0.44996	37.0	3.0	4.17					0	1		False	True	False	False	False	False
GO:0044091	membrane biogenesis	GO:BP					0.44999	65.0	6.0	7.32					0	1		False	True	False	False	False	False
GO:0030856	regulation of epithelial cell differentiation	GO:BP					0.45003	120.0	12.0	13.51					0	1		False	True	False	False	False	False
GO:0050912	detection of chemical stimulus involved in sensory perception of taste	GO:BP					0.45008	34.0	2.0	3.83					0	1		False	True	False	False	False	False
GO:0008406	gonad development	GO:BP					0.45011	124.0	12.0	13.96					0	1		False	True	False	False	False	False
GO:0046822	regulation of nucleocytoplasmic transport	GO:BP					0.45012	98.0	9.0	11.03					0	1		False	True	False	False	False	False
GO:0046850	regulation of bone remodeling	GO:BP					0.45013	45.0	3.0	5.07					0	1		False	True	False	False	False	False
GO:0009299	mRNA transcription	GO:BP					0.45021	49.0	3.0	5.52					0	1		False	True	False	False	False	False
GO:0010389	regulation of G2/M transition of mitotic cell cycle	GO:BP					0.45027	96.0	8.0	10.81					0	1		False	True	False	False	False	False
GO:0002263	cell activation involved in immune response	GO:BP					0.45055	269.0	26.0	30.28					0	1		False	True	False	False	False	False
GO:0061014	positive regulation of mRNA catabolic process	GO:BP					0.45055	145.0	12.0	16.32					0	1		False	True	False	False	False	False
GO:0051250	negative regulation of lymphocyte activation	GO:BP					0.4509	144.0	10.0	16.21					0	1		False	True	False	False	False	False
GO:0070979	protein K11-linked ubiquitination	GO:BP					0.45144	39.0	5.0	4.39					0	1		False	True	False	False	False	False
GO:0072530	purine-containing compound transmembrane transport	GO:BP					0.45144	39.0	5.0	4.39					0	1		False	True	False	False	False	False
GO:0002684	positive regulation of immune system process	GO:BP					0.45188	1029.0	105.0	115.84					0	1		False	True	False	False	False	False
GO:0045321	leukocyte activation	GO:BP					0.4529	837.0	78.0	94.22					0	1		False	True	False	False	False	False
GO:0070374	positive regulation of ERK1 and ERK2 cascade	GO:BP					0.45504	179.0	21.0	20.15					0	1		False	True	False	False	False	False
GO:0022402	cell cycle process	GO:BP					0.45508	1233.0	112.0	138.8					0	1		False	True	False	False	False	False
GO:0072594	establishment of protein localization to organelle	GO:BP					0.45529	350.0	46.0	39.4					0	1		False	True	False	False	False	False
GO:0046777	protein autophosphorylation	GO:BP					0.45678	109.0	13.0	12.27					0	1		False	True	False	False	False	False
GO:0046475	glycerophospholipid catabolic process	GO:BP					0.45741	37.0	5.0	4.17					0	1		False	True	False	False	False	False
GO:0034389	lipid droplet organization	GO:BP					0.45745	38.0	5.0	4.28					0	1		False	True	False	False	False	False
GO:0016973	poly(A)+ mRNA export from nucleus	GO:BP					0.45752	22.0	3.0	2.48					0	1		False	True	False	False	False	False
GO:0022612	gland morphogenesis	GO:BP					0.45752	22.0	3.0	2.48					0	1		False	True	False	False	False	False
GO:0032469	endoplasmic reticulum calcium ion homeostasis	GO:BP					0.45752	22.0	3.0	2.48					0	1		False	True	False	False	False	False
GO:0042462	eye photoreceptor cell development	GO:BP					0.45752	22.0	3.0	2.48					0	1		False	True	False	False	False	False
GO:0071468	cellular response to acidic pH	GO:BP					0.45752	22.0	3.0	2.48					0	1		False	True	False	False	False	False
GO:0097700	vascular endothelial cell response to laminar fluid shear stress	GO:BP					0.45752	22.0	3.0	2.48					0	1		False	True	False	False	False	False
GO:1900102	negative regulation of endoplasmic reticulum unfolded protein response	GO:BP					0.45752	22.0	3.0	2.48					0	1		False	True	False	False	False	False
GO:1902074	response to salt	GO:BP					0.45752	22.0	3.0	2.48					0	1		False	True	False	False	False	False
GO:1904491	protein localization to ciliary transition zone	GO:BP					0.45752	22.0	3.0	2.48					0	1		False	True	False	False	False	False
GO:0019228	neuronal action potential	GO:BP					0.45757	32.0	4.0	3.6					0	1		False	True	False	False	False	False
GO:0007608	sensory perception of smell	GO:BP					0.45834	246.0	26.0	27.69					0	1		False	True	False	False	False	False
GO:0071709	membrane assembly	GO:BP					0.45835	60.0	5.0	6.75					0	1		False	True	False	False	False	False
GO:0071216	cellular response to biotic stimulus	GO:BP					0.46043	217.0	17.0	24.43					0	1		False	True	False	False	False	False
GO:0009968	negative regulation of signal transduction	GO:BP					0.46374	1283.0	165.0	144.43					0	1		False	True	False	False	False	False
GO:0045165	cell fate commitment	GO:BP					0.46389	184.0	22.0	20.71					0	1		False	True	False	False	False	False
GO:0051241	negative regulation of multicellular organismal process	GO:BP					0.46434	999.0	117.0	112.46					0	1		False	True	False	False	False	False
GO:0009615	response to virus	GO:BP					0.46684	380.0	39.0	42.78					0	1		False	True	False	False	False	False
GO:0003151	outflow tract morphogenesis	GO:BP					0.4673	62.0	8.0	6.98					0	1		False	True	False	False	False	False
GO:0080135	regulation of cellular response to stress	GO:BP					0.46773	506.0	57.0	56.96					0	1		False	True	False	False	False	False
GO:0045893	positive regulation of DNA-templated transcription	GO:BP					0.47017	1588.0	163.0	178.77					0	1		False	True	False	False	False	False
GO:0006468	protein phosphorylation	GO:BP					0.47306	615.0	75.0	69.23					0	1		False	True	False	False	False	False
GO:1900087	positive regulation of G1/S transition of mitotic cell cycle	GO:BP					0.47421	40.0	5.0	4.5					0	1		False	True	False	False	False	False
GO:0045597	positive regulation of cell differentiation	GO:BP					0.47495	728.0	81.0	81.95					0	1		False	True	False	False	False	False
GO:0006520	amino acid metabolic process	GO:BP					0.47587	271.0	40.0	30.51					0	1		False	True	False	False	False	False
GO:0001525	angiogenesis	GO:BP					0.4766	511.0	49.0	57.53					0	1		False	True	False	False	False	False
GO:0034764	positive regulation of transmembrane transport	GO:BP					0.47699	162.0	24.0	18.24					0	1		False	True	False	False	False	False
GO:0030510	regulation of BMP signaling pathway	GO:BP					0.47768	94.0	14.0	10.58					0	1		False	True	False	False	False	False
GO:0099054	presynapse assembly	GO:BP					0.47783	45.0	8.0	5.07					0	1		False	True	False	False	False	False
GO:1904385	cellular response to angiotensin	GO:BP					0.47798	32.0	6.0	3.6					0	1		False	True	False	False	False	False
GO:0007004	telomere maintenance via telomerase	GO:BP					0.47803	60.0	9.0	6.75					0	1		False	True	False	False	False	False
GO:1902176	negative regulation of oxidative stress-induced intrinsic apoptotic signaling pathway	GO:BP					0.47814	28.0	5.0	3.15					0	1		False	True	False	False	False	False
GO:0006672	ceramide metabolic process	GO:BP					0.47821	101.0	13.0	11.37					0	1		False	True	False	False	False	False
GO:0035459	vesicle cargo loading	GO:BP					0.47831	33.0	5.0	3.71					0	1		False	True	False	False	False	False
GO:0006518	peptide metabolic process	GO:BP					0.47845	55.0	7.0	6.19					0	1		False	True	False	False	False	False
GO:0006739	NADP+ metabolic process	GO:BP					0.47847	38.0	5.0	4.28					0	1		False	True	False	False	False	False
GO:1903747	regulation of protein localization to mitochondrion	GO:BP					0.47851	48.0	6.0	5.4					0	1		False	True	False	False	False	False
GO:0001782	B cell homeostasis	GO:BP					0.47856	14.0	2.0	1.58					0	1		False	True	False	False	False	False
GO:0002089	lens morphogenesis in camera-type eye	GO:BP					0.47856	14.0	2.0	1.58					0	1		False	True	False	False	False	False
GO:0002283	neutrophil activation involved in immune response	GO:BP					0.47856	14.0	2.0	1.58					0	1		False	True	False	False	False	False
GO:0002327	immature B cell differentiation	GO:BP					0.47856	14.0	2.0	1.58					0	1		False	True	False	False	False	False
GO:0002503	peptide antigen assembly with MHC class II protein complex	GO:BP					0.47856	14.0	2.0	1.58					0	1		False	True	False	False	False	False
GO:0002830	positive regulation of type 2 immune response	GO:BP					0.47856	14.0	2.0	1.58					0	1		False	True	False	False	False	False
GO:0003084	positive regulation of systemic arterial blood pressure	GO:BP					0.47856	14.0	2.0	1.58					0	1		False	True	False	False	False	False
GO:0006000	fructose metabolic process	GO:BP					0.47856	14.0	2.0	1.58					0	1		False	True	False	False	False	False
GO:0007250	activation of NF-kappaB-inducing kinase activity	GO:BP					0.47856	14.0	2.0	1.58					0	1		False	True	False	False	False	False
GO:0009164	nucleoside catabolic process	GO:BP					0.47856	14.0	2.0	1.58					0	1		False	True	False	False	False	False
GO:0009437	carnitine metabolic process	GO:BP					0.47856	14.0	2.0	1.58					0	1		False	True	False	False	False	False
GO:0010635	regulation of mitochondrial fusion	GO:BP					0.47856	14.0	2.0	1.58					0	1		False	True	False	False	False	False
GO:0010642	negative regulation of platelet-derived growth factor receptor signaling pathway	GO:BP					0.47856	14.0	2.0	1.58					0	1		False	True	False	False	False	False
GO:0010763	positive regulation of fibroblast migration	GO:BP					0.47856	14.0	2.0	1.58					0	1		False	True	False	False	False	False
GO:0010935	regulation of macrophage cytokine production	GO:BP					0.47856	14.0	2.0	1.58					0	1		False	True	False	False	False	False
GO:0010958	regulation of amino acid import across plasma membrane	GO:BP					0.47856	14.0	2.0	1.58					0	1		False	True	False	False	False	False
GO:0015801	aromatic amino acid transport	GO:BP					0.47856	14.0	2.0	1.58					0	1		False	True	False	False	False	False
GO:0030497	fatty acid elongation	GO:BP					0.47856	14.0	2.0	1.58					0	1		False	True	False	False	False	False
GO:0031571	mitotic G1 DNA damage checkpoint signaling	GO:BP					0.47856	14.0	2.0	1.58					0	1		False	True	False	False	False	False
GO:0032754	positive regulation of interleukin-5 production	GO:BP					0.47856	14.0	2.0	1.58					0	1		False	True	False	False	False	False
GO:0034333	adherens junction assembly	GO:BP					0.47856	14.0	2.0	1.58					0	1		False	True	False	False	False	False
GO:0035791	platelet-derived growth factor receptor-beta signaling pathway	GO:BP					0.47856	14.0	2.0	1.58					0	1		False	True	False	False	False	False
GO:0043278	response to morphine	GO:BP					0.47856	14.0	2.0	1.58					0	1		False	True	False	False	False	False
GO:0044314	protein K27-linked ubiquitination	GO:BP					0.47856	14.0	2.0	1.58					0	1		False	True	False	False	False	False
GO:0044342	type B pancreatic cell proliferation	GO:BP					0.47856	14.0	2.0	1.58					0	1		False	True	False	False	False	False
GO:0044857	plasma membrane raft organization	GO:BP					0.47856	14.0	2.0	1.58					0	1		False	True	False	False	False	False
GO:0045064	T-helper 2 cell differentiation	GO:BP					0.47856	14.0	2.0	1.58					0	1		False	True	False	False	False	False
GO:0045725	positive regulation of glycogen biosynthetic process	GO:BP					0.47856	14.0	2.0	1.58					0	1		False	True	False	False	False	False
GO:0045916	negative regulation of complement activation	GO:BP					0.47856	14.0	2.0	1.58					0	1		False	True	False	False	False	False
GO:0046007	negative regulation of activated T cell proliferation	GO:BP					0.47856	14.0	2.0	1.58					0	1		False	True	False	False	False	False
GO:0046462	monoacylglycerol metabolic process	GO:BP					0.47856	14.0	2.0	1.58					0	1		False	True	False	False	False	False
GO:0070207	protein homotrimerization	GO:BP					0.47856	14.0	2.0	1.58					0	1		False	True	False	False	False	False
GO:0070601	centromeric sister chromatid cohesion	GO:BP					0.47856	14.0	2.0	1.58					0	1		False	True	False	False	False	False
GO:0097499	protein localization to non-motile cilium	GO:BP					0.47856	14.0	2.0	1.58					0	1		False	True	False	False	False	False
GO:0099159	regulation of modification of postsynaptic structure	GO:BP					0.47856	14.0	2.0	1.58					0	1		False	True	False	False	False	False
GO:1900044	regulation of protein K63-linked ubiquitination	GO:BP					0.47856	14.0	2.0	1.58					0	1		False	True	False	False	False	False
GO:1901142	insulin metabolic process	GO:BP					0.47856	14.0	2.0	1.58					0	1		False	True	False	False	False	False
GO:1902931	negative regulation of alcohol biosynthetic process	GO:BP					0.47856	14.0	2.0	1.58					0	1		False	True	False	False	False	False
GO:1903975	regulation of glial cell migration	GO:BP					0.47856	14.0	2.0	1.58					0	1		False	True	False	False	False	False
GO:1904353	regulation of telomere capping	GO:BP					0.47856	14.0	2.0	1.58					0	1		False	True	False	False	False	False
GO:0033120	positive regulation of RNA splicing	GO:BP					0.47873	28.0	3.0	3.15					0	1		False	True	False	False	False	False
GO:0032872	regulation of stress-activated MAPK cascade	GO:BP					0.47886	32.0	3.0	3.6					0	1		False	True	False	False	False	False
GO:0032506	cytokinetic process	GO:BP					0.47893	52.0	5.0	5.85					0	1		False	True	False	False	False	False
GO:0045190	isotype switching	GO:BP					0.47902	37.0	3.0	4.17					0	1		False	True	False	False	False	False
GO:0006354	DNA-templated transcription elongation	GO:BP					0.47973	165.0	15.0	18.57					0	1		False	True	False	False	False	False
GO:0006508	proteolysis	GO:BP					0.48388	728.0	78.0	81.95					0	1		False	True	False	False	False	False
GO:0046474	glycerophospholipid biosynthetic process	GO:BP					0.48403	209.0	34.0	23.53					0	1		False	True	False	False	False	False
GO:1903828	negative regulation of protein localization	GO:BP					0.48427	188.0	31.0	21.16					0	1		False	True	False	False	False	False
GO:0032007	negative regulation of TOR signaling	GO:BP					0.48461	71.0	17.0	7.99					0	1		False	True	False	False	False	False
GO:0008360	regulation of cell shape	GO:BP					0.48617	120.0	14.0	13.51					0	1		False	True	False	False	False	False
GO:0035249	synaptic transmission, glutamatergic	GO:BP					0.48655	91.0	14.0	10.24					0	1		False	True	False	False	False	False
GO:0071539	protein localization to centrosome	GO:BP					0.48755	35.0	5.0	3.94					0	1		False	True	False	False	False	False
GO:0097028	dendritic cell differentiation	GO:BP					0.48755	35.0	5.0	3.94					0	1		False	True	False	False	False	False
GO:0003148	outflow tract septum morphogenesis	GO:BP					0.48779	23.0	3.0	2.59					0	1		False	True	False	False	False	False
GO:0009074	aromatic amino acid family catabolic process	GO:BP					0.48779	23.0	3.0	2.59					0	1		False	True	False	False	False	False
GO:0030277	maintenance of gastrointestinal epithelium	GO:BP					0.48779	23.0	3.0	2.59					0	1		False	True	False	False	False	False
GO:0034138	toll-like receptor 3 signaling pathway	GO:BP					0.48779	23.0	3.0	2.59					0	1		False	True	False	False	False	False
GO:0035720	intraciliary anterograde transport	GO:BP					0.48779	23.0	3.0	2.59					0	1		False	True	False	False	False	False
GO:0036499	PERK-mediated unfolded protein response	GO:BP					0.48779	23.0	3.0	2.59					0	1		False	True	False	False	False	False
GO:0043153	entrainment of circadian clock by photoperiod	GO:BP					0.48779	23.0	3.0	2.59					0	1		False	True	False	False	False	False
GO:0051131	chaperone-mediated protein complex assembly	GO:BP					0.48779	23.0	3.0	2.59					0	1		False	True	False	False	False	False
GO:0090200	positive regulation of release of cytochrome c from mitochondria	GO:BP					0.48779	23.0	3.0	2.59					0	1		False	True	False	False	False	False
GO:0007340	acrosome reaction	GO:BP					0.48783	33.0	4.0	3.71					0	1		False	True	False	False	False	False
GO:0031100	animal organ regeneration	GO:BP					0.48813	49.0	5.0	5.52					0	1		False	True	False	False	False	False
GO:0034243	regulation of transcription elongation by RNA polymerase II	GO:BP					0.48844	92.0	9.0	10.36					0	1		False	True	False	False	False	False
GO:1902117	positive regulation of organelle assembly	GO:BP					0.4919	80.0	12.0	9.01					0	1		False	True	False	False	False	False
GO:0022602	ovulation cycle process	GO:BP					0.49302	32.0	4.0	3.6					0	1		False	True	False	False	False	False
GO:2000463	positive regulation of excitatory postsynaptic potential	GO:BP					0.49302	32.0	4.0	3.6					0	1		False	True	False	False	False	False
GO:0042472	inner ear morphogenesis	GO:BP					0.49322	45.0	5.0	5.07					0	1		False	True	False	False	False	False
GO:0007020	microtubule nucleation	GO:BP					0.49352	51.0	5.0	5.74					0	1		False	True	False	False	False	False
GO:0034332	adherens junction organization	GO:BP					0.49647	55.0	7.0	6.19					0	1		False	True	False	False	False	False
GO:0048661	positive regulation of smooth muscle cell proliferation	GO:BP					0.49686	80.0	9.0	9.01					0	1		False	True	False	False	False	False
GO:0034605	cellular response to heat	GO:BP					0.49706	57.0	6.0	6.42					0	1		False	True	False	False	False	False
GO:0045739	positive regulation of DNA repair	GO:BP					0.49723	140.0	15.0	15.76					0	1		False	True	False	False	False	False
GO:0006909	phagocytosis	GO:BP					0.49758	223.0	29.0	25.1					0	1		False	True	False	False	False	False
GO:0046513	ceramide biosynthetic process	GO:BP					0.49831	66.0	10.0	7.43					0	1		False	True	False	False	False	False
GO:0002931	response to ischemia	GO:BP					0.49949	50.0	6.0	5.63					0	1		False	True	False	False	False	False
GO:0006260	DNA replication	GO:BP					0.50055	307.0	33.0	34.56					0	1		False	True	False	False	False	False
GO:0043525	positive regulation of neuron apoptotic process	GO:BP					0.50181	59.0	7.0	6.64					0	1		False	True	False	False	False	False
GO:0008285	negative regulation of cell population proliferation	GO:BP					0.5035	580.0	62.0	65.29					0	1		False	True	False	False	False	False
GO:0043484	regulation of RNA splicing	GO:BP					0.50439	187.0	17.0	21.05					0	1		False	True	False	False	False	False
GO:0070201	regulation of establishment of protein localization	GO:BP					0.50776	431.0	68.0	48.52					0	1		False	True	False	False	False	False
GO:0055080	monoatomic cation homeostasis	GO:BP					0.50833	456.0	68.0	51.33					0	1		False	True	False	False	False	False
GO:0043632	modification-dependent macromolecule catabolic process	GO:BP					0.50881	701.0	93.0	78.91					0	1		False	True	False	False	False	False
GO:0044057	regulation of system process	GO:BP					0.50881	522.0	73.0	58.76					0	1		False	True	False	False	False	False
GO:0060627	regulation of vesicle-mediated transport	GO:BP					0.50933	530.0	82.0	59.66					0	1		False	True	False	False	False	False
GO:0090276	regulation of peptide hormone secretion	GO:BP					0.5095	177.0	31.0	19.93					0	1		False	True	False	False	False	False
GO:0006195	purine nucleotide catabolic process	GO:BP					0.50962	129.0	25.0	14.52					0	1		False	True	False	False	False	False
GO:0015833	peptide transport	GO:BP					0.50977	234.0	36.0	26.34					0	1		False	True	False	False	False	False
GO:0051057	positive regulation of small GTPase mediated signal transduction	GO:BP					0.5099	79.0	18.0	8.89					0	1		False	True	False	False	False	False
GO:0071616	acyl-CoA biosynthetic process	GO:BP					0.51016	55.0	14.0	6.19					0	1		False	True	False	False	False	False
GO:0046031	ADP metabolic process	GO:BP					0.51017	91.0	18.0	10.24					0	1		False	True	False	False	False	False
GO:1902414	protein localization to cell junction	GO:BP					0.51066	113.0	18.0	12.72					0	1		False	True	False	False	False	False
GO:0022604	regulation of cell morphogenesis	GO:BP					0.51081	209.0	28.0	23.53					0	1		False	True	False	False	False	False
GO:0051938	L-glutamate import	GO:BP					0.51088	34.0	8.0	3.83					0	1		False	True	False	False	False	False
GO:0086009	membrane repolarization	GO:BP					0.51088	52.0	10.0	5.85					0	1		False	True	False	False	False	False
GO:1905476	negative regulation of protein localization to membrane	GO:BP					0.51092	36.0	8.0	4.05					0	1		False	True	False	False	False	False
GO:0031630	regulation of synaptic vesicle fusion to presynaptic active zone membrane	GO:BP					0.51099	21.0	6.0	2.36					0	1		False	True	False	False	False	False
GO:0097720	calcineurin-mediated signaling	GO:BP					0.51099	48.0	9.0	5.4					0	1		False	True	False	False	False	False
GO:0035336	long-chain fatty-acyl-CoA metabolic process	GO:BP					0.51107	25.0	6.0	2.81					0	1		False	True	False	False	False	False
GO:0001952	regulation of cell-matrix adhesion	GO:BP					0.51112	116.0	16.0	13.06					0	1		False	True	False	False	False	False
GO:0071379	cellular response to prostaglandin stimulus	GO:BP					0.51114	19.0	5.0	2.14					0	1		False	True	False	False	False	False
GO:1990776	response to angiotensin	GO:BP					0.51116	38.0	7.0	4.28					0	1		False	True	False	False	False	False
GO:0001885	endothelial cell development	GO:BP					0.51126	51.0	8.0	5.74					0	1		False	True	False	False	False	False
GO:0006568	L-tryptophan metabolic process	GO:BP					0.51127	16.0	4.0	1.8					0	1		False	True	False	False	False	False
GO:0002182	cytoplasmic translational elongation	GO:BP					0.5113	44.0	7.0	4.95					0	1		False	True	False	False	False	False
GO:0010574	regulation of vascular endothelial growth factor production	GO:BP					0.51132	36.0	6.0	4.05					0	1		False	True	False	False	False	False
GO:0106070	regulation of adenylate cyclase-activating G protein-coupled receptor signaling pathway	GO:BP					0.51136	20.0	4.0	2.25					0	1		False	True	False	False	False	False
GO:0032095	regulation of response to food	GO:BP					0.51138	21.0	4.0	2.36					0	1		False	True	False	False	False	False
GO:0097398	cellular response to interleukin-17	GO:BP					0.5114	22.0	4.0	2.48					0	1		False	True	False	False	False	False
GO:0043500	muscle adaptation	GO:BP					0.51142	94.0	12.0	10.58					0	1		False	True	False	False	False	False
GO:0033623	regulation of integrin activation	GO:BP					0.51149	17.0	3.0	1.91					0	1		False	True	False	False	False	False
GO:2000846	regulation of corticosteroid hormone secretion	GO:BP					0.51149	17.0	3.0	1.91					0	1		False	True	False	False	False	False
GO:0010447	response to acidic pH	GO:BP					0.51153	28.0	4.0	3.15					0	1		False	True	False	False	False	False
GO:0097062	dendritic spine maintenance	GO:BP					0.51153	19.0	3.0	2.14					0	1		False	True	False	False	False	False
GO:0071774	response to fibroblast growth factor	GO:BP					0.5116	93.0	11.0	10.47					0	1		False	True	False	False	False	False
GO:1900271	regulation of long-term synaptic potentiation	GO:BP					0.5116	40.0	5.0	4.5					0	1		False	True	False	False	False	False
GO:0060964	regulation of miRNA-mediated gene silencing	GO:BP					0.51162	32.0	4.0	3.6					0	1		False	True	False	False	False	False
GO:1905562	regulation of vascular endothelial cell proliferation	GO:BP					0.51162	23.0	3.0	2.59					0	1		False	True	False	False	False	False
GO:0009268	response to pH	GO:BP					0.51163	41.0	5.0	4.62					0	1		False	True	False	False	False	False
GO:0035272	exocrine system development	GO:BP					0.51166	16.0	2.0	1.8					0	1		False	True	False	False	False	False
GO:1901659	glycosyl compound biosynthetic process	GO:BP					0.51167	25.0	3.0	2.81					0	1		False	True	False	False	False	False
GO:0098935	dendritic transport	GO:BP					0.51168	17.0	2.0	1.91					0	1		False	True	False	False	False	False
GO:2000318	positive regulation of T-helper 17 type immune response	GO:BP					0.51168	17.0	2.0	1.91					0	1		False	True	False	False	False	False
GO:0046596	regulation of viral entry into host cell	GO:BP					0.51171	18.0	2.0	2.03					0	1		False	True	False	False	False	False
GO:0034728	nucleosome organization	GO:BP					0.51175	100.0	11.0	11.26					0	1		False	True	False	False	False	False
GO:1903036	positive regulation of response to wounding	GO:BP					0.51183	68.0	7.0	7.66					0	1		False	True	False	False	False	False
GO:0042987	amyloid precursor protein catabolic process	GO:BP					0.51185	60.0	6.0	6.75					0	1		False	True	False	False	False	False
GO:0000271	polysaccharide biosynthetic process	GO:BP					0.51187	52.0	5.0	5.85					0	1		False	True	False	False	False	False
GO:0061005	cell differentiation involved in kidney development	GO:BP					0.51189	44.0	4.0	4.95					0	1		False	True	False	False	False	False
GO:0002065	columnar/cuboidal epithelial cell differentiation	GO:BP					0.51191	54.0	5.0	6.08					0	1		False	True	False	False	False	False
GO:0006023	aminoglycan biosynthetic process	GO:BP					0.51191	36.0	3.0	4.05					0	1		False	True	False	False	False	False
GO:0039529	RIG-I signaling pathway	GO:BP					0.51191	27.0	2.0	3.04					0	1		False	True	False	False	False	False
GO:0030195	negative regulation of blood coagulation	GO:BP					0.51196	47.0	4.0	5.29					0	1		False	True	False	False	False	False
GO:0046636	negative regulation of alpha-beta T cell activation	GO:BP					0.512	40.0	3.0	4.5					0	1		False	True	False	False	False	False
GO:0046640	regulation of alpha-beta T cell proliferation	GO:BP					0.512	31.0	2.0	3.49					0	1		False	True	False	False	False	False
GO:0050730	regulation of peptidyl-tyrosine phosphorylation	GO:BP					0.51225	78.0	6.0	8.78					0	1		False	True	False	False	False	False
GO:0032963	collagen metabolic process	GO:BP					0.51245	96.0	7.0	10.81					0	1		False	True	False	False	False	False
GO:0002237	response to molecule of bacterial origin	GO:BP					0.51261	289.0	28.0	32.53					0	1		False	True	False	False	False	False
GO:0000725	recombinational repair	GO:BP					0.51282	192.0	16.0	21.61					0	1		False	True	False	False	False	False
GO:0000018	regulation of DNA recombination	GO:BP					0.51284	122.0	8.0	13.73					0	1		False	True	False	False	False	False
GO:0032680	regulation of tumor necrosis factor production	GO:BP					0.51307	168.0	12.0	18.91					0	1		False	True	False	False	False	False
GO:1902905	positive regulation of supramolecular fiber organization	GO:BP					0.51402	157.0	25.0	17.67					0	1		False	True	False	False	False	False
GO:0012501	programmed cell death	GO:BP					0.51432	1725.0	200.0	194.19					0	1		False	True	False	False	False	False
GO:0030901	midbrain development	GO:BP					0.5149	76.0	13.0	8.56					0	1		False	True	False	False	False	False
GO:0051503	adenine nucleotide transport	GO:BP					0.51545	39.0	7.0	4.39					0	1		False	True	False	False	False	False
GO:0050996	positive regulation of lipid catabolic process	GO:BP					0.51558	25.0	5.0	2.81					0	1		False	True	False	False	False	False
GO:0048709	oligodendrocyte differentiation	GO:BP					0.51566	72.0	10.0	8.11					0	1		False	True	False	False	False	False
GO:1901799	negative regulation of proteasomal protein catabolic process	GO:BP					0.51566	54.0	8.0	6.08					0	1		False	True	False	False	False	False
GO:0010893	positive regulation of steroid biosynthetic process	GO:BP					0.51575	30.0	5.0	3.38					0	1		False	True	False	False	False	False
GO:0072329	monocarboxylic acid catabolic process	GO:BP					0.51604	121.0	17.0	13.62					0	1		False	True	False	False	False	False
GO:0030500	regulation of bone mineralization	GO:BP					0.51613	68.0	8.0	7.66					0	1		False	True	False	False	False	False
GO:0001867	complement activation, lectin pathway	GO:BP					0.51614	15.0	2.0	1.69					0	1		False	True	False	False	False	False
GO:0002091	negative regulation of receptor internalization	GO:BP					0.51614	15.0	2.0	1.69					0	1		False	True	False	False	False	False
GO:0006415	translational termination	GO:BP					0.51614	15.0	2.0	1.69					0	1		False	True	False	False	False	False
GO:0007216	G protein-coupled glutamate receptor signaling pathway	GO:BP					0.51614	15.0	2.0	1.69					0	1		False	True	False	False	False	False
GO:0009067	aspartate family amino acid biosynthetic process	GO:BP					0.51614	15.0	2.0	1.69					0	1		False	True	False	False	False	False
GO:0010457	centriole-centriole cohesion	GO:BP					0.51614	15.0	2.0	1.69					0	1		False	True	False	False	False	False
GO:0034638	phosphatidylcholine catabolic process	GO:BP					0.51614	15.0	2.0	1.69					0	1		False	True	False	False	False	False
GO:0043518	negative regulation of DNA damage response, signal transduction by p53 class mediator	GO:BP					0.51614	15.0	2.0	1.69					0	1		False	True	False	False	False	False
GO:0045618	positive regulation of keratinocyte differentiation	GO:BP					0.51614	15.0	2.0	1.69					0	1		False	True	False	False	False	False
GO:0046697	decidualization	GO:BP					0.51614	15.0	2.0	1.69					0	1		False	True	False	False	False	False
GO:0048385	regulation of retinoic acid receptor signaling pathway	GO:BP					0.51614	15.0	2.0	1.69					0	1		False	True	False	False	False	False
GO:0048714	positive regulation of oligodendrocyte differentiation	GO:BP					0.51614	15.0	2.0	1.69					0	1		False	True	False	False	False	False
GO:0051044	positive regulation of membrane protein ectodomain proteolysis	GO:BP					0.51614	15.0	2.0	1.69					0	1		False	True	False	False	False	False
GO:0055003	cardiac myofibril assembly	GO:BP					0.51614	15.0	2.0	1.69					0	1		False	True	False	False	False	False
GO:0080154	regulation of fertilization	GO:BP					0.51614	15.0	2.0	1.69					0	1		False	True	False	False	False	False
GO:0086069	bundle of His cell to Purkinje myocyte communication	GO:BP					0.51614	15.0	2.0	1.69					0	1		False	True	False	False	False	False
GO:0098734	macromolecule depalmitoylation	GO:BP					0.51614	15.0	2.0	1.69					0	1		False	True	False	False	False	False
GO:0150011	regulation of neuron projection arborization	GO:BP					0.51614	15.0	2.0	1.69					0	1		False	True	False	False	False	False
GO:1902358	sulfate transmembrane transport	GO:BP					0.51614	15.0	2.0	1.69					0	1		False	True	False	False	False	False
GO:1903543	positive regulation of exosomal secretion	GO:BP					0.51614	15.0	2.0	1.69					0	1		False	True	False	False	False	False
GO:0045104	intermediate filament cytoskeleton organization	GO:BP					0.5162	79.0	9.0	8.89					0	1		False	True	False	False	False	False
GO:0016556	mRNA modification	GO:BP					0.51621	26.0	3.0	2.93					0	1		False	True	False	False	False	False
GO:0010721	negative regulation of cell development	GO:BP					0.51623	213.0	24.0	23.98					0	1		False	True	False	False	False	False
GO:0097194	execution phase of apoptosis	GO:BP					0.51623	71.0	8.0	7.99					0	1		False	True	False	False	False	False
GO:0001961	positive regulation of cytokine-mediated signaling pathway	GO:BP					0.5163	56.0	9.0	6.3					0	1		False	True	False	False	False	False
GO:0003254	regulation of membrane depolarization	GO:BP					0.51634	48.0	8.0	5.4					0	1		False	True	False	False	False	False
GO:0006641	triglyceride metabolic process	GO:BP					0.51637	93.0	10.0	10.47					0	1		False	True	False	False	False	False
GO:0008089	anterograde axonal transport	GO:BP					0.5165	43.0	7.0	4.84					0	1		False	True	False	False	False	False
GO:0016180	snRNA processing	GO:BP					0.51658	37.0	3.0	4.17					0	1		False	True	False	False	False	False
GO:0045787	positive regulation of cell cycle	GO:BP					0.51659	289.0	36.0	32.53					0	1		False	True	False	False	False	False
GO:0000380	alternative mRNA splicing, via spliceosome	GO:BP					0.51663	83.0	8.0	9.34					0	1		False	True	False	False	False	False
GO:0060612	adipose tissue development	GO:BP					0.5168	50.0	7.0	5.63					0	1		False	True	False	False	False	False
GO:0061136	regulation of proteasomal protein catabolic process	GO:BP					0.51684	212.0	28.0	23.87					0	1		False	True	False	False	False	False
GO:0048010	vascular endothelial growth factor receptor signaling pathway	GO:BP					0.51692	53.0	7.0	5.97					0	1		False	True	False	False	False	False
GO:0007274	neuromuscular synaptic transmission	GO:BP					0.5172	24.0	3.0	2.7					0	1		False	True	False	False	False	False
GO:0035909	aorta morphogenesis	GO:BP					0.5172	24.0	3.0	2.7					0	1		False	True	False	False	False	False
GO:0046039	GTP metabolic process	GO:BP					0.5172	24.0	3.0	2.7					0	1		False	True	False	False	False	False
GO:0090023	positive regulation of neutrophil chemotaxis	GO:BP					0.5172	24.0	3.0	2.7					0	1		False	True	False	False	False	False
GO:0050776	regulation of immune response	GO:BP					0.51736	911.0	99.0	102.56					0	1		False	True	False	False	False	False
GO:1990000	amyloid fibril formation	GO:BP					0.51754	41.0	4.0	4.62					0	1		False	True	False	False	False	False
GO:0090316	positive regulation of intracellular protein transport	GO:BP					0.51769	89.0	9.0	10.02					0	1		False	True	False	False	False	False
GO:0003091	renal water homeostasis	GO:BP					0.518	33.0	4.0	3.71					0	1		False	True	False	False	False	False
GO:0021915	neural tube development	GO:BP					0.51801	61.0	5.0	6.87					0	1		False	True	False	False	False	False
GO:0070555	response to interleukin-1	GO:BP					0.51812	108.0	10.0	12.16					0	1		False	True	False	False	False	False
GO:0007080	mitotic metaphase chromosome alignment	GO:BP					0.51823	68.0	9.0	7.66					0	1		False	True	False	False	False	False
GO:0032206	positive regulation of telomere maintenance	GO:BP					0.51856	71.0	7.0	7.99					0	1		False	True	False	False	False	False
GO:0010634	positive regulation of epithelial cell migration	GO:BP					0.51876	42.0	5.0	4.73					0	1		False	True	False	False	False	False
GO:0032728	positive regulation of interferon-beta production	GO:BP					0.51876	42.0	5.0	4.73					0	1		False	True	False	False	False	False
GO:0042311	vasodilation	GO:BP					0.51876	42.0	5.0	4.73					0	1		False	True	False	False	False	False
GO:0045668	negative regulation of osteoblast differentiation	GO:BP					0.51876	42.0	5.0	4.73					0	1		False	True	False	False	False	False
GO:0060391	positive regulation of SMAD protein signal transduction	GO:BP					0.51876	42.0	5.0	4.73					0	1		False	True	False	False	False	False
GO:0045930	negative regulation of mitotic cell cycle	GO:BP					0.51949	220.0	19.0	24.77					0	1		False	True	False	False	False	False
GO:0010212	response to ionizing radiation	GO:BP					0.51975	113.0	9.0	12.72					0	1		False	True	False	False	False	False
GO:0009411	response to UV	GO:BP					0.52019	130.0	12.0	14.63					0	1		False	True	False	False	False	False
GO:0040029	epigenetic regulation of gene expression	GO:BP					0.52113	309.0	28.0	34.79					0	1		False	True	False	False	False	False
GO:0000082	G1/S transition of mitotic cell cycle	GO:BP					0.52201	211.0	21.0	23.75					0	1		False	True	False	False	False	False
GO:0009892	negative regulation of metabolic process	GO:BP					0.52208	2783.0	269.0	313.29					0	1		False	True	False	False	False	False
GO:0010564	regulation of cell cycle process	GO:BP					0.52212	696.0	66.0	78.35					0	1		False	True	False	False	False	False
GO:0090407	organophosphate biosynthetic process	GO:BP					0.53625	611.0	93.0	68.78					0	1		False	True	False	False	False	False
GO:0050829	defense response to Gram-negative bacterium	GO:BP					0.53793	70.0	8.0	7.88					0	1		False	True	False	False	False	False
GO:0007565	female pregnancy	GO:BP					0.53813	135.0	15.0	15.2					0	1		False	True	False	False	False	False
GO:0032868	response to insulin	GO:BP					0.53823	235.0	31.0	26.46					0	1		False	True	False	False	False	False
GO:0006888	endoplasmic reticulum to Golgi vesicle-mediated transport	GO:BP					0.53836	133.0	14.0	14.97					0	1		False	True	False	False	False	False
GO:0001937	negative regulation of endothelial cell proliferation	GO:BP					0.54042	43.0	5.0	4.84					0	1		False	True	False	False	False	False
GO:1905168	positive regulation of double-strand break repair via homologous recombination	GO:BP					0.54042	43.0	5.0	4.84					0	1		False	True	False	False	False	False
GO:0016925	protein sumoylation	GO:BP					0.5406	64.0	7.0	7.2					0	1		False	True	False	False	False	False
GO:0022603	regulation of anatomical structure morphogenesis	GO:BP					0.54065	720.0	94.0	81.05					0	1		False	True	False	False	False	False
GO:0015721	bile acid and bile salt transport	GO:BP					0.54238	34.0	4.0	3.83					0	1		False	True	False	False	False	False
GO:1901223	negative regulation of non-canonical NF-kappaB signal transduction	GO:BP					0.54238	34.0	4.0	3.83					0	1		False	True	False	False	False	False
GO:1903749	positive regulation of protein localization to mitochondrion	GO:BP					0.54238	34.0	4.0	3.83					0	1		False	True	False	False	False	False
GO:0006414	translational elongation	GO:BP					0.5452	76.0	10.0	8.56					0	1		False	True	False	False	False	False
GO:0016540	protein autoprocessing	GO:BP					0.54567	25.0	3.0	2.81					0	1		False	True	False	False	False	False
GO:0035458	cellular response to interferon-beta	GO:BP					0.54567	25.0	3.0	2.81					0	1		False	True	False	False	False	False
GO:0038096	Fc-gamma receptor signaling pathway involved in phagocytosis	GO:BP					0.54567	25.0	3.0	2.81					0	1		False	True	False	False	False	False
GO:0046426	negative regulation of receptor signaling pathway via JAK-STAT	GO:BP					0.54567	25.0	3.0	2.81					0	1		False	True	False	False	False	False
GO:0070372	regulation of ERK1 and ERK2 cascade	GO:BP					0.54573	266.0	30.0	29.94					0	1		False	True	False	False	False	False
GO:0001657	ureteric bud development	GO:BP					0.54624	65.0	6.0	7.32					0	1		False	True	False	False	False	False
GO:0007188	adenylate cyclase-modulating G protein-coupled receptor signaling pathway	GO:BP					0.54736	277.0	46.0	31.18					0	1		False	True	False	False	False	False
GO:0016055	Wnt signaling pathway	GO:BP					0.54869	420.0	65.0	47.28					0	1		False	True	False	False	False	False
GO:0032386	regulation of intracellular transport	GO:BP					0.54887	258.0	39.0	29.04					0	1		False	True	False	False	False	False
GO:0009267	cellular response to starvation	GO:BP					0.54897	169.0	28.0	19.03					0	1		False	True	False	False	False	False
GO:0007167	enzyme-linked receptor protein signaling pathway	GO:BP					0.54898	904.0	111.0	101.77					0	1		False	True	False	False	False	False
GO:0032101	regulation of response to external stimulus	GO:BP					0.54977	1024.0	122.0	115.28					0	1		False	True	False	False	False	False
GO:0043122	regulation of canonical NF-kappaB signal transduction	GO:BP					0.55012	312.0	41.0	35.12					0	1		False	True	False	False	False	False
GO:0009798	axis specification	GO:BP					0.55128	61.0	9.0	6.87					0	1		False	True	False	False	False	False
GO:0014075	response to amine	GO:BP					0.55134	36.0	6.0	4.05					0	1		False	True	False	False	False	False
GO:0051315	attachment of mitotic spindle microtubules to kinetochore	GO:BP					0.5516	26.0	4.0	2.93					0	1		False	True	False	False	False	False
GO:0000012	single strand break repair	GO:BP					0.55187	16.0	2.0	1.8					0	1		False	True	False	False	False	False
GO:0003323	type B pancreatic cell development	GO:BP					0.55187	16.0	2.0	1.8					0	1		False	True	False	False	False	False
GO:0003356	regulation of cilium beat frequency	GO:BP					0.55187	16.0	2.0	1.8					0	1		False	True	False	False	False	False
GO:0006570	tyrosine metabolic process	GO:BP					0.55187	16.0	2.0	1.8					0	1		False	True	False	False	False	False
GO:0006617	SRP-dependent cotranslational protein targeting to membrane, signal sequence recognition	GO:BP					0.55187	16.0	2.0	1.8					0	1		False	True	False	False	False	False
GO:0008045	motor neuron axon guidance	GO:BP					0.55187	16.0	2.0	1.8					0	1		False	True	False	False	False	False
GO:0009265	2'-deoxyribonucleotide biosynthetic process	GO:BP					0.55187	16.0	2.0	1.8					0	1		False	True	False	False	False	False
GO:0014829	vascular associated smooth muscle contraction	GO:BP					0.55187	16.0	2.0	1.8					0	1		False	True	False	False	False	False
GO:0018146	keratan sulfate proteoglycan biosynthetic process	GO:BP					0.55187	16.0	2.0	1.8					0	1		False	True	False	False	False	False
GO:0019370	leukotriene biosynthetic process	GO:BP					0.55187	16.0	2.0	1.8					0	1		False	True	False	False	False	False
GO:0035640	exploration behavior	GO:BP					0.55187	16.0	2.0	1.8					0	1		False	True	False	False	False	False
GO:0035672	oligopeptide transmembrane transport	GO:BP					0.55187	16.0	2.0	1.8					0	1		False	True	False	False	False	False
GO:0036444	calcium import into the mitochondrion	GO:BP					0.55187	16.0	2.0	1.8					0	1		False	True	False	False	False	False
GO:0042832	defense response to protozoan	GO:BP					0.55187	16.0	2.0	1.8					0	1		False	True	False	False	False	False
GO:0046831	regulation of RNA export from nucleus	GO:BP					0.55187	16.0	2.0	1.8					0	1		False	True	False	False	False	False
GO:0060965	negative regulation of miRNA-mediated gene silencing	GO:BP					0.55187	16.0	2.0	1.8					0	1		False	True	False	False	False	False
GO:0070198	protein localization to chromosome, telomeric region	GO:BP					0.55187	16.0	2.0	1.8					0	1		False	True	False	False	False	False
GO:0071218	cellular response to misfolded protein	GO:BP					0.55187	16.0	2.0	1.8					0	1		False	True	False	False	False	False
GO:0072112	podocyte differentiation	GO:BP					0.55187	16.0	2.0	1.8					0	1		False	True	False	False	False	False
GO:0090190	positive regulation of branching involved in ureteric bud morphogenesis	GO:BP					0.55187	16.0	2.0	1.8					0	1		False	True	False	False	False	False
GO:0140042	lipid droplet formation	GO:BP					0.55187	16.0	2.0	1.8					0	1		False	True	False	False	False	False
GO:0140718	facultative heterochromatin formation	GO:BP					0.55187	16.0	2.0	1.8					0	1		False	True	False	False	False	False
GO:1902969	mitotic DNA replication	GO:BP					0.55187	16.0	2.0	1.8					0	1		False	True	False	False	False	False
GO:1903729	regulation of plasma membrane organization	GO:BP					0.55187	16.0	2.0	1.8					0	1		False	True	False	False	False	False
GO:1904036	negative regulation of epithelial cell apoptotic process	GO:BP					0.55187	16.0	2.0	1.8					0	1		False	True	False	False	False	False
GO:1990166	protein localization to site of double-strand break	GO:BP					0.55187	16.0	2.0	1.8					0	1		False	True	False	False	False	False
GO:0001953	negative regulation of cell-matrix adhesion	GO:BP					0.55191	35.0	4.0	3.94					0	1		False	True	False	False	False	False
GO:0007099	centriole replication	GO:BP					0.55195	45.0	5.0	5.07					0	1		False	True	False	False	False	False
GO:0014911	positive regulation of smooth muscle cell migration	GO:BP					0.55218	34.0	3.0	3.83					0	1		False	True	False	False	False	False
GO:0009566	fertilization	GO:BP					0.55223	142.0	15.0	15.99					0	1		False	True	False	False	False	False
GO:0001659	temperature homeostasis	GO:BP					0.55276	193.0	19.0	21.73					0	1		False	True	False	False	False	False
GO:0030097	hemopoiesis	GO:BP					0.55631	746.0	57.0	83.98					0	1		False	True	False	False	False	False
GO:0006418	tRNA aminoacylation for protein translation	GO:BP					0.56162	44.0	5.0	4.95					0	1		False	True	False	False	False	False
GO:0060322	head development	GO:BP					0.56201	541.0	83.0	60.9					0	1		False	True	False	False	False	False
GO:0007034	vacuolar transport	GO:BP					0.56547	170.0	25.0	19.14					0	1		False	True	False	False	False	False
GO:0045333	cellular respiration	GO:BP					0.56548	295.0	39.0	33.21					0	1		False	True	False	False	False	False
GO:0016188	synaptic vesicle maturation	GO:BP					0.566	24.0	6.0	2.7					0	1		False	True	False	False	False	False
GO:0001662	behavioral fear response	GO:BP					0.56607	18.0	5.0	2.03					0	1		False	True	False	False	False	False
GO:0055022	negative regulation of cardiac muscle tissue growth	GO:BP					0.56612	20.0	5.0	2.25					0	1		False	True	False	False	False	False
GO:0003170	heart valve development	GO:BP					0.56615	66.0	10.0	7.43					0	1		False	True	False	False	False	False
GO:0097178	ruffle assembly	GO:BP					0.56623	34.0	6.0	3.83					0	1		False	True	False	False	False	False
GO:0060306	regulation of membrane repolarization	GO:BP					0.56626	35.0	6.0	3.94					0	1		False	True	False	False	False	False
GO:0050849	negative regulation of calcium-mediated signaling	GO:BP					0.5663	19.0	4.0	2.14					0	1		False	True	False	False	False	False
GO:0044060	regulation of endocrine process	GO:BP					0.5664	41.0	6.0	4.62					0	1		False	True	False	False	False	False
GO:0048199	vesicle targeting, to, from or within Golgi	GO:BP					0.56642	33.0	5.0	3.71					0	1		False	True	False	False	False	False
GO:0010324	membrane invagination	GO:BP					0.56645	61.0	8.0	6.87					0	1		False	True	False	False	False	False
GO:0035601	protein deacylation	GO:BP					0.56646	35.0	5.0	3.94					0	1		False	True	False	False	False	False
GO:0045601	regulation of endothelial cell differentiation	GO:BP					0.56646	35.0	5.0	3.94					0	1		False	True	False	False	False	False
GO:0099638	endosome to plasma membrane protein transport	GO:BP					0.56646	17.0	3.0	1.91					0	1		False	True	False	False	False	False
GO:0036294	cellular response to decreased oxygen levels	GO:BP					0.56647	151.0	18.0	17.0					0	1		False	True	False	False	False	False
GO:0006620	post-translational protein targeting to endoplasmic reticulum membrane	GO:BP					0.56648	18.0	3.0	2.03					0	1		False	True	False	False	False	False
GO:0010758	regulation of macrophage chemotaxis	GO:BP					0.56648	27.0	4.0	3.04					0	1		False	True	False	False	False	False
GO:0043549	regulation of kinase activity	GO:BP					0.56648	240.0	28.0	27.02					0	1		False	True	False	False	False	False
GO:0046184	aldehyde biosynthetic process	GO:BP					0.56648	18.0	3.0	2.03					0	1		False	True	False	False	False	False
GO:1905523	positive regulation of macrophage migration	GO:BP					0.56648	27.0	4.0	3.04					0	1		False	True	False	False	False	False
GO:0051148	negative regulation of muscle cell differentiation	GO:BP					0.56649	54.0	7.0	6.08					0	1		False	True	False	False	False	False
GO:0046463	acylglycerol biosynthetic process	GO:BP					0.56653	47.0	6.0	5.29					0	1		False	True	False	False	False	False
GO:0048729	tissue morphogenesis	GO:BP					0.56661	388.0	44.0	43.68					0	1		False	True	False	False	False	False
GO:0032885	regulation of polysaccharide biosynthetic process	GO:BP					0.56664	34.0	4.0	3.83					0	1		False	True	False	False	False	False
GO:2000677	regulation of transcription regulatory region DNA binding	GO:BP					0.56666	17.0	2.0	1.91					0	1		False	True	False	False	False	False
GO:0003283	atrial septum development	GO:BP					0.56668	18.0	2.0	2.03					0	1		False	True	False	False	False	False
GO:0006925	inflammatory cell apoptotic process	GO:BP					0.56668	18.0	2.0	2.03					0	1		False	True	False	False	False	False
GO:0033673	negative regulation of kinase activity	GO:BP					0.5667	72.0	8.0	8.11					0	1		False	True	False	False	False	False
GO:0090208	positive regulation of triglyceride metabolic process	GO:BP					0.56673	20.0	2.0	2.25					0	1		False	True	False	False	False	False
GO:1904659	D-glucose transmembrane transport	GO:BP					0.56673	82.0	9.0	9.23					0	1		False	True	False	False	False	False
GO:0140719	constitutive heterochromatin formation	GO:BP					0.56676	57.0	6.0	6.42					0	1		False	True	False	False	False	False
GO:0018345	protein palmitoylation	GO:BP					0.56677	22.0	2.0	2.48					0	1		False	True	False	False	False	False
GO:0031400	negative regulation of protein modification process	GO:BP					0.56678	191.0	21.0	21.5					0	1		False	True	False	False	False	False
GO:0002821	positive regulation of adaptive immune response	GO:BP					0.56685	105.0	11.0	11.82					0	1		False	True	False	False	False	False
GO:0002891	positive regulation of immunoglobulin mediated immune response	GO:BP					0.56687	26.0	2.0	2.93					0	1		False	True	False	False	False	False
GO:0010559	regulation of glycoprotein biosynthetic process	GO:BP					0.56696	39.0	3.0	4.39					0	1		False	True	False	False	False	False
GO:1904894	positive regulation of receptor signaling pathway via STAT	GO:BP					0.56696	48.0	4.0	5.4					0	1		False	True	False	False	False	False
GO:0002711	positive regulation of T cell mediated immunity	GO:BP					0.56708	62.0	5.0	6.98					0	1		False	True	False	False	False	False
GO:0032786	positive regulation of DNA-templated transcription, elongation	GO:BP					0.56708	62.0	5.0	6.98					0	1		False	True	False	False	False	False
GO:0046631	alpha-beta T cell activation	GO:BP					0.5671	178.0	18.0	20.04					0	1		False	True	False	False	False	False
GO:0046824	positive regulation of nucleocytoplasmic transport	GO:BP					0.56717	57.0	4.0	6.42					0	1		False	True	False	False	False	False
GO:0001706	endoderm formation	GO:BP					0.56721	50.0	3.0	5.63					0	1		False	True	False	False	False	False
GO:0045066	regulatory T cell differentiation	GO:BP					0.5674	49.0	2.0	5.52					0	1		False	True	False	False	False	False
GO:0051701	biological process involved in interaction with host	GO:BP					0.56744	166.0	15.0	18.69					0	1		False	True	False	False	False	False
GO:0048514	blood vessel morphogenesis	GO:BP					0.56868	564.0	54.0	63.49					0	1		False	True	False	False	False	False
GO:1901137	carbohydrate derivative biosynthetic process	GO:BP					0.56895	593.0	56.0	66.76					0	1		False	True	False	False	False	False
GO:0007043	cell-cell junction assembly	GO:BP					0.56943	138.0	23.0	15.54					0	1		False	True	False	False	False	False
GO:0030866	cortical actin cytoskeleton organization	GO:BP					0.57281	36.0	5.0	4.05					0	1		False	True	False	False	False	False
GO:0007517	muscle organ development	GO:BP					0.57307	242.0	21.0	27.24					0	1		False	True	False	False	False	False
GO:0044344	cellular response to fibroblast growth factor stimulus	GO:BP					0.57309	87.0	10.0	9.79					0	1		False	True	False	False	False	False
GO:2001240	negative regulation of extrinsic apoptotic signaling pathway in absence of ligand	GO:BP					0.57314	26.0	3.0	2.93					0	1		False	True	False	False	False	False
GO:0086004	regulation of cardiac muscle cell contraction	GO:BP					0.57327	38.0	4.0	4.28					0	1		False	True	False	False	False	False
GO:0022408	negative regulation of cell-cell adhesion	GO:BP					0.5748	180.0	16.0	20.26					0	1		False	True	False	False	False	False
GO:0045595	regulation of cell differentiation	GO:BP					0.57678	1313.0	139.0	147.81					0	1		False	True	False	False	False	False
GO:0045669	positive regulation of osteoblast differentiation	GO:BP					0.57748	54.0	6.0	6.08					0	1		False	True	False	False	False	False
GO:0019752	carboxylic acid metabolic process	GO:BP					0.57997	827.0	111.0	93.1					0	1		False	True	False	False	False	False
GO:0097352	autophagosome maturation	GO:BP					0.58134	63.0	9.0	7.09					0	1		False	True	False	False	False	False
GO:0031424	keratinization	GO:BP					0.58231	45.0	5.0	5.07					0	1		False	True	False	False	False	False
GO:0010595	positive regulation of endothelial cell migration	GO:BP					0.58346	110.0	10.0	12.38					0	1		False	True	False	False	False	False
GO:0035418	protein localization to synapse	GO:BP					0.58402	84.0	15.0	9.46					0	1		False	True	False	False	False	False
GO:0055001	muscle cell development	GO:BP					0.58445	141.0	20.0	15.87					0	1		False	True	False	False	False	False
GO:0008593	regulation of Notch signaling pathway	GO:BP					0.58511	89.0	12.0	10.02					0	1		False	True	False	False	False	False
GO:0065003	protein-containing complex assembly	GO:BP					0.58529	1587.0	204.0	178.66					0	1		False	True	False	False	False	False
GO:0070371	ERK1 and ERK2 cascade	GO:BP					0.58567	283.0	32.0	31.86					0	1		False	True	False	False	False	False
GO:0097746	blood vessel diameter maintenance	GO:BP					0.58567	123.0	14.0	13.85					0	1		False	True	False	False	False	False
GO:0002021	response to dietary excess	GO:BP					0.58569	17.0	2.0	1.91					0	1		False	True	False	False	False	False
GO:0006337	nucleosome disassembly	GO:BP					0.58569	17.0	2.0	1.91					0	1		False	True	False	False	False	False
GO:0006957	complement activation, alternative pathway	GO:BP					0.58569	17.0	2.0	1.91					0	1		False	True	False	False	False	False
GO:0007063	regulation of sister chromatid cohesion	GO:BP					0.58569	17.0	2.0	1.91					0	1		False	True	False	False	False	False
GO:0009159	deoxyribonucleoside monophosphate catabolic process	GO:BP					0.58569	17.0	2.0	1.91					0	1		False	True	False	False	False	False
GO:0010633	negative regulation of epithelial cell migration	GO:BP					0.58569	17.0	2.0	1.91					0	1		False	True	False	False	False	False
GO:0021515	cell differentiation in spinal cord	GO:BP					0.58569	17.0	2.0	1.91					0	1		False	True	False	False	False	False
GO:0030325	adrenal gland development	GO:BP					0.58569	17.0	2.0	1.91					0	1		False	True	False	False	False	False
GO:0035269	protein O-linked glycosylation via mannose	GO:BP					0.58569	17.0	2.0	1.91					0	1		False	True	False	False	False	False
GO:0042753	positive regulation of circadian rhythm	GO:BP					0.58569	17.0	2.0	1.91					0	1		False	True	False	False	False	False
GO:0044320	cellular response to leptin stimulus	GO:BP					0.58569	17.0	2.0	1.91					0	1		False	True	False	False	False	False
GO:0090201	negative regulation of release of cytochrome c from mitochondria	GO:BP					0.58569	17.0	2.0	1.91					0	1		False	True	False	False	False	False
GO:0098915	membrane repolarization during ventricular cardiac muscle cell action potential	GO:BP					0.58569	17.0	2.0	1.91					0	1		False	True	False	False	False	False
GO:0150079	negative regulation of neuroinflammatory response	GO:BP					0.58569	17.0	2.0	1.91					0	1		False	True	False	False	False	False
GO:1903978	regulation of microglial cell activation	GO:BP					0.58569	17.0	2.0	1.91					0	1		False	True	False	False	False	False
GO:1905564	positive regulation of vascular endothelial cell proliferation	GO:BP					0.58569	17.0	2.0	1.91					0	1		False	True	False	False	False	False
GO:0060688	regulation of morphogenesis of a branching structure	GO:BP					0.58573	36.0	4.0	4.05					0	1		False	True	False	False	False	False
GO:0006693	prostaglandin metabolic process	GO:BP					0.58574	45.0	5.0	5.07					0	1		False	True	False	False	False	False
GO:0043243	positive regulation of protein-containing complex disassembly	GO:BP					0.58577	37.0	4.0	4.17					0	1		False	True	False	False	False	False
GO:0051346	negative regulation of hydrolase activity	GO:BP					0.5859	32.0	3.0	3.6					0	1		False	True	False	False	False	False
GO:0038061	non-canonical NF-kappaB signal transduction	GO:BP					0.58591	121.0	13.0	13.62					0	1		False	True	False	False	False	False
GO:0015909	long-chain fatty acid transport	GO:BP					0.58598	61.0	6.0	6.87					0	1		False	True	False	False	False	False
GO:0015908	fatty acid transport	GO:BP					0.586	106.0	11.0	11.93					0	1		False	True	False	False	False	False
GO:0008033	tRNA processing	GO:BP					0.58653	139.0	13.0	15.65					0	1		False	True	False	False	False	False
GO:0048255	mRNA stabilization	GO:BP					0.58755	75.0	12.0	8.44					0	1		False	True	False	False	False	False
GO:0032480	negative regulation of type I interferon production	GO:BP					0.58886	48.0	6.0	5.4					0	1		False	True	False	False	False	False
GO:2000134	negative regulation of G1/S transition of mitotic cell cycle	GO:BP					0.58901	51.0	6.0	5.74					0	1		False	True	False	False	False	False
GO:0007179	transforming growth factor beta receptor signaling pathway	GO:BP					0.58908	193.0	25.0	21.73					0	1		False	True	False	False	False	False
GO:0045665	negative regulation of neuron differentiation	GO:BP					0.58914	36.0	4.0	4.05					0	1		False	True	False	False	False	False
GO:0046627	negative regulation of insulin receptor signaling pathway	GO:BP					0.58914	36.0	4.0	4.05					0	1		False	True	False	False	False	False
GO:0090303	positive regulation of wound healing	GO:BP					0.58955	62.0	6.0	6.98					0	1		False	True	False	False	False	False
GO:0034614	cellular response to reactive oxygen species	GO:BP					0.59013	127.0	12.0	14.3					0	1		False	True	False	False	False	False
GO:0032757	positive regulation of interleukin-8 production	GO:BP					0.59113	64.0	7.0	7.2					0	1		False	True	False	False	False	False
GO:0045109	intermediate filament organization	GO:BP					0.59113	64.0	7.0	7.2					0	1		False	True	False	False	False	False
GO:0030307	positive regulation of cell growth	GO:BP					0.5922	149.0	22.0	16.77					0	1		False	True	False	False	False	False
GO:0007186	G protein-coupled receptor signaling pathway	GO:BP					0.59536	1055.0	152.0	118.77					0	1		False	True	False	False	False	False
GO:0010718	positive regulation of epithelial to mesenchymal transition	GO:BP					0.596	55.0	6.0	6.19					0	1		False	True	False	False	False	False
GO:1904263	positive regulation of TORC1 signaling	GO:BP					0.596	55.0	6.0	6.19					0	1		False	True	False	False	False	False
GO:0030534	adult behavior	GO:BP					0.59709	67.0	14.0	7.54					0	1		False	True	False	False	False	False
GO:0030100	regulation of endocytosis	GO:BP					0.59757	292.0	38.0	32.87					0	1		False	True	False	False	False	False
GO:0071385	cellular response to glucocorticoid stimulus	GO:BP					0.59918	45.0	6.0	5.07					0	1		False	True	False	False	False	False
GO:0006334	nucleosome assembly	GO:BP					0.59932	83.0	9.0	9.34					0	1		False	True	False	False	False	False
GO:0019369	arachidonate metabolic process	GO:BP					0.59936	58.0	7.0	6.53					0	1		False	True	False	False	False	False
GO:0001974	blood vessel remodeling	GO:BP					0.59955	27.0	3.0	3.04					0	1		False	True	False	False	False	False
GO:0010613	positive regulation of cardiac muscle hypertrophy	GO:BP					0.59955	27.0	3.0	3.04					0	1		False	True	False	False	False	False
GO:0045671	negative regulation of osteoclast differentiation	GO:BP					0.59955	27.0	3.0	3.04					0	1		False	True	False	False	False	False
GO:1901679	nucleotide transmembrane transport	GO:BP					0.59955	27.0	3.0	3.04					0	1		False	True	False	False	False	False
GO:2001252	positive regulation of chromosome organization	GO:BP					0.59992	98.0	10.0	11.03					0	1		False	True	False	False	False	False
GO:0006749	glutathione metabolic process	GO:BP					0.59998	46.0	4.0	5.18					0	1		False	True	False	False	False	False
GO:0045815	transcription initiation-coupled chromatin remodeling	GO:BP					0.60258	57.0	6.0	6.42					0	1		False	True	False	False	False	False
GO:0071260	cellular response to mechanical stimulus	GO:BP					0.60321	74.0	8.0	8.33					0	1		False	True	False	False	False	False
GO:0007286	spermatid development	GO:BP					0.60746	181.0	21.0	20.38					0	1		False	True	False	False	False	False
GO:0006275	regulation of DNA replication	GO:BP					0.61042	123.0	16.0	13.85					0	1		False	True	False	False	False	False
GO:0044331	cell-cell adhesion mediated by cadherin	GO:BP					0.61068	57.0	8.0	6.42					0	1		False	True	False	False	False	False
GO:0030593	neutrophil chemotaxis	GO:BP					0.61078	68.0	9.0	7.66					0	1		False	True	False	False	False	False
GO:0008543	fibroblast growth factor receptor signaling pathway	GO:BP					0.61131	61.0	7.0	6.87					0	1		False	True	False	False	False	False
GO:0006873	intracellular monoatomic ion homeostasis	GO:BP					0.61143	409.0	65.0	46.04					0	1		False	True	False	False	False	False
GO:0006958	complement activation, classical pathway	GO:BP					0.61144	37.0	4.0	4.17					0	1		False	True	False	False	False	False
GO:0045745	positive regulation of G protein-coupled receptor signaling pathway	GO:BP					0.61144	37.0	4.0	4.17					0	1		False	True	False	False	False	False
GO:2001222	regulation of neuron migration	GO:BP					0.61144	37.0	4.0	4.17					0	1		False	True	False	False	False	False
GO:0070527	platelet aggregation	GO:BP					0.61161	67.0	7.0	7.54					0	1		False	True	False	False	False	False
GO:0170039	proteinogenic amino acid metabolic process	GO:BP					0.61316	151.0	28.0	17.0					0	1		False	True	False	False	False	False
GO:0045055	regulated exocytosis	GO:BP					0.61318	211.0	38.0	23.75					0	1		False	True	False	False	False	False
GO:0009896	positive regulation of catabolic process	GO:BP					0.61328	554.0	76.0	62.37					0	1		False	True	False	False	False	False
GO:0048284	organelle fusion	GO:BP					0.61345	172.0	29.0	19.36					0	1		False	True	False	False	False	False
GO:0003015	heart process	GO:BP					0.61379	231.0	34.0	26.0					0	1		False	True	False	False	False	False
GO:0015800	acidic amino acid transport	GO:BP					0.61382	63.0	15.0	7.09					0	1		False	True	False	False	False	False
GO:0035265	organ growth	GO:BP					0.61408	101.0	18.0	11.37					0	1		False	True	False	False	False	False
GO:0120193	tight junction organization	GO:BP					0.6141	66.0	14.0	7.43					0	1		False	True	False	False	False	False
GO:0120192	tight junction assembly	GO:BP					0.61412	58.0	13.0	6.53					0	1		False	True	False	False	False	False
GO:0007178	cell surface receptor protein serine/threonine kinase signaling pathway	GO:BP					0.61439	337.0	43.0	37.94					0	1		False	True	False	False	False	False
GO:0002687	positive regulation of leukocyte migration	GO:BP					0.61448	136.0	20.0	15.31					0	1		False	True	False	False	False	False
GO:1902745	positive regulation of lamellipodium organization	GO:BP					0.6146	34.0	8.0	3.83					0	1		False	True	False	False	False	False
GO:0001938	positive regulation of endothelial cell proliferation	GO:BP					0.61465	83.0	8.0	9.34					0	1		False	True	False	False	False	False
GO:0033146	regulation of intracellular estrogen receptor signaling pathway	GO:BP					0.61473	31.0	7.0	3.49					0	1		False	True	False	False	False	False
GO:1904861	excitatory synapse assembly	GO:BP					0.61478	42.0	8.0	4.73					0	1		False	True	False	False	False	False
GO:1904950	negative regulation of establishment of protein localization	GO:BP					0.61478	104.0	15.0	11.71					0	1		False	True	False	False	False	False
GO:0033363	secretory granule organization	GO:BP					0.61481	61.0	10.0	6.87					0	1		False	True	False	False	False	False
GO:0007031	peroxisome organization	GO:BP					0.61487	37.0	7.0	4.17					0	1		False	True	False	False	False	False
GO:0043368	positive T cell selection	GO:BP					0.61494	40.0	7.0	4.5					0	1		False	True	False	False	False	False
GO:0007423	sensory organ development	GO:BP					0.61498	370.0	50.0	41.65					0	1		False	True	False	False	False	False
GO:0007062	sister chromatid cohesion	GO:BP					0.615	60.0	9.0	6.75					0	1		False	True	False	False	False	False
GO:0072676	lymphocyte migration	GO:BP					0.61503	97.0	13.0	10.92					0	1		False	True	False	False	False	False
GO:0031998	regulation of fatty acid beta-oxidation	GO:BP					0.61505	18.0	4.0	2.03					0	1		False	True	False	False	False	False
GO:0072111	cell proliferation involved in kidney development	GO:BP					0.61508	19.0	4.0	2.14					0	1		False	True	False	False	False	False
GO:0002437	inflammatory response to antigenic stimulus	GO:BP					0.61511	56.0	8.0	6.3					0	1		False	True	False	False	False	False
GO:0060914	heart formation	GO:BP					0.61512	21.0	4.0	2.36					0	1		False	True	False	False	False	False
GO:2000772	regulation of cellular senescence	GO:BP					0.61515	40.0	6.0	4.5					0	1		False	True	False	False	False	False
GO:0022600	digestive system process	GO:BP					0.61516	85.0	11.0	9.57					0	1		False	True	False	False	False	False
GO:0009855	determination of bilateral symmetry	GO:BP					0.61517	94.0	12.0	10.58					0	1		False	True	False	False	False	False
GO:0044058	regulation of digestive system process	GO:BP					0.61517	32.0	5.0	3.6					0	1		False	True	False	False	False	False
GO:0045859	regulation of protein kinase activity	GO:BP					0.61518	219.0	26.0	24.65					0	1		False	True	False	False	False	False
GO:0034440	lipid oxidation	GO:BP					0.61519	104.0	13.0	11.71					0	1		False	True	False	False	False	False
GO:0007007	inner mitochondrial membrane organization	GO:BP					0.61524	44.0	6.0	4.95					0	1		False	True	False	False	False	False
GO:0036230	granulocyte activation	GO:BP					0.61531	47.0	6.0	5.29					0	1		False	True	False	False	False	False
GO:1902412	regulation of mitotic cytokinesis	GO:BP					0.61533	21.0	3.0	2.36					0	1		False	True	False	False	False	False
GO:0043467	regulation of generation of precursor metabolites and energy	GO:BP					0.61534	119.0	14.0	13.4					0	1		False	True	False	False	False	False
GO:0051345	positive regulation of hydrolase activity	GO:BP					0.61537	96.0	18.0	10.81					0	1		False	True	False	False	False	False
GO:0099010	modification of postsynaptic structure	GO:BP					0.61543	34.0	4.0	3.83					0	1		False	True	False	False	False	False
GO:0033157	regulation of intracellular protein transport	GO:BP					0.61546	133.0	15.0	14.97					0	1		False	True	False	False	False	False
GO:0007044	cell-substrate junction assembly	GO:BP					0.61551	91.0	10.0	10.24					0	1		False	True	False	False	False	False
GO:0042634	regulation of hair cycle	GO:BP					0.61554	21.0	2.0	2.36					0	1		False	True	False	False	False	False
GO:0036498	IRE1-mediated unfolded protein response	GO:BP					0.61561	24.0	2.0	2.7					0	1		False	True	False	False	False	False
GO:1900076	regulation of cellular response to insulin stimulus	GO:BP					0.61566	62.0	6.0	6.98					0	1		False	True	False	False	False	False
GO:0060042	retina morphogenesis in camera-type eye	GO:BP					0.61577	40.0	3.0	4.5					0	1		False	True	False	False	False	False
GO:0061178	regulation of insulin secretion involved in cellular response to glucose stimulus	GO:BP					0.6158	55.0	12.0	6.19					0	1		False	True	False	False	False	False
GO:0003229	ventricular cardiac muscle tissue development	GO:BP					0.6161	45.0	2.0	5.07					0	1		False	True	False	False	False	False
GO:1902749	regulation of cell cycle G2/M phase transition	GO:BP					0.61614	109.0	9.0	12.27					0	1		False	True	False	False	False	False
GO:0006112	energy reserve metabolic process	GO:BP					0.61625	78.0	5.0	8.78					0	1		False	True	False	False	False	False
GO:0035148	tube formation	GO:BP					0.61627	70.0	4.0	7.88					0	1		False	True	False	False	False	False
GO:0006694	steroid biosynthetic process	GO:BP					0.61645	154.0	21.0	17.34					0	1		False	True	False	False	False	False
GO:0070828	heterochromatin organization	GO:BP					0.6165	204.0	18.0	22.97					0	1		False	True	False	False	False	False
GO:2000378	negative regulation of reactive oxygen species metabolic process	GO:BP					0.61701	37.0	6.0	4.17					0	1		False	True	False	False	False	False
GO:0032387	negative regulation of intracellular transport	GO:BP					0.61722	52.0	7.0	5.85					0	1		False	True	False	False	False	False
GO:0060999	positive regulation of dendritic spine development	GO:BP					0.61735	38.0	5.0	4.28					0	1		False	True	False	False	False	False
GO:0050982	detection of mechanical stimulus	GO:BP					0.61739	48.0	6.0	5.4					0	1		False	True	False	False	False	False
GO:0003007	heart morphogenesis	GO:BP					0.61742	182.0	21.0	20.49					0	1		False	True	False	False	False	False
GO:0010526	transposable element silencing	GO:BP					0.61749	42.0	5.0	4.73					0	1		False	True	False	False	False	False
GO:1905332	positive regulation of morphogenesis of an epithelium	GO:BP					0.61752	34.0	4.0	3.83					0	1		False	True	False	False	False	False
GO:0006044	N-acetylglucosamine metabolic process	GO:BP					0.61758	18.0	2.0	2.03					0	1		False	True	False	False	False	False
GO:0006855	xenobiotic transmembrane transport	GO:BP					0.61758	18.0	2.0	2.03					0	1		False	True	False	False	False	False
GO:0018200	peptidyl-glutamic acid modification	GO:BP					0.61758	18.0	2.0	2.03					0	1		False	True	False	False	False	False
GO:0019373	epoxygenase P450 pathway	GO:BP					0.61758	18.0	2.0	2.03					0	1		False	True	False	False	False	False
GO:0033003	regulation of mast cell activation	GO:BP					0.61758	18.0	2.0	2.03					0	1		False	True	False	False	False	False
GO:0034244	negative regulation of transcription elongation by RNA polymerase II	GO:BP					0.61758	18.0	2.0	2.03					0	1		False	True	False	False	False	False
GO:0034375	high-density lipoprotein particle remodeling	GO:BP					0.61758	18.0	2.0	2.03					0	1		False	True	False	False	False	False
GO:0034727	piecemeal microautophagy of the nucleus	GO:BP					0.61758	18.0	2.0	2.03					0	1		False	True	False	False	False	False
GO:0035973	aggrephagy	GO:BP					0.61758	18.0	2.0	2.03					0	1		False	True	False	False	False	False
GO:0042537	benzene-containing compound metabolic process	GO:BP					0.61758	18.0	2.0	2.03					0	1		False	True	False	False	False	False
GO:0042953	lipoprotein transport	GO:BP					0.61758	18.0	2.0	2.03					0	1		False	True	False	False	False	False
GO:0043031	negative regulation of macrophage activation	GO:BP					0.61758	18.0	2.0	2.03					0	1		False	True	False	False	False	False
GO:0045039	protein insertion into mitochondrial inner membrane	GO:BP					0.61758	18.0	2.0	2.03					0	1		False	True	False	False	False	False
GO:0045722	positive regulation of gluconeogenesis	GO:BP					0.61758	18.0	2.0	2.03					0	1		False	True	False	False	False	False
GO:0051177	meiotic sister chromatid cohesion	GO:BP					0.61758	18.0	2.0	2.03					0	1		False	True	False	False	False	False
GO:0051447	negative regulation of meiotic cell cycle	GO:BP					0.61758	18.0	2.0	2.03					0	1		False	True	False	False	False	False
GO:0071276	cellular response to cadmium ion	GO:BP					0.61758	18.0	2.0	2.03					0	1		False	True	False	False	False	False
GO:0071318	cellular response to ATP	GO:BP					0.61758	18.0	2.0	2.03					0	1		False	True	False	False	False	False
GO:0071816	tail-anchored membrane protein insertion into ER membrane	GO:BP					0.61758	18.0	2.0	2.03					0	1		False	True	False	False	False	False
GO:0086014	atrial cardiac muscle cell action potential	GO:BP					0.61758	18.0	2.0	2.03					0	1		False	True	False	False	False	False
GO:0099601	regulation of neurotransmitter receptor activity	GO:BP					0.61758	18.0	2.0	2.03					0	1		False	True	False	False	False	False
GO:0141163	positive regulation of cAMP/PKA signal transduction	GO:BP					0.61758	18.0	2.0	2.03					0	1		False	True	False	False	False	False
GO:1902236	negative regulation of endoplasmic reticulum stress-induced intrinsic apoptotic signaling pathway	GO:BP					0.61758	18.0	2.0	2.03					0	1		False	True	False	False	False	False
GO:1990116	ribosome-associated ubiquitin-dependent protein catabolic process	GO:BP					0.61758	18.0	2.0	2.03					0	1		False	True	False	False	False	False
GO:0051168	nuclear export	GO:BP					0.61796	171.0	18.0	19.25					0	1		False	True	False	False	False	False
GO:0070542	response to fatty acid	GO:BP					0.61797	56.0	5.0	6.3					0	1		False	True	False	False	False	False
GO:0007266	Rho protein signal transduction	GO:BP					0.61808	135.0	23.0	15.2					0	1		False	True	False	False	False	False
GO:0042113	B cell activation	GO:BP					0.61938	230.0	20.0	25.89					0	1		False	True	False	False	False	False
GO:2000379	positive regulation of reactive oxygen species metabolic process	GO:BP					0.62022	67.0	11.0	7.54					0	1		False	True	False	False	False	False
GO:0007601	visual perception	GO:BP					0.62203	194.0	22.0	21.84					0	1		False	True	False	False	False	False
GO:0042981	regulation of apoptotic process	GO:BP					0.62221	1224.0	125.0	137.79					0	1		False	True	False	False	False	False
GO:0022607	cellular component assembly	GO:BP					0.62321	3151.0	411.0	354.72					0	1		False	True	False	False	False	False
GO:0007009	plasma membrane organization	GO:BP					0.62367	160.0	21.0	18.01					0	1		False	True	False	False	False	False
GO:0006622	protein targeting to lysosome	GO:BP					0.62486	28.0	3.0	3.15					0	1		False	True	False	False	False	False
GO:0071711	basement membrane organization	GO:BP					0.62486	28.0	3.0	3.15					0	1		False	True	False	False	False	False
GO:0070059	intrinsic apoptotic signaling pathway in response to endoplasmic reticulum stress	GO:BP					0.62508	60.0	6.0	6.75					0	1		False	True	False	False	False	False
GO:0001701	in utero embryonic development	GO:BP					0.62563	73.0	6.0	8.22					0	1		False	True	False	False	False	False
GO:0022409	positive regulation of cell-cell adhesion	GO:BP					0.62846	287.0	19.0	32.31					0	1		False	True	False	False	False	False
GO:0050870	positive regulation of T cell activation	GO:BP					0.62874	217.0	14.0	24.43					0	1		False	True	False	False	False	False
GO:0000278	mitotic cell cycle	GO:BP					0.62984	846.0	86.0	95.24					0	1		False	True	False	False	False	False
GO:0016266	protein O-linked glycosylation via N-acetyl-galactosamine	GO:BP					0.63297	38.0	4.0	4.28					0	1		False	True	False	False	False	False
GO:0035176	social behavior	GO:BP					0.63297	38.0	4.0	4.28					0	1		False	True	False	False	False	False
GO:0001503	ossification	GO:BP					0.64088	329.0	37.0	37.04					0	1		False	True	False	False	False	False
GO:0000245	spliceosomal complex assembly	GO:BP					0.64204	84.0	7.0	9.46					0	1		False	True	False	False	False	False
GO:0090150	establishment of protein localization to membrane	GO:BP					0.64319	266.0	44.0	29.94					0	1		False	True	False	False	False	False
GO:0009653	anatomical structure morphogenesis	GO:BP					0.64397	2128.0	258.0	239.56					0	1		False	True	False	False	False	False
GO:0042594	response to starvation	GO:BP					0.64542	201.0	32.0	22.63					0	1		False	True	False	False	False	False
GO:0002690	positive regulation of leukocyte chemotaxis	GO:BP					0.64633	90.0	14.0	10.13					0	1		False	True	False	False	False	False
GO:0061025	membrane fusion	GO:BP					0.6468	189.0	27.0	21.28					0	1		False	True	False	False	False	False
GO:0006509	membrane protein ectodomain proteolysis	GO:BP					0.64689	44.0	7.0	4.95					0	1		False	True	False	False	False	False
GO:0048640	negative regulation of developmental growth	GO:BP					0.64693	63.0	9.0	7.09					0	1		False	True	False	False	False	False
GO:0010639	negative regulation of organelle organization	GO:BP					0.64708	343.0	40.0	38.61					0	1		False	True	False	False	False	False
GO:0032438	melanosome organization	GO:BP					0.64729	38.0	5.0	4.28					0	1		False	True	False	False	False	False
GO:0006516	glycoprotein catabolic process	GO:BP					0.64739	41.0	5.0	4.62					0	1		False	True	False	False	False	False
GO:0002098	tRNA wobble uridine modification	GO:BP					0.64755	19.0	2.0	2.14					0	1		False	True	False	False	False	False
GO:0002840	regulation of T cell mediated immune response to tumor cell	GO:BP					0.64755	19.0	2.0	2.14					0	1		False	True	False	False	False	False
GO:0006098	pentose-phosphate shunt	GO:BP					0.64755	19.0	2.0	2.14					0	1		False	True	False	False	False	False
GO:0007130	synaptonemal complex assembly	GO:BP					0.64755	19.0	2.0	2.14					0	1		False	True	False	False	False	False
GO:0021801	cerebral cortex radial glia-guided migration	GO:BP					0.64755	19.0	2.0	2.14					0	1		False	True	False	False	False	False
GO:0021854	hypothalamus development	GO:BP					0.64755	19.0	2.0	2.14					0	1		False	True	False	False	False	False
GO:0030517	negative regulation of axon extension	GO:BP					0.64755	19.0	2.0	2.14					0	1		False	True	False	False	False	False
GO:0035024	negative regulation of Rho protein signal transduction	GO:BP					0.64755	19.0	2.0	2.14					0	1		False	True	False	False	False	False
GO:0043171	peptide catabolic process	GO:BP					0.64755	19.0	2.0	2.14					0	1		False	True	False	False	False	False
GO:0051895	negative regulation of focal adhesion assembly	GO:BP					0.64755	19.0	2.0	2.14					0	1		False	True	False	False	False	False
GO:0060325	face morphogenesis	GO:BP					0.64755	19.0	2.0	2.14					0	1		False	True	False	False	False	False
GO:0090083	regulation of inclusion body assembly	GO:BP					0.64755	19.0	2.0	2.14					0	1		False	True	False	False	False	False
GO:0097066	response to thyroid hormone	GO:BP					0.64755	19.0	2.0	2.14					0	1		False	True	False	False	False	False
GO:0097320	plasma membrane tubulation	GO:BP					0.64755	19.0	2.0	2.14					0	1		False	True	False	False	False	False
GO:0098801	regulation of renal system process	GO:BP					0.64755	19.0	2.0	2.14					0	1		False	True	False	False	False	False
GO:0098885	modification of postsynaptic actin cytoskeleton	GO:BP					0.64755	19.0	2.0	2.14					0	1		False	True	False	False	False	False
GO:0098974	postsynaptic actin cytoskeleton organization	GO:BP					0.64755	19.0	2.0	2.14					0	1		False	True	False	False	False	False
GO:0150078	positive regulation of neuroinflammatory response	GO:BP					0.64755	19.0	2.0	2.14					0	1		False	True	False	False	False	False
GO:0160240	RNA polymerase II transcription initiation surveillance	GO:BP					0.64755	19.0	2.0	2.14					0	1		False	True	False	False	False	False
GO:2000737	negative regulation of stem cell differentiation	GO:BP					0.64755	19.0	2.0	2.14					0	1		False	True	False	False	False	False
GO:0046717	acid secretion	GO:BP					0.64758	29.0	3.0	3.26					0	1		False	True	False	False	False	False
GO:0010803	regulation of tumor necrosis factor-mediated signaling pathway	GO:BP					0.6476	65.0	7.0	7.32					0	1		False	True	False	False	False	False
GO:0043162	ubiquitin-dependent protein catabolic process via the multivesicular body sorting pathway	GO:BP					0.64779	35.0	3.0	3.94					0	1		False	True	False	False	False	False
GO:0060349	bone morphogenesis	GO:BP					0.64783	45.0	4.0	5.07					0	1		False	True	False	False	False	False
GO:0061045	negative regulation of wound healing	GO:BP					0.64794	66.0	6.0	7.43					0	1		False	True	False	False	False	False
GO:0032956	regulation of actin cytoskeleton organization	GO:BP					0.64802	322.0	50.0	36.25					0	1		False	True	False	False	False	False
GO:0042246	tissue regeneration	GO:BP					0.64864	55.0	7.0	6.19					0	1		False	True	False	False	False	False
GO:0000132	establishment of mitotic spindle orientation	GO:BP					0.64904	29.0	3.0	3.26					0	1		False	True	False	False	False	False
GO:0002092	positive regulation of receptor internalization	GO:BP					0.64904	29.0	3.0	3.26					0	1		False	True	False	False	False	False
GO:0046676	negative regulation of insulin secretion	GO:BP					0.64904	29.0	3.0	3.26					0	1		False	True	False	False	False	False
GO:0051968	positive regulation of synaptic transmission, glutamatergic	GO:BP					0.64904	29.0	3.0	3.26					0	1		False	True	False	False	False	False
GO:0019216	regulation of lipid metabolic process	GO:BP					0.65121	302.0	28.0	34.0					0	1		False	True	False	False	False	False
GO:0051209	release of sequestered calcium ion into cytosol	GO:BP					0.65171	113.0	17.0	12.72					0	1		False	True	False	False	False	False
GO:0001578	microtubule bundle formation	GO:BP					0.65183	122.0	6.0	13.73					0	1		False	True	False	False	False	False
GO:0042254	ribosome biogenesis	GO:BP					0.65281	323.0	19.0	36.36					0	1		False	True	False	False	False	False
GO:0001676	long-chain fatty acid metabolic process	GO:BP					0.65324	109.0	13.0	12.27					0	1		False	True	False	False	False	False
GO:0032367	intracellular cholesterol transport	GO:BP					0.65372	39.0	4.0	4.39					0	1		False	True	False	False	False	False
GO:1904707	positive regulation of vascular associated smooth muscle cell proliferation	GO:BP					0.65372	39.0	4.0	4.39					0	1		False	True	False	False	False	False
GO:1900182	positive regulation of protein localization to nucleus	GO:BP					0.6538	85.0	9.0	9.57					0	1		False	True	False	False	False	False
GO:0014823	response to activity	GO:BP					0.65397	62.0	6.0	6.98					0	1		False	True	False	False	False	False
GO:0018108	peptidyl-tyrosine phosphorylation	GO:BP					0.65459	119.0	11.0	13.4					0	1		False	True	False	False	False	False
GO:0030111	regulation of Wnt signaling pathway	GO:BP					0.65568	306.0	49.0	34.45					0	1		False	True	False	False	False	False
GO:1904951	positive regulation of establishment of protein localization	GO:BP					0.6558	266.0	44.0	29.94					0	1		False	True	False	False	False	False
GO:1905475	regulation of protein localization to membrane	GO:BP					0.65581	168.0	33.0	18.91					0	1		False	True	False	False	False	False
GO:0051656	establishment of organelle localization	GO:BP					0.65586	367.0	55.0	41.31					0	1		False	True	False	False	False	False
GO:0008037	cell recognition	GO:BP					0.65673	127.0	24.0	14.3					0	1		False	True	False	False	False	False
GO:0046434	organophosphate catabolic process	GO:BP					0.6568	237.0	36.0	26.68					0	1		False	True	False	False	False	False
GO:0015748	organophosphate ester transport	GO:BP					0.65702	175.0	28.0	19.7					0	1		False	True	False	False	False	False
GO:0043279	response to alkaloid	GO:BP					0.65767	78.0	14.0	8.78					0	1		False	True	False	False	False	False
GO:0060485	mesenchyme development	GO:BP					0.65785	264.0	34.0	29.72					0	1		False	True	False	False	False	False
GO:0070646	protein modification by small protein removal	GO:BP					0.65798	127.0	18.0	14.3					0	1		False	True	False	False	False	False
GO:0035493	SNARE complex assembly	GO:BP					0.65807	24.0	6.0	2.7					0	1		False	True	False	False	False	False
GO:0046164	alcohol catabolic process	GO:BP					0.65835	36.0	6.0	4.05					0	1		False	True	False	False	False	False
GO:1902473	regulation of protein localization to synapse	GO:BP					0.65837	28.0	5.0	3.15					0	1		False	True	False	False	False	False
GO:0032107	regulation of response to nutrient levels	GO:BP					0.65841	30.0	5.0	3.38					0	1		False	True	False	False	False	False
GO:0042181	ketone biosynthetic process	GO:BP					0.65854	53.0	7.0	5.97					0	1		False	True	False	False	False	False
GO:0045324	late endosome to vacuole transport	GO:BP					0.65855	36.0	5.0	4.05					0	1		False	True	False	False	False	False
GO:0006144	purine nucleobase metabolic process	GO:BP					0.65857	19.0	3.0	2.14					0	1		False	True	False	False	False	False
GO:0051957	positive regulation of amino acid transport	GO:BP					0.65857	19.0	3.0	2.14					0	1		False	True	False	False	False	False
GO:0014812	muscle cell migration	GO:BP					0.65859	73.0	9.0	8.22					0	1		False	True	False	False	False	False
GO:0070266	necroptotic process	GO:BP					0.6586	38.0	5.0	4.28					0	1		False	True	False	False	False	False
GO:0006970	response to osmotic stress	GO:BP					0.65861	74.0	9.0	8.33					0	1		False	True	False	False	False	False
GO:0071499	cellular response to laminar fluid shear stress	GO:BP					0.65864	31.0	4.0	3.49					0	1		False	True	False	False	False	False
GO:0032205	negative regulation of telomere maintenance	GO:BP					0.65865	40.0	5.0	4.5					0	1		False	True	False	False	False	False
GO:1990266	neutrophil migration	GO:BP					0.65866	85.0	10.0	9.57					0	1		False	True	False	False	False	False
GO:0035358	regulation of peroxisome proliferator activated receptor signaling pathway	GO:BP					0.65878	19.0	2.0	2.14					0	1		False	True	False	False	False	False
GO:0051156	glucose 6-phosphate metabolic process	GO:BP					0.65878	28.0	3.0	3.15					0	1		False	True	False	False	False	False
GO:0051969	regulation of transmission of nerve impulse	GO:BP					0.65878	19.0	2.0	2.14					0	1		False	True	False	False	False	False
GO:1901028	regulation of mitochondrial outer membrane permeabilization involved in apoptotic signaling pathway	GO:BP					0.65878	19.0	2.0	2.14					0	1		False	True	False	False	False	False
GO:0070229	negative regulation of lymphocyte apoptotic process	GO:BP					0.6588	20.0	2.0	2.25					0	1		False	True	False	False	False	False
GO:1902253	regulation of intrinsic apoptotic signaling pathway by p53 class mediator	GO:BP					0.6588	29.0	3.0	3.26					0	1		False	True	False	False	False	False
GO:2001044	regulation of integrin-mediated signaling pathway	GO:BP					0.65885	22.0	2.0	2.48					0	1		False	True	False	False	False	False
GO:0006221	pyrimidine nucleotide biosynthetic process	GO:BP					0.6589	33.0	3.0	3.71					0	1		False	True	False	False	False	False
GO:0046626	regulation of insulin receptor signaling pathway	GO:BP					0.65893	61.0	6.0	6.87					0	1		False	True	False	False	False	False
GO:0042730	fibrinolysis	GO:BP					0.65894	26.0	2.0	2.93					0	1		False	True	False	False	False	False
GO:1904752	regulation of vascular associated smooth muscle cell migration	GO:BP					0.65896	27.0	2.0	3.04					0	1		False	True	False	False	False	False
GO:0046456	icosanoid biosynthetic process	GO:BP					0.65897	54.0	5.0	6.08					0	1		False	True	False	False	False	False
GO:0050764	regulation of phagocytosis	GO:BP					0.65908	94.0	9.0	10.58					0	1		False	True	False	False	False	False
GO:0048524	positive regulation of viral process	GO:BP					0.65914	61.0	5.0	6.87					0	1		False	True	False	False	False	False
GO:0002275	myeloid cell activation involved in immune response	GO:BP					0.65935	88.0	7.0	9.91					0	1		False	True	False	False	False	False
GO:0055008	cardiac muscle tissue morphogenesis	GO:BP					0.65941	46.0	2.0	5.18					0	1		False	True	False	False	False	False
GO:0006289	nucleotide-excision repair	GO:BP					0.66016	89.0	8.0	10.02					0	1		False	True	False	False	False	False
GO:0051983	regulation of chromosome segregation	GO:BP					0.66052	138.0	7.0	15.54					0	1		False	True	False	False	False	False
GO:0050867	positive regulation of cell activation	GO:BP					0.66077	334.0	28.0	37.6					0	1		False	True	False	False	False	False
GO:0071826	protein-RNA complex organization	GO:BP					0.66091	243.0	17.0	27.36					0	1		False	True	False	False	False	False
GO:0009890	negative regulation of biosynthetic process	GO:BP					0.66372	2363.0	219.0	266.01					0	1		False	True	False	False	False	False
GO:0048706	embryonic skeletal system development	GO:BP					0.6655	59.0	6.0	6.64					0	1		False	True	False	False	False	False
GO:0007265	Ras protein signal transduction	GO:BP					0.66577	108.0	11.0	12.16					0	1		False	True	False	False	False	False
GO:0051591	response to cAMP	GO:BP					0.67086	80.0	12.0	9.01					0	1		False	True	False	False	False	False
GO:0021549	cerebellum development	GO:BP					0.67122	62.0	9.0	6.98					0	1		False	True	False	False	False	False
GO:1903008	organelle disassembly	GO:BP					0.6718	76.0	9.0	8.56					0	1		False	True	False	False	False	False
GO:0045648	positive regulation of erythrocyte differentiation	GO:BP					0.6721	30.0	3.0	3.38					0	1		False	True	False	False	False	False
GO:0045948	positive regulation of translational initiation	GO:BP					0.6721	30.0	3.0	3.38					0	1		False	True	False	False	False	False
GO:0071404	cellular response to low-density lipoprotein particle stimulus	GO:BP					0.6721	30.0	3.0	3.38					0	1		False	True	False	False	False	False
GO:0048565	digestive tract development	GO:BP					0.67245	74.0	7.0	8.33					0	1		False	True	False	False	False	False
GO:0001678	intracellular glucose homeostasis	GO:BP					0.67287	143.0	25.0	16.1					0	1		False	True	False	False	False	False
GO:0097120	receptor localization to synapse	GO:BP					0.67365	77.0	15.0	8.67					0	1		False	True	False	False	False	False
GO:0030501	positive regulation of bone mineralization	GO:BP					0.67367	40.0	4.0	4.5					0	1		False	True	False	False	False	False
GO:0055117	regulation of cardiac muscle contraction	GO:BP					0.67501	82.0	11.0	9.23					0	1		False	True	False	False	False	False
GO:0046889	positive regulation of lipid biosynthetic process	GO:BP					0.67515	95.0	12.0	10.69					0	1		False	True	False	False	False	False
GO:0009948	anterior/posterior axis specification	GO:BP					0.67526	36.0	5.0	4.05					0	1		False	True	False	False	False	False
GO:0032814	regulation of natural killer cell activation	GO:BP					0.67526	36.0	5.0	4.05					0	1		False	True	False	False	False	False
GO:2000406	positive regulation of T cell migration	GO:BP					0.67542	32.0	4.0	3.6					0	1		False	True	False	False	False	False
GO:0048754	branching morphogenesis of an epithelial tube	GO:BP					0.67561	73.0	8.0	8.22					0	1		False	True	False	False	False	False
GO:0000290	deadenylation-dependent decapping of nuclear-transcribed mRNA	GO:BP					0.67562	20.0	2.0	2.25					0	1		False	True	False	False	False	False
GO:0010744	positive regulation of macrophage derived foam cell differentiation	GO:BP					0.67562	20.0	2.0	2.25					0	1		False	True	False	False	False	False
GO:0016075	rRNA catabolic process	GO:BP					0.67562	20.0	2.0	2.25					0	1		False	True	False	False	False	False
GO:0032736	positive regulation of interleukin-13 production	GO:BP					0.67562	20.0	2.0	2.25					0	1		False	True	False	False	False	False
GO:0035019	somatic stem cell population maintenance	GO:BP					0.67562	20.0	2.0	2.25					0	1		False	True	False	False	False	False
GO:0040014	regulation of multicellular organism growth	GO:BP					0.67562	20.0	2.0	2.25					0	1		False	True	False	False	False	False
GO:0045662	negative regulation of myoblast differentiation	GO:BP					0.67562	20.0	2.0	2.25					0	1		False	True	False	False	False	False
GO:0045821	positive regulation of glycolytic process	GO:BP					0.67562	20.0	2.0	2.25					0	1		False	True	False	False	False	False
GO:0045945	positive regulation of transcription by RNA polymerase III	GO:BP					0.67562	20.0	2.0	2.25					0	1		False	True	False	False	False	False
GO:0070102	interleukin-6-mediated signaling pathway	GO:BP					0.67562	20.0	2.0	2.25					0	1		False	True	False	False	False	False
GO:1902001	fatty acid transmembrane transport	GO:BP					0.67562	20.0	2.0	2.25					0	1		False	True	False	False	False	False
GO:1902254	negative regulation of intrinsic apoptotic signaling pathway by p53 class mediator	GO:BP					0.67562	20.0	2.0	2.25					0	1		False	True	False	False	False	False
GO:2000738	positive regulation of stem cell differentiation	GO:BP					0.67562	20.0	2.0	2.25					0	1		False	True	False	False	False	False
GO:0090330	regulation of platelet aggregation	GO:BP					0.67565	30.0	3.0	3.38					0	1		False	True	False	False	False	False
GO:0060021	roof of mouth development	GO:BP					0.67592	38.0	3.0	4.28					0	1		False	True	False	False	False	False
GO:0048708	astrocyte differentiation	GO:BP					0.67593	47.0	4.0	5.29					0	1		False	True	False	False	False	False
GO:0120316	sperm flagellum assembly	GO:BP					0.67593	47.0	4.0	5.29					0	1		False	True	False	False	False	False
GO:0006120	mitochondrial electron transport, NADH to ubiquinone	GO:BP					0.67722	50.0	5.0	5.63					0	1		False	True	False	False	False	False
GO:0042110	T cell activation	GO:BP					0.67722	489.0	41.0	55.05					0	1		False	True	False	False	False	False
GO:0071345	cellular response to cytokine stimulus	GO:BP					0.67753	699.0	64.0	78.69					0	1		False	True	False	False	False	False
GO:0050679	positive regulation of epithelial cell proliferation	GO:BP					0.68183	152.0	16.0	17.11					0	1		False	True	False	False	False	False
GO:0150104	transport across blood-brain barrier	GO:BP					0.68355	89.0	9.0	10.02					0	1		False	True	False	False	False	False
GO:0001649	osteoblast differentiation	GO:BP					0.68414	195.0	20.0	21.95					0	1		False	True	False	False	False	False
GO:0032774	RNA biosynthetic process	GO:BP					0.68417	4131.0	369.0	465.05					0	1		False	True	False	False	False	False
GO:0009891	positive regulation of biosynthetic process	GO:BP					0.68451	2522.0	258.0	283.91					0	1		False	True	False	False	False	False
GO:0042127	regulation of cell population proliferation	GO:BP					0.68659	1358.0	138.0	152.88					0	1		False	True	False	False	False	False
GO:0006986	response to unfolded protein	GO:BP					0.69222	144.0	17.0	16.21					0	1		False	True	False	False	False	False
GO:0045860	positive regulation of protein kinase activity	GO:BP					0.69249	118.0	17.0	13.28					0	1		False	True	False	False	False	False
GO:2000145	regulation of cell motility	GO:BP					0.69352	952.0	124.0	107.17					0	1		False	True	False	False	False	False
GO:0000466	maturation of 5.8S rRNA from tricistronic rRNA transcript (SSU-rRNA, 5.8S rRNA, LSU-rRNA)	GO:BP					0.69402	31.0	3.0	3.49					0	1		False	True	False	False	False	False
GO:0001916	positive regulation of T cell mediated cytotoxicity	GO:BP					0.69402	31.0	3.0	3.49					0	1		False	True	False	False	False	False
GO:0002230	positive regulation of defense response to virus by host	GO:BP					0.69402	31.0	3.0	3.49					0	1		False	True	False	False	False	False
GO:0006506	GPI anchor biosynthetic process	GO:BP					0.69402	31.0	3.0	3.49					0	1		False	True	False	False	False	False
GO:0006884	cell volume homeostasis	GO:BP					0.69402	31.0	3.0	3.49					0	1		False	True	False	False	False	False
GO:0019082	viral protein processing	GO:BP					0.69402	31.0	3.0	3.49					0	1		False	True	False	False	False	False
GO:0035235	ionotropic glutamate receptor signaling pathway	GO:BP					0.69402	31.0	3.0	3.49					0	1		False	True	False	False	False	False
GO:0019941	modification-dependent protein catabolic process	GO:BP					0.69424	695.0	92.0	78.24					0	1		False	True	False	False	False	False
GO:0033209	tumor necrosis factor-mediated signaling pathway	GO:BP					0.69451	116.0	12.0	13.06					0	1		False	True	False	False	False	False
GO:0031929	TOR signaling	GO:BP					0.69504	175.0	30.0	19.7					0	1		False	True	False	False	False	False
GO:0032233	positive regulation of actin filament bundle assembly	GO:BP					0.69568	60.0	14.0	6.75					0	1		False	True	False	False	False	False
GO:0001894	tissue homeostasis	GO:BP					0.69575	189.0	16.0	21.28					0	1		False	True	False	False	False	False
GO:0090287	regulation of cellular response to growth factor stimulus	GO:BP					0.69582	280.0	38.0	31.52					0	1		False	True	False	False	False	False
GO:0070848	response to growth factor	GO:BP					0.69591	649.0	79.0	73.06					0	1		False	True	False	False	False	False
GO:0007617	mating behavior	GO:BP					0.69683	21.0	4.0	2.36					0	1		False	True	False	False	False	False
GO:0070723	response to cholesterol	GO:BP					0.69692	25.0	4.0	2.81					0	1		False	True	False	False	False	False
GO:0072540	T-helper 17 cell lineage commitment	GO:BP					0.69692	25.0	4.0	2.81					0	1		False	True	False	False	False	False
GO:0099024	plasma membrane invagination	GO:BP					0.69698	54.0	7.0	6.08					0	1		False	True	False	False	False	False
GO:0071875	adrenergic receptor signaling pathway	GO:BP					0.69699	28.0	4.0	3.15					0	1		False	True	False	False	False	False
GO:0030167	proteoglycan catabolic process	GO:BP					0.69706	22.0	3.0	2.48					0	1		False	True	False	False	False	False
GO:0043302	positive regulation of leukocyte degranulation	GO:BP					0.69706	22.0	3.0	2.48					0	1		False	True	False	False	False	False
GO:0046033	AMP metabolic process	GO:BP					0.69706	22.0	3.0	2.48					0	1		False	True	False	False	False	False
GO:0010715	regulation of extracellular matrix disassembly	GO:BP					0.69708	23.0	3.0	2.59					0	1		False	True	False	False	False	False
GO:0042461	photoreceptor cell development	GO:BP					0.69708	32.0	4.0	3.6					0	1		False	True	False	False	False	False
GO:2000108	positive regulation of leukocyte apoptotic process	GO:BP					0.69708	23.0	3.0	2.59					0	1		False	True	False	False	False	False
GO:0048247	lymphocyte chemotaxis	GO:BP					0.69709	41.0	5.0	4.62					0	1		False	True	False	False	False	False
GO:0001696	gastric acid secretion	GO:BP					0.69719	10.0	1.0	1.13					0	1		False	True	False	False	False	False
GO:0001973	G protein-coupled adenosine receptor signaling pathway	GO:BP					0.69719	10.0	1.0	1.13					0	1		False	True	False	False	False	False
GO:0002461	tolerance induction dependent upon immune response	GO:BP					0.69719	10.0	1.0	1.13					0	1		False	True	False	False	False	False
GO:0002829	negative regulation of type 2 immune response	GO:BP					0.69719	10.0	1.0	1.13					0	1		False	True	False	False	False	False
GO:0002890	negative regulation of immunoglobulin mediated immune response	GO:BP					0.69719	10.0	1.0	1.13					0	1		False	True	False	False	False	False
GO:0002923	regulation of humoral immune response mediated by circulating immunoglobulin	GO:BP					0.69719	10.0	1.0	1.13					0	1		False	True	False	False	False	False
GO:0003222	ventricular trabecula myocardium morphogenesis	GO:BP					0.69719	10.0	1.0	1.13					0	1		False	True	False	False	False	False
GO:0003401	axis elongation	GO:BP					0.69719	10.0	1.0	1.13					0	1		False	True	False	False	False	False
GO:0006188	IMP biosynthetic process	GO:BP					0.69719	10.0	1.0	1.13					0	1		False	True	False	False	False	False
GO:0006307	DNA alkylation repair	GO:BP					0.69719	10.0	1.0	1.13					0	1		False	True	False	False	False	False
GO:0006560	L-proline metabolic process	GO:BP					0.69719	10.0	1.0	1.13					0	1		False	True	False	False	False	False
GO:0006751	glutathione catabolic process	GO:BP					0.69719	10.0	1.0	1.13					0	1		False	True	False	False	False	False
GO:0006784	heme A biosynthetic process	GO:BP					0.69719	10.0	1.0	1.13					0	1		False	True	False	False	False	False
GO:0006868	glutamine transport	GO:BP					0.69719	10.0	1.0	1.13					0	1		False	True	False	False	False	False
GO:0007431	salivary gland development	GO:BP					0.69719	10.0	1.0	1.13					0	1		False	True	False	False	False	False
GO:0007512	adult heart development	GO:BP					0.69719	10.0	1.0	1.13					0	1		False	True	False	False	False	False
GO:0007635	chemosensory behavior	GO:BP					0.69719	10.0	1.0	1.13					0	1		False	True	False	False	False	False
GO:0009138	pyrimidine nucleoside diphosphate metabolic process	GO:BP					0.69719	10.0	1.0	1.13					0	1		False	True	False	False	False	False
GO:0009396	folic acid-containing compound biosynthetic process	GO:BP					0.69719	10.0	1.0	1.13					0	1		False	True	False	False	False	False
GO:0010255	glucose mediated signaling pathway	GO:BP					0.69719	10.0	1.0	1.13					0	1		False	True	False	False	False	False
GO:0010455	positive regulation of cell fate commitment	GO:BP					0.69719	10.0	1.0	1.13					0	1		False	True	False	False	False	False
GO:0010459	negative regulation of heart rate	GO:BP					0.69719	10.0	1.0	1.13					0	1		False	True	False	False	False	False
GO:0010887	negative regulation of cholesterol storage	GO:BP					0.69719	10.0	1.0	1.13					0	1		False	True	False	False	False	False
GO:0014889	muscle atrophy	GO:BP					0.69719	10.0	1.0	1.13					0	1		False	True	False	False	False	False
GO:0015820	L-leucine transport	GO:BP					0.69719	10.0	1.0	1.13					0	1		False	True	False	False	False	False
GO:0019532	oxalate transport	GO:BP					0.69719	10.0	1.0	1.13					0	1		False	True	False	False	False	False
GO:0019673	GDP-mannose metabolic process	GO:BP					0.69719	10.0	1.0	1.13					0	1		False	True	False	False	False	False
GO:0021542	dentate gyrus development	GO:BP					0.69719	10.0	1.0	1.13					0	1		False	True	False	False	False	False
GO:0021559	trigeminal nerve development	GO:BP					0.69719	10.0	1.0	1.13					0	1		False	True	False	False	False	False
GO:0021591	ventricular system development	GO:BP					0.69719	10.0	1.0	1.13					0	1		False	True	False	False	False	False
GO:0031509	subtelomeric heterochromatin formation	GO:BP					0.69719	10.0	1.0	1.13					0	1		False	True	False	False	False	False
GO:0031946	regulation of glucocorticoid biosynthetic process	GO:BP					0.69719	10.0	1.0	1.13					0	1		False	True	False	False	False	False
GO:0032025	response to cobalt ion	GO:BP					0.69719	10.0	1.0	1.13					0	1		False	True	False	False	False	False
GO:0032201	telomere maintenance via semi-conservative replication	GO:BP					0.69719	10.0	1.0	1.13					0	1		False	True	False	False	False	False
GO:0033152	immunoglobulin V(D)J recombination	GO:BP					0.69719	10.0	1.0	1.13					0	1		False	True	False	False	False	False
GO:0034351	negative regulation of glial cell apoptotic process	GO:BP					0.69719	10.0	1.0	1.13					0	1		False	True	False	False	False	False
GO:0034776	response to histamine	GO:BP					0.69719	10.0	1.0	1.13					0	1		False	True	False	False	False	False
GO:0035137	hindlimb morphogenesis	GO:BP					0.69719	10.0	1.0	1.13					0	1		False	True	False	False	False	False
GO:0035356	intracellular triglyceride homeostasis	GO:BP					0.69719	10.0	1.0	1.13					0	1		False	True	False	False	False	False
GO:0035360	positive regulation of peroxisome proliferator activated receptor signaling pathway	GO:BP					0.69719	10.0	1.0	1.13					0	1		False	True	False	False	False	False
GO:0035723	interleukin-15-mediated signaling pathway	GO:BP					0.69719	10.0	1.0	1.13					0	1		False	True	False	False	False	False
GO:0035999	tetrahydrofolate interconversion	GO:BP					0.69719	10.0	1.0	1.13					0	1		False	True	False	False	False	False
GO:0036261	7-methylguanosine cap hypermethylation	GO:BP					0.69719	10.0	1.0	1.13					0	1		False	True	False	False	False	False
GO:0036446	myofibroblast differentiation	GO:BP					0.69719	10.0	1.0	1.13					0	1		False	True	False	False	False	False
GO:0036490	regulation of translation in response to endoplasmic reticulum stress	GO:BP					0.69719	10.0	1.0	1.13					0	1		False	True	False	False	False	False
GO:0042415	norepinephrine metabolic process	GO:BP					0.69719	10.0	1.0	1.13					0	1		False	True	False	False	False	False
GO:0044557	relaxation of smooth muscle	GO:BP					0.69719	10.0	1.0	1.13					0	1		False	True	False	False	False	False
GO:0044829	host-mediated activation of viral genome replication	GO:BP					0.69719	10.0	1.0	1.13					0	1		False	True	False	False	False	False
GO:0045003	double-strand break repair via synthesis-dependent strand annealing	GO:BP					0.69719	10.0	1.0	1.13					0	1		False	True	False	False	False	False
GO:0045176	apical protein localization	GO:BP					0.69719	10.0	1.0	1.13					0	1		False	True	False	False	False	False
GO:0045654	positive regulation of megakaryocyte differentiation	GO:BP					0.69719	10.0	1.0	1.13					0	1		False	True	False	False	False	False
GO:0045986	negative regulation of smooth muscle contraction	GO:BP					0.69719	10.0	1.0	1.13					0	1		False	True	False	False	False	False
GO:0046035	CMP metabolic process	GO:BP					0.69719	10.0	1.0	1.13					0	1		False	True	False	False	False	False
GO:0046940	nucleoside monophosphate phosphorylation	GO:BP					0.69719	10.0	1.0	1.13					0	1		False	True	False	False	False	False
GO:0048194	Golgi vesicle budding	GO:BP					0.69719	10.0	1.0	1.13					0	1		False	True	False	False	False	False
GO:0051798	positive regulation of hair follicle development	GO:BP					0.69719	10.0	1.0	1.13					0	1		False	True	False	False	False	False
GO:0052646	alditol phosphate metabolic process	GO:BP					0.69719	10.0	1.0	1.13					0	1		False	True	False	False	False	False
GO:0060033	anatomical structure regression	GO:BP					0.69719	10.0	1.0	1.13					0	1		False	True	False	False	False	False
GO:0060046	regulation of acrosome reaction	GO:BP					0.69719	10.0	1.0	1.13					0	1		False	True	False	False	False	False
GO:0060216	definitive hemopoiesis	GO:BP					0.69719	10.0	1.0	1.13					0	1		False	True	False	False	False	False
GO:0060287	epithelial cilium movement involved in determination of left/right asymmetry	GO:BP					0.69719	10.0	1.0	1.13					0	1		False	True	False	False	False	False
GO:0060352	cell adhesion molecule production	GO:BP					0.69719	10.0	1.0	1.13					0	1		False	True	False	False	False	False
GO:0060379	cardiac muscle cell myoblast differentiation	GO:BP					0.69719	10.0	1.0	1.13					0	1		False	True	False	False	False	False
GO:0060397	growth hormone receptor signaling pathway via JAK-STAT	GO:BP					0.69719	10.0	1.0	1.13					0	1		False	True	False	False	False	False
GO:0060856	establishment of blood-brain barrier	GO:BP					0.69719	10.0	1.0	1.13					0	1		False	True	False	False	False	False
GO:0061043	regulation of vascular wound healing	GO:BP					0.69719	10.0	1.0	1.13					0	1		False	True	False	False	False	False
GO:0061309	cardiac neural crest cell development involved in outflow tract morphogenesis	GO:BP					0.69719	10.0	1.0	1.13					0	1		False	True	False	False	False	False
GO:0061517	macrophage proliferation	GO:BP					0.69719	10.0	1.0	1.13					0	1		False	True	False	False	False	False
GO:0070561	vitamin D receptor signaling pathway	GO:BP					0.69719	10.0	1.0	1.13					0	1		False	True	False	False	False	False
GO:0070669	response to interleukin-2	GO:BP					0.69719	10.0	1.0	1.13					0	1		False	True	False	False	False	False
GO:0071362	cellular response to ether	GO:BP					0.69719	10.0	1.0	1.13					0	1		False	True	False	False	False	False
GO:0071389	cellular response to mineralocorticoid stimulus	GO:BP					0.69719	10.0	1.0	1.13					0	1		False	True	False	False	False	False
GO:0071421	manganese ion transmembrane transport	GO:BP					0.69719	10.0	1.0	1.13					0	1		False	True	False	False	False	False
GO:0072189	ureter development	GO:BP					0.69719	10.0	1.0	1.13					0	1		False	True	False	False	False	False
GO:0072697	protein localization to cell cortex	GO:BP					0.69719	10.0	1.0	1.13					0	1		False	True	False	False	False	False
GO:0072710	response to hydroxyurea	GO:BP					0.69719	10.0	1.0	1.13					0	1		False	True	False	False	False	False
GO:0086016	AV node cell action potential	GO:BP					0.69719	10.0	1.0	1.13					0	1		False	True	False	False	False	False
GO:0090281	negative regulation of calcium ion import	GO:BP					0.69719	10.0	1.0	1.13					0	1		False	True	False	False	False	False
GO:0090331	negative regulation of platelet aggregation	GO:BP					0.69719	10.0	1.0	1.13					0	1		False	True	False	False	False	False
GO:0097119	postsynaptic density protein 95 clustering	GO:BP					0.69719	10.0	1.0	1.13					0	1		False	True	False	False	False	False
GO:0097503	sialylation	GO:BP					0.69719	10.0	1.0	1.13					0	1		False	True	False	False	False	False
GO:0098743	cell aggregation	GO:BP					0.69719	10.0	1.0	1.13					0	1		False	True	False	False	False	False
GO:0098903	regulation of membrane repolarization during action potential	GO:BP					0.69719	10.0	1.0	1.13					0	1		False	True	False	False	False	False
GO:0098908	regulation of neuronal action potential	GO:BP					0.69719	10.0	1.0	1.13					0	1		False	True	False	False	False	False
GO:0098976	excitatory chemical synaptic transmission	GO:BP					0.69719	10.0	1.0	1.13					0	1		False	True	False	False	False	False
GO:0106300	protein-DNA covalent cross-linking repair	GO:BP					0.69719	10.0	1.0	1.13					0	1		False	True	False	False	False	False
GO:1901029	negative regulation of mitochondrial outer membrane permeabilization involved in apoptotic signaling pathway	GO:BP					0.69719	10.0	1.0	1.13					0	1		False	True	False	False	False	False
GO:1901072	glucosamine-containing compound catabolic process	GO:BP					0.69719	10.0	1.0	1.13					0	1		False	True	False	False	False	False
GO:1901856	negative regulation of cellular respiration	GO:BP					0.69719	10.0	1.0	1.13					0	1		False	True	False	False	False	False
GO:1902966	positive regulation of protein localization to early endosome	GO:BP					0.69719	10.0	1.0	1.13					0	1		False	True	False	False	False	False
GO:1903059	regulation of protein lipidation	GO:BP					0.69719	10.0	1.0	1.13					0	1		False	True	False	False	False	False
GO:1904580	regulation of intracellular mRNA localization	GO:BP					0.69719	10.0	1.0	1.13					0	1		False	True	False	False	False	False
GO:1905806	regulation of synapse pruning	GO:BP					0.69719	10.0	1.0	1.13					0	1		False	True	False	False	False	False
GO:1905939	regulation of gonad development	GO:BP					0.69719	10.0	1.0	1.13					0	1		False	True	False	False	False	False
GO:1990314	cellular response to insulin-like growth factor stimulus	GO:BP					0.69719	10.0	1.0	1.13					0	1		False	True	False	False	False	False
GO:1990700	nucleolar chromatin organization	GO:BP					0.69719	10.0	1.0	1.13					0	1		False	True	False	False	False	False
GO:1990859	cellular response to endothelin	GO:BP					0.69719	10.0	1.0	1.13					0	1		False	True	False	False	False	False
GO:2000425	regulation of apoptotic cell clearance	GO:BP					0.69719	10.0	1.0	1.13					0	1		False	True	False	False	False	False
GO:2000668	regulation of dendritic cell apoptotic process	GO:BP					0.69719	10.0	1.0	1.13					0	1		False	True	False	False	False	False
GO:2000679	positive regulation of transcription regulatory region DNA binding	GO:BP					0.69719	10.0	1.0	1.13					0	1		False	True	False	False	False	False
GO:0043555	regulation of translation in response to stress	GO:BP					0.69721	20.0	2.0	2.25					0	1		False	True	False	False	False	False
GO:0002097	tRNA wobble base modification	GO:BP					0.69722	29.0	3.0	3.26					0	1		False	True	False	False	False	False
GO:0045123	cellular extravasation	GO:BP					0.69723	65.0	7.0	7.32					0	1		False	True	False	False	False	False
GO:0003209	cardiac atrium morphogenesis	GO:BP					0.69724	21.0	2.0	2.36					0	1		False	True	False	False	False	False
GO:0015874	norepinephrine transport	GO:BP					0.69724	21.0	2.0	2.36					0	1		False	True	False	False	False	False
GO:0043470	regulation of carbohydrate catabolic process	GO:BP					0.69725	57.0	6.0	6.42					0	1		False	True	False	False	False	False
GO:0071044	histone mRNA catabolic process	GO:BP					0.69726	22.0	2.0	2.48					0	1		False	True	False	False	False	False
GO:1903902	positive regulation of viral life cycle	GO:BP					0.69726	22.0	2.0	2.48					0	1		False	True	False	False	False	False
GO:0010565	regulation of ketone metabolic process	GO:BP					0.69731	122.0	13.0	13.73					0	1		False	True	False	False	False	False
GO:0072528	pyrimidine-containing compound biosynthetic process	GO:BP					0.69734	43.0	4.0	4.84					0	1		False	True	False	False	False	False
GO:0006027	glycosaminoglycan catabolic process	GO:BP					0.69738	27.0	2.0	3.04					0	1		False	True	False	False	False	False
GO:0032507	maintenance of protein location in cell	GO:BP					0.69743	47.0	4.0	5.29					0	1		False	True	False	False	False	False
GO:0035196	miRNA processing	GO:BP					0.69758	45.0	3.0	5.07					0	1		False	True	False	False	False	False
GO:0006998	nuclear envelope organization	GO:BP					0.69784	56.0	3.0	6.3					0	1		False	True	False	False	False	False
GO:0031032	actomyosin structure organization	GO:BP					0.69863	191.0	32.0	21.5					0	1		False	True	False	False	False	False
GO:0072384	organelle transport along microtubule	GO:BP					0.69942	90.0	18.0	10.13					0	1		False	True	False	False	False	False
GO:0000723	telomere maintenance	GO:BP					0.70095	163.0	21.0	18.35					0	1		False	True	False	False	False	False
GO:0030833	regulation of actin filament polymerization	GO:BP					0.70106	113.0	15.0	12.72					0	1		False	True	False	False	False	False
GO:2000060	positive regulation of ubiquitin-dependent protein catabolic process	GO:BP					0.70112	97.0	13.0	10.92					0	1		False	True	False	False	False	False
GO:0060632	regulation of microtubule-based movement	GO:BP					0.70133	59.0	8.0	6.64					0	1		False	True	False	False	False	False
GO:0042742	defense response to bacterium	GO:BP					0.70137	249.0	19.0	28.03					0	1		False	True	False	False	False	False
GO:0002323	natural killer cell activation involved in immune response	GO:BP					0.70184	21.0	2.0	2.36					0	1		False	True	False	False	False	False
GO:0031643	positive regulation of myelination	GO:BP					0.70184	21.0	2.0	2.36					0	1		False	True	False	False	False	False
GO:0036120	cellular response to platelet-derived growth factor stimulus	GO:BP					0.70184	21.0	2.0	2.36					0	1		False	True	False	False	False	False
GO:0039702	viral budding via host ESCRT complex	GO:BP					0.70184	21.0	2.0	2.36					0	1		False	True	False	False	False	False
GO:0071377	cellular response to glucagon stimulus	GO:BP					0.70184	21.0	2.0	2.36					0	1		False	True	False	False	False	False
GO:0072234	metanephric nephron tubule development	GO:BP					0.70184	21.0	2.0	2.36					0	1		False	True	False	False	False	False
GO:0086012	membrane depolarization during cardiac muscle cell action potential	GO:BP					0.70184	21.0	2.0	2.36					0	1		False	True	False	False	False	False
GO:2001259	positive regulation of cation channel activity	GO:BP					0.70184	21.0	2.0	2.36					0	1		False	True	False	False	False	False
GO:0016242	negative regulation of macroautophagy	GO:BP					0.70191	32.0	3.0	3.6					0	1		False	True	False	False	False	False
GO:0006473	protein acetylation	GO:BP					0.70194	33.0	3.0	3.71					0	1		False	True	False	False	False	False
GO:0030149	sphingolipid catabolic process	GO:BP					0.70223	42.0	3.0	4.73					0	1		False	True	False	False	False	False
GO:0003006	developmental process involved in reproduction	GO:BP					0.70359	794.0	59.0	89.38					0	1		False	True	False	False	False	False
GO:0010628	positive regulation of gene expression	GO:BP					0.70532	1069.0	105.0	120.34					0	1		False	True	False	False	False	False
GO:0007018	microtubule-based movement	GO:BP					0.70669	490.0	65.0	55.16					0	1		False	True	False	False	False	False
GO:0016579	protein deubiquitination	GO:BP					0.71097	108.0	14.0	12.16					0	1		False	True	False	False	False	False
GO:0009953	dorsal/ventral pattern formation	GO:BP					0.71112	42.0	4.0	4.73					0	1		False	True	False	False	False	False
GO:0050911	detection of chemical stimulus involved in sensory perception of smell	GO:BP					0.71225	224.0	23.0	25.22					0	1		False	True	False	False	False	False
GO:0007338	single fertilization	GO:BP					0.7128	123.0	12.0	13.85					0	1		False	True	False	False	False	False
GO:0006911	phagocytosis, engulfment	GO:BP					0.71423	44.0	6.0	4.95					0	1		False	True	False	False	False	False
GO:0015701	bicarbonate transport	GO:BP					0.71481	32.0	3.0	3.6					0	1		False	True	False	False	False	False
GO:0048646	anatomical structure formation involved in morphogenesis	GO:BP					0.71529	977.0	96.0	109.99					0	1		False	True	False	False	False	False
GO:0006974	DNA damage response	GO:BP					0.71573	922.0	75.0	103.79					0	1		False	True	False	False	False	False
GO:0071456	cellular response to hypoxia	GO:BP					0.72031	144.0	17.0	16.21					0	1		False	True	False	False	False	False
GO:0048870	cell motility	GO:BP					0.72299	1617.0	192.0	182.03					0	1		False	True	False	False	False	False
GO:0046887	positive regulation of hormone secretion	GO:BP					0.72331	135.0	25.0	15.2					0	1		False	True	False	False	False	False
GO:0015837	amine transport	GO:BP					0.7241	88.0	17.0	9.91					0	1		False	True	False	False	False	False
GO:0048278	vesicle docking	GO:BP					0.7246	59.0	12.0	6.64					0	1		False	True	False	False	False	False
GO:0001881	receptor recycling	GO:BP					0.72501	45.0	9.0	5.07					0	1		False	True	False	False	False	False
GO:0007271	synaptic transmission, cholinergic	GO:BP					0.72548	33.0	6.0	3.71					0	1		False	True	False	False	False	False
GO:0010614	negative regulation of cardiac muscle hypertrophy	GO:BP					0.72554	35.0	6.0	3.94					0	1		False	True	False	False	False	False
GO:0030326	embryonic limb morphogenesis	GO:BP					0.72558	45.0	7.0	5.07					0	1		False	True	False	False	False	False
GO:0099022	vesicle tethering	GO:BP					0.72573	32.0	5.0	3.6					0	1		False	True	False	False	False	False
GO:0046888	negative regulation of hormone secretion	GO:BP					0.72593	56.0	7.0	6.3					0	1		False	True	False	False	False	False
GO:0019433	triglyceride catabolic process	GO:BP					0.72611	35.0	4.0	3.94					0	1		False	True	False	False	False	False
GO:0000479	endonucleolytic cleavage of tricistronic rRNA transcript (SSU-rRNA, 5.8S rRNA, LSU-rRNA)	GO:BP					0.72627	22.0	2.0	2.48					0	1		False	True	False	False	False	False
GO:0006658	phosphatidylserine metabolic process	GO:BP					0.72627	22.0	2.0	2.48					0	1		False	True	False	False	False	False
GO:0034755	iron ion transmembrane transport	GO:BP					0.72627	22.0	2.0	2.48					0	1		False	True	False	False	False	False
GO:0035721	intraciliary retrograde transport	GO:BP					0.72627	22.0	2.0	2.48					0	1		False	True	False	False	False	False
GO:0048143	astrocyte activation	GO:BP					0.72627	22.0	2.0	2.48					0	1		False	True	False	False	False	False
GO:1902455	negative regulation of stem cell population maintenance	GO:BP					0.72627	22.0	2.0	2.48					0	1		False	True	False	False	False	False
GO:0032008	positive regulation of TOR signaling	GO:BP					0.72632	77.0	8.0	8.67					0	1		False	True	False	False	False	False
GO:0071695	anatomical structure maturation	GO:BP					0.72649	171.0	18.0	19.25					0	1		False	True	False	False	False	False
GO:0044458	motile cilium assembly	GO:BP					0.72664	69.0	6.0	7.77					0	1		False	True	False	False	False	False
GO:0071560	cellular response to transforming growth factor beta stimulus	GO:BP					0.72664	239.0	31.0	26.91					0	1		False	True	False	False	False	False
GO:0042572	retinol metabolic process	GO:BP					0.72673	53.0	5.0	5.97					0	1		False	True	False	False	False	False
GO:0008585	female gonad development	GO:BP					0.72682	57.0	4.0	6.42					0	1		False	True	False	False	False	False
GO:1990748	cellular detoxification	GO:BP					0.72707	118.0	10.0	13.28					0	1		False	True	False	False	False	False
GO:0043488	regulation of mRNA stability	GO:BP					0.72712	217.0	21.0	24.43					0	1		False	True	False	False	False	False
GO:0007155	cell adhesion	GO:BP					0.72715	1415.0	173.0	159.29					0	1		False	True	False	False	False	False
GO:0033108	mitochondrial respiratory chain complex assembly	GO:BP					0.72725	97.0	7.0	10.92					0	1		False	True	False	False	False	False
GO:0045765	regulation of angiogenesis	GO:BP					0.72837	291.0	25.0	32.76					0	1		False	True	False	False	False	False
GO:0051239	regulation of multicellular organismal process	GO:BP					0.72845	2666.0	312.0	300.12					0	1		False	True	False	False	False	False
GO:0045087	innate immune response	GO:BP					0.72854	972.0	107.0	109.42					0	1		False	True	False	False	False	False
GO:0031623	receptor internalization	GO:BP					0.72904	132.0	13.0	14.86					0	1		False	True	False	False	False	False
GO:0015698	inorganic anion transport	GO:BP					0.72951	154.0	26.0	17.34					0	1		False	True	False	False	False	False
GO:1905477	positive regulation of protein localization to membrane	GO:BP					0.72999	86.0	16.0	9.68					0	1		False	True	False	False	False	False
GO:0009416	response to light stimulus	GO:BP					0.73041	247.0	32.0	27.81					0	1		False	True	False	False	False	False
GO:2000377	regulation of reactive oxygen species metabolic process	GO:BP					0.73042	132.0	19.0	14.86					0	1		False	True	False	False	False	False
GO:0035337	fatty-acyl-CoA metabolic process	GO:BP					0.73047	45.0	9.0	5.07					0	1		False	True	False	False	False	False
GO:0046785	microtubule polymerization	GO:BP					0.7305	100.0	15.0	11.26					0	1		False	True	False	False	False	False
GO:1902373	negative regulation of mRNA catabolic process	GO:BP					0.73061	87.0	13.0	9.79					0	1		False	True	False	False	False	False
GO:0002686	negative regulation of leukocyte migration	GO:BP					0.73062	43.0	8.0	4.84					0	1		False	True	False	False	False	False
GO:0008544	epidermis development	GO:BP					0.73076	241.0	21.0	27.13					0	1		False	True	False	False	False	False
GO:0014033	neural crest cell differentiation	GO:BP					0.73081	69.0	10.0	7.77					0	1		False	True	False	False	False	False
GO:0021879	forebrain neuron differentiation	GO:BP					0.73082	43.0	7.0	4.84					0	1		False	True	False	False	False	False
GO:0046470	phosphatidylcholine metabolic process	GO:BP					0.73085	71.0	10.0	7.99					0	1		False	True	False	False	False	False
GO:0090382	phagosome maturation	GO:BP					0.73088	28.0	5.0	3.15					0	1		False	True	False	False	False	False
GO:0006700	C21-steroid hormone biosynthetic process	GO:BP					0.73115	22.0	3.0	2.48					0	1		False	True	False	False	False	False
GO:0010818	T cell chemotaxis	GO:BP					0.73119	24.0	3.0	2.7					0	1		False	True	False	False	False	False
GO:0070168	negative regulation of biomineral tissue development	GO:BP					0.73119	24.0	3.0	2.7					0	1		False	True	False	False	False	False
GO:0010669	epithelial structure maintenance	GO:BP					0.73122	34.0	4.0	3.83					0	1		False	True	False	False	False	False
GO:0000050	urea cycle	GO:BP					0.7313	11.0	1.0	1.24					0	1		False	True	False	False	False	False
GO:0002838	negative regulation of immune response to tumor cell	GO:BP					0.7313	11.0	1.0	1.24					0	1		False	True	False	False	False	False
GO:0002934	desmosome organization	GO:BP					0.7313	11.0	1.0	1.24					0	1		False	True	False	False	False	False
GO:0006177	GMP biosynthetic process	GO:BP					0.7313	11.0	1.0	1.24					0	1		False	True	False	False	False	False
GO:0006283	transcription-coupled nucleotide-excision repair	GO:BP					0.7313	11.0	1.0	1.24					0	1		False	True	False	False	False	False
GO:0007379	segment specification	GO:BP					0.7313	11.0	1.0	1.24					0	1		False	True	False	False	False	False
GO:0009120	deoxyribonucleoside metabolic process	GO:BP					0.7313	11.0	1.0	1.24					0	1		False	True	False	False	False	False
GO:0009188	ribonucleoside diphosphate biosynthetic process	GO:BP					0.7313	11.0	1.0	1.24					0	1		False	True	False	False	False	False
GO:0009222	pyrimidine ribonucleotide catabolic process	GO:BP					0.7313	11.0	1.0	1.24					0	1		False	True	False	False	False	False
GO:0010826	negative regulation of centrosome duplication	GO:BP					0.7313	11.0	1.0	1.24					0	1		False	True	False	False	False	False
GO:0010917	negative regulation of mitochondrial membrane potential	GO:BP					0.7313	11.0	1.0	1.24					0	1		False	True	False	False	False	False
GO:0014061	regulation of norepinephrine secretion	GO:BP					0.7313	11.0	1.0	1.24					0	1		False	True	False	False	False	False
GO:0016056	G protein-coupled opsin signaling pathway	GO:BP					0.7313	11.0	1.0	1.24					0	1		False	True	False	False	False	False
GO:0019065	receptor-mediated endocytosis of virus by host cell	GO:BP					0.7313	11.0	1.0	1.24					0	1		False	True	False	False	False	False
GO:0021783	preganglionic parasympathetic fiber development	GO:BP					0.7313	11.0	1.0	1.24					0	1		False	True	False	False	False	False
GO:0030213	hyaluronan biosynthetic process	GO:BP					0.7313	11.0	1.0	1.24					0	1		False	True	False	False	False	False
GO:0030948	negative regulation of vascular endothelial growth factor receptor signaling pathway	GO:BP					0.7313	11.0	1.0	1.24					0	1		False	True	False	False	False	False
GO:0031650	regulation of heat generation	GO:BP					0.7313	11.0	1.0	1.24					0	1		False	True	False	False	False	False
GO:0032661	regulation of interleukin-18 production	GO:BP					0.7313	11.0	1.0	1.24					0	1		False	True	False	False	False	False
GO:0033079	immature T cell proliferation	GO:BP					0.7313	11.0	1.0	1.24					0	1		False	True	False	False	False	False
GO:0034165	positive regulation of toll-like receptor 9 signaling pathway	GO:BP					0.7313	11.0	1.0	1.24					0	1		False	True	False	False	False	False
GO:0034379	very-low-density lipoprotein particle assembly	GO:BP					0.7313	11.0	1.0	1.24					0	1		False	True	False	False	False	False
GO:0035437	maintenance of protein localization in endoplasmic reticulum	GO:BP					0.7313	11.0	1.0	1.24					0	1		False	True	False	False	False	False
GO:0035666	TRIF-dependent toll-like receptor signaling pathway	GO:BP					0.7313	11.0	1.0	1.24					0	1		False	True	False	False	False	False
GO:0035871	protein K11-linked deubiquitination	GO:BP					0.7313	11.0	1.0	1.24					0	1		False	True	False	False	False	False
GO:0042754	negative regulation of circadian rhythm	GO:BP					0.7313	11.0	1.0	1.24					0	1		False	True	False	False	False	False
GO:0044029	positive regulation of gene expression via chromosomal CpG island demethylation	GO:BP					0.7313	11.0	1.0	1.24					0	1		False	True	False	False	False	False
GO:0044070	regulation of monoatomic anion transport	GO:BP					0.7313	11.0	1.0	1.24					0	1		False	True	False	False	False	False
GO:0044571	[2Fe-2S] cluster assembly	GO:BP					0.7313	11.0	1.0	1.24					0	1		False	True	False	False	False	False
GO:0045603	positive regulation of endothelial cell differentiation	GO:BP					0.7313	11.0	1.0	1.24					0	1		False	True	False	False	False	False
GO:0046886	positive regulation of hormone biosynthetic process	GO:BP					0.7313	11.0	1.0	1.24					0	1		False	True	False	False	False	False
GO:0048241	epinephrine transport	GO:BP					0.7313	11.0	1.0	1.24					0	1		False	True	False	False	False	False
GO:0048484	enteric nervous system development	GO:BP					0.7313	11.0	1.0	1.24					0	1		False	True	False	False	False	False
GO:0050847	progesterone receptor signaling pathway	GO:BP					0.7313	11.0	1.0	1.24					0	1		False	True	False	False	False	False
GO:0051013	microtubule severing	GO:BP					0.7313	11.0	1.0	1.24					0	1		False	True	False	False	False	False
GO:0051469	vesicle fusion with vacuole	GO:BP					0.7313	11.0	1.0	1.24					0	1		False	True	False	False	False	False
GO:0055064	chloride ion homeostasis	GO:BP					0.7313	11.0	1.0	1.24					0	1		False	True	False	False	False	False
GO:0060413	atrial septum morphogenesis	GO:BP					0.7313	11.0	1.0	1.24					0	1		False	True	False	False	False	False
GO:0060575	intestinal epithelial cell differentiation	GO:BP					0.7313	11.0	1.0	1.24					0	1		False	True	False	False	False	False
GO:0060977	coronary vasculature morphogenesis	GO:BP					0.7313	11.0	1.0	1.24					0	1		False	True	False	False	False	False
GO:0061511	centriole elongation	GO:BP					0.7313	11.0	1.0	1.24					0	1		False	True	False	False	False	False
GO:0062111	zinc ion import into organelle	GO:BP					0.7313	11.0	1.0	1.24					0	1		False	True	False	False	False	False
GO:0070099	regulation of chemokine-mediated signaling pathway	GO:BP					0.7313	11.0	1.0	1.24					0	1		False	True	False	False	False	False
GO:0070233	negative regulation of T cell apoptotic process	GO:BP					0.7313	11.0	1.0	1.24					0	1		False	True	False	False	False	False
GO:0071028	nuclear mRNA surveillance	GO:BP					0.7313	11.0	1.0	1.24					0	1		False	True	False	False	False	False
GO:0071349	cellular response to interleukin-12	GO:BP					0.7313	11.0	1.0	1.24					0	1		False	True	False	False	False	False
GO:0071649	regulation of chemokine (C-C motif) ligand 5 production	GO:BP					0.7313	11.0	1.0	1.24					0	1		False	True	False	False	False	False
GO:0071888	macrophage apoptotic process	GO:BP					0.7313	11.0	1.0	1.24					0	1		False	True	False	False	False	False
GO:0072283	metanephric renal vesicle morphogenesis	GO:BP					0.7313	11.0	1.0	1.24					0	1		False	True	False	False	False	False
GO:0075733	intracellular transport of virus	GO:BP					0.7313	11.0	1.0	1.24					0	1		False	True	False	False	False	False
GO:0086015	SA node cell action potential	GO:BP					0.7313	11.0	1.0	1.24					0	1		False	True	False	False	False	False
GO:0086100	endothelin receptor signaling pathway	GO:BP					0.7313	11.0	1.0	1.24					0	1		False	True	False	False	False	False
GO:0090206	negative regulation of cholesterol metabolic process	GO:BP					0.7313	11.0	1.0	1.24					0	1		False	True	False	False	False	False
GO:0097050	type B pancreatic cell apoptotic process	GO:BP					0.7313	11.0	1.0	1.24					0	1		False	True	False	False	False	False
GO:0098937	anterograde dendritic transport	GO:BP					0.7313	11.0	1.0	1.24					0	1		False	True	False	False	False	False
GO:0120186	negative regulation of protein localization to chromatin	GO:BP					0.7313	11.0	1.0	1.24					0	1		False	True	False	False	False	False
GO:0140507	granzyme-mediated programmed cell death signaling pathway	GO:BP					0.7313	11.0	1.0	1.24					0	1		False	True	False	False	False	False
GO:0160257	complement activation, GZMK pathway	GO:BP					0.7313	11.0	1.0	1.24					0	1		False	True	False	False	False	False
GO:1900246	positive regulation of RIG-I signaling pathway	GO:BP					0.7313	11.0	1.0	1.24					0	1		False	True	False	False	False	False
GO:1900426	positive regulation of defense response to bacterium	GO:BP					0.7313	11.0	1.0	1.24					0	1		False	True	False	False	False	False
GO:1901329	regulation of odontoblast differentiation	GO:BP					0.7313	11.0	1.0	1.24					0	1		False	True	False	False	False	False
GO:1902902	negative regulation of autophagosome assembly	GO:BP					0.7313	11.0	1.0	1.24					0	1		False	True	False	False	False	False
GO:1903589	positive regulation of blood vessel endothelial cell proliferation involved in sprouting angiogenesis	GO:BP					0.7313	11.0	1.0	1.24					0	1		False	True	False	False	False	False
GO:1903764	regulation of potassium ion export across plasma membrane	GO:BP					0.7313	11.0	1.0	1.24					0	1		False	True	False	False	False	False
GO:1990481	mRNA pseudouridine synthesis	GO:BP					0.7313	11.0	1.0	1.24					0	1		False	True	False	False	False	False
GO:2000321	positive regulation of T-helper 17 cell differentiation	GO:BP					0.7313	11.0	1.0	1.24					0	1		False	True	False	False	False	False
GO:2000392	regulation of lamellipodium morphogenesis	GO:BP					0.7313	11.0	1.0	1.24					0	1		False	True	False	False	False	False
GO:2000508	regulation of dendritic cell chemotaxis	GO:BP					0.7313	11.0	1.0	1.24					0	1		False	True	False	False	False	False
GO:2000637	positive regulation of miRNA-mediated gene silencing	GO:BP					0.7313	11.0	1.0	1.24					0	1		False	True	False	False	False	False
GO:2000739	regulation of mesenchymal stem cell differentiation	GO:BP					0.7313	11.0	1.0	1.24					0	1		False	True	False	False	False	False
GO:2001256	regulation of store-operated calcium entry	GO:BP					0.7313	11.0	1.0	1.24					0	1		False	True	False	False	False	False
GO:0009749	response to glucose	GO:BP					0.73131	156.0	26.0	17.56					0	1		False	True	False	False	False	False
GO:0010888	negative regulation of lipid storage	GO:BP					0.73132	21.0	2.0	2.36					0	1		False	True	False	False	False	False
GO:0045624	positive regulation of T-helper cell differentiation	GO:BP					0.73135	22.0	2.0	2.48					0	1		False	True	False	False	False	False
GO:0034453	microtubule anchoring	GO:BP					0.73141	25.0	2.0	2.81					0	1		False	True	False	False	False	False
GO:0045667	regulation of osteoblast differentiation	GO:BP					0.73144	106.0	11.0	11.93					0	1		False	True	False	False	False	False
GO:0061668	mitochondrial ribosome assembly	GO:BP					0.73144	26.0	2.0	2.93					0	1		False	True	False	False	False	False
GO:0072091	regulation of stem cell proliferation	GO:BP					0.73144	35.0	3.0	3.94					0	1		False	True	False	False	False	False
GO:2000191	regulation of fatty acid transport	GO:BP					0.73144	26.0	2.0	2.93					0	1		False	True	False	False	False	False
GO:0035315	hair cell differentiation	GO:BP					0.73146	27.0	2.0	3.04					0	1		False	True	False	False	False	False
GO:1902882	regulation of response to oxidative stress	GO:BP					0.73146	27.0	2.0	3.04					0	1		False	True	False	False	False	False
GO:0050435	amyloid-beta metabolic process	GO:BP					0.73156	58.0	5.0	6.53					0	1		False	True	False	False	False	False
GO:0045143	homologous chromosome segregation	GO:BP					0.73158	50.0	4.0	5.63					0	1		False	True	False	False	False	False
GO:0072080	nephron tubule development	GO:BP					0.73169	73.0	6.0	8.22					0	1		False	True	False	False	False	False
GO:0060538	skeletal muscle organ development	GO:BP					0.73192	101.0	8.0	11.37					0	1		False	True	False	False	False	False
GO:0072175	epithelial tube formation	GO:BP					0.73204	62.0	3.0	6.98					0	1		False	True	False	False	False	False
GO:1903038	negative regulation of leukocyte cell-cell adhesion	GO:BP					0.7324	131.0	9.0	14.75					0	1		False	True	False	False	False	False
GO:0002695	negative regulation of leukocyte activation	GO:BP					0.73248	170.0	13.0	19.14					0	1		False	True	False	False	False	False
GO:0016525	negative regulation of angiogenesis	GO:BP					0.73291	106.0	11.0	11.93					0	1		False	True	False	False	False	False
GO:2000243	positive regulation of reproductive process	GO:BP					0.73397	64.0	8.0	7.2					0	1		False	True	False	False	False	False
GO:0032259	methylation	GO:BP					0.73399	220.0	22.0	24.77					0	1		False	True	False	False	False	False
GO:0035278	miRNA-mediated gene silencing by inhibition of translation	GO:BP					0.73449	33.0	3.0	3.71					0	1		False	True	False	False	False	False
GO:0048240	sperm capacitation	GO:BP					0.73449	33.0	3.0	3.71					0	1		False	True	False	False	False	False
GO:0060412	ventricular septum morphogenesis	GO:BP					0.73449	33.0	3.0	3.71					0	1		False	True	False	False	False	False
GO:0007276	gamete generation	GO:BP					0.73803	685.0	44.0	77.11					0	1		False	True	False	False	False	False
GO:0032922	circadian regulation of gene expression	GO:BP					0.741	64.0	6.0	7.2					0	1		False	True	False	False	False	False
GO:0070098	chemokine-mediated signaling pathway	GO:BP					0.74159	85.0	8.0	9.57					0	1		False	True	False	False	False	False
GO:0010507	negative regulation of autophagy	GO:BP					0.74223	86.0	8.0	9.68					0	1		False	True	False	False	False	False
GO:0007166	cell surface receptor signaling pathway	GO:BP					0.74497	2565.0	306.0	288.75					0	1		False	True	False	False	False	False
GO:0006814	sodium ion transport	GO:BP					0.74582	234.0	37.0	26.34					0	1		False	True	False	False	False	False
GO:0030258	lipid modification	GO:BP					0.74733	166.0	24.0	18.69					0	1		False	True	False	False	False	False
GO:0006816	calcium ion transport	GO:BP					0.74814	404.0	59.0	45.48					0	1		False	True	False	False	False	False
GO:0034394	protein localization to cell surface	GO:BP					0.74869	58.0	7.0	6.53					0	1		False	True	False	False	False	False
GO:0030518	nuclear receptor-mediated steroid hormone signaling pathway	GO:BP					0.74872	130.0	15.0	14.63					0	1		False	True	False	False	False	False
GO:0030279	negative regulation of ossification	GO:BP					0.74883	36.0	4.0	4.05					0	1		False	True	False	False	False	False
GO:1903170	negative regulation of calcium ion transmembrane transport	GO:BP					0.74883	36.0	4.0	4.05					0	1		False	True	False	False	False	False
GO:0071470	cellular response to osmotic stress	GO:BP					0.74884	54.0	6.0	6.08					0	1		False	True	False	False	False	False
GO:0000463	maturation of LSU-rRNA from tricistronic rRNA transcript (SSU-rRNA, 5.8S rRNA, LSU-rRNA)	GO:BP					0.74898	23.0	2.0	2.59					0	1		False	True	False	False	False	False
GO:0002675	positive regulation of acute inflammatory response	GO:BP					0.74898	23.0	2.0	2.59					0	1		False	True	False	False	False	False
GO:0007097	nuclear migration	GO:BP					0.74898	23.0	2.0	2.59					0	1		False	True	False	False	False	False
GO:0010894	negative regulation of steroid biosynthetic process	GO:BP					0.74898	23.0	2.0	2.59					0	1		False	True	False	False	False	False
GO:0010971	positive regulation of G2/M transition of mitotic cell cycle	GO:BP					0.74898	23.0	2.0	2.59					0	1		False	True	False	False	False	False
GO:0014850	response to muscle activity	GO:BP					0.74898	23.0	2.0	2.59					0	1		False	True	False	False	False	False
GO:0032212	positive regulation of telomere maintenance via telomerase	GO:BP					0.74898	23.0	2.0	2.59					0	1		False	True	False	False	False	False
GO:0032753	positive regulation of interleukin-4 production	GO:BP					0.74898	23.0	2.0	2.59					0	1		False	True	False	False	False	False
GO:0045987	positive regulation of smooth muscle contraction	GO:BP					0.74898	23.0	2.0	2.59					0	1		False	True	False	False	False	False
GO:0061158	3'-UTR-mediated mRNA destabilization	GO:BP					0.74898	23.0	2.0	2.59					0	1		False	True	False	False	False	False
GO:0061952	midbody abscission	GO:BP					0.74898	23.0	2.0	2.59					0	1		False	True	False	False	False	False
GO:2000001	regulation of DNA damage checkpoint	GO:BP					0.74898	23.0	2.0	2.59					0	1		False	True	False	False	False	False
GO:0048260	positive regulation of receptor-mediated endocytosis	GO:BP					0.74905	52.0	5.0	5.85					0	1		False	True	False	False	False	False
GO:0010824	regulation of centrosome duplication	GO:BP					0.7493	51.0	4.0	5.74					0	1		False	True	False	False	False	False
GO:0051180	vitamin transport	GO:BP					0.74933	52.0	4.0	5.85					0	1		False	True	False	False	False	False
GO:0030219	megakaryocyte differentiation	GO:BP					0.74961	52.0	3.0	5.85					0	1		False	True	False	False	False	False
GO:0019722	calcium-mediated signaling	GO:BP					0.75102	213.0	31.0	23.98					0	1		False	True	False	False	False	False
GO:0030217	T cell differentiation	GO:BP					0.75138	259.0	20.0	29.16					0	1		False	True	False	False	False	False
GO:0008210	estrogen metabolic process	GO:BP					0.75308	34.0	3.0	3.83					0	1		False	True	False	False	False	False
GO:0050860	negative regulation of T cell receptor signaling pathway	GO:BP					0.75308	34.0	3.0	3.83					0	1		False	True	False	False	False	False
GO:0071392	cellular response to estradiol stimulus	GO:BP					0.75308	34.0	3.0	3.83					0	1		False	True	False	False	False	False
GO:0042908	xenobiotic transport	GO:BP					0.75309	52.0	5.0	5.85					0	1		False	True	False	False	False	False
GO:1903829	positive regulation of protein localization	GO:BP					0.75336	453.0	70.0	51.0					0	1		False	True	False	False	False	False
GO:0060337	type I interferon-mediated signaling pathway	GO:BP					0.75355	73.0	6.0	8.22					0	1		False	True	False	False	False	False
GO:0032526	response to retinoic acid	GO:BP					0.75378	97.0	8.0	10.92					0	1		False	True	False	False	False	False
GO:0006805	xenobiotic metabolic process	GO:BP					0.75551	123.0	13.0	13.85					0	1		False	True	False	False	False	False
GO:0008217	regulation of blood pressure	GO:BP					0.75629	156.0	17.0	17.56					0	1		False	True	False	False	False	False
GO:0009887	animal organ morphogenesis	GO:BP					0.75667	593.0	61.0	66.76					0	1		False	True	False	False	False	False
GO:0006633	fatty acid biosynthetic process	GO:BP					0.75753	164.0	15.0	18.46					0	1		False	True	False	False	False	False
GO:0009410	response to xenobiotic stimulus	GO:BP					0.75766	339.0	38.0	38.16					0	1		False	True	False	False	False	False
GO:0030003	intracellular monoatomic cation homeostasis	GO:BP					0.75776	401.0	64.0	45.14					0	1		False	True	False	False	False	False
GO:0002682	regulation of immune system process	GO:BP					0.75914	1461.0	147.0	164.47					0	1		False	True	False	False	False	False
GO:0032103	positive regulation of response to external stimulus	GO:BP					0.76062	618.0	74.0	69.57					0	1		False	True	False	False	False	False
GO:0006903	vesicle targeting	GO:BP					0.76081	66.0	11.0	7.43					0	1		False	True	False	False	False	False
GO:0072593	reactive oxygen species metabolic process	GO:BP					0.76084	192.0	25.0	21.61					0	1		False	True	False	False	False	False
GO:0032434	regulation of proteasomal ubiquitin-dependent protein catabolic process	GO:BP					0.76089	123.0	17.0	13.85					0	1		False	True	False	False	False	False
GO:0051452	intracellular pH reduction	GO:BP					0.76098	56.0	9.0	6.3					0	1		False	True	False	False	False	False
GO:0032924	activin receptor signaling pathway	GO:BP					0.76134	46.0	6.0	5.18					0	1		False	True	False	False	False	False
GO:0060416	response to growth hormone	GO:BP					0.76136	38.0	5.0	4.28					0	1		False	True	False	False	False	False
GO:1902116	negative regulation of organelle assembly	GO:BP					0.76138	48.0	6.0	5.4					0	1		False	True	False	False	False	False
GO:0090594	inflammatory response to wounding	GO:BP					0.7614	22.0	3.0	2.48					0	1		False	True	False	False	False	False
GO:0048738	cardiac muscle tissue development	GO:BP					0.76146	176.0	20.0	19.81					0	1		False	True	False	False	False	False
GO:0016233	telomere capping	GO:BP					0.76149	26.0	3.0	2.93					0	1		False	True	False	False	False	False
GO:0001990	regulation of systemic arterial blood pressure by hormone	GO:BP					0.76155	38.0	4.0	4.28					0	1		False	True	False	False	False	False
GO:0001711	endodermal cell fate commitment	GO:BP					0.76157	12.0	1.0	1.35					0	1		False	True	False	False	False	False
GO:0001768	establishment of T cell polarity	GO:BP					0.76157	12.0	1.0	1.35					0	1		False	True	False	False	False	False
GO:0002003	angiotensin maturation	GO:BP					0.76157	12.0	1.0	1.35					0	1		False	True	False	False	False	False
GO:0002357	defense response to tumor cell	GO:BP					0.76157	12.0	1.0	1.35					0	1		False	True	False	False	False	False
GO:0002551	mast cell chemotaxis	GO:BP					0.76157	12.0	1.0	1.35					0	1		False	True	False	False	False	False
GO:0002725	negative regulation of T cell cytokine production	GO:BP					0.76157	12.0	1.0	1.35					0	1		False	True	False	False	False	False
GO:0003183	mitral valve morphogenesis	GO:BP					0.76157	12.0	1.0	1.35					0	1		False	True	False	False	False	False
GO:0003198	epithelial to mesenchymal transition involved in endocardial cushion formation	GO:BP					0.76157	12.0	1.0	1.35					0	1		False	True	False	False	False	False
GO:0006002	fructose 6-phosphate metabolic process	GO:BP					0.76157	12.0	1.0	1.35					0	1		False	True	False	False	False	False
GO:0006678	glucosylceramide metabolic process	GO:BP					0.76157	12.0	1.0	1.35					0	1		False	True	False	False	False	False
GO:0006750	glutathione biosynthetic process	GO:BP					0.76157	12.0	1.0	1.35					0	1		False	True	False	False	False	False
GO:0009174	pyrimidine ribonucleoside monophosphate biosynthetic process	GO:BP					0.76157	12.0	1.0	1.35					0	1		False	True	False	False	False	False
GO:0010524	positive regulation of calcium ion transport into cytosol	GO:BP					0.76157	12.0	1.0	1.35					0	1		False	True	False	False	False	False
GO:0010832	negative regulation of myotube differentiation	GO:BP					0.76157	12.0	1.0	1.35					0	1		False	True	False	False	False	False
GO:0015866	ADP transport	GO:BP					0.76157	12.0	1.0	1.35					0	1		False	True	False	False	False	False
GO:0018394	peptidyl-lysine acetylation	GO:BP					0.76157	12.0	1.0	1.35					0	1		False	True	False	False	False	False
GO:0019682	glyceraldehyde-3-phosphate metabolic process	GO:BP					0.76157	12.0	1.0	1.35					0	1		False	True	False	False	False	False
GO:0021756	striatum development	GO:BP					0.76157	12.0	1.0	1.35					0	1		False	True	False	False	False	False
GO:0030210	heparin proteoglycan biosynthetic process	GO:BP					0.76157	12.0	1.0	1.35					0	1		False	True	False	False	False	False
GO:0031126	sno(s)RNA 3'-end processing	GO:BP					0.76157	12.0	1.0	1.35					0	1		False	True	False	False	False	False
GO:0033262	regulation of nuclear cell cycle DNA replication	GO:BP					0.76157	12.0	1.0	1.35					0	1		False	True	False	False	False	False
GO:0034214	protein hexamerization	GO:BP					0.76157	12.0	1.0	1.35					0	1		False	True	False	False	False	False
GO:0034454	microtubule anchoring at centrosome	GO:BP					0.76157	12.0	1.0	1.35					0	1		False	True	False	False	False	False
GO:0034651	cortisol biosynthetic process	GO:BP					0.76157	12.0	1.0	1.35					0	1		False	True	False	False	False	False
GO:0034975	protein folding in endoplasmic reticulum	GO:BP					0.76157	12.0	1.0	1.35					0	1		False	True	False	False	False	False
GO:0036295	cellular response to increased oxygen levels	GO:BP					0.76157	12.0	1.0	1.35					0	1		False	True	False	False	False	False
GO:0036302	atrioventricular canal development	GO:BP					0.76157	12.0	1.0	1.35					0	1		False	True	False	False	False	False
GO:0043174	nucleoside salvage	GO:BP					0.76157	12.0	1.0	1.35					0	1		False	True	False	False	False	False
GO:0044828	host-mediated suppression of viral genome replication	GO:BP					0.76157	12.0	1.0	1.35					0	1		False	True	False	False	False	False
GO:0045050	protein insertion into ER membrane by stop-transfer membrane-anchor sequence	GO:BP					0.76157	12.0	1.0	1.35					0	1		False	True	False	False	False	False
GO:0045161	neuronal ion channel clustering	GO:BP					0.76157	12.0	1.0	1.35					0	1		False	True	False	False	False	False
GO:0045838	positive regulation of membrane potential	GO:BP					0.76157	12.0	1.0	1.35					0	1		False	True	False	False	False	False
GO:0045989	positive regulation of striated muscle contraction	GO:BP					0.76157	12.0	1.0	1.35					0	1		False	True	False	False	False	False
GO:0046325	negative regulation of D-glucose import across plasma membrane	GO:BP					0.76157	12.0	1.0	1.35					0	1		False	True	False	False	False	False
GO:0046598	positive regulation of viral entry into host cell	GO:BP					0.76157	12.0	1.0	1.35					0	1		False	True	False	False	False	False
GO:0047484	regulation of response to osmotic stress	GO:BP					0.76157	12.0	1.0	1.35					0	1		False	True	False	False	False	False
GO:0048532	anatomical structure arrangement	GO:BP					0.76157	12.0	1.0	1.35					0	1		False	True	False	False	False	False
GO:0050665	hydrogen peroxide biosynthetic process	GO:BP					0.76157	12.0	1.0	1.35					0	1		False	True	False	False	False	False
GO:0050930	induction of positive chemotaxis	GO:BP					0.76157	12.0	1.0	1.35					0	1		False	True	False	False	False	False
GO:0051081	nuclear membrane disassembly	GO:BP					0.76157	12.0	1.0	1.35					0	1		False	True	False	False	False	False
GO:0051133	regulation of NK T cell activation	GO:BP					0.76157	12.0	1.0	1.35					0	1		False	True	False	False	False	False
GO:0051918	negative regulation of fibrinolysis	GO:BP					0.76157	12.0	1.0	1.35					0	1		False	True	False	False	False	False
GO:0055057	neuroblast division	GO:BP					0.76157	12.0	1.0	1.35					0	1		False	True	False	False	False	False
GO:0060004	reflex	GO:BP					0.76157	12.0	1.0	1.35					0	1		False	True	False	False	False	False
GO:0060253	negative regulation of glial cell proliferation	GO:BP					0.76157	12.0	1.0	1.35					0	1		False	True	False	False	False	False
GO:0060841	venous blood vessel development	GO:BP					0.76157	12.0	1.0	1.35					0	1		False	True	False	False	False	False
GO:0061723	glycophagy	GO:BP					0.76157	12.0	1.0	1.35					0	1		False	True	False	False	False	False
GO:0061763	multivesicular body-lysosome fusion	GO:BP					0.76157	12.0	1.0	1.35					0	1		False	True	False	False	False	False
GO:0070837	dehydroascorbic acid transport	GO:BP					0.76157	12.0	1.0	1.35					0	1		False	True	False	False	False	False
GO:0070914	UV-damage excision repair	GO:BP					0.76157	12.0	1.0	1.35					0	1		False	True	False	False	False	False
GO:0071045	nuclear histone mRNA catabolic process	GO:BP					0.76157	12.0	1.0	1.35					0	1		False	True	False	False	False	False
GO:0071340	skeletal muscle acetylcholine-gated channel clustering	GO:BP					0.76157	12.0	1.0	1.35					0	1		False	True	False	False	False	False
GO:0071493	cellular response to UV-B	GO:BP					0.76157	12.0	1.0	1.35					0	1		False	True	False	False	False	False
GO:0090160	Golgi to lysosome transport	GO:BP					0.76157	12.0	1.0	1.35					0	1		False	True	False	False	False	False
GO:0090435	protein localization to nuclear envelope	GO:BP					0.76157	12.0	1.0	1.35					0	1		False	True	False	False	False	False
GO:0090481	pyrimidine nucleotide-sugar transmembrane transport	GO:BP					0.76157	12.0	1.0	1.35					0	1		False	True	False	False	False	False
GO:0097150	neuronal stem cell population maintenance	GO:BP					0.76157	12.0	1.0	1.35					0	1		False	True	False	False	False	False
GO:0098911	regulation of ventricular cardiac muscle cell action potential	GO:BP					0.76157	12.0	1.0	1.35					0	1		False	True	False	False	False	False
GO:0120181	focal adhesion disassembly	GO:BP					0.76157	12.0	1.0	1.35					0	1		False	True	False	False	False	False
GO:1901797	negative regulation of signal transduction by p53 class mediator	GO:BP					0.76157	39.0	4.0	4.39					0	1		False	True	False	False	False	False
GO:1903332	regulation of protein folding	GO:BP					0.76157	12.0	1.0	1.35					0	1		False	True	False	False	False	False
GO:1903939	regulation of TORC2 signaling	GO:BP					0.76157	12.0	1.0	1.35					0	1		False	True	False	False	False	False
GO:1904178	negative regulation of adipose tissue development	GO:BP					0.76157	12.0	1.0	1.35					0	1		False	True	False	False	False	False
GO:1904507	positive regulation of telomere maintenance in response to DNA damage	GO:BP					0.76157	12.0	1.0	1.35					0	1		False	True	False	False	False	False
GO:2000561	regulation of CD4-positive, alpha-beta T cell proliferation	GO:BP					0.76157	12.0	1.0	1.35					0	1		False	True	False	False	False	False
GO:2000660	negative regulation of interleukin-1-mediated signaling pathway	GO:BP					0.76157	12.0	1.0	1.35					0	1		False	True	False	False	False	False
GO:0006359	regulation of transcription by RNA polymerase III	GO:BP					0.76162	32.0	3.0	3.6					0	1		False	True	False	False	False	False
GO:0045646	regulation of erythrocyte differentiation	GO:BP					0.76164	42.0	4.0	4.73					0	1		False	True	False	False	False	False
GO:0000027	ribosomal large subunit assembly	GO:BP					0.7617	27.0	2.0	3.04					0	1		False	True	False	False	False	False
GO:0051293	establishment of spindle localization	GO:BP					0.76171	54.0	5.0	6.08					0	1		False	True	False	False	False	False
GO:0014009	glial cell proliferation	GO:BP					0.76177	39.0	3.0	4.39					0	1		False	True	False	False	False	False
GO:0046638	positive regulation of alpha-beta T cell differentiation	GO:BP					0.76183	42.0	3.0	4.73					0	1		False	True	False	False	False	False
GO:0006997	nucleus organization	GO:BP					0.7619	125.0	12.0	14.07					0	1		False	True	False	False	False	False
GO:0048771	tissue remodeling	GO:BP					0.76196	119.0	11.0	13.4					0	1		False	True	False	False	False	False
GO:0046328	regulation of JNK cascade	GO:BP					0.76212	135.0	12.0	15.2					0	1		False	True	False	False	False	False
GO:0071214	cellular response to abiotic stimulus	GO:BP					0.76241	308.0	30.0	34.67					0	1		False	True	False	False	False	False
GO:0007051	spindle organization	GO:BP					0.76263	194.0	16.0	21.84					0	1		False	True	False	False	False	False
GO:1903046	meiotic cell cycle process	GO:BP					0.7637	190.0	10.0	21.39					0	1		False	True	False	False	False	False
GO:0050852	T cell receptor signaling pathway	GO:BP					0.76516	140.0	16.0	15.76					0	1		False	True	False	False	False	False
GO:0001501	skeletal system development	GO:BP					0.76714	325.0	36.0	36.59					0	1		False	True	False	False	False	False
GO:0070373	negative regulation of ERK1 and ERK2 cascade	GO:BP					0.76753	66.0	6.0	7.43					0	1		False	True	False	False	False	False
GO:0098869	cellular oxidant detoxification	GO:BP					0.76799	84.0	7.0	9.46					0	1		False	True	False	False	False	False
GO:0030522	intracellular receptor signaling pathway	GO:BP					0.76956	390.0	45.0	43.9					0	1		False	True	False	False	False	False
GO:0051155	positive regulation of striated muscle cell differentiation	GO:BP					0.76982	34.0	4.0	3.83					0	1		False	True	False	False	False	False
GO:0048568	embryonic organ development	GO:BP					0.76987	240.0	27.0	27.02					0	1		False	True	False	False	False	False
GO:0002227	innate immune response in mucosa	GO:BP					0.77005	24.0	2.0	2.7					0	1		False	True	False	False	False	False
GO:0007026	negative regulation of microtubule depolymerization	GO:BP					0.77005	24.0	2.0	2.7					0	1		False	True	False	False	False	False
GO:0007588	excretion	GO:BP					0.77005	24.0	2.0	2.7					0	1		False	True	False	False	False	False
GO:0007595	lactation	GO:BP					0.77005	24.0	2.0	2.7					0	1		False	True	False	False	False	False
GO:0009220	pyrimidine ribonucleotide biosynthetic process	GO:BP					0.77005	24.0	2.0	2.7					0	1		False	True	False	False	False	False
GO:0032727	positive regulation of interferon-alpha production	GO:BP					0.77005	24.0	2.0	2.7					0	1		False	True	False	False	False	False
GO:0046835	carbohydrate phosphorylation	GO:BP					0.77005	24.0	2.0	2.7					0	1		False	True	False	False	False	False
GO:0048546	digestive tract morphogenesis	GO:BP					0.77005	24.0	2.0	2.7					0	1		False	True	False	False	False	False
GO:0090050	positive regulation of cell migration involved in sprouting angiogenesis	GO:BP					0.77005	24.0	2.0	2.7					0	1		False	True	False	False	False	False
GO:0150105	protein localization to cell-cell junction	GO:BP					0.77005	24.0	2.0	2.7					0	1		False	True	False	False	False	False
GO:1901673	regulation of mitotic spindle assembly	GO:BP					0.77005	24.0	2.0	2.7					0	1		False	True	False	False	False	False
GO:2000648	positive regulation of stem cell proliferation	GO:BP					0.77005	24.0	2.0	2.7					0	1		False	True	False	False	False	False
GO:0015695	organic cation transport	GO:BP					0.7704	118.0	13.0	13.28					0	1		False	True	False	False	False	False
GO:0048469	cell maturation	GO:BP					0.7704	127.0	14.0	14.3					0	1		False	True	False	False	False	False
GO:2000781	positive regulation of double-strand break repair	GO:BP					0.77046	99.0	10.0	11.14					0	1		False	True	False	False	False	False
GO:1901224	positive regulation of non-canonical NF-kappaB signal transduction	GO:BP					0.77053	56.0	5.0	6.3					0	1		False	True	False	False	False	False
GO:0046329	negative regulation of JNK cascade	GO:BP					0.77061	35.0	3.0	3.94					0	1		False	True	False	False	False	False
GO:0030330	DNA damage response, signal transduction by p53 class mediator	GO:BP					0.77063	71.0	7.0	7.99					0	1		False	True	False	False	False	False
GO:0015711	organic anion transport	GO:BP					0.77092	425.0	61.0	47.84					0	1		False	True	False	False	False	False
GO:0009612	response to mechanical stimulus	GO:BP					0.77433	193.0	26.0	21.73					0	1		False	True	False	False	False	False
GO:0043124	negative regulation of canonical NF-kappaB signal transduction	GO:BP					0.77725	87.0	8.0	9.79					0	1		False	True	False	False	False	False
GO:0051607	defense response to virus	GO:BP					0.77846	291.0	30.0	32.76					0	1		False	True	False	False	False	False
GO:0010468	regulation of gene expression	GO:BP					0.78154	4666.0	445.0	525.27					0	1		False	True	False	False	False	False
GO:0051028	mRNA transport	GO:BP					0.78477	130.0	11.0	14.63					0	1		False	True	False	False	False	False
GO:0010038	response to metal ion	GO:BP					0.78637	298.0	44.0	33.55					0	1		False	True	False	False	False	False
GO:0046718	symbiont entry into host cell	GO:BP					0.78726	129.0	13.0	14.52					0	1		False	True	False	False	False	False
GO:0008589	regulation of smoothened signaling pathway	GO:BP					0.78729	74.0	14.0	8.33					0	1		False	True	False	False	False	False
GO:0043536	positive regulation of blood vessel endothelial cell migration	GO:BP					0.78733	60.0	5.0	6.75					0	1		False	True	False	False	False	False
GO:0043087	regulation of GTPase activity	GO:BP					0.7878	116.0	19.0	13.06					0	1		False	True	False	False	False	False
GO:2000785	regulation of autophagosome assembly	GO:BP					0.7878	45.0	8.0	5.07					0	1		False	True	False	False	False	False
GO:0071357	cellular response to type I interferon	GO:BP					0.78781	109.0	9.0	12.27					0	1		False	True	False	False	False	False
GO:0008156	negative regulation of DNA replication	GO:BP					0.788	28.0	5.0	3.15					0	1		False	True	False	False	False	False
GO:1903725	regulation of phospholipid metabolic process	GO:BP					0.788	37.0	6.0	4.17					0	1		False	True	False	False	False	False
GO:0046173	polyol biosynthetic process	GO:BP					0.78807	58.0	8.0	6.53					0	1		False	True	False	False	False	False
GO:0030177	positive regulation of Wnt signaling pathway	GO:BP					0.78816	137.0	20.0	15.42					0	1		False	True	False	False	False	False
GO:0072012	glomerulus vasculature development	GO:BP					0.78816	27.0	4.0	3.04					0	1		False	True	False	False	False	False
GO:0050810	regulation of steroid biosynthetic process	GO:BP					0.78818	72.0	9.0	8.11					0	1		False	True	False	False	False	False
GO:0170034	L-amino acid biosynthetic process	GO:BP					0.78819	46.0	6.0	5.18					0	1		False	True	False	False	False	False
GO:0032835	glomerulus development	GO:BP					0.78826	58.0	7.0	6.53					0	1		False	True	False	False	False	False
GO:0048333	mesodermal cell differentiation	GO:BP					0.78827	23.0	3.0	2.59					0	1		False	True	False	False	False	False
GO:0005979	regulation of glycogen biosynthetic process	GO:BP					0.78835	27.0	3.0	3.04					0	1		False	True	False	False	False	False
GO:0006691	leukotriene metabolic process	GO:BP					0.78839	29.0	3.0	3.26					0	1		False	True	False	False	False	False
GO:0000054	ribosomal subunit export from nucleus	GO:BP					0.78843	13.0	1.0	1.46					0	1		False	True	False	False	False	False
GO:0000101	sulfur amino acid transport	GO:BP					0.78843	13.0	1.0	1.46					0	1		False	True	False	False	False	False
GO:0001682	tRNA 5'-leader removal	GO:BP					0.78843	13.0	1.0	1.46					0	1		False	True	False	False	False	False
GO:0001765	membrane raft assembly	GO:BP					0.78843	13.0	1.0	1.46					0	1		False	True	False	False	False	False
GO:0001780	neutrophil homeostasis	GO:BP					0.78843	13.0	1.0	1.46					0	1		False	True	False	False	False	False
GO:0002486	antigen processing and presentation of endogenous peptide antigen via MHC class I via ER pathway, TAP-independent	GO:BP					0.78843	13.0	1.0	1.46					0	1		False	True	False	False	False	False
GO:0002902	regulation of B cell apoptotic process	GO:BP					0.78843	13.0	1.0	1.46					0	1		False	True	False	False	False	False
GO:0006054	N-acetylneuraminate metabolic process	GO:BP					0.78843	13.0	1.0	1.46					0	1		False	True	False	False	False	False
GO:0006563	L-serine metabolic process	GO:BP					0.78843	13.0	1.0	1.46					0	1		False	True	False	False	False	False
GO:0007100	mitotic centrosome separation	GO:BP					0.78843	13.0	1.0	1.46					0	1		False	True	False	False	False	False
GO:0007530	sex determination	GO:BP					0.78843	13.0	1.0	1.46					0	1		False	True	False	False	False	False
GO:0009791	post-embryonic development	GO:BP					0.78843	13.0	1.0	1.46					0	1		False	True	False	False	False	False
GO:0010572	positive regulation of platelet activation	GO:BP					0.78843	13.0	1.0	1.46					0	1		False	True	False	False	False	False
GO:0010745	negative regulation of macrophage derived foam cell differentiation	GO:BP					0.78843	13.0	1.0	1.46					0	1		False	True	False	False	False	False
GO:0010867	positive regulation of triglyceride biosynthetic process	GO:BP					0.78843	13.0	1.0	1.46					0	1		False	True	False	False	False	False
GO:0010944	negative regulation of transcription by competitive promoter binding	GO:BP					0.78843	13.0	1.0	1.46					0	1		False	True	False	False	False	False
GO:0014821	phasic smooth muscle contraction	GO:BP					0.78843	13.0	1.0	1.46					0	1		False	True	False	False	False	False
GO:0015838	amino-acid betaine transport	GO:BP					0.78843	13.0	1.0	1.46					0	1		False	True	False	False	False	False
GO:0030318	melanocyte differentiation	GO:BP					0.78843	13.0	1.0	1.46					0	1		False	True	False	False	False	False
GO:0030889	negative regulation of B cell proliferation	GO:BP					0.78843	13.0	1.0	1.46					0	1		False	True	False	False	False	False
GO:0031274	positive regulation of pseudopodium assembly	GO:BP					0.78843	13.0	1.0	1.46					0	1		False	True	False	False	False	False
GO:0031293	membrane protein intracellular domain proteolysis	GO:BP					0.78843	13.0	1.0	1.46					0	1		False	True	False	False	False	False
GO:0032780	negative regulation of ATP-dependent activity	GO:BP					0.78843	13.0	1.0	1.46					0	1		False	True	False	False	False	False
GO:0032933	SREBP signaling pathway	GO:BP					0.78843	13.0	1.0	1.46					0	1		False	True	False	False	False	False
GO:0034088	maintenance of mitotic sister chromatid cohesion	GO:BP					0.78843	13.0	1.0	1.46					0	1		False	True	False	False	False	False
GO:0034372	very-low-density lipoprotein particle remodeling	GO:BP					0.78843	13.0	1.0	1.46					0	1		False	True	False	False	False	False
GO:0035771	interleukin-4-mediated signaling pathway	GO:BP					0.78843	13.0	1.0	1.46					0	1		False	True	False	False	False	False
GO:0036006	cellular response to macrophage colony-stimulating factor stimulus	GO:BP					0.78843	13.0	1.0	1.46					0	1		False	True	False	False	False	False
GO:0042362	fat-soluble vitamin biosynthetic process	GO:BP					0.78843	13.0	1.0	1.46					0	1		False	True	False	False	False	False
GO:0043392	negative regulation of DNA binding	GO:BP					0.78843	13.0	1.0	1.46					0	1		False	True	False	False	False	False
GO:0043501	skeletal muscle adaptation	GO:BP					0.78843	13.0	1.0	1.46					0	1		False	True	False	False	False	False
GO:0043506	regulation of JUN kinase activity	GO:BP					0.78843	13.0	1.0	1.46					0	1		False	True	False	False	False	False
GO:0045006	DNA deamination	GO:BP					0.78843	13.0	1.0	1.46					0	1		False	True	False	False	False	False
GO:0046761	viral budding from plasma membrane	GO:BP					0.78843	13.0	1.0	1.46					0	1		False	True	False	False	False	False
GO:0048023	positive regulation of melanin biosynthetic process	GO:BP					0.78843	13.0	1.0	1.46					0	1		False	True	False	False	False	False
GO:0048266	behavioral response to pain	GO:BP					0.78843	13.0	1.0	1.46					0	1		False	True	False	False	False	False
GO:0051610	serotonin uptake	GO:BP					0.78843	13.0	1.0	1.46					0	1		False	True	False	False	False	False
GO:0060117	auditory receptor cell development	GO:BP					0.78843	13.0	1.0	1.46					0	1		False	True	False	False	False	False
GO:0060456	positive regulation of digestive system process	GO:BP					0.78843	13.0	1.0	1.46					0	1		False	True	False	False	False	False
GO:0070294	renal sodium ion absorption	GO:BP					0.78843	13.0	1.0	1.46					0	1		False	True	False	False	False	False
GO:0070486	leukocyte aggregation	GO:BP					0.78843	13.0	1.0	1.46					0	1		False	True	False	False	False	False
GO:0070493	thrombin-activated receptor signaling pathway	GO:BP					0.78843	13.0	1.0	1.46					0	1		False	True	False	False	False	False
GO:0071360	cellular response to exogenous dsRNA	GO:BP					0.78843	13.0	1.0	1.46					0	1		False	True	False	False	False	False
GO:0071472	cellular response to salt stress	GO:BP					0.78843	13.0	1.0	1.46					0	1		False	True	False	False	False	False
GO:0072070	loop of Henle development	GO:BP					0.78843	13.0	1.0	1.46					0	1		False	True	False	False	False	False
GO:0090103	cochlea morphogenesis	GO:BP					0.78843	13.0	1.0	1.46					0	1		False	True	False	False	False	False
GO:0098712	L-glutamate import across plasma membrane	GO:BP					0.78843	13.0	1.0	1.46					0	1		False	True	False	False	False	False
GO:0099545	trans-synaptic signaling by trans-synaptic complex	GO:BP					0.78843	13.0	1.0	1.46					0	1		False	True	False	False	False	False
GO:0110095	cellular detoxification of aldehyde	GO:BP					0.78843	13.0	1.0	1.46					0	1		False	True	False	False	False	False
GO:1901298	regulation of hydrogen peroxide-mediated programmed cell death	GO:BP					0.78843	13.0	1.0	1.46					0	1		False	True	False	False	False	False
GO:1901533	negative regulation of hematopoietic progenitor cell differentiation	GO:BP					0.78843	13.0	1.0	1.46					0	1		False	True	False	False	False	False
GO:1901993	regulation of meiotic cell cycle phase transition	GO:BP					0.78843	13.0	1.0	1.46					0	1		False	True	False	False	False	False
GO:1902953	positive regulation of ER to Golgi vesicle-mediated transport	GO:BP					0.78843	13.0	1.0	1.46					0	1		False	True	False	False	False	False
GO:1903251	multi-ciliated epithelial cell differentiation	GO:BP					0.78843	13.0	1.0	1.46					0	1		False	True	False	False	False	False
GO:1904037	positive regulation of epithelial cell apoptotic process	GO:BP					0.78843	13.0	1.0	1.46					0	1		False	True	False	False	False	False
GO:1905063	regulation of vascular associated smooth muscle cell differentiation	GO:BP					0.78843	13.0	1.0	1.46					0	1		False	True	False	False	False	False
GO:2000234	positive regulation of rRNA processing	GO:BP					0.78843	13.0	1.0	1.46					0	1		False	True	False	False	False	False
GO:2000272	negative regulation of signaling receptor activity	GO:BP					0.78843	13.0	1.0	1.46					0	1		False	True	False	False	False	False
GO:2001046	positive regulation of integrin-mediated signaling pathway	GO:BP					0.78843	13.0	1.0	1.46					0	1		False	True	False	False	False	False
GO:0032964	collagen biosynthetic process	GO:BP					0.78846	50.0	5.0	5.63					0	1		False	True	False	False	False	False
GO:2000107	negative regulation of leukocyte apoptotic process	GO:BP					0.78847	33.0	3.0	3.71					0	1		False	True	False	False	False	False
GO:0003272	endocardial cushion formation	GO:BP					0.78849	25.0	2.0	2.81					0	1		False	True	False	False	False	False
GO:0043065	positive regulation of apoptotic process	GO:BP					0.78851	443.0	43.0	49.87					0	1		False	True	False	False	False	False
GO:0046425	regulation of receptor signaling pathway via JAK-STAT	GO:BP					0.78863	76.0	7.0	8.56					0	1		False	True	False	False	False	False
GO:0030521	androgen receptor signaling pathway	GO:BP					0.7887	44.0	3.0	4.95					0	1		False	True	False	False	False	False
GO:1990845	adaptive thermogenesis	GO:BP					0.78882	165.0	16.0	18.57					0	1		False	True	False	False	False	False
GO:0060294	cilium movement involved in cell motility	GO:BP					0.78886	229.0	23.0	25.78					0	1		False	True	False	False	False	False
GO:2001235	positive regulation of apoptotic signaling pathway	GO:BP					0.78901	103.0	8.0	11.6					0	1		False	True	False	False	False	False
GO:0042692	muscle cell differentiation	GO:BP					0.78931	339.0	33.0	38.16					0	1		False	True	False	False	False	False
GO:0060041	retina development in camera-type eye	GO:BP					0.78933	97.0	11.0	10.92					0	1		False	True	False	False	False	False
GO:0045621	positive regulation of lymphocyte differentiation	GO:BP					0.78938	112.0	7.0	12.61					0	1		False	True	False	False	False	False
GO:0061982	meiosis I cell cycle process	GO:BP					0.78943	123.0	8.0	13.85					0	1		False	True	False	False	False	False
GO:0007339	binding of sperm to zona pellucida	GO:BP					0.78956	25.0	2.0	2.81					0	1		False	True	False	False	False	False
GO:0008209	androgen metabolic process	GO:BP					0.78956	25.0	2.0	2.81					0	1		False	True	False	False	False	False
GO:0010458	exit from mitosis	GO:BP					0.78956	25.0	2.0	2.81					0	1		False	True	False	False	False	False
GO:0019886	antigen processing and presentation of exogenous peptide antigen via MHC class II	GO:BP					0.78956	25.0	2.0	2.81					0	1		False	True	False	False	False	False
GO:0045672	positive regulation of osteoclast differentiation	GO:BP					0.78956	25.0	2.0	2.81					0	1		False	True	False	False	False	False
GO:0046339	diacylglycerol metabolic process	GO:BP					0.78956	25.0	2.0	2.81					0	1		False	True	False	False	False	False
GO:0046599	regulation of centriole replication	GO:BP					0.78956	25.0	2.0	2.81					0	1		False	True	False	False	False	False
GO:1900745	positive regulation of p38MAPK cascade	GO:BP					0.78956	25.0	2.0	2.81					0	1		False	True	False	False	False	False
GO:2000042	negative regulation of double-strand break repair via homologous recombination	GO:BP					0.78956	25.0	2.0	2.81					0	1		False	True	False	False	False	False
GO:1901135	carbohydrate derivative metabolic process	GO:BP					0.78983	947.0	99.0	106.61					0	1		False	True	False	False	False	False
GO:0045071	negative regulation of viral genome replication	GO:BP					0.79071	47.0	4.0	5.29					0	1		False	True	False	False	False	False
GO:0035194	regulatory ncRNA-mediated post-transcriptional gene silencing	GO:BP					0.7908	215.0	11.0	24.2					0	1		False	True	False	False	False	False
GO:1901652	response to peptide	GO:BP					0.79108	801.0	76.0	90.17					0	1		False	True	False	False	False	False
GO:0001960	negative regulation of cytokine-mediated signaling pathway	GO:BP					0.79121	86.0	7.0	9.68					0	1		False	True	False	False	False	False
GO:0000381	regulation of alternative mRNA splicing, via spliceosome	GO:BP					0.79198	68.0	6.0	7.66					0	1		False	True	False	False	False	False
GO:0070301	cellular response to hydrogen peroxide	GO:BP					0.79661	58.0	5.0	6.53					0	1		False	True	False	False	False	False
GO:0010506	regulation of autophagy	GO:BP					0.79803	353.0	56.0	39.74					0	1		False	True	False	False	False	False
GO:0043434	response to peptide hormone	GO:BP					0.7997	407.0	54.0	45.82					0	1		False	True	False	False	False	False
GO:0009967	positive regulation of signal transduction	GO:BP					0.80172	1497.0	189.0	168.52					0	1		False	True	False	False	False	False
GO:0007259	cell surface receptor signaling pathway via JAK-STAT	GO:BP					0.80285	133.0	13.0	14.97					0	1		False	True	False	False	False	False
GO:0120163	negative regulation of cold-induced thermogenesis	GO:BP					0.80431	48.0	4.0	5.4					0	1		False	True	False	False	False	False
GO:1902459	positive regulation of stem cell population maintenance	GO:BP					0.80431	48.0	4.0	5.4					0	1		False	True	False	False	False	False
GO:0001889	liver development	GO:BP					0.80441	86.0	8.0	9.68					0	1		False	True	False	False	False	False
GO:0001818	negative regulation of cytokine production	GO:BP					0.80666	294.0	25.0	33.1					0	1		False	True	False	False	False	False
GO:0051899	membrane depolarization	GO:BP					0.80676	94.0	13.0	10.58					0	1		False	True	False	False	False	False
GO:0097191	extrinsic apoptotic signaling pathway	GO:BP					0.80718	180.0	21.0	20.26					0	1		False	True	False	False	False	False
GO:0032740	positive regulation of interleukin-17 production	GO:BP					0.8076	26.0	2.0	2.93					0	1		False	True	False	False	False	False
GO:0045907	positive regulation of vasoconstriction	GO:BP					0.8076	26.0	2.0	2.93					0	1		False	True	False	False	False	False
GO:0050995	negative regulation of lipid catabolic process	GO:BP					0.8076	26.0	2.0	2.93					0	1		False	True	False	False	False	False
GO:0097421	liver regeneration	GO:BP					0.8076	26.0	2.0	2.93					0	1		False	True	False	False	False	False
GO:0002639	positive regulation of immunoglobulin production	GO:BP					0.80788	45.0	3.0	5.07					0	1		False	True	False	False	False	False
GO:0030316	osteoclast differentiation	GO:BP					0.8079	90.0	8.0	10.13					0	1		False	True	False	False	False	False
GO:0017157	regulation of exocytosis	GO:BP					0.8101	173.0	31.0	19.48					0	1		False	True	False	False	False	False
GO:0048545	response to steroid hormone	GO:BP					0.8106	305.0	43.0	34.34					0	1		False	True	False	False	False	False
GO:0050770	regulation of axonogenesis	GO:BP					0.81068	104.0	20.0	11.71					0	1		False	True	False	False	False	False
GO:0050900	leukocyte migration	GO:BP					0.81091	329.0	44.0	37.04					0	1		False	True	False	False	False	False
GO:0006835	dicarboxylic acid transport	GO:BP					0.81106	87.0	16.0	9.79					0	1		False	True	False	False	False	False
GO:0042417	dopamine metabolic process	GO:BP					0.81125	34.0	9.0	3.83					0	1		False	True	False	False	False	False
GO:0007600	sensory perception	GO:BP					0.81167	669.0	78.0	75.31					0	1		False	True	False	False	False	False
GO:0000422	autophagy of mitochondrion	GO:BP					0.81174	112.0	15.0	12.61					0	1		False	True	False	False	False	False
GO:0060997	dendritic spine morphogenesis	GO:BP					0.81176	60.0	9.0	6.75					0	1		False	True	False	False	False	False
GO:0007585	respiratory gaseous exchange by respiratory system	GO:BP					0.81182	36.0	6.0	4.05					0	1		False	True	False	False	False	False
GO:1902275	regulation of chromatin organization	GO:BP					0.81191	32.0	5.0	3.6					0	1		False	True	False	False	False	False
GO:0050000	chromosome localization	GO:BP					0.81192	121.0	15.0	13.62					0	1		False	True	False	False	False	False
GO:0046688	response to copper ion	GO:BP					0.81197	35.0	5.0	3.94					0	1		False	True	False	False	False	False
GO:0016477	cell migration	GO:BP					0.81203	1348.0	166.0	151.75					0	1		False	True	False	False	False	False
GO:0042119	neutrophil activation	GO:BP					0.81205	39.0	5.0	4.39					0	1		False	True	False	False	False	False
GO:0010332	response to gamma radiation	GO:BP					0.81215	35.0	4.0	3.94					0	1		False	True	False	False	False	False
GO:0045777	positive regulation of blood pressure	GO:BP					0.81219	28.0	3.0	3.15					0	1		False	True	False	False	False	False
GO:0048261	negative regulation of receptor-mediated endocytosis	GO:BP					0.81221	29.0	3.0	3.26					0	1		False	True	False	False	False	False
GO:0001964	startle response	GO:BP					0.81226	14.0	1.0	1.58					0	1		False	True	False	False	False	False
GO:0002476	antigen processing and presentation of endogenous peptide antigen via MHC class Ib	GO:BP					0.81226	14.0	1.0	1.58					0	1		False	True	False	False	False	False
GO:0006264	mitochondrial DNA replication	GO:BP					0.81226	14.0	1.0	1.58					0	1		False	True	False	False	False	False
GO:0006555	methionine metabolic process	GO:BP					0.81226	14.0	1.0	1.58					0	1		False	True	False	False	False	False
GO:0006878	intracellular copper ion homeostasis	GO:BP					0.81226	14.0	1.0	1.58					0	1		False	True	False	False	False	False
GO:0015671	oxygen transport	GO:BP					0.81226	14.0	1.0	1.58					0	1		False	True	False	False	False	False
GO:0023035	CD40 signaling pathway	GO:BP					0.81226	14.0	1.0	1.58					0	1		False	True	False	False	False	False
GO:0031069	hair follicle morphogenesis	GO:BP					0.81226	14.0	1.0	1.58					0	1		False	True	False	False	False	False
GO:0033194	response to hydroperoxide	GO:BP					0.81226	14.0	1.0	1.58					0	1		False	True	False	False	False	False
GO:0034374	low-density lipoprotein particle remodeling	GO:BP					0.81226	14.0	1.0	1.58					0	1		False	True	False	False	False	False
GO:0034551	mitochondrial respiratory chain complex III assembly	GO:BP					0.81226	14.0	1.0	1.58					0	1		False	True	False	False	False	False
GO:0040037	negative regulation of fibroblast growth factor receptor signaling pathway	GO:BP					0.81226	14.0	1.0	1.58					0	1		False	True	False	False	False	False
GO:0042117	monocyte activation	GO:BP					0.81226	14.0	1.0	1.58					0	1		False	True	False	False	False	False
GO:0042167	heme catabolic process	GO:BP					0.81226	14.0	1.0	1.58					0	1		False	True	False	False	False	False
GO:0042308	negative regulation of protein import into nucleus	GO:BP					0.81226	14.0	1.0	1.58					0	1		False	True	False	False	False	False
GO:0042363	fat-soluble vitamin catabolic process	GO:BP					0.81226	14.0	1.0	1.58					0	1		False	True	False	False	False	False
GO:0042447	hormone catabolic process	GO:BP					0.81226	14.0	1.0	1.58					0	1		False	True	False	False	False	False
GO:0044241	lipid digestion	GO:BP					0.81226	14.0	1.0	1.58					0	1		False	True	False	False	False	False
GO:0046185	aldehyde catabolic process	GO:BP					0.81226	14.0	1.0	1.58					0	1		False	True	False	False	False	False
GO:0046655	folic acid metabolic process	GO:BP					0.81226	14.0	1.0	1.58					0	1		False	True	False	False	False	False
GO:0048026	positive regulation of mRNA splicing, via spliceosome	GO:BP					0.81226	14.0	1.0	1.58					0	1		False	True	False	False	False	False
GO:0048311	mitochondrion distribution	GO:BP					0.81226	14.0	1.0	1.58					0	1		False	True	False	False	False	False
GO:0055089	fatty acid homeostasis	GO:BP					0.81226	14.0	1.0	1.58					0	1		False	True	False	False	False	False
GO:0060252	positive regulation of glial cell proliferation	GO:BP					0.81226	14.0	1.0	1.58					0	1		False	True	False	False	False	False
GO:0060546	negative regulation of necroptotic process	GO:BP					0.81226	14.0	1.0	1.58					0	1		False	True	False	False	False	False
GO:0060633	negative regulation of transcription initiation by RNA polymerase II	GO:BP					0.81226	14.0	1.0	1.58					0	1		False	True	False	False	False	False
GO:0070314	G1 to G0 transition	GO:BP					0.81226	14.0	1.0	1.58					0	1		False	True	False	False	False	False
GO:0071578	zinc ion import across plasma membrane	GO:BP					0.81226	14.0	1.0	1.58					0	1		False	True	False	False	False	False
GO:0072075	metanephric mesenchyme development	GO:BP					0.81226	14.0	1.0	1.58					0	1		False	True	False	False	False	False
GO:0090136	epithelial cell-cell adhesion	GO:BP					0.81226	14.0	1.0	1.58					0	1		False	True	False	False	False	False
GO:0090209	negative regulation of triglyceride metabolic process	GO:BP					0.81226	14.0	1.0	1.58					0	1		False	True	False	False	False	False
GO:0090370	negative regulation of cholesterol efflux	GO:BP					0.81226	14.0	1.0	1.58					0	1		False	True	False	False	False	False
GO:1901201	regulation of extracellular matrix assembly	GO:BP					0.81226	14.0	1.0	1.58					0	1		False	True	False	False	False	False
GO:1901385	regulation of voltage-gated calcium channel activity	GO:BP					0.81226	14.0	1.0	1.58					0	1		False	True	False	False	False	False
GO:1904380	endoplasmic reticulum mannose trimming	GO:BP					0.81226	14.0	1.0	1.58					0	1		False	True	False	False	False	False
GO:1904688	regulation of cytoplasmic translational initiation	GO:BP					0.81226	14.0	1.0	1.58					0	1		False	True	False	False	False	False
GO:2000644	regulation of receptor catabolic process	GO:BP					0.81226	14.0	1.0	1.58					0	1		False	True	False	False	False	False
GO:1902235	regulation of endoplasmic reticulum stress-induced intrinsic apoptotic signaling pathway	GO:BP					0.81227	32.0	3.0	3.6					0	1		False	True	False	False	False	False
GO:0061384	heart trabecula morphogenesis	GO:BP					0.81229	24.0	2.0	2.7					0	1		False	True	False	False	False	False
GO:0030194	positive regulation of blood coagulation	GO:BP					0.81233	26.0	2.0	2.93					0	1		False	True	False	False	False	False
GO:0019076	viral release from host cell	GO:BP					0.81237	28.0	2.0	3.15					0	1		False	True	False	False	False	False
GO:0042255	ribosome assembly	GO:BP					0.81238	64.0	6.0	7.2					0	1		False	True	False	False	False	False
GO:0003281	ventricular septum development	GO:BP					0.81239	47.0	4.0	5.29					0	1		False	True	False	False	False	False
GO:0042180	ketone metabolic process	GO:BP					0.81239	198.0	21.0	22.29					0	1		False	True	False	False	False	False
GO:0006308	DNA catabolic process	GO:BP					0.81241	30.0	2.0	3.38					0	1		False	True	False	False	False	False
GO:0043247	telomere maintenance in response to DNA damage	GO:BP					0.81241	30.0	2.0	3.38					0	1		False	True	False	False	False	False
GO:0033077	T cell differentiation in thymus	GO:BP					0.81255	55.0	4.0	6.19					0	1		False	True	False	False	False	False
GO:0001935	endothelial cell proliferation	GO:BP					0.81267	141.0	13.0	15.87					0	1		False	True	False	False	False	False
GO:0003341	cilium movement	GO:BP					0.81271	258.0	26.0	29.04					0	1		False	True	False	False	False	False
GO:0033344	cholesterol efflux	GO:BP					0.81281	59.0	3.0	6.64					0	1		False	True	False	False	False	False
GO:0140013	meiotic nuclear division	GO:BP					0.81402	164.0	8.0	18.46					0	1		False	True	False	False	False	False
GO:0090307	mitotic spindle assembly	GO:BP					0.81684	73.0	8.0	8.22					0	1		False	True	False	False	False	False
GO:0051338	regulation of transferase activity	GO:BP					0.81686	278.0	31.0	31.3					0	1		False	True	False	False	False	False
GO:0033574	response to testosterone	GO:BP					0.81715	38.0	3.0	4.28					0	1		False	True	False	False	False	False
GO:0061053	somite development	GO:BP					0.81715	38.0	3.0	4.28					0	1		False	True	False	False	False	False
GO:0071398	cellular response to fatty acid	GO:BP					0.81715	38.0	3.0	4.28					0	1		False	True	False	False	False	False
GO:0006968	cellular defense response	GO:BP					0.81719	49.0	4.0	5.52					0	1		False	True	False	False	False	False
GO:0030225	macrophage differentiation	GO:BP					0.81719	49.0	4.0	5.52					0	1		False	True	False	False	False	False
GO:0032722	positive regulation of chemokine production	GO:BP					0.82031	60.0	5.0	6.75					0	1		False	True	False	False	False	False
GO:0006952	defense response	GO:BP					0.8204	1699.0	180.0	191.26					0	1		False	True	False	False	False	False
GO:0017148	negative regulation of translation	GO:BP					0.82091	150.0	14.0	16.89					0	1		False	True	False	False	False	False
GO:0006906	vesicle fusion	GO:BP					0.82214	127.0	22.0	14.3					0	1		False	True	False	False	False	False
GO:0070633	transepithelial transport	GO:BP					0.82409	39.0	4.0	4.39					0	1		False	True	False	False	False	False
GO:0007288	sperm axoneme assembly	GO:BP					0.82424	27.0	2.0	3.04					0	1		False	True	False	False	False	False
GO:0045724	positive regulation of cilium assembly	GO:BP					0.82424	27.0	2.0	3.04					0	1		False	True	False	False	False	False
GO:0044273	sulfur compound catabolic process	GO:BP					0.82427	37.0	3.0	4.17					0	1		False	True	False	False	False	False
GO:0000077	DNA damage checkpoint signaling	GO:BP					0.82477	109.0	9.0	12.27					0	1		False	True	False	False	False	False
GO:0045089	positive regulation of innate immune response	GO:BP					0.82488	379.0	39.0	42.67					0	1		False	True	False	False	False	False
GO:0033554	cellular response to stress	GO:BP					0.82607	1793.0	194.0	201.85					0	1		False	True	False	False	False	False
GO:0006869	lipid transport	GO:BP					0.8279	428.0	51.0	48.18					0	1		False	True	False	False	False	False
GO:0044272	sulfur compound biosynthetic process	GO:BP					0.82834	114.0	20.0	12.83					0	1		False	True	False	False	False	False
GO:0051301	cell division	GO:BP					0.82899	612.0	69.0	68.9					0	1		False	True	False	False	False	False
GO:0050727	regulation of inflammatory response	GO:BP					0.82946	380.0	46.0	42.78					0	1		False	True	False	False	False	False
GO:0048584	positive regulation of response to stimulus	GO:BP					0.82986	2215.0	267.0	249.35					0	1		False	True	False	False	False	False
GO:0042176	regulation of protein catabolic process	GO:BP					0.83053	391.0	60.0	44.02					0	1		False	True	False	False	False	False
GO:0051047	positive regulation of secretion	GO:BP					0.83066	290.0	48.0	32.65					0	1		False	True	False	False	False	False
GO:0032981	mitochondrial respiratory chain complex I assembly	GO:BP					0.83077	39.0	3.0	4.39					0	1		False	True	False	False	False	False
GO:0035567	non-canonical Wnt signaling pathway	GO:BP					0.8323	63.0	13.0	7.09					0	1		False	True	False	False	False	False
GO:0017015	regulation of transforming growth factor beta receptor signaling pathway	GO:BP					0.83271	129.0	18.0	14.52					0	1		False	True	False	False	False	False
GO:0060395	SMAD protein signal transduction	GO:BP					0.83287	84.0	12.0	9.46					0	1		False	True	False	False	False	False
GO:0014003	oligodendrocyte development	GO:BP					0.8329	32.0	6.0	3.6					0	1		False	True	False	False	False	False
GO:0055078	sodium ion homeostasis	GO:BP					0.83311	43.0	6.0	4.84					0	1		False	True	False	False	False	False
GO:0009880	embryonic pattern specification	GO:BP					0.83318	47.0	6.0	5.29					0	1		False	True	False	False	False	False
GO:0033280	response to vitamin D	GO:BP					0.83327	34.0	4.0	3.83					0	1		False	True	False	False	False	False
GO:0120162	positive regulation of cold-induced thermogenesis	GO:BP					0.83327	103.0	9.0	11.6					0	1		False	True	False	False	False	False
GO:0050775	positive regulation of dendrite morphogenesis	GO:BP					0.83329	35.0	4.0	3.94					0	1		False	True	False	False	False	False
GO:0001787	natural killer cell proliferation	GO:BP					0.83342	15.0	1.0	1.69					0	1		False	True	False	False	False	False
GO:0002031	G protein-coupled receptor internalization	GO:BP					0.83342	15.0	1.0	1.69					0	1		False	True	False	False	False	False
GO:0002430	complement receptor mediated signaling pathway	GO:BP					0.83342	15.0	1.0	1.69					0	1		False	True	False	False	False	False
GO:0003214	cardiac left ventricle morphogenesis	GO:BP					0.83342	15.0	1.0	1.69					0	1		False	True	False	False	False	False
GO:0005513	detection of calcium ion	GO:BP					0.83342	15.0	1.0	1.69					0	1		False	True	False	False	False	False
GO:0006271	DNA strand elongation involved in DNA replication	GO:BP					0.83342	15.0	1.0	1.69					0	1		False	True	False	False	False	False
GO:0006825	copper ion transport	GO:BP					0.83342	15.0	1.0	1.69					0	1		False	True	False	False	False	False
GO:0010560	positive regulation of glycoprotein biosynthetic process	GO:BP					0.83342	15.0	1.0	1.69					0	1		False	True	False	False	False	False
GO:0018149	peptide cross-linking	GO:BP					0.83342	15.0	1.0	1.69					0	1		False	True	False	False	False	False
GO:0018230	peptidyl-L-cysteine S-palmitoylation	GO:BP					0.83342	15.0	1.0	1.69					0	1		False	True	False	False	False	False
GO:0030575	nuclear body organization	GO:BP					0.83342	15.0	1.0	1.69					0	1		False	True	False	False	False	False
GO:0030852	regulation of granulocyte differentiation	GO:BP					0.83342	15.0	1.0	1.69					0	1		False	True	False	False	False	False
GO:0030953	astral microtubule organization	GO:BP					0.83342	15.0	1.0	1.69					0	1		False	True	False	False	False	False
GO:0031440	regulation of mRNA 3'-end processing	GO:BP					0.83342	15.0	1.0	1.69					0	1		False	True	False	False	False	False
GO:0032303	regulation of icosanoid secretion	GO:BP					0.83342	15.0	1.0	1.69					0	1		False	True	False	False	False	False
GO:0033629	negative regulation of cell adhesion mediated by integrin	GO:BP					0.83342	15.0	1.0	1.69					0	1		False	True	False	False	False	False
GO:0034260	negative regulation of GTPase activity	GO:BP					0.83342	15.0	1.0	1.69					0	1		False	True	False	False	False	False
GO:0035988	chondrocyte proliferation	GO:BP					0.83342	15.0	1.0	1.69					0	1		False	True	False	False	False	False
GO:0036151	phosphatidylcholine acyl-chain remodeling	GO:BP					0.83342	15.0	1.0	1.69					0	1		False	True	False	False	False	False
GO:0042448	progesterone metabolic process	GO:BP					0.83342	15.0	1.0	1.69					0	1		False	True	False	False	False	False
GO:0043248	proteasome assembly	GO:BP					0.83342	15.0	1.0	1.69					0	1		False	True	False	False	False	False
GO:0045779	negative regulation of bone resorption	GO:BP					0.83342	15.0	1.0	1.69					0	1		False	True	False	False	False	False
GO:0046036	CTP metabolic process	GO:BP					0.83342	15.0	1.0	1.69					0	1		False	True	False	False	False	False
GO:0050687	negative regulation of defense response to virus	GO:BP					0.83342	15.0	1.0	1.69					0	1		False	True	False	False	False	False
GO:0051151	negative regulation of smooth muscle cell differentiation	GO:BP					0.83342	15.0	1.0	1.69					0	1		False	True	False	False	False	False
GO:0060263	regulation of respiratory burst	GO:BP					0.83342	15.0	1.0	1.69					0	1		False	True	False	False	False	False
GO:0061548	ganglion development	GO:BP					0.83342	15.0	1.0	1.69					0	1		False	True	False	False	False	False
GO:0071243	cellular response to arsenic-containing substance	GO:BP					0.83342	15.0	1.0	1.69					0	1		False	True	False	False	False	False
GO:0072537	fibroblast activation	GO:BP					0.83342	15.0	1.0	1.69					0	1		False	True	False	False	False	False
GO:0090656	t-circle formation	GO:BP					0.83342	15.0	1.0	1.69					0	1		False	True	False	False	False	False
GO:0141196	transposable element silencing by piRNA-mediated DNA methylation	GO:BP					0.83342	15.0	1.0	1.69					0	1		False	True	False	False	False	False
GO:1901163	regulation of trophoblast cell migration	GO:BP					0.83342	15.0	1.0	1.69					0	1		False	True	False	False	False	False
GO:1901857	positive regulation of cellular respiration	GO:BP					0.83342	15.0	1.0	1.69					0	1		False	True	False	False	False	False
GO:1902047	polyamine transmembrane transport	GO:BP					0.83342	15.0	1.0	1.69					0	1		False	True	False	False	False	False
GO:1902775	mitochondrial large ribosomal subunit assembly	GO:BP					0.83342	15.0	1.0	1.69					0	1		False	True	False	False	False	False
GO:1903826	L-arginine transmembrane transport	GO:BP					0.83342	15.0	1.0	1.69					0	1		False	True	False	False	False	False
GO:2001028	positive regulation of endothelial cell chemotaxis	GO:BP					0.83342	15.0	1.0	1.69					0	1		False	True	False	False	False	False
GO:2001140	positive regulation of phospholipid transport	GO:BP					0.83342	15.0	1.0	1.69					0	1		False	True	False	False	False	False
GO:0032365	intracellular lipid transport	GO:BP					0.83348	54.0	5.0	6.08					0	1		False	True	False	False	False	False
GO:0141156	cAMP/PKA signal transduction	GO:BP					0.83352	65.0	6.0	7.32					0	1		False	True	False	False	False	False
GO:1902410	mitotic cytokinetic process	GO:BP					0.83352	38.0	3.0	4.28					0	1		False	True	False	False	False	False
GO:0002385	mucosal immune response	GO:BP					0.83353	39.0	3.0	4.39					0	1		False	True	False	False	False	False
GO:0030851	granulocyte differentiation	GO:BP					0.83353	30.0	2.0	3.38					0	1		False	True	False	False	False	False
GO:0060765	regulation of androgen receptor signaling pathway	GO:BP					0.83355	31.0	2.0	3.49					0	1		False	True	False	False	False	False
GO:0007346	regulation of mitotic cell cycle	GO:BP					0.83356	463.0	41.0	52.12					0	1		False	True	False	False	False	False
GO:0030879	mammary gland development	GO:BP					0.8338	62.0	4.0	6.98					0	1		False	True	False	False	False	False
GO:0050871	positive regulation of B cell activation	GO:BP					0.83384	64.0	4.0	7.2					0	1		False	True	False	False	False	False
GO:0000956	nuclear-transcribed mRNA catabolic process	GO:BP					0.83395	141.0	12.0	15.87					0	1		False	True	False	False	False	False
GO:0000070	mitotic sister chromatid segregation	GO:BP					0.83412	203.0	18.0	22.85					0	1		False	True	False	False	False	False
GO:2000026	regulation of multicellular organismal development	GO:BP					0.83485	1222.0	129.0	137.57					0	1		False	True	False	False	False	False
GO:0046330	positive regulation of JNK cascade	GO:BP					0.83575	93.0	8.0	10.47					0	1		False	True	False	False	False	False
GO:0050767	regulation of neurogenesis	GO:BP					0.83701	276.0	41.0	31.07					0	1		False	True	False	False	False	False
GO:0034504	protein localization to nucleus	GO:BP					0.83823	278.0	36.0	31.3					0	1		False	True	False	False	False	False
GO:0051247	positive regulation of protein metabolic process	GO:BP					0.83849	733.0	86.0	82.52					0	1		False	True	False	False	False	False
GO:0008361	regulation of cell size	GO:BP					0.8385	137.0	19.0	15.42					0	1		False	True	False	False	False	False
GO:0055007	cardiac muscle cell differentiation	GO:BP					0.83889	90.0	12.0	10.13					0	1		False	True	False	False	False	False
GO:0007029	endoplasmic reticulum organization	GO:BP					0.83912	90.0	11.0	10.13					0	1		False	True	False	False	False	False
GO:0009152	purine ribonucleotide biosynthetic process	GO:BP					0.83939	154.0	17.0	17.34					0	1		False	True	False	False	False	False
GO:0048634	regulation of muscle organ development	GO:BP					0.83958	28.0	2.0	3.15					0	1		False	True	False	False	False	False
GO:0099149	regulation of postsynaptic neurotransmitter receptor internalization	GO:BP					0.83958	28.0	2.0	3.15					0	1		False	True	False	False	False	False
GO:0000184	nuclear-transcribed mRNA catabolic process, nonsense-mediated decay	GO:BP					0.83976	44.0	3.0	4.95					0	1		False	True	False	False	False	False
GO:0045862	positive regulation of proteolysis	GO:BP					0.83987	66.0	5.0	7.43					0	1		False	True	False	False	False	False
GO:0061157	mRNA destabilization	GO:BP					0.8404	140.0	11.0	15.76					0	1		False	True	False	False	False	False
GO:0050680	negative regulation of epithelial cell proliferation	GO:BP					0.8408	94.0	9.0	10.58					0	1		False	True	False	False	False	False
GO:0030488	tRNA methylation	GO:BP					0.8435	40.0	3.0	4.5					0	1		False	True	False	False	False	False
GO:0031295	T cell costimulation	GO:BP					0.8435	40.0	3.0	4.5					0	1		False	True	False	False	False	False
GO:0032743	positive regulation of interleukin-2 production	GO:BP					0.8435	40.0	3.0	4.5					0	1		False	True	False	False	False	False
GO:0051216	cartilage development	GO:BP					0.84429	128.0	10.0	14.41					0	1		False	True	False	False	False	False
GO:0044089	positive regulation of cellular component biogenesis	GO:BP					0.84881	474.0	73.0	53.36					0	1		False	True	False	False	False	False
GO:0051493	regulation of cytoskeleton organization	GO:BP					0.84934	502.0	73.0	56.51					0	1		False	True	False	False	False	False
GO:0048193	Golgi vesicle transport	GO:BP					0.84967	314.0	50.0	35.35					0	1		False	True	False	False	False	False
GO:0046395	carboxylic acid catabolic process	GO:BP					0.84999	242.0	40.0	27.24					0	1		False	True	False	False	False	False
GO:0097305	response to alcohol	GO:BP					0.85001	243.0	40.0	27.36					0	1		False	True	False	False	False	False
GO:0030317	flagellated sperm motility	GO:BP					0.85087	211.0	20.0	23.75					0	1		False	True	False	False	False	False
GO:1901890	positive regulation of cell junction assembly	GO:BP					0.85121	95.0	16.0	10.69					0	1		False	True	False	False	False	False
GO:0071300	cellular response to retinoic acid	GO:BP					0.85162	63.0	5.0	7.09					0	1		False	True	False	False	False	False
GO:0007173	epidermal growth factor receptor signaling pathway	GO:BP					0.85168	123.0	12.0	13.85					0	1		False	True	False	False	False	False
GO:2001244	positive regulation of intrinsic apoptotic signaling pathway	GO:BP					0.85169	52.0	4.0	5.85					0	1		False	True	False	False	False	False
GO:0032200	telomere organization	GO:BP					0.85176	179.0	22.0	20.15					0	1		False	True	False	False	False	False
GO:0008608	attachment of spindle microtubules to kinetochore	GO:BP					0.85193	55.0	7.0	6.19					0	1		False	True	False	False	False	False
GO:0032094	response to food	GO:BP					0.85193	37.0	5.0	4.17					0	1		False	True	False	False	False	False
GO:0051693	actin filament capping	GO:BP					0.85202	42.0	5.0	4.73					0	1		False	True	False	False	False	False
GO:0035329	hippo signaling	GO:BP					0.85206	62.0	7.0	6.98					0	1		False	True	False	False	False	False
GO:0030970	retrograde protein transport, ER to cytosol	GO:BP					0.8521	29.0	3.0	3.26					0	1		False	True	False	False	False	False
GO:0002026	regulation of the force of heart contraction	GO:BP					0.85219	16.0	1.0	1.8					0	1		False	True	False	False	False	False
GO:0002827	positive regulation of T-helper 1 type immune response	GO:BP					0.85219	16.0	1.0	1.8					0	1		False	True	False	False	False	False
GO:0006206	pyrimidine nucleobase metabolic process	GO:BP					0.85219	16.0	1.0	1.8					0	1		False	True	False	False	False	False
GO:0006309	apoptotic DNA fragmentation	GO:BP					0.85219	16.0	1.0	1.8					0	1		False	True	False	False	False	False
GO:0016553	base conversion or substitution editing	GO:BP					0.85219	16.0	1.0	1.8					0	1		False	True	False	False	False	False
GO:0016558	protein import into peroxisome matrix	GO:BP					0.85219	16.0	1.0	1.8					0	1		False	True	False	False	False	False
GO:0034144	negative regulation of toll-like receptor 4 signaling pathway	GO:BP					0.85219	16.0	1.0	1.8					0	1		False	True	False	False	False	False
GO:0034497	protein localization to phagophore assembly site	GO:BP					0.85219	16.0	1.0	1.8					0	1		False	True	False	False	False	False
GO:0035809	regulation of urine volume	GO:BP					0.85219	16.0	1.0	1.8					0	1		False	True	False	False	False	False
GO:0042182	ketone catabolic process	GO:BP					0.85219	16.0	1.0	1.8					0	1		False	True	False	False	False	False
GO:0043328	protein transport to vacuole involved in ubiquitin-dependent protein catabolic process via the multivesicular body sorting pathway	GO:BP					0.85219	16.0	1.0	1.8					0	1		False	True	False	False	False	False
GO:0045721	negative regulation of gluconeogenesis	GO:BP					0.85219	16.0	1.0	1.8					0	1		False	True	False	False	False	False
GO:0048538	thymus development	GO:BP					0.85219	16.0	1.0	1.8					0	1		False	True	False	False	False	False
GO:0048846	axon extension involved in axon guidance	GO:BP					0.85219	16.0	1.0	1.8					0	1		False	True	False	False	False	False
GO:0050965	detection of temperature stimulus involved in sensory perception of pain	GO:BP					0.85219	16.0	1.0	1.8					0	1		False	True	False	False	False	False
GO:0051481	negative regulation of cytosolic calcium ion concentration	GO:BP					0.85219	16.0	1.0	1.8					0	1		False	True	False	False	False	False
GO:0060219	camera-type eye photoreceptor cell differentiation	GO:BP					0.85219	16.0	1.0	1.8					0	1		False	True	False	False	False	False
GO:0060231	mesenchymal to epithelial transition	GO:BP					0.85219	16.0	1.0	1.8					0	1		False	True	False	False	False	False
GO:0060586	multicellular organismal-level iron ion homeostasis	GO:BP					0.85219	16.0	1.0	1.8					0	1		False	True	False	False	False	False
GO:0060766	negative regulation of androgen receptor signaling pathway	GO:BP					0.85219	16.0	1.0	1.8					0	1		False	True	False	False	False	False
GO:0070071	proton-transporting two-sector ATPase complex assembly	GO:BP					0.85219	16.0	1.0	1.8					0	1		False	True	False	False	False	False
GO:0071625	vocalization behavior	GO:BP					0.85219	16.0	1.0	1.8					0	1		False	True	False	False	False	False
GO:0071636	positive regulation of transforming growth factor beta production	GO:BP					0.85219	16.0	1.0	1.8					0	1		False	True	False	False	False	False
GO:0072531	pyrimidine-containing compound transmembrane transport	GO:BP					0.85219	16.0	1.0	1.8					0	1		False	True	False	False	False	False
GO:0140588	chromatin looping	GO:BP					0.85219	16.0	1.0	1.8					0	1		False	True	False	False	False	False
GO:1900034	regulation of cellular response to heat	GO:BP					0.85219	16.0	1.0	1.8					0	1		False	True	False	False	False	False
GO:1900407	regulation of cellular response to oxidative stress	GO:BP					0.85219	16.0	1.0	1.8					0	1		False	True	False	False	False	False
GO:1903083	protein localization to condensed chromosome	GO:BP					0.85219	16.0	1.0	1.8					0	1		False	True	False	False	False	False
GO:1903894	regulation of IRE1-mediated unfolded protein response	GO:BP					0.85219	16.0	1.0	1.8					0	1		False	True	False	False	False	False
GO:2000622	regulation of nuclear-transcribed mRNA catabolic process, nonsense-mediated decay	GO:BP					0.85219	16.0	1.0	1.8					0	1		False	True	False	False	False	False
GO:0062014	negative regulation of small molecule metabolic process	GO:BP					0.85228	101.0	10.0	11.37					0	1		False	True	False	False	False	False
GO:0006405	RNA export from nucleus	GO:BP					0.85231	94.0	9.0	10.58					0	1		False	True	False	False	False	False
GO:0050892	intestinal absorption	GO:BP					0.85235	34.0	2.0	3.83					0	1		False	True	False	False	False	False
GO:0032369	negative regulation of lipid transport	GO:BP					0.85242	38.0	2.0	4.28					0	1		False	True	False	False	False	False
GO:0048599	oocyte development	GO:BP					0.85244	39.0	2.0	4.39					0	1		False	True	False	False	False	False
GO:0001523	retinoid metabolic process	GO:BP					0.85247	85.0	7.0	9.57					0	1		False	True	False	False	False	False
GO:0071897	DNA biosynthetic process	GO:BP					0.85257	152.0	21.0	17.11					0	1		False	True	False	False	False	False
GO:0034381	plasma lipoprotein particle clearance	GO:BP					0.85258	47.0	2.0	5.29					0	1		False	True	False	False	False	False
GO:0042100	B cell proliferation	GO:BP					0.85273	73.0	4.0	8.22					0	1		False	True	False	False	False	False
GO:0043068	positive regulation of programmed cell death	GO:BP					0.85298	468.0	47.0	52.68					0	1		False	True	False	False	False	False
GO:0070665	positive regulation of leukocyte proliferation	GO:BP					0.85299	132.0	9.0	14.86					0	1		False	True	False	False	False	False
GO:0006688	glycosphingolipid biosynthetic process	GO:BP					0.85322	45.0	6.0	5.07					0	1		False	True	False	False	False	False
GO:0070252	actin-mediated cell contraction	GO:BP					0.85338	114.0	13.0	12.83					0	1		False	True	False	False	False	False
GO:0051881	regulation of mitochondrial membrane potential	GO:BP					0.85356	59.0	6.0	6.64					0	1		False	True	False	False	False	False
GO:0006882	intracellular zinc ion homeostasis	GO:BP					0.85369	29.0	2.0	3.26					0	1		False	True	False	False	False	False
GO:0030511	positive regulation of transforming growth factor beta receptor signaling pathway	GO:BP					0.85369	29.0	2.0	3.26					0	1		False	True	False	False	False	False
GO:0033631	cell-cell adhesion mediated by integrin	GO:BP					0.85369	29.0	2.0	3.26					0	1		False	True	False	False	False	False
GO:0045947	negative regulation of translational initiation	GO:BP					0.85369	29.0	2.0	3.26					0	1		False	True	False	False	False	False
GO:0031124	mRNA 3'-end processing	GO:BP					0.85384	44.0	3.0	4.95					0	1		False	True	False	False	False	False
GO:0002040	sprouting angiogenesis	GO:BP					0.85404	141.0	13.0	15.87					0	1		False	True	False	False	False	False
GO:0034446	substrate adhesion-dependent cell spreading	GO:BP					0.85421	98.0	14.0	11.03					0	1		False	True	False	False	False	False
GO:0050832	defense response to fungus	GO:BP					0.85492	51.0	6.0	5.74					0	1		False	True	False	False	False	False
GO:0046427	positive regulation of receptor signaling pathway via JAK-STAT	GO:BP					0.8554	41.0	3.0	4.62					0	1		False	True	False	False	False	False
GO:0070269	pyroptotic inflammatory response	GO:BP					0.8554	41.0	3.0	4.62					0	1		False	True	False	False	False	False
GO:2001238	positive regulation of extrinsic apoptotic signaling pathway	GO:BP					0.8554	41.0	3.0	4.62					0	1		False	True	False	False	False	False
GO:0006955	immune response	GO:BP					0.85737	1755.0	182.0	197.57					0	1		False	True	False	False	False	False
GO:0006351	DNA-templated transcription	GO:BP					0.86281	3204.0	304.0	360.69					0	1		False	True	False	False	False	False
GO:0034976	response to endoplasmic reticulum stress	GO:BP					0.86569	262.0	31.0	29.49					0	1		False	True	False	False	False	False
GO:0009062	fatty acid catabolic process	GO:BP					0.86574	97.0	14.0	10.92					0	1		False	True	False	False	False	False
GO:0090068	positive regulation of cell cycle process	GO:BP					0.86632	231.0	25.0	26.0					0	1		False	True	False	False	False	False
GO:0032715	negative regulation of interleukin-6 production	GO:BP					0.8665	42.0	3.0	4.73					0	1		False	True	False	False	False	False
GO:0045840	positive regulation of mitotic nuclear division	GO:BP					0.8665	42.0	3.0	4.73					0	1		False	True	False	False	False	False
GO:0000462	maturation of SSU-rRNA from tricistronic rRNA transcript (SSU-rRNA, 5.8S rRNA, LSU-rRNA)	GO:BP					0.86666	30.0	2.0	3.38					0	1		False	True	False	False	False	False
GO:0010804	negative regulation of tumor necrosis factor-mediated signaling pathway	GO:BP					0.86666	30.0	2.0	3.38					0	1		False	True	False	False	False	False
GO:0045070	positive regulation of viral genome replication	GO:BP					0.86666	30.0	2.0	3.38					0	1		False	True	False	False	False	False
GO:0050901	leukocyte tethering or rolling	GO:BP					0.86666	30.0	2.0	3.38					0	1		False	True	False	False	False	False
GO:0141162	negative regulation of cAMP/PKA signal transduction	GO:BP					0.86666	30.0	2.0	3.38					0	1		False	True	False	False	False	False
GO:2000819	regulation of nucleotide-excision repair	GO:BP					0.86666	30.0	2.0	3.38					0	1		False	True	False	False	False	False
GO:0030324	lung development	GO:BP					0.86672	68.0	6.0	7.66					0	1		False	True	False	False	False	False
GO:0031638	zymogen activation	GO:BP					0.86704	55.0	3.0	6.19					0	1		False	True	False	False	False	False
GO:0043542	endothelial cell migration	GO:BP					0.8671	226.0	22.0	25.44					0	1		False	True	False	False	False	False
GO:0098771	inorganic ion homeostasis	GO:BP					0.86718	392.0	54.0	44.13					0	1		False	True	False	False	False	False
GO:0048477	oogenesis	GO:BP					0.86723	72.0	4.0	8.11					0	1		False	True	False	False	False	False
GO:0006282	regulation of DNA repair	GO:BP					0.86737	233.0	21.0	26.23					0	1		False	True	False	False	False	False
GO:0006637	acyl-CoA metabolic process	GO:BP					0.86745	104.0	20.0	11.71					0	1		False	True	False	False	False	False
GO:0006457	protein folding	GO:BP					0.86789	214.0	20.0	24.09					0	1		False	True	False	False	False	False
GO:0050778	positive regulation of immune response	GO:BP					0.86836	731.0	73.0	82.29					0	1		False	True	False	False	False	False
GO:0035108	limb morphogenesis	GO:BP					0.86857	63.0	8.0	7.09					0	1		False	True	False	False	False	False
GO:0043277	apoptotic cell clearance	GO:BP					0.86858	37.0	5.0	4.17					0	1		False	True	False	False	False	False
GO:0050974	detection of mechanical stimulus involved in sensory perception	GO:BP					0.86861	30.0	4.0	3.38					0	1		False	True	False	False	False	False
GO:0170038	proteinogenic amino acid biosynthetic process	GO:BP					0.86865	50.0	6.0	5.63					0	1		False	True	False	False	False	False
GO:0051489	regulation of filopodium assembly	GO:BP					0.8687	44.0	5.0	4.95					0	1		False	True	False	False	False	False
GO:0009395	phospholipid catabolic process	GO:BP					0.86872	54.0	6.0	6.08					0	1		False	True	False	False	False	False
GO:0002523	leukocyte migration involved in inflammatory response	GO:BP					0.86884	17.0	1.0	1.91					0	1		False	True	False	False	False	False
GO:0015871	choline transport	GO:BP					0.86884	17.0	1.0	1.91					0	1		False	True	False	False	False	False
GO:0018022	peptidyl-lysine methylation	GO:BP					0.86884	17.0	1.0	1.91					0	1		False	True	False	False	False	False
GO:0021846	cell proliferation in forebrain	GO:BP					0.86884	17.0	1.0	1.91					0	1		False	True	False	False	False	False
GO:0030214	hyaluronan catabolic process	GO:BP					0.86884	17.0	1.0	1.91					0	1		False	True	False	False	False	False
GO:0031054	pre-miRNA processing	GO:BP					0.86884	17.0	1.0	1.91					0	1		False	True	False	False	False	False
GO:0032495	response to muramyl dipeptide	GO:BP					0.86884	17.0	1.0	1.91					0	1		False	True	False	False	False	False
GO:0035162	embryonic hemopoiesis	GO:BP					0.86884	17.0	1.0	1.91					0	1		False	True	False	False	False	False
GO:0035332	positive regulation of hippo signaling	GO:BP					0.86884	17.0	1.0	1.91					0	1		False	True	False	False	False	False
GO:0042574	retinal metabolic process	GO:BP					0.86884	17.0	1.0	1.91					0	1		False	True	False	False	False	False
GO:0043117	positive regulation of vascular permeability	GO:BP					0.86884	17.0	1.0	1.91					0	1		False	True	False	False	False	False
GO:0043517	positive regulation of DNA damage response, signal transduction by p53 class mediator	GO:BP					0.86884	17.0	1.0	1.91					0	1		False	True	False	False	False	False
GO:0043691	reverse cholesterol transport	GO:BP					0.86884	17.0	1.0	1.91					0	1		False	True	False	False	False	False
GO:0048011	neurotrophin TRK receptor signaling pathway	GO:BP					0.86884	17.0	1.0	1.91					0	1		False	True	False	False	False	False
GO:0050655	dermatan sulfate proteoglycan metabolic process	GO:BP					0.86884	17.0	1.0	1.91					0	1		False	True	False	False	False	False
GO:0051446	positive regulation of meiotic cell cycle	GO:BP					0.86884	17.0	1.0	1.91					0	1		False	True	False	False	False	False
GO:0060382	regulation of DNA strand elongation	GO:BP					0.86884	17.0	1.0	1.91					0	1		False	True	False	False	False	False
GO:0090713	immunological memory process	GO:BP					0.86884	17.0	1.0	1.91					0	1		False	True	False	False	False	False
GO:1903429	regulation of cell maturation	GO:BP					0.86884	17.0	1.0	1.91					0	1		False	True	False	False	False	False
GO:1905906	regulation of amyloid fibril formation	GO:BP					0.86884	17.0	1.0	1.91					0	1		False	True	False	False	False	False
GO:0001658	branching involved in ureteric bud morphogenesis	GO:BP					0.86886	36.0	3.0	4.05					0	1		False	True	False	False	False	False
GO:0006783	heme biosynthetic process	GO:BP					0.86886	27.0	2.0	3.04					0	1		False	True	False	False	False	False
GO:0016226	iron-sulfur cluster assembly	GO:BP					0.86888	28.0	2.0	3.15					0	1		False	True	False	False	False	False
GO:0002710	negative regulation of T cell mediated immunity	GO:BP					0.86889	29.0	2.0	3.26					0	1		False	True	False	False	False	False
GO:0045730	respiratory burst	GO:BP					0.86895	32.0	2.0	3.6					0	1		False	True	False	False	False	False
GO:0061515	myeloid cell development	GO:BP					0.869	62.0	5.0	6.98					0	1		False	True	False	False	False	False
GO:0002456	T cell mediated immunity	GO:BP					0.86903	117.0	11.0	13.17					0	1		False	True	False	False	False	False
GO:0032655	regulation of interleukin-12 production	GO:BP					0.86927	51.0	2.0	5.74					0	1		False	True	False	False	False	False
GO:0022904	respiratory electron transport chain	GO:BP					0.86938	111.0	8.0	12.5					0	1		False	True	False	False	False	False
GO:0045944	positive regulation of transcription by RNA polymerase II	GO:BP					0.87088	1143.0	114.0	128.67					0	1		False	True	False	False	False	False
GO:0006950	response to stress	GO:BP					0.87316	3683.0	391.0	414.61					0	1		False	True	False	False	False	False
GO:0043085	positive regulation of catalytic activity	GO:BP					0.87455	278.0	39.0	31.3					0	1		False	True	False	False	False	False
GO:0007052	mitotic spindle organization	GO:BP					0.8764	133.0	15.0	14.97					0	1		False	True	False	False	False	False
GO:0045892	negative regulation of DNA-templated transcription	GO:BP					0.87644	1261.0	121.0	141.96					0	1		False	True	False	False	False	False
GO:0039532	negative regulation of cytoplasmic pattern recognition receptor signaling pathway	GO:BP					0.87664	62.0	6.0	6.98					0	1		False	True	False	False	False	False
GO:0000244	spliceosomal tri-snRNP complex assembly	GO:BP					0.87684	43.0	3.0	4.84					0	1		False	True	False	False	False	False
GO:0045214	sarcomere organization	GO:BP					0.87684	43.0	3.0	4.84					0	1		False	True	False	False	False	False
GO:0007224	smoothened signaling pathway	GO:BP					0.87745	105.0	16.0	11.82					0	1		False	True	False	False	False	False
GO:0032760	positive regulation of tumor necrosis factor production	GO:BP					0.87762	109.0	9.0	12.27					0	1		False	True	False	False	False	False
GO:0045727	positive regulation of translation	GO:BP					0.87799	125.0	12.0	14.07					0	1		False	True	False	False	False	False
GO:0000079	regulation of cyclin-dependent protein serine/threonine kinase activity	GO:BP					0.87857	31.0	2.0	3.49					0	1		False	True	False	False	False	False
GO:0032570	response to progesterone	GO:BP					0.87857	31.0	2.0	3.49					0	1		False	True	False	False	False	False
GO:0019229	regulation of vasoconstriction	GO:BP					0.87875	57.0	4.0	6.42					0	1		False	True	False	False	False	False
GO:0048585	negative regulation of response to stimulus	GO:BP					0.87942	1602.0	206.0	180.34					0	1		False	True	False	False	False	False
GO:0043410	positive regulation of MAPK cascade	GO:BP					0.87958	411.0	46.0	46.27					0	1		False	True	False	False	False	False
GO:0032968	positive regulation of transcription elongation by RNA polymerase II	GO:BP					0.88049	55.0	4.0	6.19					0	1		False	True	False	False	False	False
GO:0048589	developmental growth	GO:BP					0.88081	361.0	59.0	40.64					0	1		False	True	False	False	False	False
GO:0006941	striated muscle contraction	GO:BP					0.88089	228.0	22.0	25.67					0	1		False	True	False	False	False	False
GO:0030334	regulation of cell migration	GO:BP					0.88092	897.0	116.0	100.98					0	1		False	True	False	False	False	False
GO:0001822	kidney development	GO:BP					0.88097	222.0	21.0	24.99					0	1		False	True	False	False	False	False
GO:0050773	regulation of dendrite development	GO:BP					0.88293	90.0	14.0	10.13					0	1		False	True	False	False	False	False
GO:0048839	inner ear development	GO:BP					0.88318	97.0	13.0	10.92					0	1		False	True	False	False	False	False
GO:0000289	nuclear-transcribed mRNA poly(A) tail shortening	GO:BP					0.88344	33.0	4.0	3.71					0	1		False	True	False	False	False	False
GO:0001516	prostaglandin biosynthetic process	GO:BP					0.8835	28.0	3.0	3.15					0	1		False	True	False	False	False	False
GO:0009226	nucleotide-sugar biosynthetic process	GO:BP					0.8835	28.0	3.0	3.15					0	1		False	True	False	False	False	False
GO:0048041	focal adhesion assembly	GO:BP					0.88353	83.0	9.0	9.34					0	1		False	True	False	False	False	False
GO:0001656	metanephros development	GO:BP					0.88357	68.0	7.0	7.66					0	1		False	True	False	False	False	False
GO:0034308	primary alcohol metabolic process	GO:BP					0.88359	105.0	11.0	11.82					0	1		False	True	False	False	False	False
GO:0031670	cellular response to nutrient	GO:BP					0.88361	44.0	4.0	4.95					0	1		False	True	False	False	False	False
GO:0006590	thyroid hormone generation	GO:BP					0.88362	18.0	1.0	2.03					0	1		False	True	False	False	False	False
GO:0009820	alkaloid metabolic process	GO:BP					0.88362	18.0	1.0	2.03					0	1		False	True	False	False	False	False
GO:0010561	negative regulation of glycoprotein biosynthetic process	GO:BP					0.88362	18.0	1.0	2.03					0	1		False	True	False	False	False	False
GO:0019430	removal of superoxide radicals	GO:BP					0.88362	18.0	1.0	2.03					0	1		False	True	False	False	False	False
GO:0032693	negative regulation of interleukin-10 production	GO:BP					0.88362	18.0	1.0	2.03					0	1		False	True	False	False	False	False
GO:0032874	positive regulation of stress-activated MAPK cascade	GO:BP					0.88362	18.0	1.0	2.03					0	1		False	True	False	False	False	False
GO:0034122	negative regulation of toll-like receptor signaling pathway	GO:BP					0.88362	18.0	1.0	2.03					0	1		False	True	False	False	False	False
GO:0035372	protein localization to microtubule	GO:BP					0.88362	18.0	1.0	2.03					0	1		False	True	False	False	False	False
GO:0035461	vitamin transmembrane transport	GO:BP					0.88362	18.0	1.0	2.03					0	1		False	True	False	False	False	False
GO:0039531	regulation of cytoplasmic pattern recognition receptor signaling pathway	GO:BP					0.88362	133.0	14.0	14.97					0	1		False	True	False	False	False	False
GO:0043407	negative regulation of MAP kinase activity	GO:BP					0.88362	18.0	1.0	2.03					0	1		False	True	False	False	False	False
GO:0046629	gamma-delta T cell activation	GO:BP					0.88362	18.0	1.0	2.03					0	1		False	True	False	False	False	False
GO:0046641	positive regulation of alpha-beta T cell proliferation	GO:BP					0.88362	18.0	1.0	2.03					0	1		False	True	False	False	False	False
GO:0046827	positive regulation of protein export from nucleus	GO:BP					0.88362	18.0	1.0	2.03					0	1		False	True	False	False	False	False
GO:0048286	lung alveolus development	GO:BP					0.88362	18.0	1.0	2.03					0	1		False	True	False	False	False	False
GO:0051450	myoblast proliferation	GO:BP					0.88362	18.0	1.0	2.03					0	1		False	True	False	False	False	False
GO:0055093	response to hyperoxia	GO:BP					0.88362	18.0	1.0	2.03					0	1		False	True	False	False	False	False
GO:0062009	secondary palate development	GO:BP					0.88362	18.0	1.0	2.03					0	1		False	True	False	False	False	False
GO:0070431	nucleotide-binding oligomerization domain containing 2 signaling pathway	GO:BP					0.88362	18.0	1.0	2.03					0	1		False	True	False	False	False	False
GO:0098856	intestinal lipid absorption	GO:BP					0.88362	18.0	1.0	2.03					0	1		False	True	False	False	False	False
GO:1904754	positive regulation of vascular associated smooth muscle cell migration	GO:BP					0.88362	18.0	1.0	2.03					0	1		False	True	False	False	False	False
GO:0006346	DNA methylation-dependent constitutive heterochromatin formation	GO:BP					0.88372	33.0	2.0	3.71					0	1		False	True	False	False	False	False
GO:0006413	translational initiation	GO:BP					0.88393	126.0	11.0	14.18					0	1		False	True	False	False	False	False
GO:0000302	response to reactive oxygen species	GO:BP					0.8843	167.0	13.0	18.8					0	1		False	True	False	False	False	False
GO:0071222	cellular response to lipopolysaccharide	GO:BP					0.88554	185.0	14.0	20.83					0	1		False	True	False	False	False	False
GO:0001708	cell fate specification	GO:BP					0.88618	67.0	5.0	7.54					0	1		False	True	False	False	False	False
GO:0042776	proton motive force-driven mitochondrial ATP synthesis	GO:BP					0.88618	67.0	5.0	7.54					0	1		False	True	False	False	False	False
GO:0062208	positive regulation of pattern recognition receptor signaling pathway	GO:BP					0.88923	82.0	9.0	9.23					0	1		False	True	False	False	False	False
GO:0032147	activation of protein kinase activity	GO:BP					0.88941	46.0	4.0	5.18					0	1		False	True	False	False	False	False
GO:0045746	negative regulation of Notch signaling pathway	GO:BP					0.88949	32.0	2.0	3.6					0	1		False	True	False	False	False	False
GO:0007162	negative regulation of cell adhesion	GO:BP					0.88983	270.0	27.0	30.4					0	1		False	True	False	False	False	False
GO:1902533	positive regulation of intracellular signal transduction	GO:BP					0.89011	1076.0	142.0	121.13					0	1		False	True	False	False	False	False
GO:0009101	glycoprotein biosynthetic process	GO:BP					0.8911	295.0	23.0	33.21					0	1		False	True	False	False	False	False
GO:0008584	male gonad development	GO:BP					0.89348	80.0	7.0	9.01					0	1		False	True	False	False	False	False
GO:1901136	carbohydrate derivative catabolic process	GO:BP					0.89586	245.0	33.0	27.58					0	1		False	True	False	False	False	False
GO:0016052	carbohydrate catabolic process	GO:BP					0.89634	161.0	20.0	18.12					0	1		False	True	False	False	False	False
GO:1902003	regulation of amyloid-beta formation	GO:BP					0.89664	39.0	4.0	4.39					0	1		False	True	False	False	False	False
GO:0043114	regulation of vascular permeability	GO:BP					0.89666	49.0	5.0	5.52					0	1		False	True	False	False	False	False
GO:0000038	very long-chain fatty acid metabolic process	GO:BP					0.89667	32.0	3.0	3.6					0	1		False	True	False	False	False	False
GO:0002281	macrophage activation involved in immune response	GO:BP					0.89674	19.0	1.0	2.14					0	1		False	True	False	False	False	False
GO:0002762	negative regulation of myeloid leukocyte differentiation	GO:BP					0.89674	46.0	4.0	5.18					0	1		False	True	False	False	False	False
GO:0003228	atrial cardiac muscle tissue development	GO:BP					0.89674	19.0	1.0	2.14					0	1		False	True	False	False	False	False
GO:0007076	mitotic chromosome condensation	GO:BP					0.89674	19.0	1.0	2.14					0	1		False	True	False	False	False	False
GO:0009223	pyrimidine deoxyribonucleotide catabolic process	GO:BP					0.89674	19.0	1.0	2.14					0	1		False	True	False	False	False	False
GO:0010499	proteasomal ubiquitin-independent protein catabolic process	GO:BP					0.89674	19.0	1.0	2.14					0	1		False	True	False	False	False	False
GO:0010842	retina layer formation	GO:BP					0.89674	19.0	1.0	2.14					0	1		False	True	False	False	False	False
GO:0010968	regulation of microtubule nucleation	GO:BP					0.89674	19.0	1.0	2.14					0	1		False	True	False	False	False	False
GO:0014819	regulation of skeletal muscle contraction	GO:BP					0.89674	19.0	1.0	2.14					0	1		False	True	False	False	False	False
GO:0014898	cardiac muscle hypertrophy in response to stress	GO:BP					0.89674	19.0	1.0	2.14					0	1		False	True	False	False	False	False
GO:0031053	primary miRNA processing	GO:BP					0.89674	19.0	1.0	2.14					0	1		False	True	False	False	False	False
GO:0032781	positive regulation of ATP-dependent activity	GO:BP					0.89674	19.0	1.0	2.14					0	1		False	True	False	False	False	False
GO:0033032	regulation of myeloid cell apoptotic process	GO:BP					0.89674	19.0	1.0	2.14					0	1		False	True	False	False	False	False
GO:0035335	peptidyl-tyrosine dephosphorylation	GO:BP					0.89674	19.0	1.0	2.14					0	1		False	True	False	False	False	False
GO:0043931	ossification involved in bone maturation	GO:BP					0.89674	19.0	1.0	2.14					0	1		False	True	False	False	False	False
GO:0045591	positive regulation of regulatory T cell differentiation	GO:BP					0.89674	19.0	1.0	2.14					0	1		False	True	False	False	False	False
GO:0045830	positive regulation of isotype switching	GO:BP					0.89674	19.0	1.0	2.14					0	1		False	True	False	False	False	False
GO:0071294	cellular response to zinc ion	GO:BP					0.89674	19.0	1.0	2.14					0	1		False	True	False	False	False	False
GO:0071391	cellular response to estrogen stimulus	GO:BP					0.89674	19.0	1.0	2.14					0	1		False	True	False	False	False	False
GO:1902692	regulation of neuroblast proliferation	GO:BP					0.89674	19.0	1.0	2.14					0	1		False	True	False	False	False	False
GO:0006024	glycosaminoglycan biosynthetic process	GO:BP					0.89677	30.0	2.0	3.38					0	1		False	True	False	False	False	False
GO:0014014	negative regulation of gliogenesis	GO:BP					0.89678	31.0	2.0	3.49					0	1		False	True	False	False	False	False
GO:0006636	unsaturated fatty acid biosynthetic process	GO:BP					0.89679	49.0	4.0	5.52					0	1		False	True	False	False	False	False
GO:0001890	placenta development	GO:BP					0.89682	60.0	5.0	6.75					0	1		False	True	False	False	False	False
GO:0061756	leukocyte adhesion to vascular endothelial cell	GO:BP					0.89692	49.0	3.0	5.52					0	1		False	True	False	False	False	False
GO:0009593	detection of chemical stimulus	GO:BP					0.89742	295.0	27.0	33.21					0	1		False	True	False	False	False	False
GO:0007159	leukocyte cell-cell adhesion	GO:BP					0.89884	381.0	26.0	42.89					0	1		False	True	False	False	False	False
GO:0001843	neural tube closure	GO:BP					0.89949	33.0	2.0	3.71					0	1		False	True	False	False	False	False
GO:0007095	mitotic G2 DNA damage checkpoint signaling	GO:BP					0.89949	33.0	2.0	3.71					0	1		False	True	False	False	False	False
GO:0045429	positive regulation of nitric oxide biosynthetic process	GO:BP					0.89949	33.0	2.0	3.71					0	1		False	True	False	False	False	False
GO:2000179	positive regulation of neural precursor cell proliferation	GO:BP					0.89949	33.0	2.0	3.71					0	1		False	True	False	False	False	False
GO:0070328	triglyceride homeostasis	GO:BP					0.89951	43.0	3.0	4.84					0	1		False	True	False	False	False	False
GO:0019221	cytokine-mediated signaling pathway	GO:BP					0.90255	488.0	48.0	54.94					0	1		False	True	False	False	False	False
GO:0006357	regulation of transcription by RNA polymerase II	GO:BP					0.9046	2446.0	240.0	275.36					0	1		False	True	False	False	False	False
GO:0055074	calcium ion homeostasis	GO:BP					0.90717	192.0	30.0	21.61					0	1		False	True	False	False	False	False
GO:0008625	extrinsic apoptotic signaling pathway via death domain receptors	GO:BP					0.90813	69.0	9.0	7.77					0	1		False	True	False	False	False	False
GO:0002446	neutrophil mediated immunity	GO:BP					0.90831	33.0	3.0	3.71					0	1		False	True	False	False	False	False
GO:0002755	MyD88-dependent toll-like receptor signaling pathway	GO:BP					0.90838	20.0	1.0	2.25					0	1		False	True	False	False	False	False
GO:0010165	response to X-ray	GO:BP					0.90838	20.0	1.0	2.25					0	1		False	True	False	False	False	False
GO:0034587	piRNA processing	GO:BP					0.90838	20.0	1.0	2.25					0	1		False	True	False	False	False	False
GO:0042359	vitamin D metabolic process	GO:BP					0.90838	20.0	1.0	2.25					0	1		False	True	False	False	False	False
GO:0046628	positive regulation of insulin receptor signaling pathway	GO:BP					0.90838	20.0	1.0	2.25					0	1		False	True	False	False	False	False
GO:2001185	regulation of CD8-positive, alpha-beta T cell activation	GO:BP					0.90838	20.0	1.0	2.25					0	1		False	True	False	False	False	False
GO:0007129	homologous chromosome pairing at meiosis	GO:BP					0.90839	39.0	3.0	4.39					0	1		False	True	False	False	False	False
GO:0035590	purinergic nucleotide receptor signaling pathway	GO:BP					0.90839	30.0	2.0	3.38					0	1		False	True	False	False	False	False
GO:0070972	protein localization to endoplasmic reticulum	GO:BP					0.9084	31.0	2.0	3.49					0	1		False	True	False	False	False	False
GO:0044773	mitotic DNA damage checkpoint signaling	GO:BP					0.90852	66.0	5.0	7.43					0	1		False	True	False	False	False	False
GO:0010656	negative regulation of muscle cell apoptotic process	GO:BP					0.90863	47.0	2.0	5.29					0	1		False	True	False	False	False	False
GO:0003161	cardiac conduction system development	GO:BP					0.90864	34.0	2.0	3.83					0	1		False	True	False	False	False	False
GO:0006699	bile acid biosynthetic process	GO:BP					0.90864	34.0	2.0	3.83					0	1		False	True	False	False	False	False
GO:0030890	positive regulation of B cell proliferation	GO:BP					0.90864	34.0	2.0	3.83					0	1		False	True	False	False	False	False
GO:0035633	maintenance of blood-brain barrier	GO:BP					0.90864	34.0	2.0	3.83					0	1		False	True	False	False	False	False
GO:0043029	T cell homeostasis	GO:BP					0.90864	34.0	2.0	3.83					0	1		False	True	False	False	False	False
GO:0007520	myoblast fusion	GO:BP					0.90869	78.0	5.0	8.78					0	1		False	True	False	False	False	False
GO:0007098	centrosome cycle	GO:BP					0.90916	142.0	11.0	15.99					0	1		False	True	False	False	False	False
GO:1990090	cellular response to nerve growth factor stimulus	GO:BP					0.91142	47.0	3.0	5.29					0	1		False	True	False	False	False	False
GO:0002376	immune system process	GO:BP					0.91154	2394.0	246.0	269.5					0	1		False	True	False	False	False	False
GO:0051129	negative regulation of cellular component organization	GO:BP					0.91662	721.0	97.0	81.17					0	1		False	True	False	False	False	False
GO:0001541	ovarian follicle development	GO:BP					0.917	35.0	2.0	3.94					0	1		False	True	False	False	False	False
GO:0007131	reciprocal meiotic recombination	GO:BP					0.91775	60.0	4.0	6.75					0	1		False	True	False	False	False	False
GO:0016485	protein processing	GO:BP					0.91806	223.0	18.0	25.1					0	1		False	True	False	False	False	False
GO:0002691	regulation of cellular extravasation	GO:BP					0.91855	36.0	4.0	4.05					0	1		False	True	False	False	False	False
GO:0035850	epithelial cell differentiation involved in kidney development	GO:BP					0.91869	38.0	3.0	4.28					0	1		False	True	False	False	False	False
GO:0001824	blastocyst development	GO:BP					0.9187	21.0	1.0	2.36					0	1		False	True	False	False	False	False
GO:0002082	regulation of oxidative phosphorylation	GO:BP					0.9187	21.0	1.0	2.36					0	1		False	True	False	False	False	False
GO:0006123	mitochondrial electron transport, cytochrome c to oxygen	GO:BP					0.9187	21.0	1.0	2.36					0	1		False	True	False	False	False	False
GO:0033630	positive regulation of cell adhesion mediated by integrin	GO:BP					0.9187	21.0	1.0	2.36					0	1		False	True	False	False	False	False
GO:0033688	regulation of osteoblast proliferation	GO:BP					0.9187	21.0	1.0	2.36					0	1		False	True	False	False	False	False
GO:0034114	regulation of heterotypic cell-cell adhesion	GO:BP					0.9187	21.0	1.0	2.36					0	1		False	True	False	False	False	False
GO:0045723	positive regulation of fatty acid biosynthetic process	GO:BP					0.9187	21.0	1.0	2.36					0	1		False	True	False	False	False	False
GO:0045762	positive regulation of adenylate cyclase activity	GO:BP					0.9187	21.0	1.0	2.36					0	1		False	True	False	False	False	False
GO:0046514	ceramide catabolic process	GO:BP					0.9187	21.0	1.0	2.36					0	1		False	True	False	False	False	False
GO:0048566	embryonic digestive tract development	GO:BP					0.9187	21.0	1.0	2.36					0	1		False	True	False	False	False	False
GO:0051457	maintenance of protein location in nucleus	GO:BP					0.9187	21.0	1.0	2.36					0	1		False	True	False	False	False	False
GO:0031016	pancreas development	GO:BP					0.91876	52.0	4.0	5.85					0	1		False	True	False	False	False	False
GO:1901798	positive regulation of signal transduction by p53 class mediator	GO:BP					0.91881	38.0	2.0	4.28					0	1		False	True	False	False	False	False
GO:0002224	toll-like receptor signaling pathway	GO:BP					0.91884	76.0	6.0	8.56					0	1		False	True	False	False	False	False
GO:0045814	negative regulation of gene expression, epigenetic	GO:BP					0.91925	223.0	19.0	25.1					0	1		False	True	False	False	False	False
GO:0031297	replication fork processing	GO:BP					0.92382	61.0	4.0	6.87					0	1		False	True	False	False	False	False
GO:0045600	positive regulation of fat cell differentiation	GO:BP					0.92447	52.0	5.0	5.85					0	1		False	True	False	False	False	False
GO:0006376	mRNA splice site recognition	GO:BP					0.92464	36.0	2.0	4.05					0	1		False	True	False	False	False	False
GO:0032691	negative regulation of interleukin-1 beta production	GO:BP					0.92464	36.0	2.0	4.05					0	1		False	True	False	False	False	False
GO:0042307	positive regulation of protein import into nucleus	GO:BP					0.92464	36.0	2.0	4.05					0	1		False	True	False	False	False	False
GO:0006493	protein O-linked glycosylation	GO:BP					0.92468	145.0	14.0	16.32					0	1		False	True	False	False	False	False
GO:0015850	organic hydroxy compound transport	GO:BP					0.92494	259.0	28.0	29.16					0	1		False	True	False	False	False	False
GO:0051276	chromosome organization	GO:BP					0.92645	561.0	49.0	63.15					0	1		False	True	False	False	False	False
GO:0006338	chromatin remodeling	GO:BP					0.92682	646.0	58.0	72.72					0	1		False	True	False	False	False	False
GO:0051893	regulation of focal adhesion assembly	GO:BP					0.92763	65.0	8.0	7.32					0	1		False	True	False	False	False	False
GO:1905898	positive regulation of response to endoplasmic reticulum stress	GO:BP					0.92765	40.0	5.0	4.5					0	1		False	True	False	False	False	False
GO:0050731	positive regulation of peptidyl-tyrosine phosphorylation	GO:BP					0.9278	52.0	5.0	5.85					0	1		False	True	False	False	False	False
GO:0034472	snRNA 3'-end processing	GO:BP					0.92787	22.0	1.0	2.48					0	1		False	True	False	False	False	False
GO:1901970	positive regulation of mitotic sister chromatid separation	GO:BP					0.92787	22.0	1.0	2.48					0	1		False	True	False	False	False	False
GO:1901655	cellular response to ketone	GO:BP					0.92883	93.0	11.0	10.47					0	1		False	True	False	False	False	False
GO:0006412	translation	GO:BP					0.92973	670.0	57.0	75.42					0	1		False	True	False	False	False	False
GO:0031640	killing of cells of another organism	GO:BP					0.93001	85.0	7.0	9.57					0	1		False	True	False	False	False	False
GO:0042632	cholesterol homeostasis	GO:BP					0.93056	97.0	7.0	10.92					0	1		False	True	False	False	False	False
GO:0000724	double-strand break repair via homologous recombination	GO:BP					0.93104	186.0	15.0	20.94					0	1		False	True	False	False	False	False
GO:0071396	cellular response to lipid	GO:BP					0.93127	573.0	62.0	64.51					0	1		False	True	False	False	False	False
GO:0030968	endoplasmic reticulum unfolded protein response	GO:BP					0.93137	92.0	10.0	10.36					0	1		False	True	False	False	False	False
GO:0042475	odontogenesis of dentin-containing tooth	GO:BP					0.93162	37.0	2.0	4.17					0	1		False	True	False	False	False	False
GO:0030218	erythrocyte differentiation	GO:BP					0.932	106.0	7.0	11.93					0	1		False	True	False	False	False	False
GO:0008630	intrinsic apoptotic signaling pathway in response to DNA damage	GO:BP					0.93204	91.0	5.0	10.24					0	1		False	True	False	False	False	False
GO:0031669	cellular response to nutrient levels	GO:BP					0.93512	230.0	33.0	25.89					0	1		False	True	False	False	False	False
GO:0095500	acetylcholine receptor signaling pathway	GO:BP					0.93572	43.0	6.0	4.84					0	1		False	True	False	False	False	False
GO:0001556	oocyte maturation	GO:BP					0.936	23.0	1.0	2.59					0	1		False	True	False	False	False	False
GO:0017145	stem cell division	GO:BP					0.936	23.0	1.0	2.59					0	1		False	True	False	False	False	False
GO:0019081	viral translation	GO:BP					0.936	23.0	1.0	2.59					0	1		False	True	False	False	False	False
GO:0032967	positive regulation of collagen biosynthetic process	GO:BP					0.936	23.0	1.0	2.59					0	1		False	True	False	False	False	False
GO:0042744	hydrogen peroxide catabolic process	GO:BP					0.936	23.0	1.0	2.59					0	1		False	True	False	False	False	False
GO:0050732	negative regulation of peptidyl-tyrosine phosphorylation	GO:BP					0.936	23.0	1.0	2.59					0	1		False	True	False	False	False	False
GO:1900273	positive regulation of long-term synaptic potentiation	GO:BP					0.936	23.0	1.0	2.59					0	1		False	True	False	False	False	False
GO:1904706	negative regulation of vascular associated smooth muscle cell proliferation	GO:BP					0.936	23.0	1.0	2.59					0	1		False	True	False	False	False	False
GO:0045124	regulation of bone resorption	GO:BP					0.93606	38.0	2.0	4.28					0	1		False	True	False	False	False	False
GO:0097306	cellular response to alcohol	GO:BP					0.93607	90.0	13.0	10.13					0	1		False	True	False	False	False	False
GO:0031123	RNA 3'-end processing	GO:BP					0.93629	94.0	6.0	10.58					0	1		False	True	False	False	False	False
GO:0042273	ribosomal large subunit biogenesis	GO:BP					0.9363	77.0	4.0	8.67					0	1		False	True	False	False	False	False
GO:0006936	muscle contraction	GO:BP					0.93649	363.0	41.0	40.86					0	1		False	True	False	False	False	False
GO:0006954	inflammatory response	GO:BP					0.9366	779.0	80.0	87.7					0	1		False	True	False	False	False	False
GO:0006406	mRNA export from nucleus	GO:BP					0.93686	73.0	6.0	8.22					0	1		False	True	False	False	False	False
GO:0071347	cellular response to interleukin-1	GO:BP					0.93689	84.0	7.0	9.46					0	1		False	True	False	False	False	False
GO:0051093	negative regulation of developmental process	GO:BP					0.93744	798.0	84.0	89.83					0	1		False	True	False	False	False	False
GO:0042771	intrinsic apoptotic signaling pathway in response to DNA damage by p53 class mediator	GO:BP					0.93798	38.0	2.0	4.28					0	1		False	True	False	False	False	False
GO:0000122	negative regulation of transcription by RNA polymerase II	GO:BP					0.93845	916.0	89.0	103.12					0	1		False	True	False	False	False	False
GO:0006959	humoral immune response	GO:BP					0.93924	241.0	15.0	27.13					0	1		False	True	False	False	False	False
GO:0002062	chondrocyte differentiation	GO:BP					0.93959	77.0	6.0	8.67					0	1		False	True	False	False	False	False
GO:0030199	collagen fibril organization	GO:BP					0.93968	64.0	4.0	7.2					0	1		False	True	False	False	False	False
GO:0042102	positive regulation of T cell proliferation	GO:BP					0.93985	82.0	5.0	9.23					0	1		False	True	False	False	False	False
GO:0043066	negative regulation of apoptotic process	GO:BP					0.94036	715.0	76.0	80.49					0	1		False	True	False	False	False	False
GO:0000165	MAPK cascade	GO:BP					0.94161	694.0	79.0	78.13					0	1		False	True	False	False	False	False
GO:0008654	phospholipid biosynthetic process	GO:BP					0.94196	261.0	41.0	29.38					0	1		False	True	False	False	False	False
GO:1902904	negative regulation of supramolecular fiber organization	GO:BP					0.94257	149.0	22.0	16.77					0	1		False	True	False	False	False	False
GO:1903426	regulation of reactive oxygen species biosynthetic process	GO:BP					0.94304	43.0	5.0	4.84					0	1		False	True	False	False	False	False
GO:0030282	bone mineralization	GO:BP					0.94318	92.0	9.0	10.36					0	1		False	True	False	False	False	False
GO:0006491	N-glycan processing	GO:BP					0.94321	24.0	1.0	2.7					0	1		False	True	False	False	False	False
GO:0010667	negative regulation of cardiac muscle cell apoptotic process	GO:BP					0.94321	24.0	1.0	2.7					0	1		False	True	False	False	False	False
GO:0010954	positive regulation of protein processing	GO:BP					0.94321	24.0	1.0	2.7					0	1		False	True	False	False	False	False
GO:0032682	negative regulation of chemokine production	GO:BP					0.94321	24.0	1.0	2.7					0	1		False	True	False	False	False	False
GO:0032703	negative regulation of interleukin-2 production	GO:BP					0.94321	24.0	1.0	2.7					0	1		False	True	False	False	False	False
GO:0045953	negative regulation of natural killer cell mediated cytotoxicity	GO:BP					0.94321	24.0	1.0	2.7					0	1		False	True	False	False	False	False
GO:0055023	positive regulation of cardiac muscle tissue growth	GO:BP					0.94321	24.0	1.0	2.7					0	1		False	True	False	False	False	False
GO:2000209	regulation of anoikis	GO:BP					0.94321	24.0	1.0	2.7					0	1		False	True	False	False	False	False
GO:2000242	negative regulation of reproductive process	GO:BP					0.94321	42.0	3.0	4.73					0	1		False	True	False	False	False	False
GO:0043303	mast cell degranulation	GO:BP					0.94327	47.0	3.0	5.29					0	1		False	True	False	False	False	False
GO:0006383	transcription by RNA polymerase III	GO:BP					0.94333	62.0	4.0	6.98					0	1		False	True	False	False	False	False
GO:0032733	positive regulation of interleukin-10 production	GO:BP					0.94377	39.0	2.0	4.39					0	1		False	True	False	False	False	False
GO:0010948	negative regulation of cell cycle process	GO:BP					0.94385	289.0	24.0	32.53					0	1		False	True	False	False	False	False
GO:0030490	maturation of SSU-rRNA	GO:BP					0.94394	69.0	4.0	7.77					0	1		False	True	False	False	False	False
GO:0042476	odontogenesis	GO:BP					0.94403	76.0	4.0	8.56					0	1		False	True	False	False	False	False
GO:0007005	mitochondrion organization	GO:BP					0.94691	351.0	37.0	39.51					0	1		False	True	False	False	False	False
GO:0019731	antibacterial humoral response	GO:BP					0.94851	66.0	4.0	7.43					0	1		False	True	False	False	False	False
GO:0006605	protein targeting	GO:BP					0.94865	204.0	24.0	22.97					0	1		False	True	False	False	False	False
GO:0030574	collagen catabolic process	GO:BP					0.94905	40.0	2.0	4.5					0	1		False	True	False	False	False	False
GO:0051058	negative regulation of small GTPase mediated signal transduction	GO:BP					0.94906	59.0	4.0	6.64					0	1		False	True	False	False	False	False
GO:0007422	peripheral nervous system development	GO:BP					0.94922	55.0	9.0	6.19					0	1		False	True	False	False	False	False
GO:0045446	endothelial cell differentiation	GO:BP					0.94942	94.0	11.0	10.58					0	1		False	True	False	False	False	False
GO:0032892	positive regulation of organic acid transport	GO:BP					0.94954	35.0	3.0	3.94					0	1		False	True	False	False	False	False
GO:0009312	oligosaccharide biosynthetic process	GO:BP					0.94961	25.0	1.0	2.81					0	1		False	True	False	False	False	False
GO:0031145	anaphase-promoting complex-dependent catabolic process	GO:BP					0.94961	25.0	1.0	2.81					0	1		False	True	False	False	False	False
GO:0031468	nuclear membrane reassembly	GO:BP					0.94961	25.0	1.0	2.81					0	1		False	True	False	False	False	False
GO:0031639	plasminogen activation	GO:BP					0.94961	25.0	1.0	2.81					0	1		False	True	False	False	False	False
GO:0061180	mammary gland epithelium development	GO:BP					0.94961	25.0	1.0	2.81					0	1		False	True	False	False	False	False
GO:0072378	blood coagulation, fibrin clot formation	GO:BP					0.94961	25.0	1.0	2.81					0	1		False	True	False	False	False	False
GO:1902993	positive regulation of amyloid precursor protein catabolic process	GO:BP					0.94961	25.0	1.0	2.81					0	1		False	True	False	False	False	False
GO:0042267	natural killer cell mediated cytotoxicity	GO:BP					0.94965	73.0	6.0	8.22					0	1		False	True	False	False	False	False
GO:0048662	negative regulation of smooth muscle cell proliferation	GO:BP					0.94975	48.0	2.0	5.4					0	1		False	True	False	False	False	False
GO:0071479	cellular response to ionizing radiation	GO:BP					0.95379	62.0	5.0	6.98					0	1		False	True	False	False	False	False
GO:0022617	extracellular matrix disassembly	GO:BP					0.95381	64.0	5.0	7.2					0	1		False	True	False	False	False	False
GO:0036297	interstrand cross-link repair	GO:BP					0.95385	41.0	2.0	4.62					0	1		False	True	False	False	False	False
GO:0048639	positive regulation of developmental growth	GO:BP					0.95488	113.0	16.0	12.72					0	1		False	True	False	False	False	False
GO:0055013	cardiac muscle cell development	GO:BP					0.95491	62.0	10.0	6.98					0	1		False	True	False	False	False	False
GO:0050830	defense response to Gram-positive bacterium	GO:BP					0.95505	80.0	5.0	9.01					0	1		False	True	False	False	False	False
GO:0000076	DNA replication checkpoint signaling	GO:BP					0.95529	26.0	1.0	2.93					0	1		False	True	False	False	False	False
GO:0002726	positive regulation of T cell cytokine production	GO:BP					0.95529	26.0	1.0	2.93					0	1		False	True	False	False	False	False
GO:0007143	female meiotic nuclear division	GO:BP					0.95529	26.0	1.0	2.93					0	1		False	True	False	False	False	False
GO:0010875	positive regulation of cholesterol efflux	GO:BP					0.95529	26.0	1.0	2.93					0	1		False	True	False	False	False	False
GO:0019985	translesion synthesis	GO:BP					0.95529	26.0	1.0	2.93					0	1		False	True	False	False	False	False
GO:0045061	thymic T cell selection	GO:BP					0.95529	26.0	1.0	2.93					0	1		False	True	False	False	False	False
GO:0046326	positive regulation of D-glucose import across plasma membrane	GO:BP					0.95529	26.0	1.0	2.93					0	1		False	True	False	False	False	False
GO:0050482	arachidonate secretion	GO:BP					0.95529	26.0	1.0	2.93					0	1		False	True	False	False	False	False
GO:0051291	protein heterooligomerization	GO:BP					0.95529	26.0	1.0	2.93					0	1		False	True	False	False	False	False
GO:0060218	hematopoietic stem cell differentiation	GO:BP					0.95529	26.0	1.0	2.93					0	1		False	True	False	False	False	False
GO:0061036	positive regulation of cartilage development	GO:BP					0.95529	26.0	1.0	2.93					0	1		False	True	False	False	False	False
GO:0140861	DNA repair-dependent chromatin remodeling	GO:BP					0.95529	26.0	1.0	2.93					0	1		False	True	False	False	False	False
GO:0031663	lipopolysaccharide-mediated signaling pathway	GO:BP					0.95538	54.0	3.0	6.08					0	1		False	True	False	False	False	False
GO:0034142	toll-like receptor 4 signaling pathway	GO:BP					0.9555	58.0	2.0	6.53					0	1		False	True	False	False	False	False
GO:0008284	positive regulation of cell population proliferation	GO:BP					0.95569	766.0	71.0	86.23					0	1		False	True	False	False	False	False
GO:0051017	actin filament bundle assembly	GO:BP					0.95711	155.0	26.0	17.45					0	1		False	True	False	False	False	False
GO:0031667	response to nutrient levels	GO:BP					0.95712	442.0	58.0	49.76					0	1		False	True	False	False	False	False
GO:0007519	skeletal muscle tissue development	GO:BP					0.95826	90.0	7.0	10.13					0	1		False	True	False	False	False	False
GO:0051240	positive regulation of multicellular organismal process	GO:BP					0.95871	1515.0	164.0	170.55					0	1		False	True	False	False	False	False
GO:0006401	RNA catabolic process	GO:BP					0.95914	392.0	32.0	44.13					0	1		False	True	False	False	False	False
GO:0071705	nitrogen compound transport	GO:BP					0.95953	733.0	104.0	82.52					0	1		False	True	False	False	False	False
GO:0071248	cellular response to metal ion	GO:BP					0.95989	150.0	21.0	16.89					0	1		False	True	False	False	False	False
GO:0019827	stem cell population maintenance	GO:BP					0.96029	119.0	12.0	13.4					0	1		False	True	False	False	False	False
GO:0006833	water transport	GO:BP					0.96033	27.0	1.0	3.04					0	1		False	True	False	False	False	False
GO:0006910	phagocytosis, recognition	GO:BP					0.96033	27.0	1.0	3.04					0	1		False	True	False	False	False	False
GO:0061436	establishment of skin barrier	GO:BP					0.96033	27.0	1.0	3.04					0	1		False	True	False	False	False	False
GO:1901861	regulation of muscle tissue development	GO:BP					0.96033	27.0	1.0	3.04					0	1		False	True	False	False	False	False
GO:2001032	regulation of double-strand break repair via nonhomologous end joining	GO:BP					0.96033	27.0	1.0	3.04					0	1		False	True	False	False	False	False
GO:0044794	host-mediated activation of viral process	GO:BP					0.96034	37.0	2.0	4.17					0	1		False	True	False	False	False	False
GO:0018205	peptidyl-lysine modification	GO:BP					0.96044	120.0	10.0	13.51					0	1		False	True	False	False	False	False
GO:0009617	response to bacterium	GO:BP					0.96105	513.0	46.0	57.75					0	1		False	True	False	False	False	False
GO:0061844	antimicrobial humoral immune response mediated by antimicrobial peptide	GO:BP					0.96161	106.0	7.0	11.93					0	1		False	True	False	False	False	False
GO:0006953	acute-phase response	GO:BP					0.96219	43.0	2.0	4.84					0	1		False	True	False	False	False	False
GO:0007596	blood coagulation	GO:BP					0.96232	216.0	20.0	24.32					0	1		False	True	False	False	False	False
GO:0050766	positive regulation of phagocytosis	GO:BP					0.96272	70.0	4.0	7.88					0	1		False	True	False	False	False	False
GO:0045861	negative regulation of proteolysis	GO:BP					0.96274	57.0	3.0	6.42					0	1		False	True	False	False	False	False
GO:0051056	regulation of small GTPase mediated signal transduction	GO:BP					0.96326	305.0	40.0	34.34					0	1		False	True	False	False	False	False
GO:0030166	proteoglycan biosynthetic process	GO:BP					0.96464	77.0	9.0	8.67					0	1		False	True	False	False	False	False
GO:0007586	digestion	GO:BP					0.96465	114.0	13.0	12.83					0	1		False	True	False	False	False	False
GO:0045026	plasma membrane fusion	GO:BP					0.96481	28.0	1.0	3.15					0	1		False	True	False	False	False	False
GO:1902230	negative regulation of intrinsic apoptotic signaling pathway in response to DNA damage	GO:BP					0.96481	28.0	1.0	3.15					0	1		False	True	False	False	False	False
GO:0009408	response to heat	GO:BP					0.96484	85.0	7.0	9.57					0	1		False	True	False	False	False	False
GO:0045581	negative regulation of T cell differentiation	GO:BP					0.96486	53.0	3.0	5.97					0	1		False	True	False	False	False	False
GO:0048872	homeostasis of number of cells	GO:BP					0.96516	208.0	16.0	23.42					0	1		False	True	False	False	False	False
GO:0034097	response to cytokine	GO:BP					0.96561	788.0	75.0	88.71					0	1		False	True	False	False	False	False
GO:0042789	mRNA transcription by RNA polymerase II	GO:BP					0.96579	44.0	2.0	4.95					0	1		False	True	False	False	False	False
GO:0051123	RNA polymerase II preinitiation complex assembly	GO:BP					0.96592	58.0	3.0	6.53					0	1		False	True	False	False	False	False
GO:0045596	negative regulation of cell differentiation	GO:BP					0.96593	538.0	57.0	60.57					0	1		False	True	False	False	False	False
GO:0045582	positive regulation of T cell differentiation	GO:BP					0.96598	99.0	6.0	11.14					0	1		False	True	False	False	False	False
GO:0001817	regulation of cytokine production	GO:BP					0.96632	754.0	76.0	84.88					0	1		False	True	False	False	False	False
GO:0006366	transcription by RNA polymerase II	GO:BP					0.96784	2571.0	247.0	289.43					0	1		False	True	False	False	False	False
GO:0006790	sulfur compound metabolic process	GO:BP					0.9682	257.0	36.0	28.93					0	1		False	True	False	False	False	False
GO:0007368	determination of left/right symmetry	GO:BP					0.96856	86.0	11.0	9.68					0	1		False	True	False	False	False	False
GO:0001580	detection of chemical stimulus involved in sensory perception of bitter taste	GO:BP					0.96878	29.0	1.0	3.26					0	1		False	True	False	False	False	False
GO:0031167	rRNA methylation	GO:BP					0.96878	29.0	1.0	3.26					0	1		False	True	False	False	False	False
GO:0033617	mitochondrial respiratory chain complex IV assembly	GO:BP					0.96878	29.0	1.0	3.26					0	1		False	True	False	False	False	False
GO:0034390	smooth muscle cell apoptotic process	GO:BP					0.96878	29.0	1.0	3.26					0	1		False	True	False	False	False	False
GO:0042130	negative regulation of T cell proliferation	GO:BP					0.96904	59.0	4.0	6.64					0	1		False	True	False	False	False	False
GO:0034644	cellular response to UV	GO:BP					0.96906	80.0	6.0	9.01					0	1		False	True	False	False	False	False
GO:0042593	glucose homeostasis	GO:BP					0.97001	216.0	29.0	24.32					0	1		False	True	False	False	False	False
GO:0030183	B cell differentiation	GO:BP					0.97075	113.0	10.0	12.72					0	1		False	True	False	False	False	False
GO:0060043	regulation of cardiac muscle cell proliferation	GO:BP					0.9723	30.0	1.0	3.38					0	1		False	True	False	False	False	False
GO:2000352	negative regulation of endothelial cell apoptotic process	GO:BP					0.9723	30.0	1.0	3.38					0	1		False	True	False	False	False	False
GO:0031214	biomineral tissue development	GO:BP					0.97243	140.0	11.0	15.76					0	1		False	True	False	False	False	False
GO:0007281	germ cell development	GO:BP					0.97253	279.0	25.0	31.41					0	1		False	True	False	False	False	False
GO:2000045	regulation of G1/S transition of mitotic cell cycle	GO:BP					0.97394	151.0	14.0	17.0					0	1		False	True	False	False	False	False
GO:0006487	protein N-linked glycosylation	GO:BP					0.97415	85.0	4.0	9.57					0	1		False	True	False	False	False	False
GO:0030509	BMP signaling pathway	GO:BP					0.9745	141.0	16.0	15.87					0	1		False	True	False	False	False	False
GO:0140115	export across plasma membrane	GO:BP					0.97522	85.0	11.0	9.57					0	1		False	True	False	False	False	False
GO:0032729	positive regulation of type II interferon production	GO:BP					0.97537	75.0	4.0	8.44					0	1		False	True	False	False	False	False
GO:0034383	low-density lipoprotein particle clearance	GO:BP					0.97542	31.0	1.0	3.49					0	1		False	True	False	False	False	False
GO:0035914	skeletal muscle cell differentiation	GO:BP					0.97542	31.0	1.0	3.49					0	1		False	True	False	False	False	False
GO:0045742	positive regulation of epidermal growth factor receptor signaling pathway	GO:BP					0.97542	31.0	1.0	3.49					0	1		False	True	False	False	False	False
GO:0051382	kinetochore assembly	GO:BP					0.97542	31.0	1.0	3.49					0	1		False	True	False	False	False	False
GO:1904888	cranial skeletal system development	GO:BP					0.97542	31.0	1.0	3.49					0	1		False	True	False	False	False	False
GO:0035987	endodermal cell differentiation	GO:BP					0.97544	43.0	2.0	4.84					0	1		False	True	False	False	False	False
GO:0048863	stem cell differentiation	GO:BP					0.9755	186.0	17.0	20.94					0	1		False	True	False	False	False	False
GO:0009311	oligosaccharide metabolic process	GO:BP					0.97551	56.0	2.0	6.3					0	1		False	True	False	False	False	False
GO:0030154	cell differentiation	GO:BP					0.97724	3745.0	431.0	421.59					0	1		False	True	False	False	False	False
GO:0006325	chromatin organization	GO:BP					0.97792	826.0	71.0	92.99					0	1		False	True	False	False	False	False
GO:0050654	chondroitin sulfate proteoglycan metabolic process	GO:BP					0.97819	32.0	1.0	3.6					0	1		False	True	False	False	False	False
GO:0006400	tRNA modification	GO:BP					0.97825	96.0	7.0	10.81					0	1		False	True	False	False	False	False
GO:0098754	detoxification	GO:BP					0.97835	150.0	11.0	16.89					0	1		False	True	False	False	False	False
GO:0048732	gland development	GO:BP					0.97837	225.0	19.0	25.33					0	1		False	True	False	False	False	False
GO:0071363	cellular response to growth factor stimulus	GO:BP					0.98044	621.0	72.0	69.91					0	1		False	True	False	False	False	False
GO:0006284	base-excision repair	GO:BP					0.98059	46.0	4.0	5.18					0	1		False	True	False	False	False	False
GO:0033119	negative regulation of RNA splicing	GO:BP					0.98065	33.0	1.0	3.71					0	1		False	True	False	False	False	False
GO:0035279	miRNA-mediated gene silencing by mRNA destabilization	GO:BP					0.98065	33.0	1.0	3.71					0	1		False	True	False	False	False	False
GO:0000387	spliceosomal snRNP assembly	GO:BP					0.98073	76.0	4.0	8.56					0	1		False	True	False	False	False	False
GO:0006368	transcription elongation by RNA polymerase II	GO:BP					0.98147	142.0	11.0	15.99					0	1		False	True	False	False	False	False
GO:0006898	receptor-mediated endocytosis	GO:BP					0.98205	268.0	25.0	30.17					0	1		False	True	False	False	False	False
GO:0045766	positive regulation of angiogenesis	GO:BP					0.98206	166.0	14.0	18.69					0	1		False	True	False	False	False	False
GO:0006355	regulation of DNA-templated transcription	GO:BP					0.98273	3076.0	298.0	346.28					0	1		False	True	False	False	False	False
GO:0032735	positive regulation of interleukin-12 production	GO:BP					0.98284	34.0	1.0	3.83					0	1		False	True	False	False	False	False
GO:0048821	erythrocyte development	GO:BP					0.98284	34.0	1.0	3.83					0	1		False	True	False	False	False	False
GO:0070316	regulation of G0 to G1 transition	GO:BP					0.98284	34.0	1.0	3.83					0	1		False	True	False	False	False	False
GO:0015718	monocarboxylic acid transport	GO:BP					0.98285	170.0	16.0	19.14					0	1		False	True	False	False	False	False
GO:0051055	negative regulation of lipid biosynthetic process	GO:BP					0.98286	57.0	3.0	6.42					0	1		False	True	False	False	False	False
GO:0006612	protein targeting to membrane	GO:BP					0.98295	120.0	15.0	13.51					0	1		False	True	False	False	False	False
GO:0006367	transcription initiation at RNA polymerase II promoter	GO:BP					0.98315	194.0	11.0	21.84					0	1		False	True	False	False	False	False
GO:0006364	rRNA processing	GO:BP					0.98452	234.0	11.0	26.34					0	1		False	True	False	False	False	False
GO:0000388	spliceosome conformational change to release U4 (or U4atac) and U1 (or U11)	GO:BP					0.98477	35.0	1.0	3.94					0	1		False	True	False	False	False	False
GO:0045943	positive regulation of transcription by RNA polymerase I	GO:BP					0.98477	35.0	1.0	3.94					0	1		False	True	False	False	False	False
GO:0048024	regulation of mRNA splicing, via spliceosome	GO:BP					0.98483	112.0	8.0	12.61					0	1		False	True	False	False	False	False
GO:0031507	heterochromatin formation	GO:BP					0.98606	194.0	17.0	21.84					0	1		False	True	False	False	False	False
GO:0048705	skeletal system morphogenesis	GO:BP					0.98638	98.0	6.0	11.03					0	1		False	True	False	False	False	False
GO:0098586	cellular response to virus	GO:BP					0.98638	68.0	3.0	7.66					0	1		False	True	False	False	False	False
GO:0045063	T-helper 1 cell differentiation	GO:BP					0.98649	36.0	1.0	4.05					0	1		False	True	False	False	False	False
GO:0050821	protein stabilization	GO:BP					0.98683	226.0	16.0	25.44					0	1		False	True	False	False	False	False
GO:0007015	actin filament organization	GO:BP					0.98755	437.0	55.0	49.2					0	1		False	True	False	False	False	False
GO:0032689	negative regulation of type II interferon production	GO:BP					0.98801	37.0	1.0	4.17					0	1		False	True	False	False	False	False
GO:0051321	meiotic cell cycle	GO:BP					0.98816	279.0	14.0	31.41					0	1		False	True	False	False	False	False
GO:0007059	chromosome segregation	GO:BP					0.9882	415.0	29.0	46.72					0	1		False	True	False	False	False	False
GO:0002699	positive regulation of immune effector process	GO:BP					0.98928	223.0	25.0	25.1					0	1		False	True	False	False	False	False
GO:0002183	cytoplasmic translational initiation	GO:BP					0.98938	52.0	2.0	5.85					0	1		False	True	False	False	False	False
GO:0007507	heart development	GO:BP					0.99013	416.0	49.0	46.83					0	1		False	True	False	False	False	False
GO:0071356	cellular response to tumor necrosis factor	GO:BP					0.99154	189.0	15.0	21.28					0	1		False	True	False	False	False	False
GO:0043537	negative regulation of blood vessel endothelial cell migration	GO:BP					0.99257	41.0	1.0	4.62					0	1		False	True	False	False	False	False
GO:0032720	negative regulation of tumor necrosis factor production	GO:BP					0.99268	59.0	2.0	6.64					0	1		False	True	False	False	False	False
GO:0030071	regulation of mitotic metaphase/anaphase transition	GO:BP					0.99346	100.0	5.0	11.26					0	1		False	True	False	False	False	False
GO:0009303	rRNA transcription	GO:BP					0.99416	43.0	1.0	4.84					0	1		False	True	False	False	False	False
GO:0001819	positive regulation of cytokine production	GO:BP					0.9942	472.0	47.0	53.14					0	1		False	True	False	False	False	False
GO:0060261	positive regulation of transcription initiation by RNA polymerase II	GO:BP					0.99466	62.0	2.0	6.98					0	1		False	True	False	False	False	False
GO:0022618	protein-RNA complex assembly	GO:BP					0.99549	234.0	16.0	26.34					0	1		False	True	False	False	False	False
GO:0050853	B cell receptor signaling pathway	GO:BP					0.99637	67.0	4.0	7.54					0	1		False	True	False	False	False	False
GO:1901740	negative regulation of myoblast fusion	GO:BP					0.99638	47.0	1.0	5.29					0	1		False	True	False	False	False	False
GO:0045786	negative regulation of cell cycle	GO:BP					0.99687	360.0	28.0	40.53					0	1		False	True	False	False	False	False
GO:0032543	mitochondrial translation	GO:BP					0.99747	129.0	6.0	14.52					0	1		False	True	False	False	False	False
GO:0002250	adaptive immune response	GO:BP					0.99825	488.0	41.0	54.94					0	1		False	True	False	False	False	False
GO:0002181	cytoplasmic translation	GO:BP					0.99839	212.0	16.0	23.87					0	1		False	True	False	False	False	False
GO:0000398	mRNA splicing, via spliceosome	GO:BP					0.99878	329.0	21.0	37.04					0	1		False	True	False	False	False	False
GO:0007169	cell surface receptor protein tyrosine kinase signaling pathway	GO:BP					0.99899	578.0	69.0	65.07					0	1		False	True	False	False	False	False
GO:0000959	mitochondrial RNA metabolic process	GO:BP					0.99947	63.0	1.0	7.09					0	1		False	True	False	False	False	False
GO:0035082	axoneme assembly	GO:BP					0.99963	93.0	3.0	10.47					0	1		False	True	False	False	False	False
GO:0035195	miRNA-mediated post-transcriptional gene silencing	GO:BP					0.99998	202.0	10.0	22.74					0	1		False	True	False	False	False	False
GO:0006396	RNA processing	GO:BP					0.99999	1121.0	80.0	126.2					0	1		False	True	False	False	False	False
GO:0000022	mitotic spindle elongation	GO:BP					1.0	12.0	3.0	1.35					0	1		False	True	False	False	False	False
GO:0000075	cell cycle checkpoint signaling	GO:BP					1.0	191.0	14.0	21.5					0	1		False	True	False	False	False	False
GO:0000096	sulfur amino acid metabolic process	GO:BP					1.0	33.0	1.0	3.71					0	1		False	True	False	False	False	False
GO:0000097	sulfur amino acid biosynthetic process	GO:BP					1.0	16.0	0.0	1.8					0	1		False	True	False	False	False	False
GO:0000098	sulfur amino acid catabolic process	GO:BP					1.0	12.0	0.0	1.35					0	1		False	True	False	False	False	False
GO:0000154	rRNA modification	GO:BP					1.0	40.0	1.0	4.5					0	1		False	True	False	False	False	False
GO:0000212	meiotic spindle organization	GO:BP					1.0	15.0	0.0	1.69					0	1		False	True	False	False	False	False
GO:0000272	polysaccharide catabolic process	GO:BP					1.0	30.0	1.0	3.38					0	1		False	True	False	False	False	False
GO:0000280	nuclear division	GO:BP					1.0	417.0	29.0	46.94					0	1		False	True	False	False	False	False
GO:0000288	nuclear-transcribed mRNA catabolic process, deadenylation-dependent decay	GO:BP					1.0	68.0	8.0	7.66					0	1		False	True	False	False	False	False
GO:0000303	response to superoxide	GO:BP					1.0	21.0	1.0	2.36					0	1		False	True	False	False	False	False
GO:0000305	response to oxygen radical	GO:BP					1.0	22.0	1.0	2.48					0	1		False	True	False	False	False	False
GO:0000375	RNA splicing, via transesterification reactions	GO:BP					1.0	333.0	21.0	37.49					0	1		False	True	False	False	False	False
GO:0000377	RNA splicing, via transesterification reactions with bulged adenosine as nucleophile	GO:BP					1.0	329.0	21.0	37.04					0	1		False	True	False	False	False	False
GO:0000393	spliceosomal conformational changes to generate catalytic conformation	GO:BP					1.0	39.0	1.0	4.39					0	1		False	True	False	False	False	False
GO:0000394	RNA splicing, via endonucleolytic cleavage and ligation	GO:BP					1.0	15.0	3.0	1.69					0	1		False	True	False	False	False	False
GO:0000395	mRNA 5'-splice site recognition	GO:BP					1.0	12.0	0.0	1.35					0	1		False	True	False	False	False	False
GO:0000425	pexophagy	GO:BP					1.0	16.0	0.0	1.8					0	1		False	True	False	False	False	False
GO:0000460	maturation of 5.8S rRNA	GO:BP					1.0	41.0	3.0	4.62					0	1		False	True	False	False	False	False
GO:0000470	maturation of LSU-rRNA	GO:BP					1.0	32.0	2.0	3.6					0	1		False	True	False	False	False	False
GO:0000491	small nucleolar ribonucleoprotein complex assembly	GO:BP					1.0	12.0	2.0	1.35					0	1		False	True	False	False	False	False
GO:0000712	resolution of meiotic recombination intermediates	GO:BP					1.0	15.0	0.0	1.69					0	1		False	True	False	False	False	False
GO:0000722	telomere maintenance via recombination	GO:BP					1.0	15.0	0.0	1.69					0	1		False	True	False	False	False	False
GO:0000727	double-strand break repair via break-induced replication	GO:BP					1.0	12.0	0.0	1.35					0	1		False	True	False	False	False	False
GO:0000731	DNA synthesis involved in DNA repair	GO:BP					1.0	16.0	0.0	1.8					0	1		False	True	False	False	False	False
GO:0000768	syncytium formation by plasma membrane fusion	GO:BP					1.0	87.0	6.0	9.79					0	1		False	True	False	False	False	False
GO:0000819	sister chromatid segregation	GO:BP					1.0	244.0	19.0	27.47					0	1		False	True	False	False	False	False
GO:0000910	cytokinesis	GO:BP					1.0	186.0	25.0	20.94					0	1		False	True	False	False	False	False
GO:0000963	mitochondrial RNA processing	GO:BP					1.0	30.0	0.0	3.38					0	1		False	True	False	False	False	False
GO:0000966	RNA 5'-end processing	GO:BP					1.0	40.0	2.0	4.5					0	1		False	True	False	False	False	False
GO:0001101	response to acid chemical	GO:BP					1.0	106.0	18.0	11.93					0	1		False	True	False	False	False	False
GO:0001188	RNA polymerase I preinitiation complex assembly	GO:BP					1.0	10.0	0.0	1.13					0	1		False	True	False	False	False	False
GO:0001325	formation of extrachromosomal circular DNA	GO:BP					1.0	15.0	1.0	1.69					0	1		False	True	False	False	False	False
GO:0001522	pseudouridine synthesis	GO:BP					1.0	18.0	1.0	2.03					0	1		False	True	False	False	False	False
GO:0001539	cilium or flagellum-dependent cell motility	GO:BP					1.0	231.0	23.0	26.0					0	1		False	True	False	False	False	False
GO:0001562	response to protozoan	GO:BP					1.0	16.0	2.0	1.8					0	1		False	True	False	False	False	False
GO:0001573	ganglioside metabolic process	GO:BP					1.0	25.0	4.0	2.81					0	1		False	True	False	False	False	False
GO:0001654	eye development	GO:BP					1.0	258.0	35.0	29.04					0	1		False	True	False	False	False	False
GO:0001655	urogenital system development	GO:BP					1.0	29.0	3.0	3.26					0	1		False	True	False	False	False	False
GO:0001667	ameboidal-type cell migration	GO:BP					1.0	193.0	23.0	21.73					0	1		False	True	False	False	False	False
GO:0001704	formation of primary germ layer	GO:BP					1.0	86.0	6.0	9.68					0	1		False	True	False	False	False	False
GO:0001707	mesoderm formation	GO:BP					1.0	38.0	3.0	4.28					0	1		False	True	False	False	False	False
GO:0001731	formation of translation preinitiation complex	GO:BP					1.0	14.0	0.0	1.58					0	1		False	True	False	False	False	False
GO:0001732	formation of cytoplasmic translation initiation complex	GO:BP					1.0	15.0	0.0	1.69					0	1		False	True	False	False	False	False
GO:0001738	morphogenesis of a polarized epithelium	GO:BP					1.0	29.0	7.0	3.26					0	1		False	True	False	False	False	False
GO:0001756	somitogenesis	GO:BP					1.0	22.0	0.0	2.48					0	1		False	True	False	False	False	False
GO:0001763	morphogenesis of a branching structure	GO:BP					1.0	89.0	10.0	10.02					0	1		False	True	False	False	False	False
GO:0001767	establishment of lymphocyte polarity	GO:BP					1.0	13.0	1.0	1.46					0	1		False	True	False	False	False	False
GO:0001773	myeloid dendritic cell activation	GO:BP					1.0	16.0	0.0	1.8					0	1		False	True	False	False	False	False
GO:0001775	cell activation	GO:BP					1.0	977.0	90.0	109.99					0	1		False	True	False	False	False	False
GO:0001783	B cell apoptotic process	GO:BP					1.0	16.0	1.0	1.8					0	1		False	True	False	False	False	False
GO:0001816	cytokine production	GO:BP					1.0	762.0	77.0	85.78					0	1		False	True	False	False	False	False
GO:0001821	histamine secretion	GO:BP					1.0	10.0	0.0	1.13					0	1		False	True	False	False	False	False
GO:0001823	mesonephros development	GO:BP					1.0	72.0	6.0	8.11					0	1		False	True	False	False	False	False
GO:0001825	blastocyst formation	GO:BP					1.0	13.0	0.0	1.46					0	1		False	True	False	False	False	False
GO:0001836	release of cytochrome c from mitochondria	GO:BP					1.0	52.0	5.0	5.85					0	1		False	True	False	False	False	False
GO:0001838	embryonic epithelial tube formation	GO:BP					1.0	51.0	2.0	5.74					0	1		False	True	False	False	False	False
GO:0001841	neural tube formation	GO:BP					1.0	37.0	2.0	4.17					0	1		False	True	False	False	False	False
GO:0001866	NK T cell proliferation	GO:BP					1.0	11.0	0.0	1.24					0	1		False	True	False	False	False	False
GO:0001892	embryonic placenta development	GO:BP					1.0	25.0	2.0	2.81					0	1		False	True	False	False	False	False
GO:0001895	retina homeostasis	GO:BP					1.0	45.0	5.0	5.07					0	1		False	True	False	False	False	False
GO:0001906	cell killing	GO:BP					1.0	201.0	19.0	22.63					0	1		False	True	False	False	False	False
GO:0001909	leukocyte mediated cytotoxicity	GO:BP					1.0	123.0	14.0	13.85					0	1		False	True	False	False	False	False
GO:0001910	regulation of leukocyte mediated cytotoxicity	GO:BP					1.0	84.0	9.0	9.46					0	1		False	True	False	False	False	False
GO:0001911	negative regulation of leukocyte mediated cytotoxicity	GO:BP					1.0	28.0	1.0	3.15					0	1		False	True	False	False	False	False
GO:0001914	regulation of T cell mediated cytotoxicity	GO:BP					1.0	40.0	3.0	4.5					0	1		False	True	False	False	False	False
GO:0001936	regulation of endothelial cell proliferation	GO:BP					1.0	124.0	12.0	13.96					0	1		False	True	False	False	False	False
GO:0001941	postsynaptic membrane organization	GO:BP					1.0	36.0	2.0	4.05					0	1		False	True	False	False	False	False
GO:0001942	hair follicle development	GO:BP					1.0	41.0	2.0	4.62					0	1		False	True	False	False	False	False
GO:0001944	vasculature development	GO:BP					1.0	626.0	61.0	70.47					0	1		False	True	False	False	False	False
GO:0001945	lymph vessel development	GO:BP					1.0	22.0	0.0	2.48					0	1		False	True	False	False	False	False
GO:0001946	lymphangiogenesis	GO:BP					1.0	13.0	0.0	1.46					0	1		False	True	False	False	False	False
GO:0001958	endochondral ossification	GO:BP					1.0	11.0	0.0	1.24					0	1		False	True	False	False	False	False
GO:0001959	regulation of cytokine-mediated signaling pathway	GO:BP					1.0	164.0	17.0	18.46					0	1		False	True	False	False	False	False
GO:0001991	regulation of systemic arterial blood pressure by circulatory renin-angiotensin	GO:BP					1.0	19.0	1.0	2.14					0	1		False	True	False	False	False	False
GO:0002002	regulation of angiotensin levels in blood	GO:BP					1.0	12.0	1.0	1.35					0	1		False	True	False	False	False	False
GO:0002009	morphogenesis of an epithelium	GO:BP					1.0	303.0	38.0	34.11					0	1		False	True	False	False	False	False
GO:0002043	blood vessel endothelial cell proliferation involved in sprouting angiogenesis	GO:BP					1.0	27.0	1.0	3.04					0	1		False	True	False	False	False	False
GO:0002052	positive regulation of neuroblast proliferation	GO:BP					1.0	13.0	0.0	1.46					0	1		False	True	False	False	False	False
GO:0002090	regulation of receptor internalization	GO:BP					1.0	76.0	7.0	8.56					0	1		False	True	False	False	False	False
GO:0002093	auditory receptor cell morphogenesis	GO:BP					1.0	10.0	0.0	1.13					0	1		False	True	False	False	False	False
GO:0002115	store-operated calcium entry	GO:BP					1.0	20.0	1.0	2.25					0	1		False	True	False	False	False	False
GO:0002200	somatic diversification of immune receptors	GO:BP					1.0	59.0	3.0	6.64					0	1		False	True	False	False	False	False
GO:0002204	somatic recombination of immunoglobulin genes involved in immune response	GO:BP					1.0	37.0	3.0	4.17					0	1		False	True	False	False	False	False
GO:0002208	somatic diversification of immunoglobulins involved in immune response	GO:BP					1.0	37.0	3.0	4.17					0	1		False	True	False	False	False	False
GO:0002209	behavioral defense response	GO:BP					1.0	19.0	5.0	2.14					0	1		False	True	False	False	False	False
GO:0002220	innate immune response activating cell surface receptor signaling pathway	GO:BP					1.0	94.0	5.0	10.58					0	1		False	True	False	False	False	False
GO:0002221	pattern recognition receptor signaling pathway	GO:BP					1.0	281.0	26.0	31.63					0	1		False	True	False	False	False	False
GO:0002244	hematopoietic progenitor cell differentiation	GO:BP					1.0	65.0	5.0	7.32					0	1		False	True	False	False	False	False
GO:0002251	organ or tissue specific immune response	GO:BP					1.0	42.0	3.0	4.73					0	1		False	True	False	False	False	False
GO:0002252	immune effector process	GO:BP					1.0	555.0	54.0	62.48					0	1		False	True	False	False	False	False
GO:0002253	activation of immune response	GO:BP					1.0	570.0	58.0	64.17					0	1		False	True	False	False	False	False
GO:0002269	leukocyte activation involved in inflammatory response	GO:BP					1.0	45.0	6.0	5.07					0	1		False	True	False	False	False	False
GO:0002274	myeloid leukocyte activation	GO:BP					1.0	213.0	20.0	23.98					0	1		False	True	False	False	False	False
GO:0002285	lymphocyte activation involved in immune response	GO:BP					1.0	183.0	19.0	20.6					0	1		False	True	False	False	False	False
GO:0002286	T cell activation involved in immune response	GO:BP					1.0	116.0	11.0	13.06					0	1		False	True	False	False	False	False
GO:0002287	alpha-beta T cell activation involved in immune response	GO:BP					1.0	79.0	7.0	8.89					0	1		False	True	False	False	False	False
GO:0002292	T cell differentiation involved in immune response	GO:BP					1.0	84.0	7.0	9.46					0	1		False	True	False	False	False	False
GO:0002312	B cell activation involved in immune response	GO:BP					1.0	74.0	7.0	8.33					0	1		False	True	False	False	False	False
GO:0002335	mature B cell differentiation	GO:BP					1.0	28.0	4.0	3.15					0	1		False	True	False	False	False	False
GO:0002360	T cell lineage commitment	GO:BP					1.0	35.0	6.0	3.94					0	1		False	True	False	False	False	False
GO:0002363	alpha-beta T cell lineage commitment	GO:BP					1.0	32.0	5.0	3.6					0	1		False	True	False	False	False	False
GO:0002366	leukocyte activation involved in immune response	GO:BP					1.0	264.0	25.0	29.72					0	1		False	True	False	False	False	False
GO:0002367	cytokine production involved in immune response	GO:BP					1.0	94.0	10.0	10.58					0	1		False	True	False	False	False	False
GO:0002369	T cell cytokine production	GO:BP					1.0	39.0	3.0	4.39					0	1		False	True	False	False	False	False
GO:0002371	dendritic cell cytokine production	GO:BP					1.0	13.0	2.0	1.46					0	1		False	True	False	False	False	False
GO:0002377	immunoglobulin production	GO:BP					1.0	85.0	6.0	9.57					0	1		False	True	False	False	False	False
GO:0002396	MHC protein complex assembly	GO:BP					1.0	19.0	2.0	2.14					0	1		False	True	False	False	False	False
GO:0002399	MHC class II protein complex assembly	GO:BP					1.0	14.0	2.0	1.58					0	1		False	True	False	False	False	False
GO:0002418	immune response to tumor cell	GO:BP					1.0	36.0	5.0	4.05					0	1		False	True	False	False	False	False
GO:0002423	natural killer cell mediated immune response to tumor cell	GO:BP					1.0	11.0	3.0	1.24					0	1		False	True	False	False	False	False
GO:0002424	T cell mediated immune response to tumor cell	GO:BP					1.0	20.0	2.0	2.25					0	1		False	True	False	False	False	False
GO:0002428	antigen processing and presentation of peptide antigen via MHC class Ib	GO:BP					1.0	15.0	1.0	1.69					0	1		False	True	False	False	False	False
GO:0002429	immune response-activating cell surface receptor signaling pathway	GO:BP					1.0	316.0	27.0	35.57					0	1		False	True	False	False	False	False
GO:0002431	Fc receptor mediated stimulatory signaling pathway	GO:BP					1.0	33.0	5.0	3.71					0	1		False	True	False	False	False	False
GO:0002438	acute inflammatory response to antigenic stimulus	GO:BP					1.0	23.0	2.0	2.59					0	1		False	True	False	False	False	False
GO:0002440	production of molecular mediator of immune response	GO:BP					1.0	177.0	17.0	19.93					0	1		False	True	False	False	False	False
GO:0002443	leukocyte mediated immunity	GO:BP					1.0	353.0	33.0	39.74					0	1		False	True	False	False	False	False
GO:0002448	mast cell mediated immunity	GO:BP					1.0	48.0	3.0	5.4					0	1		False	True	False	False	False	False
GO:0002449	lymphocyte mediated immunity	GO:BP					1.0	265.0	24.0	29.83					0	1		False	True	False	False	False	False
GO:0002460	adaptive immune response based on somatic recombination of immune receptors built from immunoglobulin superfamily domains	GO:BP					1.0	303.0	31.0	34.11					0	1		False	True	False	False	False	False
GO:0002468	dendritic cell antigen processing and presentation	GO:BP					1.0	14.0	0.0	1.58					0	1		False	True	False	False	False	False
GO:0002475	antigen processing and presentation via MHC class Ib	GO:BP					1.0	18.0	1.0	2.03					0	1		False	True	False	False	False	False
GO:0002483	antigen processing and presentation of endogenous peptide antigen	GO:BP					1.0	23.0	1.0	2.59					0	1		False	True	False	False	False	False
GO:0002484	antigen processing and presentation of endogenous peptide antigen via MHC class I via ER pathway	GO:BP					1.0	13.0	1.0	1.46					0	1		False	True	False	False	False	False
GO:0002495	antigen processing and presentation of peptide antigen via MHC class II	GO:BP					1.0	30.0	2.0	3.38					0	1		False	True	False	False	False	False
GO:0002501	peptide antigen assembly with MHC protein complex	GO:BP					1.0	19.0	2.0	2.14					0	1		False	True	False	False	False	False
GO:0002504	antigen processing and presentation of peptide or polysaccharide antigen via MHC class II	GO:BP					1.0	32.0	2.0	3.6					0	1		False	True	False	False	False	False
GO:0002507	tolerance induction	GO:BP					1.0	28.0	1.0	3.15					0	1		False	True	False	False	False	False
GO:0002517	T cell tolerance induction	GO:BP					1.0	14.0	0.0	1.58					0	1		False	True	False	False	False	False
GO:0002520	immune system development	GO:BP					1.0	121.0	11.0	13.62					0	1		False	True	False	False	False	False
GO:0002521	leukocyte differentiation	GO:BP					1.0	518.0	43.0	58.31					0	1		False	True	False	False	False	False
GO:0002524	hypersensitivity	GO:BP					1.0	14.0	0.0	1.58					0	1		False	True	False	False	False	False
GO:0002526	acute inflammatory response	GO:BP					1.0	91.0	5.0	10.24					0	1		False	True	False	False	False	False
GO:0002532	production of molecular mediator involved in inflammatory response	GO:BP					1.0	87.0	11.0	9.79					0	1		False	True	False	False	False	False
GO:0002534	cytokine production involved in inflammatory response	GO:BP					1.0	65.0	11.0	7.32					0	1		False	True	False	False	False	False
GO:0002544	chronic inflammatory response	GO:BP					1.0	13.0	0.0	1.46					0	1		False	True	False	False	False	False
GO:0002562	somatic diversification of immune receptors via germline recombination within a single locus	GO:BP					1.0	52.0	3.0	5.85					0	1		False	True	False	False	False	False
GO:0002566	somatic diversification of immune receptors via somatic mutation	GO:BP					1.0	10.0	0.0	1.13					0	1		False	True	False	False	False	False
GO:0002573	myeloid leukocyte differentiation	GO:BP					1.0	195.0	14.0	21.95					0	1		False	True	False	False	False	False
GO:0002577	regulation of antigen processing and presentation	GO:BP					1.0	21.0	0.0	2.36					0	1		False	True	False	False	False	False
GO:0002604	regulation of dendritic cell antigen processing and presentation	GO:BP					1.0	10.0	0.0	1.13					0	1		False	True	False	False	False	False
GO:0002637	regulation of immunoglobulin production	GO:BP					1.0	53.0	3.0	5.97					0	1		False	True	False	False	False	False
GO:0002643	regulation of tolerance induction	GO:BP					1.0	16.0	0.0	1.8					0	1		False	True	False	False	False	False
GO:0002664	regulation of T cell tolerance induction	GO:BP					1.0	12.0	0.0	1.35					0	1		False	True	False	False	False	False
GO:0002673	regulation of acute inflammatory response	GO:BP					1.0	39.0	3.0	4.39					0	1		False	True	False	False	False	False
GO:0002679	respiratory burst involved in defense response	GO:BP					1.0	11.0	0.0	1.24					0	1		False	True	False	False	False	False
GO:0002683	negative regulation of immune system process	GO:BP					1.0	482.0	51.0	54.26					0	1		False	True	False	False	False	False
GO:0002685	regulation of leukocyte migration	GO:BP					1.0	200.0	31.0	22.51					0	1		False	True	False	False	False	False
GO:0002688	regulation of leukocyte chemotaxis	GO:BP					1.0	113.0	18.0	12.72					0	1		False	True	False	False	False	False
GO:0002694	regulation of leukocyte activation	GO:BP					1.0	507.0	39.0	57.08					0	1		False	True	False	False	False	False
GO:0002697	regulation of immune effector process	GO:BP					1.0	333.0	33.0	37.49					0	1		False	True	False	False	False	False
GO:0002700	regulation of production of molecular mediator of immune response	GO:BP					1.0	142.0	14.0	15.99					0	1		False	True	False	False	False	False
GO:0002701	negative regulation of production of molecular mediator of immune response	GO:BP					1.0	33.0	1.0	3.71					0	1		False	True	False	False	False	False
GO:0002703	regulation of leukocyte mediated immunity	GO:BP					1.0	212.0	19.0	23.87					0	1		False	True	False	False	False	False
GO:0002704	negative regulation of leukocyte mediated immunity	GO:BP					1.0	63.0	4.0	7.09					0	1		False	True	False	False	False	False
GO:0002705	positive regulation of leukocyte mediated immunity	GO:BP					1.0	124.0	14.0	13.96					0	1		False	True	False	False	False	False
GO:0002706	regulation of lymphocyte mediated immunity	GO:BP					1.0	162.0	12.0	18.24					0	1		False	True	False	False	False	False
GO:0002707	negative regulation of lymphocyte mediated immunity	GO:BP					1.0	56.0	4.0	6.3					0	1		False	True	False	False	False	False
GO:0002708	positive regulation of lymphocyte mediated immunity	GO:BP					1.0	102.0	8.0	11.48					0	1		False	True	False	False	False	False
GO:0002709	regulation of T cell mediated immunity	GO:BP					1.0	95.0	8.0	10.69					0	1		False	True	False	False	False	False
GO:0002712	regulation of B cell mediated immunity	GO:BP					1.0	39.0	3.0	4.39					0	1		False	True	False	False	False	False
GO:0002713	negative regulation of B cell mediated immunity	GO:BP					1.0	10.0	1.0	1.13					0	1		False	True	False	False	False	False
GO:0002714	positive regulation of B cell mediated immunity	GO:BP					1.0	26.0	2.0	2.93					0	1		False	True	False	False	False	False
GO:0002715	regulation of natural killer cell mediated immunity	GO:BP					1.0	53.0	4.0	5.97					0	1		False	True	False	False	False	False
GO:0002716	negative regulation of natural killer cell mediated immunity	GO:BP					1.0	24.0	1.0	2.7					0	1		False	True	False	False	False	False
GO:0002717	positive regulation of natural killer cell mediated immunity	GO:BP					1.0	30.0	4.0	3.38					0	1		False	True	False	False	False	False
GO:0002718	regulation of cytokine production involved in immune response	GO:BP					1.0	94.0	10.0	10.58					0	1		False	True	False	False	False	False
GO:0002719	negative regulation of cytokine production involved in immune response	GO:BP					1.0	25.0	1.0	2.81					0	1		False	True	False	False	False	False
GO:0002730	regulation of dendritic cell cytokine production	GO:BP					1.0	13.0	2.0	1.46					0	1		False	True	False	False	False	False
GO:0002752	cell surface pattern recognition receptor signaling pathway	GO:BP					1.0	78.0	2.0	8.78					0	1		False	True	False	False	False	False
GO:0002757	immune response-activating signaling pathway	GO:BP					1.0	510.0	50.0	57.41					0	1		False	True	False	False	False	False
GO:0002758	innate immune response-activating signaling pathway	GO:BP					1.0	295.0	28.0	33.21					0	1		False	True	False	False	False	False
GO:0002761	regulation of myeloid leukocyte differentiation	GO:BP					1.0	105.0	6.0	11.82					0	1		False	True	False	False	False	False
GO:0002763	positive regulation of myeloid leukocyte differentiation	GO:BP					1.0	54.0	2.0	6.08					0	1		False	True	False	False	False	False
GO:0002764	immune response-regulating signaling pathway	GO:BP					1.0	550.0	54.0	61.92					0	1		False	True	False	False	False	False
GO:0002765	immune response-inhibiting signal transduction	GO:BP					1.0	24.0	0.0	2.7					0	1		False	True	False	False	False	False
GO:0002767	immune response-inhibiting cell surface receptor signaling pathway	GO:BP					1.0	23.0	0.0	2.59					0	1		False	True	False	False	False	False
GO:0002768	immune response-regulating cell surface receptor signaling pathway	GO:BP					1.0	357.0	32.0	40.19					0	1		False	True	False	False	False	False
GO:0002790	peptide secretion	GO:BP					1.0	210.0	32.0	23.64					0	1		False	True	False	False	False	False
GO:0002791	regulation of peptide secretion	GO:BP					1.0	181.0	31.0	20.38					0	1		False	True	False	False	False	False
GO:0002792	negative regulation of peptide secretion	GO:BP					1.0	36.0	5.0	4.05					0	1		False	True	False	False	False	False
GO:0002793	positive regulation of peptide secretion	GO:BP					1.0	104.0	21.0	11.71					0	1		False	True	False	False	False	False
GO:0002819	regulation of adaptive immune response	GO:BP					1.0	183.0	18.0	20.6					0	1		False	True	False	False	False	False
GO:0002820	negative regulation of adaptive immune response	GO:BP					1.0	63.0	5.0	7.09					0	1		False	True	False	False	False	False
GO:0002823	negative regulation of adaptive immune response based on somatic recombination of immune receptors built from immunoglobulin superfamily domains	GO:BP					1.0	60.0	5.0	6.75					0	1		False	True	False	False	False	False
GO:0002824	positive regulation of adaptive immune response based on somatic recombination of immune receptors built from immunoglobulin superfamily domains	GO:BP					1.0	98.0	10.0	11.03					0	1		False	True	False	False	False	False
GO:0002825	regulation of T-helper 1 type immune response	GO:BP					1.0	34.0	1.0	3.83					0	1		False	True	False	False	False	False
GO:0002826	negative regulation of T-helper 1 type immune response	GO:BP					1.0	15.0	0.0	1.69					0	1		False	True	False	False	False	False
GO:0002828	regulation of type 2 immune response	GO:BP					1.0	24.0	3.0	2.7					0	1		False	True	False	False	False	False
GO:0002832	negative regulation of response to biotic stimulus	GO:BP					1.0	120.0	13.0	13.51					0	1		False	True	False	False	False	False
GO:0002833	positive regulation of response to biotic stimulus	GO:BP					1.0	402.0	41.0	45.25					0	1		False	True	False	False	False	False
GO:0002834	regulation of response to tumor cell	GO:BP					1.0	32.0	4.0	3.6					0	1		False	True	False	False	False	False
GO:0002835	negative regulation of response to tumor cell	GO:BP					1.0	11.0	1.0	1.24					0	1		False	True	False	False	False	False
GO:0002836	positive regulation of response to tumor cell	GO:BP					1.0	17.0	3.0	1.91					0	1		False	True	False	False	False	False
GO:0002837	regulation of immune response to tumor cell	GO:BP					1.0	31.0	4.0	3.49					0	1		False	True	False	False	False	False
GO:0002886	regulation of myeloid leukocyte mediated immunity	GO:BP					1.0	47.0	7.0	5.29					0	1		False	True	False	False	False	False
GO:0002889	regulation of immunoglobulin mediated immune response	GO:BP					1.0	39.0	3.0	4.39					0	1		False	True	False	False	False	False
GO:0002920	regulation of humoral immune response	GO:BP					1.0	38.0	2.0	4.28					0	1		False	True	False	False	False	False
GO:0002921	negative regulation of humoral immune response	GO:BP					1.0	17.0	2.0	1.91					0	1		False	True	False	False	False	False
GO:0002922	positive regulation of humoral immune response	GO:BP					1.0	16.0	0.0	1.8					0	1		False	True	False	False	False	False
GO:0003009	skeletal muscle contraction	GO:BP					1.0	51.0	1.0	5.74					0	1		False	True	False	False	False	False
GO:0003012	muscle system process	GO:BP					1.0	451.0	52.0	50.77					0	1		False	True	False	False	False	False
GO:0003013	circulatory system process	GO:BP					1.0	544.0	71.0	61.24					0	1		False	True	False	False	False	False
GO:0003018	vascular process in circulatory system	GO:BP					1.0	248.0	26.0	27.92					0	1		False	True	False	False	False	False
GO:0003044	regulation of systemic arterial blood pressure mediated by a chemical signal	GO:BP					1.0	45.0	4.0	5.07					0	1		False	True	False	False	False	False
GO:0003073	regulation of systemic arterial blood pressure	GO:BP					1.0	77.0	9.0	8.67					0	1		False	True	False	False	False	False
GO:0003096	renal sodium ion transport	GO:BP					1.0	13.0	1.0	1.46					0	1		False	True	False	False	False	False
GO:0003143	embryonic heart tube morphogenesis	GO:BP					1.0	46.0	7.0	5.18					0	1		False	True	False	False	False	False
GO:0003158	endothelium development	GO:BP					1.0	115.0	14.0	12.95					0	1		False	True	False	False	False	False
GO:0003159	morphogenesis of an endothelium	GO:BP					1.0	17.0	3.0	1.91					0	1		False	True	False	False	False	False
GO:0003163	sinoatrial node development	GO:BP					1.0	11.0	0.0	1.24					0	1		False	True	False	False	False	False
GO:0003171	atrioventricular valve development	GO:BP					1.0	26.0	1.0	2.93					0	1		False	True	False	False	False	False
GO:0003174	mitral valve development	GO:BP					1.0	13.0	1.0	1.46					0	1		False	True	False	False	False	False
GO:0003181	atrioventricular valve morphogenesis	GO:BP					1.0	23.0	1.0	2.59					0	1		False	True	False	False	False	False
GO:0003188	heart valve formation	GO:BP					1.0	14.0	0.0	1.58					0	1		False	True	False	False	False	False
GO:0003197	endocardial cushion development	GO:BP					1.0	42.0	2.0	4.73					0	1		False	True	False	False	False	False
GO:0003203	endocardial cushion morphogenesis	GO:BP					1.0	34.0	2.0	3.83					0	1		False	True	False	False	False	False
GO:0003205	cardiac chamber development	GO:BP					1.0	109.0	9.0	12.27					0	1		False	True	False	False	False	False
GO:0003206	cardiac chamber morphogenesis	GO:BP					1.0	90.0	7.0	10.13					0	1		False	True	False	False	False	False
GO:0003207	cardiac chamber formation	GO:BP					1.0	10.0	0.0	1.13					0	1		False	True	False	False	False	False
GO:0003208	cardiac ventricle morphogenesis	GO:BP					1.0	57.0	2.0	6.42					0	1		False	True	False	False	False	False
GO:0003215	cardiac right ventricle morphogenesis	GO:BP					1.0	15.0	0.0	1.69					0	1		False	True	False	False	False	False
GO:0003230	cardiac atrium development	GO:BP					1.0	28.0	3.0	3.15					0	1		False	True	False	False	False	False
GO:0003279	cardiac septum development	GO:BP					1.0	69.0	7.0	7.77					0	1		False	True	False	False	False	False
GO:0003298	physiological muscle hypertrophy	GO:BP					1.0	21.0	7.0	2.36					0	1		False	True	False	False	False	False
GO:0003299	muscle hypertrophy in response to stress	GO:BP					1.0	19.0	1.0	2.14					0	1		False	True	False	False	False	False
GO:0003300	cardiac muscle hypertrophy	GO:BP					1.0	77.0	12.0	8.67					0	1		False	True	False	False	False	False
GO:0003301	physiological cardiac muscle hypertrophy	GO:BP					1.0	21.0	7.0	2.36					0	1		False	True	False	False	False	False
GO:0003352	regulation of cilium movement	GO:BP					1.0	38.0	6.0	4.28					0	1		False	True	False	False	False	False
GO:0003353	positive regulation of cilium movement	GO:BP					1.0	14.0	4.0	1.58					0	1		False	True	False	False	False	False
GO:0003416	endochondral bone growth	GO:BP					1.0	14.0	2.0	1.58					0	1		False	True	False	False	False	False
GO:0005976	polysaccharide metabolic process	GO:BP					1.0	88.0	6.0	9.91					0	1		False	True	False	False	False	False
GO:0005977	glycogen metabolic process	GO:BP					1.0	70.0	4.0	7.88					0	1		False	True	False	False	False	False
GO:0005978	glycogen biosynthetic process	GO:BP					1.0	39.0	3.0	4.39					0	1		False	True	False	False	False	False
GO:0005980	glycogen catabolic process	GO:BP					1.0	27.0	1.0	3.04					0	1		False	True	False	False	False	False
GO:0006004	fucose metabolic process	GO:BP					1.0	17.0	0.0	1.91					0	1		False	True	False	False	False	False
GO:0006012	galactose metabolic process	GO:BP					1.0	12.0	0.0	1.35					0	1		False	True	False	False	False	False
GO:0006022	aminoglycan metabolic process	GO:BP					1.0	77.0	5.0	8.67					0	1		False	True	False	False	False	False
GO:0006026	aminoglycan catabolic process	GO:BP					1.0	33.0	2.0	3.71					0	1		False	True	False	False	False	False
GO:0006029	proteoglycan metabolic process	GO:BP					1.0	104.0	12.0	11.71					0	1		False	True	False	False	False	False
GO:0006040	amino sugar metabolic process	GO:BP					1.0	42.0	3.0	4.73					0	1		False	True	False	False	False	False
GO:0006047	UDP-N-acetylglucosamine metabolic process	GO:BP					1.0	13.0	2.0	1.46					0	1		False	True	False	False	False	False
GO:0006066	alcohol metabolic process	GO:BP					1.0	325.0	53.0	36.59					0	1		False	True	False	False	False	False
GO:0006067	ethanol metabolic process	GO:BP					1.0	14.0	3.0	1.58					0	1		False	True	False	False	False	False
GO:0006082	organic acid metabolic process	GO:BP					1.0	856.0	114.0	96.36					0	1		False	True	False	False	False	False
GO:0006089	lactate metabolic process	GO:BP					1.0	13.0	0.0	1.46					0	1		False	True	False	False	False	False
GO:0006109	regulation of carbohydrate metabolic process	GO:BP					1.0	149.0	19.0	16.77					0	1		False	True	False	False	False	False
GO:0006110	regulation of glycolytic process	GO:BP					1.0	47.0	5.0	5.29					0	1		False	True	False	False	False	False
GO:0006111	regulation of gluconeogenesis	GO:BP					1.0	43.0	3.0	4.84					0	1		False	True	False	False	False	False
GO:0006119	oxidative phosphorylation	GO:BP					1.0	134.0	9.0	15.08					0	1		False	True	False	False	False	False
GO:0006140	regulation of nucleotide metabolic process	GO:BP					1.0	79.0	11.0	8.89					0	1		False	True	False	False	False	False
GO:0006171	cAMP biosynthetic process	GO:BP					1.0	13.0	0.0	1.46					0	1		False	True	False	False	False	False
GO:0006183	GTP biosynthetic process	GO:BP					1.0	10.0	0.0	1.13					0	1		False	True	False	False	False	False
GO:0006198	cAMP catabolic process	GO:BP					1.0	10.0	0.0	1.13					0	1		False	True	False	False	False	False
GO:0006213	pyrimidine nucleoside metabolic process	GO:BP					1.0	13.0	0.0	1.46					0	1		False	True	False	False	False	False
GO:0006220	pyrimidine nucleotide metabolic process	GO:BP					1.0	53.0	5.0	5.97					0	1		False	True	False	False	False	False
GO:0006222	UMP biosynthetic process	GO:BP					1.0	11.0	0.0	1.24					0	1		False	True	False	False	False	False
GO:0006241	CTP biosynthetic process	GO:BP					1.0	13.0	0.0	1.46					0	1		False	True	False	False	False	False
GO:0006244	pyrimidine nucleotide catabolic process	GO:BP					1.0	22.0	2.0	2.48					0	1		False	True	False	False	False	False
GO:0006265	DNA topological change	GO:BP					1.0	10.0	0.0	1.13					0	1		False	True	False	False	False	False
GO:0006278	RNA-templated DNA biosynthetic process	GO:BP					1.0	62.0	9.0	6.98					0	1		False	True	False	False	False	False
GO:0006281	DNA repair	GO:BP					1.0	625.0	46.0	70.36					0	1		False	True	False	False	False	False
GO:0006285	base-excision repair, AP site formation	GO:BP					1.0	12.0	0.0	1.35					0	1		False	True	False	False	False	False
GO:0006298	mismatch repair	GO:BP					1.0	32.0	0.0	3.6					0	1		False	True	False	False	False	False
GO:0006304	DNA modification	GO:BP					1.0	28.0	1.0	3.15					0	1		False	True	False	False	False	False
GO:0006312	mitotic recombination	GO:BP					1.0	26.0	0.0	2.93					0	1		False	True	False	False	False	False
GO:0006352	DNA-templated transcription initiation	GO:BP					1.0	251.0	11.0	28.26					0	1		False	True	False	False	False	False
GO:0006353	DNA-templated transcription termination	GO:BP					1.0	46.0	0.0	5.18					0	1		False	True	False	False	False	False
GO:0006356	regulation of transcription by RNA polymerase I	GO:BP					1.0	44.0	1.0	4.95					0	1		False	True	False	False	False	False
GO:0006360	transcription by RNA polymerase I	GO:BP					1.0	69.0	1.0	7.77					0	1		False	True	False	False	False	False
GO:0006361	transcription initiation at RNA polymerase I promoter	GO:BP					1.0	25.0	0.0	2.81					0	1		False	True	False	False	False	False
GO:0006362	transcription elongation by RNA polymerase I	GO:BP					1.0	13.0	0.0	1.46					0	1		False	True	False	False	False	False
GO:0006363	termination of RNA polymerase I transcription	GO:BP					1.0	15.0	0.0	1.69					0	1		False	True	False	False	False	False
GO:0006369	termination of RNA polymerase II transcription	GO:BP					1.0	13.0	0.0	1.46					0	1		False	True	False	False	False	False
GO:0006384	transcription initiation at RNA polymerase III promoter	GO:BP					1.0	26.0	0.0	2.93					0	1		False	True	False	False	False	False
GO:0006386	termination of RNA polymerase III transcription	GO:BP					1.0	17.0	0.0	1.91					0	1		False	True	False	False	False	False
GO:0006390	mitochondrial transcription	GO:BP					1.0	18.0	0.0	2.03					0	1		False	True	False	False	False	False
GO:0006399	tRNA metabolic process	GO:BP					1.0	207.0	18.0	23.3					0	1		False	True	False	False	False	False
GO:0006402	mRNA catabolic process	GO:BP					1.0	307.0	27.0	34.56					0	1		False	True	False	False	False	False
GO:0006403	RNA localization	GO:BP					1.0	199.0	19.0	22.4					0	1		False	True	False	False	False	False
GO:0006450	regulation of translational fidelity	GO:BP					1.0	16.0	3.0	1.8					0	1		False	True	False	False	False	False
GO:0006458	'de novo' protein folding	GO:BP					1.0	11.0	0.0	1.24					0	1		False	True	False	False	False	False
GO:0006476	protein deacetylation	GO:BP					1.0	28.0	4.0	3.15					0	1		False	True	False	False	False	False
GO:0006488	dolichol-linked oligosaccharide biosynthetic process	GO:BP					1.0	20.0	0.0	2.25					0	1		False	True	False	False	False	False
GO:0006505	GPI anchor metabolic process	GO:BP					1.0	32.0	3.0	3.6					0	1		False	True	False	False	False	False
GO:0006521	regulation of amino acid metabolic process	GO:BP					1.0	11.0	0.0	1.24					0	1		False	True	False	False	False	False
GO:0006534	cysteine metabolic process	GO:BP					1.0	10.0	0.0	1.13					0	1		False	True	False	False	False	False
GO:0006544	glycine metabolic process	GO:BP					1.0	10.0	0.0	1.13					0	1		False	True	False	False	False	False
GO:0006575	modified amino acid metabolic process	GO:BP					1.0	171.0	22.0	19.25					0	1		False	True	False	False	False	False
GO:0006582	melanin metabolic process	GO:BP					1.0	25.0	4.0	2.81					0	1		False	True	False	False	False	False
GO:0006584	catecholamine metabolic process	GO:BP					1.0	44.0	9.0	4.95					0	1		False	True	False	False	False	False
GO:0006595	polyamine metabolic process	GO:BP					1.0	18.0	4.0	2.03					0	1		False	True	False	False	False	False
GO:0006614	SRP-dependent cotranslational protein targeting to membrane	GO:BP					1.0	26.0	4.0	2.93					0	1		False	True	False	False	False	False
GO:0006638	neutral lipid metabolic process	GO:BP					1.0	119.0	12.0	13.4					0	1		False	True	False	False	False	False
GO:0006639	acylglycerol metabolic process	GO:BP					1.0	119.0	12.0	13.4					0	1		False	True	False	False	False	False
GO:0006650	glycerophospholipid metabolic process	GO:BP					1.0	303.0	47.0	34.11					0	1		False	True	False	False	False	False
GO:0006664	glycolipid metabolic process	GO:BP					1.0	111.0	10.0	12.5					0	1		False	True	False	False	False	False
GO:0006670	sphingosine metabolic process	GO:BP					1.0	22.0	3.0	2.48					0	1		False	True	False	False	False	False
GO:0006677	glycosylceramide metabolic process	GO:BP					1.0	19.0	1.0	2.14					0	1		False	True	False	False	False	False
GO:0006684	sphingomyelin metabolic process	GO:BP					1.0	21.0	2.0	2.36					0	1		False	True	False	False	False	False
GO:0006687	glycosphingolipid metabolic process	GO:BP					1.0	69.0	7.0	7.77					0	1		False	True	False	False	False	False
GO:0006690	icosanoid metabolic process	GO:BP					1.0	114.0	11.0	12.83					0	1		False	True	False	False	False	False
GO:0006692	prostanoid metabolic process	GO:BP					1.0	47.0	5.0	5.29					0	1		False	True	False	False	False	False
GO:0006702	androgen biosynthetic process	GO:BP					1.0	12.0	0.0	1.35					0	1		False	True	False	False	False	False
GO:0006703	estrogen biosynthetic process	GO:BP					1.0	12.0	0.0	1.35					0	1		False	True	False	False	False	False
GO:0006705	mineralocorticoid biosynthetic process	GO:BP					1.0	12.0	2.0	1.35					0	1		False	True	False	False	False	False
GO:0006720	isoprenoid metabolic process	GO:BP					1.0	118.0	14.0	13.28					0	1		False	True	False	False	False	False
GO:0006753	nucleoside phosphate metabolic process	GO:BP					1.0	624.0	96.0	70.25					0	1		False	True	False	False	False	False
GO:0006754	ATP biosynthetic process	GO:BP					1.0	98.0	9.0	11.03					0	1		False	True	False	False	False	False
GO:0006760	folic acid-containing compound metabolic process	GO:BP					1.0	26.0	3.0	2.93					0	1		False	True	False	False	False	False
GO:0006766	vitamin metabolic process	GO:BP					1.0	38.0	4.0	4.28					0	1		False	True	False	False	False	False
GO:0006787	porphyrin-containing compound catabolic process	GO:BP					1.0	15.0	1.0	1.69					0	1		False	True	False	False	False	False
GO:0006817	phosphate ion transport	GO:BP					1.0	23.0	4.0	2.59					0	1		False	True	False	False	False	False
GO:0006820	monoatomic anion transport	GO:BP					1.0	156.0	26.0	17.56					0	1		False	True	False	False	False	False
GO:0006828	manganese ion transport	GO:BP					1.0	11.0	1.0	1.24					0	1		False	True	False	False	False	False
GO:0006829	zinc ion transport	GO:BP					1.0	32.0	4.0	3.6					0	1		False	True	False	False	False	False
GO:0006851	mitochondrial calcium ion transmembrane transport	GO:BP					1.0	23.0	2.0	2.59					0	1		False	True	False	False	False	False
GO:0006857	oligopeptide transport	GO:BP					1.0	18.0	3.0	2.03					0	1		False	True	False	False	False	False
GO:0006858	extracellular transport	GO:BP					1.0	24.0	3.0	2.7					0	1		False	True	False	False	False	False
GO:0006862	nucleotide transport	GO:BP					1.0	48.0	8.0	5.4					0	1		False	True	False	False	False	False
GO:0006907	pinocytosis	GO:BP					1.0	23.0	6.0	2.59					0	1		False	True	False	False	False	False
GO:0006921	cellular component disassembly involved in execution phase of apoptosis	GO:BP					1.0	26.0	1.0	2.93					0	1		False	True	False	False	False	False
GO:0006937	regulation of muscle contraction	GO:BP					1.0	162.0	21.0	18.24					0	1		False	True	False	False	False	False
GO:0006942	regulation of striated muscle contraction	GO:BP					1.0	99.0	11.0	11.14					0	1		False	True	False	False	False	False
GO:0006949	syncytium formation	GO:BP					1.0	89.0	6.0	10.02					0	1		False	True	False	False	False	False
GO:0006956	complement activation	GO:BP					1.0	61.0	5.0	6.87					0	1		False	True	False	False	False	False
GO:0006971	hypotonic response	GO:BP					1.0	13.0	2.0	1.46					0	1		False	True	False	False	False	False
GO:0006991	response to sterol depletion	GO:BP					1.0	16.0	1.0	1.8					0	1		False	True	False	False	False	False
GO:0006996	organelle organization	GO:BP					1.0	3394.0	408.0	382.08					0	1		False	True	False	False	False	False
GO:0007000	nucleolus organization	GO:BP					1.0	13.0	1.0	1.46					0	1		False	True	False	False	False	False
GO:0007008	outer mitochondrial membrane organization	GO:BP					1.0	14.0	4.0	1.58					0	1		False	True	False	False	False	False
GO:0007017	microtubule-based process	GO:BP					1.0	991.0	121.0	111.56					0	1		False	True	False	False	False	False
GO:0007019	microtubule depolymerization	GO:BP					1.0	45.0	2.0	5.07					0	1		False	True	False	False	False	False
GO:0007033	vacuole organization	GO:BP					1.0	229.0	39.0	25.78					0	1		False	True	False	False	False	False
GO:0007039	protein catabolic process in the vacuole	GO:BP					1.0	26.0	5.0	2.93					0	1		False	True	False	False	False	False
GO:0007049	cell cycle	GO:BP					1.0	1572.0	150.0	176.97					0	1		False	True	False	False	False	False
GO:0007084	mitotic nuclear membrane reassembly	GO:BP					1.0	10.0	0.0	1.13					0	1		False	True	False	False	False	False
GO:0007088	regulation of mitotic nuclear division	GO:BP					1.0	119.0	7.0	13.4					0	1		False	True	False	False	False	False
GO:0007091	metaphase/anaphase transition of mitotic cell cycle	GO:BP					1.0	104.0	5.0	11.71					0	1		False	True	False	False	False	False
GO:0007093	mitotic cell cycle checkpoint signaling	GO:BP					1.0	140.0	9.0	15.76					0	1		False	True	False	False	False	False
GO:0007094	mitotic spindle assembly checkpoint signaling	GO:BP					1.0	56.0	4.0	6.3					0	1		False	True	False	False	False	False
GO:0007096	regulation of exit from mitosis	GO:BP					1.0	15.0	0.0	1.69					0	1		False	True	False	False	False	False
GO:0007127	meiosis I	GO:BP					1.0	110.0	7.0	12.38					0	1		False	True	False	False	False	False
GO:0007140	male meiotic nuclear division	GO:BP					1.0	42.0	3.0	4.73					0	1		False	True	False	False	False	False
GO:0007164	establishment of tissue polarity	GO:BP					1.0	12.0	3.0	1.35					0	1		False	True	False	False	False	False
GO:0007175	negative regulation of epidermal growth factor-activated receptor activity	GO:BP					1.0	10.0	0.0	1.13					0	1		False	True	False	False	False	False
GO:0007190	activation of adenylate cyclase activity	GO:BP					1.0	16.0	0.0	1.8					0	1		False	True	False	False	False	False
GO:0007215	glutamate receptor signaling pathway	GO:BP					1.0	60.0	5.0	6.75					0	1		False	True	False	False	False	False
GO:0007249	canonical NF-kappaB signal transduction	GO:BP					1.0	325.0	41.0	36.59					0	1		False	True	False	False	False	False
GO:0007272	ensheathment of neurons	GO:BP					1.0	111.0	22.0	12.5					0	1		False	True	False	False	False	False
GO:0007283	spermatogenesis	GO:BP					1.0	572.0	39.0	64.39					0	1		False	True	False	False	False	False
GO:0007289	spermatid nucleus differentiation	GO:BP					1.0	18.0	3.0	2.03					0	1		False	True	False	False	False	False
GO:0007292	female gamete generation	GO:BP					1.0	112.0	5.0	12.61					0	1		False	True	False	False	False	False
GO:0007342	fusion of sperm to egg plasma membrane involved in single fertilization	GO:BP					1.0	25.0	0.0	2.81					0	1		False	True	False	False	False	False
GO:0007343	egg activation	GO:BP					1.0	10.0	0.0	1.13					0	1		False	True	False	False	False	False
GO:0007350	blastoderm segmentation	GO:BP					1.0	19.0	3.0	2.14					0	1		False	True	False	False	False	False
GO:0007351	tripartite regional subdivision	GO:BP					1.0	16.0	3.0	1.8					0	1		False	True	False	False	False	False
GO:0007389	pattern specification process	GO:BP					1.0	263.0	24.0	29.61					0	1		False	True	False	False	False	False
GO:0007492	endoderm development	GO:BP					1.0	56.0	3.0	6.3					0	1		False	True	False	False	False	False
GO:0007498	mesoderm development	GO:BP					1.0	74.0	7.0	8.33					0	1		False	True	False	False	False	False
GO:0007548	sex differentiation	GO:BP					1.0	154.0	14.0	17.34					0	1		False	True	False	False	False	False
GO:0007549	sex-chromosome dosage compensation	GO:BP					1.0	20.0	2.0	2.25					0	1		False	True	False	False	False	False
GO:0007597	blood coagulation, intrinsic pathway	GO:BP					1.0	13.0	0.0	1.46					0	1		False	True	False	False	False	False
GO:0007599	hemostasis	GO:BP					1.0	222.0	20.0	24.99					0	1		False	True	False	False	False	False
GO:0007603	phototransduction, visible light	GO:BP					1.0	17.0	1.0	1.91					0	1		False	True	False	False	False	False
GO:0007606	sensory perception of chemical stimulus	GO:BP					1.0	303.0	28.0	34.11					0	1		False	True	False	False	False	False
GO:0007622	rhythmic behavior	GO:BP					1.0	44.0	11.0	4.95					0	1		False	True	False	False	False	False
GO:0007632	visual behavior	GO:BP					1.0	27.0	4.0	3.04					0	1		False	True	False	False	False	False
GO:0008064	regulation of actin polymerization or depolymerization	GO:BP					1.0	131.0	15.0	14.75					0	1		False	True	False	False	False	False
GO:0008150	biological_process	GO:BP					1.0	16780.0	1889.0	1889.0					0	1		False	True	False	False	False	False
GO:0008152	metabolic process	GO:BP					1.0	10542.0	1108.0	1186.76					0	1		False	True	False	False	False	False
GO:0008206	bile acid metabolic process	GO:BP					1.0	41.0	2.0	4.62					0	1		False	True	False	False	False	False
GO:0008207	C21-steroid hormone metabolic process	GO:BP					1.0	35.0	4.0	3.94					0	1		False	True	False	False	False	False
GO:0008212	mineralocorticoid metabolic process	GO:BP					1.0	13.0	2.0	1.46					0	1		False	True	False	False	False	False
GO:0008213	protein alkylation	GO:BP					1.0	43.0	5.0	4.84					0	1		False	True	False	False	False	False
GO:0008228	opsonization	GO:BP					1.0	22.0	0.0	2.48					0	1		False	True	False	False	False	False
GO:0008298	intracellular mRNA localization	GO:BP					1.0	18.0	1.0	2.03					0	1		False	True	False	False	False	False
GO:0008299	isoprenoid biosynthetic process	GO:BP					1.0	31.0	6.0	3.49					0	1		False	True	False	False	False	False
GO:0008334	histone mRNA metabolic process	GO:BP					1.0	28.0	2.0	3.15					0	1		False	True	False	False	False	False
GO:0008347	glial cell migration	GO:BP					1.0	42.0	4.0	4.73					0	1		False	True	False	False	False	False
GO:0008366	axon ensheathment	GO:BP					1.0	111.0	22.0	12.5					0	1		False	True	False	False	False	False
GO:0008610	lipid biosynthetic process	GO:BP					1.0	711.0	96.0	80.04					0	1		False	True	False	False	False	False
GO:0008637	apoptotic mitochondrial changes	GO:BP					1.0	92.0	11.0	10.36					0	1		False	True	False	False	False	False
GO:0008643	carbohydrate transport	GO:BP					1.0	105.0	9.0	11.82					0	1		False	True	False	False	False	False
GO:0008645	hexose transmembrane transport	GO:BP					1.0	88.0	9.0	9.91					0	1		False	True	False	False	False	False
GO:0009048	dosage compensation by inactivation of X chromosome	GO:BP					1.0	19.0	2.0	2.14					0	1		False	True	False	False	False	False
GO:0009057	macromolecule catabolic process	GO:BP					1.0	1513.0	187.0	170.33					0	1		False	True	False	False	False	False
GO:0009058	biosynthetic process	GO:BP					1.0	7547.0	746.0	849.6					0	1		False	True	False	False	False	False
GO:0009059	macromolecule biosynthetic process	GO:BP					1.0	6531.0	599.0	735.22					0	1		False	True	False	False	False	False
GO:0009060	aerobic respiration	GO:BP					1.0	261.0	33.0	29.38					0	1		False	True	False	False	False	False
GO:0009063	amino acid catabolic process	GO:BP					1.0	111.0	21.0	12.5					0	1		False	True	False	False	False	False
GO:0009070	serine family amino acid biosynthetic process	GO:BP					1.0	12.0	0.0	1.35					0	1		False	True	False	False	False	False
GO:0009072	aromatic amino acid metabolic process	GO:BP					1.0	42.0	7.0	4.73					0	1		False	True	False	False	False	False
GO:0009081	branched-chain amino acid metabolic process	GO:BP					1.0	25.0	5.0	2.81					0	1		False	True	False	False	False	False
GO:0009100	glycoprotein metabolic process	GO:BP					1.0	353.0	28.0	39.74					0	1		False	True	False	False	False	False
GO:0009111	vitamin catabolic process	GO:BP					1.0	16.0	1.0	1.8					0	1		False	True	False	False	False	False
GO:0009112	nucleobase metabolic process	GO:BP					1.0	33.0	4.0	3.71					0	1		False	True	False	False	False	False
GO:0009116	nucleoside metabolic process	GO:BP					1.0	43.0	5.0	4.84					0	1		False	True	False	False	False	False
GO:0009117	nucleotide metabolic process	GO:BP					1.0	470.0	72.0	52.91					0	1		False	True	False	False	False	False
GO:0009119	ribonucleoside metabolic process	GO:BP					1.0	22.0	4.0	2.48					0	1		False	True	False	False	False	False
GO:0009123	nucleoside monophosphate metabolic process	GO:BP					1.0	76.0	11.0	8.56					0	1		False	True	False	False	False	False
GO:0009124	nucleoside monophosphate biosynthetic process	GO:BP					1.0	41.0	6.0	4.62					0	1		False	True	False	False	False	False
GO:0009125	nucleoside monophosphate catabolic process	GO:BP					1.0	20.0	3.0	2.25					0	1		False	True	False	False	False	False
GO:0009126	purine nucleoside monophosphate metabolic process	GO:BP					1.0	44.0	7.0	4.95					0	1		False	True	False	False	False	False
GO:0009128	purine nucleoside monophosphate catabolic process	GO:BP					1.0	12.0	3.0	1.35					0	1		False	True	False	False	False	False
GO:0009129	pyrimidine nucleoside monophosphate metabolic process	GO:BP					1.0	23.0	1.0	2.59					0	1		False	True	False	False	False	False
GO:0009130	pyrimidine nucleoside monophosphate biosynthetic process	GO:BP					1.0	17.0	1.0	1.91					0	1		False	True	False	False	False	False
GO:0009132	nucleoside diphosphate metabolic process	GO:BP					1.0	120.0	23.0	13.51					0	1		False	True	False	False	False	False
GO:0009133	nucleoside diphosphate biosynthetic process	GO:BP					1.0	13.0	1.0	1.46					0	1		False	True	False	False	False	False
GO:0009134	nucleoside diphosphate catabolic process	GO:BP					1.0	93.0	20.0	10.47					0	1		False	True	False	False	False	False
GO:0009135	purine nucleoside diphosphate metabolic process	GO:BP					1.0	102.0	22.0	11.48					0	1		False	True	False	False	False	False
GO:0009137	purine nucleoside diphosphate catabolic process	GO:BP					1.0	87.0	19.0	9.79					0	1		False	True	False	False	False	False
GO:0009141	nucleoside triphosphate metabolic process	GO:BP					1.0	255.0	37.0	28.71					0	1		False	True	False	False	False	False
GO:0009142	nucleoside triphosphate biosynthetic process	GO:BP					1.0	120.0	9.0	13.51					0	1		False	True	False	False	False	False
GO:0009144	purine nucleoside triphosphate metabolic process	GO:BP					1.0	239.0	34.0	26.91					0	1		False	True	False	False	False	False
GO:0009145	purine nucleoside triphosphate biosynthetic process	GO:BP					1.0	108.0	9.0	12.16					0	1		False	True	False	False	False	False
GO:0009148	pyrimidine nucleoside triphosphate biosynthetic process	GO:BP					1.0	17.0	0.0	1.91					0	1		False	True	False	False	False	False
GO:0009150	purine ribonucleotide metabolic process	GO:BP					1.0	333.0	52.0	37.49					0	1		False	True	False	False	False	False
GO:0009158	ribonucleoside monophosphate catabolic process	GO:BP					1.0	17.0	3.0	1.91					0	1		False	True	False	False	False	False
GO:0009163	nucleoside biosynthetic process	GO:BP					1.0	19.0	2.0	2.14					0	1		False	True	False	False	False	False
GO:0009165	nucleotide biosynthetic process	GO:BP					1.0	222.0	27.0	24.99					0	1		False	True	False	False	False	False
GO:0009166	nucleotide catabolic process	GO:BP					1.0	152.0	26.0	17.11					0	1		False	True	False	False	False	False
GO:0009167	purine ribonucleoside monophosphate metabolic process	GO:BP					1.0	41.0	6.0	4.62					0	1		False	True	False	False	False	False
GO:0009168	purine ribonucleoside monophosphate biosynthetic process	GO:BP					1.0	18.0	2.0	2.03					0	1		False	True	False	False	False	False
GO:0009173	pyrimidine ribonucleoside monophosphate metabolic process	GO:BP					1.0	17.0	1.0	1.91					0	1		False	True	False	False	False	False
GO:0009176	pyrimidine deoxyribonucleoside monophosphate metabolic process	GO:BP					1.0	14.0	0.0	1.58					0	1		False	True	False	False	False	False
GO:0009179	purine ribonucleoside diphosphate metabolic process	GO:BP					1.0	102.0	22.0	11.48					0	1		False	True	False	False	False	False
GO:0009185	ribonucleoside diphosphate metabolic process	GO:BP					1.0	115.0	23.0	12.95					0	1		False	True	False	False	False	False
GO:0009187	cyclic nucleotide metabolic process	GO:BP					1.0	46.0	4.0	5.18					0	1		False	True	False	False	False	False
GO:0009190	cyclic nucleotide biosynthetic process	GO:BP					1.0	25.0	4.0	2.81					0	1		False	True	False	False	False	False
GO:0009201	ribonucleoside triphosphate biosynthetic process	GO:BP					1.0	114.0	9.0	12.83					0	1		False	True	False	False	False	False
GO:0009205	purine ribonucleoside triphosphate metabolic process	GO:BP					1.0	234.0	34.0	26.34					0	1		False	True	False	False	False	False
GO:0009206	purine ribonucleoside triphosphate biosynthetic process	GO:BP					1.0	108.0	9.0	12.16					0	1		False	True	False	False	False	False
GO:0009208	pyrimidine ribonucleoside triphosphate metabolic process	GO:BP					1.0	17.0	1.0	1.91					0	1		False	True	False	False	False	False
GO:0009209	pyrimidine ribonucleoside triphosphate biosynthetic process	GO:BP					1.0	14.0	0.0	1.58					0	1		False	True	False	False	False	False
GO:0009214	cyclic nucleotide catabolic process	GO:BP					1.0	16.0	0.0	1.8					0	1		False	True	False	False	False	False
GO:0009218	pyrimidine ribonucleotide metabolic process	GO:BP					1.0	33.0	3.0	3.71					0	1		False	True	False	False	False	False
GO:0009219	pyrimidine deoxyribonucleotide metabolic process	GO:BP					1.0	26.0	1.0	2.93					0	1		False	True	False	False	False	False
GO:0009225	nucleotide-sugar metabolic process	GO:BP					1.0	41.0	3.0	4.62					0	1		False	True	False	False	False	False
GO:0009235	cobalamin metabolic process	GO:BP					1.0	10.0	0.0	1.13					0	1		False	True	False	False	False	False
GO:0009247	glycolipid biosynthetic process	GO:BP					1.0	86.0	9.0	9.68					0	1		False	True	False	False	False	False
GO:0009250	glucan biosynthetic process	GO:BP					1.0	39.0	3.0	4.39					0	1		False	True	False	False	False	False
GO:0009251	glucan catabolic process	GO:BP					1.0	28.0	1.0	3.15					0	1		False	True	False	False	False	False
GO:0009259	ribonucleotide metabolic process	GO:BP					1.0	353.0	54.0	39.74					0	1		False	True	False	False	False	False
GO:0009261	ribonucleotide catabolic process	GO:BP					1.0	127.0	24.0	14.3					0	1		False	True	False	False	False	False
GO:0009262	deoxyribonucleotide metabolic process	GO:BP					1.0	47.0	6.0	5.29					0	1		False	True	False	False	False	False
GO:0009263	deoxyribonucleotide biosynthetic process	GO:BP					1.0	16.0	2.0	1.8					0	1		False	True	False	False	False	False
GO:0009264	deoxyribonucleotide catabolic process	GO:BP					1.0	31.0	4.0	3.49					0	1		False	True	False	False	False	False
GO:0009266	response to temperature stimulus	GO:BP					1.0	131.0	11.0	14.75					0	1		False	True	False	False	False	False
GO:0009304	tRNA transcription	GO:BP					1.0	12.0	0.0	1.35					0	1		False	True	False	False	False	False
GO:0009309	amine biosynthetic process	GO:BP					1.0	33.0	7.0	3.71					0	1		False	True	False	False	False	False
GO:0009310	amine catabolic process	GO:BP					1.0	17.0	4.0	1.91					0	1		False	True	False	False	False	False
GO:0009313	oligosaccharide catabolic process	GO:BP					1.0	12.0	0.0	1.35					0	1		False	True	False	False	False	False
GO:0009314	response to radiation	GO:BP					1.0	346.0	39.0	38.95					0	1		False	True	False	False	False	False
GO:0009394	2'-deoxyribonucleotide metabolic process	GO:BP					1.0	46.0	6.0	5.18					0	1		False	True	False	False	False	False
GO:0009435	NAD+ biosynthetic process	GO:BP					1.0	19.0	4.0	2.14					0	1		False	True	False	False	False	False
GO:0009451	RNA modification	GO:BP					1.0	177.0	12.0	19.93					0	1		False	True	False	False	False	False
GO:0009581	detection of external stimulus	GO:BP					1.0	113.0	16.0	12.72					0	1		False	True	False	False	False	False
GO:0009583	detection of light stimulus	GO:BP					1.0	53.0	9.0	5.97					0	1		False	True	False	False	False	False
GO:0009595	detection of biotic stimulus	GO:BP					1.0	38.0	2.0	4.28					0	1		False	True	False	False	False	False
GO:0009605	response to external stimulus	GO:BP					1.0	2123.0	248.0	239.0					0	1		False	True	False	False	False	False
GO:0009607	response to biotic stimulus	GO:BP					1.0	1438.0	155.0	161.88					0	1		False	True	False	False	False	False
GO:0009620	response to fungus	GO:BP					1.0	56.0	6.0	6.3					0	1		False	True	False	False	False	False
GO:0009649	entrainment of circadian clock	GO:BP					1.0	26.0	3.0	2.93					0	1		False	True	False	False	False	False
GO:0009651	response to salt stress	GO:BP					1.0	18.0	1.0	2.03					0	1		False	True	False	False	False	False
GO:0009712	catechol-containing compound metabolic process	GO:BP					1.0	44.0	9.0	4.95					0	1		False	True	False	False	False	False
GO:0009713	catechol-containing compound biosynthetic process	GO:BP					1.0	17.0	3.0	1.91					0	1		False	True	False	False	False	False
GO:0009719	response to endogenous stimulus	GO:BP					1.0	1359.0	188.0	152.99					0	1		False	True	False	False	False	False
GO:0009746	response to hexose	GO:BP					1.0	163.0	27.0	18.35					0	1		False	True	False	False	False	False
GO:0009757	hexose mediated signaling	GO:BP					1.0	10.0	1.0	1.13					0	1		False	True	False	False	False	False
GO:0009790	embryo development	GO:BP					1.0	607.0	69.0	68.33					0	1		False	True	False	False	False	False
GO:0009799	specification of symmetry	GO:BP					1.0	94.0	12.0	10.58					0	1		False	True	False	False	False	False
GO:0009894	regulation of catabolic process	GO:BP					1.0	1041.0	139.0	117.19					0	1		False	True	False	False	False	False
GO:0009913	epidermal cell differentiation	GO:BP					1.0	150.0	17.0	16.89					0	1		False	True	False	False	False	False
GO:0009914	hormone transport	GO:BP					1.0	276.0	43.0	31.07					0	1		False	True	False	False	False	False
GO:0009952	anterior/posterior pattern specification	GO:BP					1.0	96.0	5.0	10.81					0	1		False	True	False	False	False	False
GO:0009954	proximal/distal pattern formation	GO:BP					1.0	12.0	0.0	1.35					0	1		False	True	False	False	False	False
GO:0009987	cellular process	GO:BP					1.0	16338.0	1844.0	1839.24					0	1		False	True	False	False	False	False
GO:0009988	cell-cell recognition	GO:BP					1.0	49.0	5.0	5.52					0	1		False	True	False	False	False	False
GO:0009994	oocyte differentiation	GO:BP					1.0	42.0	2.0	4.73					0	1		False	True	False	False	False	False
GO:0010002	cardioblast differentiation	GO:BP					1.0	15.0	1.0	1.69					0	1		False	True	False	False	False	False
GO:0010042	response to manganese ion	GO:BP					1.0	15.0	3.0	1.69					0	1		False	True	False	False	False	False
GO:0010092	specification of animal organ identity	GO:BP					1.0	16.0	3.0	1.8					0	1		False	True	False	False	False	False
GO:0010182	sugar mediated signaling pathway	GO:BP					1.0	10.0	1.0	1.13					0	1		False	True	False	False	False	False
GO:0010224	response to UV-B	GO:BP					1.0	17.0	1.0	1.91					0	1		False	True	False	False	False	False
GO:0010225	response to UV-C	GO:BP					1.0	10.0	0.0	1.13					0	1		False	True	False	False	False	False
GO:0010232	vascular transport	GO:BP					1.0	89.0	9.0	10.02					0	1		False	True	False	False	False	False
GO:0010256	endomembrane system organization	GO:BP					1.0	583.0	83.0	65.63					0	1		False	True	False	False	False	False
GO:0010257	NADH dehydrogenase complex assembly	GO:BP					1.0	39.0	3.0	4.39					0	1		False	True	False	False	False	False
GO:0010273	detoxification of copper ion	GO:BP					1.0	12.0	0.0	1.35					0	1		False	True	False	False	False	False
GO:0010453	regulation of cell fate commitment	GO:BP					1.0	35.0	3.0	3.94					0	1		False	True	False	False	False	False
GO:0010463	mesenchymal cell proliferation	GO:BP					1.0	23.0	4.0	2.59					0	1		False	True	False	False	False	False
GO:0010466	negative regulation of peptidase activity	GO:BP					1.0	11.0	0.0	1.24					0	1		False	True	False	False	False	False
GO:0010522	regulation of calcium ion transport into cytosol	GO:BP					1.0	17.0	1.0	1.91					0	1		False	True	False	False	False	False
GO:0010543	regulation of platelet activation	GO:BP					1.0	54.0	4.0	6.08					0	1		False	True	False	False	False	False
GO:0010544	negative regulation of platelet activation	GO:BP					1.0	17.0	1.0	1.91					0	1		False	True	False	False	False	False
GO:0010556	regulation of macromolecule biosynthetic process	GO:BP					1.0	4783.0	461.0	538.44					0	1		False	True	False	False	False	False
GO:0010557	positive regulation of macromolecule biosynthetic process	GO:BP					1.0	2404.0	245.0	270.63					0	1		False	True	False	False	False	False
GO:0010562	positive regulation of phosphorus metabolic process	GO:BP					1.0	296.0	42.0	33.32					0	1		False	True	False	False	False	False
GO:0010563	negative regulation of phosphorus metabolic process	GO:BP					1.0	154.0	19.0	17.34					0	1		False	True	False	False	False	False
GO:0010569	regulation of double-strand break repair via homologous recombination	GO:BP					1.0	81.0	7.0	9.12					0	1		False	True	False	False	False	False
GO:0010586	miRNA metabolic process	GO:BP					1.0	100.0	12.0	11.26					0	1		False	True	False	False	False	False
GO:0010587	miRNA catabolic process	GO:BP					1.0	16.0	0.0	1.8					0	1		False	True	False	False	False	False
GO:0010604	positive regulation of macromolecule metabolic process	GO:BP					1.0	2988.0	316.0	336.37					0	1		False	True	False	False	False	False
GO:0010608	post-transcriptional regulation of gene expression	GO:BP					1.0	666.0	58.0	74.97					0	1		False	True	False	False	False	False
GO:0010611	regulation of cardiac muscle hypertrophy	GO:BP					1.0	60.0	9.0	6.75					0	1		False	True	False	False	False	False
GO:0010612	regulation of cardiac muscle adaptation	GO:BP					1.0	13.0	0.0	1.46					0	1		False	True	False	False	False	False
GO:0010632	regulation of epithelial cell migration	GO:BP					1.0	62.0	7.0	6.98					0	1		False	True	False	False	False	False
GO:0010640	regulation of platelet-derived growth factor receptor signaling pathway	GO:BP					1.0	23.0	2.0	2.59					0	1		False	True	False	False	False	False
GO:0010644	cell communication by electrical coupling	GO:BP					1.0	32.0	6.0	3.6					0	1		False	True	False	False	False	False
GO:0010647	positive regulation of cell communication	GO:BP					1.0	1675.0	222.0	188.56					0	1		False	True	False	False	False	False
GO:0010649	regulation of cell communication by electrical coupling	GO:BP					1.0	16.0	2.0	1.8					0	1		False	True	False	False	False	False
GO:0010657	muscle cell apoptotic process	GO:BP					1.0	73.0	5.0	8.22					0	1		False	True	False	False	False	False
GO:0010658	striated muscle cell apoptotic process	GO:BP					1.0	39.0	3.0	4.39					0	1		False	True	False	False	False	False
GO:0010659	cardiac muscle cell apoptotic process	GO:BP					1.0	36.0	3.0	4.05					0	1		False	True	False	False	False	False
GO:0010660	regulation of muscle cell apoptotic process	GO:BP					1.0	69.0	4.0	7.77					0	1		False	True	False	False	False	False
GO:0010661	positive regulation of muscle cell apoptotic process	GO:BP					1.0	22.0	2.0	2.48					0	1		False	True	False	False	False	False
GO:0010662	regulation of striated muscle cell apoptotic process	GO:BP					1.0	37.0	3.0	4.17					0	1		False	True	False	False	False	False
GO:0010663	positive regulation of striated muscle cell apoptotic process	GO:BP					1.0	11.0	2.0	1.24					0	1		False	True	False	False	False	False
GO:0010664	negative regulation of striated muscle cell apoptotic process	GO:BP					1.0	27.0	1.0	3.04					0	1		False	True	False	False	False	False
GO:0010665	regulation of cardiac muscle cell apoptotic process	GO:BP					1.0	34.0	3.0	3.83					0	1		False	True	False	False	False	False
GO:0010712	regulation of collagen metabolic process	GO:BP					1.0	42.0	4.0	4.73					0	1		False	True	False	False	False	False
GO:0010713	negative regulation of collagen metabolic process	GO:BP					1.0	14.0	3.0	1.58					0	1		False	True	False	False	False	False
GO:0010714	positive regulation of collagen metabolic process	GO:BP					1.0	24.0	1.0	2.7					0	1		False	True	False	False	False	False
GO:0010717	regulation of epithelial to mesenchymal transition	GO:BP					1.0	104.0	13.0	11.71					0	1		False	True	False	False	False	False
GO:0010720	positive regulation of cell development	GO:BP					1.0	355.0	38.0	39.96					0	1		False	True	False	False	False	False
GO:0010743	regulation of macrophage derived foam cell differentiation	GO:BP					1.0	33.0	3.0	3.71					0	1		False	True	False	False	False	False
GO:0010755	regulation of plasminogen activation	GO:BP					1.0	17.0	0.0	1.91					0	1		False	True	False	False	False	False
GO:0010770	positive regulation of cell morphogenesis	GO:BP					1.0	37.0	4.0	4.17					0	1		False	True	False	False	False	False
GO:0010817	regulation of hormone levels	GO:BP					1.0	472.0	62.0	53.14					0	1		False	True	False	False	False	False
GO:0010819	regulation of T cell chemotaxis	GO:BP					1.0	13.0	2.0	1.46					0	1		False	True	False	False	False	False
GO:0010827	regulation of D-glucose transmembrane transport	GO:BP					1.0	55.0	5.0	6.19					0	1		False	True	False	False	False	False
GO:0010829	negative regulation of D-glucose transmembrane transport	GO:BP					1.0	16.0	1.0	1.8					0	1		False	True	False	False	False	False
GO:0010830	regulation of myotube differentiation	GO:BP					1.0	33.0	3.0	3.71					0	1		False	True	False	False	False	False
GO:0010833	telomere maintenance via telomere lengthening	GO:BP					1.0	73.0	9.0	8.22					0	1		False	True	False	False	False	False
GO:0010866	regulation of triglyceride biosynthetic process	GO:BP					1.0	20.0	1.0	2.25					0	1		False	True	False	False	False	False
GO:0010874	regulation of cholesterol efflux	GO:BP					1.0	45.0	2.0	5.07					0	1		False	True	False	False	False	False
GO:0010876	lipid localization	GO:BP					1.0	446.0	56.0	50.21					0	1		False	True	False	False	False	False
GO:0010878	cholesterol storage	GO:BP					1.0	19.0	1.0	2.14					0	1		False	True	False	False	False	False
GO:0010883	regulation of lipid storage	GO:BP					1.0	44.0	6.0	4.95					0	1		False	True	False	False	False	False
GO:0010885	regulation of cholesterol storage	GO:BP					1.0	17.0	1.0	1.91					0	1		False	True	False	False	False	False
GO:0010907	positive regulation of glucose metabolic process	GO:BP					1.0	40.0	4.0	4.5					0	1		False	True	False	False	False	False
GO:0010919	regulation of inositol phosphate biosynthetic process	GO:BP					1.0	11.0	2.0	1.24					0	1		False	True	False	False	False	False
GO:0010927	cellular component assembly involved in morphogenesis	GO:BP					1.0	109.0	15.0	12.27					0	1		False	True	False	False	False	False
GO:0010934	macrophage cytokine production	GO:BP					1.0	14.0	2.0	1.58					0	1		False	True	False	False	False	False
GO:0010955	negative regulation of protein processing	GO:BP					1.0	18.0	0.0	2.03					0	1		False	True	False	False	False	False
GO:0010959	regulation of metal ion transport	GO:BP					1.0	315.0	52.0	35.46					0	1		False	True	False	False	False	False
GO:0010962	regulation of glucan biosynthetic process	GO:BP					1.0	27.0	3.0	3.04					0	1		False	True	False	False	False	False
GO:0010965	regulation of mitotic sister chromatid separation	GO:BP					1.0	69.0	4.0	7.77					0	1		False	True	False	False	False	False
GO:0010970	transport along microtubule	GO:BP					1.0	192.0	36.0	21.61					0	1		False	True	False	False	False	False
GO:0010984	regulation of lipoprotein particle clearance	GO:BP					1.0	27.0	0.0	3.04					0	1		False	True	False	False	False	False
GO:0010985	negative regulation of lipoprotein particle clearance	GO:BP					1.0	16.0	0.0	1.8					0	1		False	True	False	False	False	False
GO:0010988	regulation of low-density lipoprotein particle clearance	GO:BP					1.0	19.0	0.0	2.14					0	1		False	True	False	False	False	False
GO:0010989	negative regulation of low-density lipoprotein particle clearance	GO:BP					1.0	13.0	0.0	1.46					0	1		False	True	False	False	False	False
GO:0014002	astrocyte development	GO:BP					1.0	27.0	2.0	3.04					0	1		False	True	False	False	False	False
GO:0014013	regulation of gliogenesis	GO:BP					1.0	72.0	7.0	8.11					0	1		False	True	False	False	False	False
GO:0014015	positive regulation of gliogenesis	GO:BP					1.0	45.0	5.0	5.07					0	1		False	True	False	False	False	False
GO:0014020	primary neural tube formation	GO:BP					1.0	35.0	2.0	3.94					0	1		False	True	False	False	False	False
GO:0014072	response to isoquinoline alkaloid	GO:BP					1.0	14.0	2.0	1.58					0	1		False	True	False	False	False	False
GO:0014706	striated muscle tissue development	GO:BP					1.0	260.0	27.0	29.27					0	1		False	True	False	False	False	False
GO:0014741	negative regulation of muscle hypertrophy	GO:BP					1.0	37.0	6.0	4.17					0	1		False	True	False	False	False	False
GO:0014742	positive regulation of muscle hypertrophy	GO:BP					1.0	28.0	3.0	3.15					0	1		False	True	False	False	False	False
GO:0014743	regulation of muscle hypertrophy	GO:BP					1.0	63.0	9.0	7.09					0	1		False	True	False	False	False	False
GO:0014745	negative regulation of muscle adaptation	GO:BP					1.0	13.0	0.0	1.46					0	1		False	True	False	False	False	False
GO:0014816	skeletal muscle satellite cell differentiation	GO:BP					1.0	10.0	0.0	1.13					0	1		False	True	False	False	False	False
GO:0014841	skeletal muscle satellite cell proliferation	GO:BP					1.0	13.0	2.0	1.46					0	1		False	True	False	False	False	False
GO:0014854	response to inactivity	GO:BP					1.0	11.0	0.0	1.24					0	1		False	True	False	False	False	False
GO:0014855	striated muscle cell proliferation	GO:BP					1.0	51.0	5.0	5.74					0	1		False	True	False	False	False	False
GO:0014856	skeletal muscle cell proliferation	GO:BP					1.0	15.0	2.0	1.69					0	1		False	True	False	False	False	False
GO:0014857	regulation of skeletal muscle cell proliferation	GO:BP					1.0	12.0	2.0	1.35					0	1		False	True	False	False	False	False
GO:0014887	cardiac muscle adaptation	GO:BP					1.0	19.0	1.0	2.14					0	1		False	True	False	False	False	False
GO:0014888	striated muscle adaptation	GO:BP					1.0	34.0	2.0	3.83					0	1		False	True	False	False	False	False
GO:0014896	muscle hypertrophy	GO:BP					1.0	82.0	12.0	9.23					0	1		False	True	False	False	False	False
GO:0014897	striated muscle hypertrophy	GO:BP					1.0	80.0	12.0	9.01					0	1		False	True	False	False	False	False
GO:0014902	myotube differentiation	GO:BP					1.0	125.0	11.0	14.07					0	1		False	True	False	False	False	False
GO:0014904	myotube cell development	GO:BP					1.0	23.0	4.0	2.59					0	1		False	True	False	False	False	False
GO:0015669	gas transport	GO:BP					1.0	20.0	1.0	2.25					0	1		False	True	False	False	False	False
GO:0015670	carbon dioxide transport	GO:BP					1.0	14.0	0.0	1.58					0	1		False	True	False	False	False	False
GO:0015693	magnesium ion transport	GO:BP					1.0	20.0	3.0	2.25					0	1		False	True	False	False	False	False
GO:0015697	quaternary ammonium group transport	GO:BP					1.0	17.0	1.0	1.91					0	1		False	True	False	False	False	False
GO:0015732	prostaglandin transport	GO:BP					1.0	22.0	2.0	2.48					0	1		False	True	False	False	False	False
GO:0015740	C4-dicarboxylate transport	GO:BP					1.0	27.0	4.0	3.04					0	1		False	True	False	False	False	False
GO:0015747	urate transport	GO:BP					1.0	11.0	0.0	1.24					0	1		False	True	False	False	False	False
GO:0015749	monosaccharide transmembrane transport	GO:BP					1.0	90.0	9.0	10.13					0	1		False	True	False	False	False	False
GO:0015780	nucleotide-sugar transmembrane transport	GO:BP					1.0	13.0	1.0	1.46					0	1		False	True	False	False	False	False
GO:0015791	polyol transmembrane transport	GO:BP					1.0	11.0	0.0	1.24					0	1		False	True	False	False	False	False
GO:0015802	basic amino acid transport	GO:BP					1.0	23.0	2.0	2.59					0	1		False	True	False	False	False	False
GO:0015844	monoamine transport	GO:BP					1.0	64.0	13.0	7.2					0	1		False	True	False	False	False	False
GO:0015846	polyamine transport	GO:BP					1.0	17.0	1.0	1.91					0	1		False	True	False	False	False	False
GO:0015849	organic acid transport	GO:BP					1.0	321.0	50.0	36.14					0	1		False	True	False	False	False	False
GO:0015851	nucleobase transport	GO:BP					1.0	13.0	2.0	1.46					0	1		False	True	False	False	False	False
GO:0015865	purine nucleotide transport	GO:BP					1.0	40.0	7.0	4.5					0	1		False	True	False	False	False	False
GO:0015872	dopamine transport	GO:BP					1.0	36.0	11.0	4.05					0	1		False	True	False	False	False	False
GO:0015918	sterol transport	GO:BP					1.0	115.0	8.0	12.95					0	1		False	True	False	False	False	False
GO:0015919	peroxisomal membrane transport	GO:BP					1.0	23.0	1.0	2.59					0	1		False	True	False	False	False	False
GO:0015980	energy derivation by oxidation of organic compounds	GO:BP					1.0	370.0	44.0	41.65					0	1		False	True	False	False	False	False
GO:0015986	proton motive force-driven ATP synthesis	GO:BP					1.0	75.0	5.0	8.44					0	1		False	True	False	False	False	False
GO:0016045	detection of bacterium	GO:BP					1.0	16.0	0.0	1.8					0	1		False	True	False	False	False	False
GO:0016048	detection of temperature stimulus	GO:BP					1.0	18.0	1.0	2.03					0	1		False	True	False	False	False	False
GO:0016051	carbohydrate biosynthetic process	GO:BP					1.0	175.0	19.0	19.7					0	1		False	True	False	False	False	False
GO:0016053	organic acid biosynthetic process	GO:BP					1.0	311.0	35.0	35.01					0	1		False	True	False	False	False	False
GO:0016054	organic acid catabolic process	GO:BP					1.0	242.0	40.0	27.24					0	1		False	True	False	False	False	False
GO:0016064	immunoglobulin mediated immune response	GO:BP					1.0	109.0	10.0	12.27					0	1		False	True	False	False	False	False
GO:0016071	mRNA metabolic process	GO:BP					1.0	783.0	70.0	88.15					0	1		False	True	False	False	False	False
GO:0016072	rRNA metabolic process	GO:BP					1.0	285.0	14.0	32.08					0	1		False	True	False	False	False	False
GO:0016073	snRNA metabolic process	GO:BP					1.0	59.0	7.0	6.64					0	1		False	True	False	False	False	False
GO:0016074	sno(s)RNA metabolic process	GO:BP					1.0	14.0	1.0	1.58					0	1		False	True	False	False	False	False
GO:0016078	tRNA decay	GO:BP					1.0	17.0	0.0	1.91					0	1		False	True	False	False	False	False
GO:0016114	terpenoid biosynthetic process	GO:BP					1.0	25.0	6.0	2.81					0	1		False	True	False	False	False	False
GO:0016125	sterol metabolic process	GO:BP					1.0	145.0	23.0	16.32					0	1		False	True	False	False	False	False
GO:0016126	sterol biosynthetic process	GO:BP					1.0	66.0	15.0	7.43					0	1		False	True	False	False	False	False
GO:0016137	glycoside metabolic process	GO:BP					1.0	16.0	0.0	1.8					0	1		False	True	False	False	False	False
GO:0016202	regulation of striated muscle tissue development	GO:BP					1.0	25.0	0.0	2.81					0	1		False	True	False	False	False	False
GO:0016264	gap junction assembly	GO:BP					1.0	18.0	0.0	2.03					0	1		False	True	False	False	False	False
GO:0016338	calcium-independent cell-cell adhesion	GO:BP					1.0	21.0	0.0	2.36					0	1		False	True	False	False	False	False
GO:0016441	post-transcriptional gene silencing	GO:BP					1.0	221.0	11.0	24.88					0	1		False	True	False	False	False	False
GO:0016444	somatic cell DNA recombination	GO:BP					1.0	52.0	3.0	5.85					0	1		False	True	False	False	False	False
GO:0016445	somatic diversification of immunoglobulins	GO:BP					1.0	54.0	3.0	6.08					0	1		False	True	False	False	False	False
GO:0016446	somatic hypermutation of immunoglobulin genes	GO:BP					1.0	10.0	0.0	1.13					0	1		False	True	False	False	False	False
GO:0016447	somatic recombination of immunoglobulin gene segments	GO:BP					1.0	47.0	3.0	5.29					0	1		False	True	False	False	False	False
GO:0016554	cytidine to uridine editing	GO:BP					1.0	11.0	0.0	1.24					0	1		False	True	False	False	False	False
GO:0017062	respiratory chain complex III assembly	GO:BP					1.0	14.0	1.0	1.58					0	1		False	True	False	False	False	False
GO:0018126	protein hydroxylation	GO:BP					1.0	15.0	0.0	1.69					0	1		False	True	False	False	False	False
GO:0018209	peptidyl-serine modification	GO:BP					1.0	67.0	13.0	7.54					0	1		False	True	False	False	False	False
GO:0018210	peptidyl-threonine modification	GO:BP					1.0	32.0	8.0	3.6					0	1		False	True	False	False	False	False
GO:0018212	peptidyl-tyrosine modification	GO:BP					1.0	121.0	11.0	13.62					0	1		False	True	False	False	False	False
GO:0018231	peptidyl-S-diacylglycerol-L-cysteine biosynthetic process from peptidyl-cysteine	GO:BP					1.0	15.0	1.0	1.69					0	1		False	True	False	False	False	False
GO:0018958	phenol-containing compound metabolic process	GO:BP					1.0	96.0	17.0	10.81					0	1		False	True	False	False	False	False
GO:0019058	viral life cycle	GO:BP					1.0	279.0	22.0	31.41					0	1		False	True	False	False	False	False
GO:0019062	virion attachment to host cell	GO:BP					1.0	10.0	0.0	1.13					0	1		False	True	False	False	False	False
GO:0019068	virion assembly	GO:BP					1.0	34.0	2.0	3.83					0	1		False	True	False	False	False	False
GO:0019079	viral genome replication	GO:BP					1.0	107.0	7.0	12.05					0	1		False	True	False	False	False	False
GO:0019080	viral gene expression	GO:BP					1.0	79.0	11.0	8.89					0	1		False	True	False	False	False	False
GO:0019184	nonribosomal peptide biosynthetic process	GO:BP					1.0	14.0	1.0	1.58					0	1		False	True	False	False	False	False
GO:0019217	regulation of fatty acid metabolic process	GO:BP					1.0	90.0	8.0	10.13					0	1		False	True	False	False	False	False
GO:0019218	regulation of steroid metabolic process	GO:BP					1.0	94.0	9.0	10.58					0	1		False	True	False	False	False	False
GO:0019219	regulation of nucleobase-containing compound metabolic process	GO:BP					1.0	3703.0	354.0	416.86					0	1		False	True	False	False	False	False
GO:0019222	regulation of metabolic process	GO:BP					1.0	5938.0	609.0	668.47					0	1		False	True	False	False	False	False
GO:0019317	fucose catabolic process	GO:BP					1.0	10.0	0.0	1.13					0	1		False	True	False	False	False	False
GO:0019318	hexose metabolic process	GO:BP					1.0	197.0	25.0	22.18					0	1		False	True	False	False	False	False
GO:0019320	hexose catabolic process	GO:BP					1.0	47.0	7.0	5.29					0	1		False	True	False	False	False	False
GO:0019321	pentose metabolic process	GO:BP					1.0	11.0	0.0	1.24					0	1		False	True	False	False	False	False
GO:0019363	pyridine nucleotide biosynthetic process	GO:BP					1.0	22.0	5.0	2.48					0	1		False	True	False	False	False	False
GO:0019365	pyridine nucleotide salvage	GO:BP					1.0	10.0	2.0	1.13					0	1		False	True	False	False	False	False
GO:0019377	glycolipid catabolic process	GO:BP					1.0	21.0	0.0	2.36					0	1		False	True	False	False	False	False
GO:0019395	fatty acid oxidation	GO:BP					1.0	96.0	12.0	10.81					0	1		False	True	False	False	False	False
GO:0019530	taurine metabolic process	GO:BP					1.0	10.0	0.0	1.13					0	1		False	True	False	False	False	False
GO:0019646	aerobic electron transport chain	GO:BP					1.0	88.0	7.0	9.91					0	1		False	True	False	False	False	False
GO:0019693	ribose phosphate metabolic process	GO:BP					1.0	360.0	56.0	40.53					0	1		False	True	False	False	False	False
GO:0019694	alkanesulfonate metabolic process	GO:BP					1.0	10.0	0.0	1.13					0	1		False	True	False	False	False	False
GO:0019724	B cell mediated immunity	GO:BP					1.0	114.0	10.0	12.83					0	1		False	True	False	False	False	False
GO:0019730	antimicrobial humoral response	GO:BP					1.0	143.0	7.0	16.1					0	1		False	True	False	False	False	False
GO:0019748	secondary metabolic process	GO:BP					1.0	56.0	8.0	6.3					0	1		False	True	False	False	False	False
GO:0019751	polyol metabolic process	GO:BP					1.0	100.0	17.0	11.26					0	1		False	True	False	False	False	False
GO:0019755	one-carbon compound transport	GO:BP					1.0	23.0	0.0	2.59					0	1		False	True	False	False	False	False
GO:0019856	pyrimidine nucleobase biosynthetic process	GO:BP					1.0	11.0	0.0	1.24					0	1		False	True	False	False	False	False
GO:0019883	antigen processing and presentation of endogenous antigen	GO:BP					1.0	27.0	1.0	3.04					0	1		False	True	False	False	False	False
GO:0019884	antigen processing and presentation of exogenous antigen	GO:BP					1.0	41.0	4.0	4.62					0	1		False	True	False	False	False	False
GO:0019885	antigen processing and presentation of endogenous peptide antigen via MHC class I	GO:BP					1.0	21.0	1.0	2.36					0	1		False	True	False	False	False	False
GO:0019915	lipid storage	GO:BP					1.0	77.0	8.0	8.67					0	1		False	True	False	False	False	False
GO:0019953	sexual reproduction	GO:BP					1.0	937.0	60.0	105.48					0	1		False	True	False	False	False	False
GO:0020027	hemoglobin metabolic process	GO:BP					1.0	12.0	0.0	1.35					0	1		False	True	False	False	False	False
GO:0021535	cell migration in hindbrain	GO:BP					1.0	10.0	0.0	1.13					0	1		False	True	False	False	False	False
GO:0021544	subpallium development	GO:BP					1.0	12.0	1.0	1.35					0	1		False	True	False	False	False	False
GO:0021575	hindbrain morphogenesis	GO:BP					1.0	23.0	4.0	2.59					0	1		False	True	False	False	False	False
GO:0021675	nerve development	GO:BP					1.0	57.0	14.0	6.42					0	1		False	True	False	False	False	False
GO:0021695	cerebellar cortex development	GO:BP					1.0	31.0	5.0	3.49					0	1		False	True	False	False	False	False
GO:0021696	cerebellar cortex morphogenesis	GO:BP					1.0	20.0	3.0	2.25					0	1		False	True	False	False	False	False
GO:0021700	developmental maturation	GO:BP					1.0	244.0	38.0	27.47					0	1		False	True	False	False	False	False
GO:0021761	limbic system development	GO:BP					1.0	68.0	14.0	7.66					0	1		False	True	False	False	False	False
GO:0021782	glial cell development	GO:BP					1.0	91.0	14.0	10.24					0	1		False	True	False	False	False	False
GO:0021872	forebrain generation of neurons	GO:BP					1.0	47.0	7.0	5.29					0	1		False	True	False	False	False	False
GO:0021885	forebrain cell migration	GO:BP					1.0	37.0	9.0	4.17					0	1		False	True	False	False	False	False
GO:0021983	pituitary gland development	GO:BP					1.0	17.0	0.0	1.91					0	1		False	True	False	False	False	False
GO:0021988	olfactory lobe development	GO:BP					1.0	21.0	4.0	2.36					0	1		False	True	False	False	False	False
GO:0022029	telencephalon cell migration	GO:BP					1.0	36.0	9.0	4.05					0	1		False	True	False	False	False	False
GO:0022030	telencephalon glial cell migration	GO:BP					1.0	19.0	2.0	2.14					0	1		False	True	False	False	False	False
GO:0022037	metencephalon development	GO:BP					1.0	64.0	9.0	7.2					0	1		False	True	False	False	False	False
GO:0022401	negative adaptation of signaling pathway	GO:BP					1.0	20.0	3.0	2.25					0	1		False	True	False	False	False	False
GO:0022404	molting cycle process	GO:BP					1.0	42.0	2.0	4.73					0	1		False	True	False	False	False	False
GO:0022405	hair cycle process	GO:BP					1.0	42.0	2.0	4.73					0	1		False	True	False	False	False	False
GO:0022411	cellular component disassembly	GO:BP					1.0	445.0	47.0	50.1					0	1		False	True	False	False	False	False
GO:0022412	cellular process involved in reproduction in multicellular organism	GO:BP					1.0	313.0	25.0	35.24					0	1		False	True	False	False	False	False
GO:0022414	reproductive process	GO:BP					1.0	1304.0	103.0	146.8					0	1		False	True	False	False	False	False
GO:0022613	ribonucleoprotein complex biogenesis	GO:BP					1.0	497.0	27.0	55.95					0	1		False	True	False	False	False	False
GO:0022616	DNA strand elongation	GO:BP					1.0	37.0	2.0	4.17					0	1		False	True	False	False	False	False
GO:0022900	electron transport chain	GO:BP					1.0	120.0	8.0	13.51					0	1		False	True	False	False	False	False
GO:0023056	positive regulation of signaling	GO:BP					1.0	1677.0	227.0	188.79					0	1		False	True	False	False	False	False
GO:0023058	adaptation of signaling pathway	GO:BP					1.0	20.0	3.0	2.25					0	1		False	True	False	False	False	False
GO:0030029	actin filament-based process	GO:BP					1.0	785.0	101.0	88.37					0	1		False	True	False	False	False	False
GO:0030031	cell projection assembly	GO:BP					1.0	569.0	79.0	64.05					0	1		False	True	False	False	False	False
GO:0030038	contractile actin filament bundle assembly	GO:BP					1.0	100.0	22.0	11.26					0	1		False	True	False	False	False	False
GO:0030042	actin filament depolymerization	GO:BP					1.0	59.0	5.0	6.64					0	1		False	True	False	False	False	False
GO:0030048	actin filament-based movement	GO:BP					1.0	135.0	13.0	15.2					0	1		False	True	False	False	False	False
GO:0030049	muscle filament sliding	GO:BP					1.0	17.0	0.0	1.91					0	1		False	True	False	False	False	False
GO:0030072	peptide hormone secretion	GO:BP					1.0	206.0	32.0	23.19					0	1		False	True	False	False	False	False
GO:0030073	insulin secretion	GO:BP					1.0	168.0	27.0	18.91					0	1		False	True	False	False	False	False
GO:0030098	lymphocyte differentiation	GO:BP					1.0	350.0	29.0	39.4					0	1		False	True	False	False	False	False
GO:0030099	myeloid cell differentiation	GO:BP					1.0	349.0	21.0	39.29					0	1		False	True	False	False	False	False
GO:0030101	natural killer cell activation	GO:BP					1.0	84.0	9.0	9.46					0	1		False	True	False	False	False	False
GO:0030193	regulation of blood coagulation	GO:BP					1.0	65.0	5.0	7.32					0	1		False	True	False	False	False	False
GO:0030201	heparan sulfate proteoglycan metabolic process	GO:BP					1.0	45.0	8.0	5.07					0	1		False	True	False	False	False	False
GO:0030202	heparin proteoglycan metabolic process	GO:BP					1.0	15.0	1.0	1.69					0	1		False	True	False	False	False	False
GO:0030203	glycosaminoglycan metabolic process	GO:BP					1.0	64.0	4.0	7.2					0	1		False	True	False	False	False	False
GO:0030212	hyaluronan metabolic process	GO:BP					1.0	34.0	2.0	3.83					0	1		False	True	False	False	False	False
GO:0030220	platelet formation	GO:BP					1.0	18.0	0.0	2.03					0	1		False	True	False	False	False	False
GO:0030224	monocyte differentiation	GO:BP					1.0	34.0	0.0	3.83					0	1		False	True	False	False	False	False
GO:0030242	autophagy of peroxisome	GO:BP					1.0	16.0	0.0	1.8					0	1		False	True	False	False	False	False
GO:0030261	chromosome condensation	GO:BP					1.0	41.0	1.0	4.62					0	1		False	True	False	False	False	False
GO:0030262	apoptotic nuclear changes	GO:BP					1.0	24.0	1.0	2.7					0	1		False	True	False	False	False	False
GO:0030278	regulation of ossification	GO:BP					1.0	100.0	14.0	11.26					0	1		False	True	False	False	False	False
GO:0030299	intestinal cholesterol absorption	GO:BP					1.0	13.0	0.0	1.46					0	1		False	True	False	False	False	False
GO:0030301	cholesterol transport	GO:BP					1.0	110.0	8.0	12.38					0	1		False	True	False	False	False	False
GO:0030397	membrane disassembly	GO:BP					1.0	13.0	1.0	1.46					0	1		False	True	False	False	False	False
GO:0030449	regulation of complement activation	GO:BP					1.0	27.0	2.0	3.04					0	1		False	True	False	False	False	False
GO:0030520	estrogen receptor signaling pathway	GO:BP					1.0	49.0	7.0	5.52					0	1		False	True	False	False	False	False
GO:0030595	leukocyte chemotaxis	GO:BP					1.0	199.0	26.0	22.4					0	1		False	True	False	False	False	False
GO:0030638	polyketide metabolic process	GO:BP					1.0	10.0	0.0	1.13					0	1		False	True	False	False	False	False
GO:0030641	regulation of cellular pH	GO:BP					1.0	96.0	17.0	10.81					0	1		False	True	False	False	False	False
GO:0030808	regulation of nucleotide biosynthetic process	GO:BP					1.0	23.0	5.0	2.59					0	1		False	True	False	False	False	False
GO:0030810	positive regulation of nucleotide biosynthetic process	GO:BP					1.0	15.0	5.0	1.69					0	1		False	True	False	False	False	False
GO:0030811	regulation of nucleotide catabolic process	GO:BP					1.0	47.0	5.0	5.29					0	1		False	True	False	False	False	False
GO:0030812	negative regulation of nucleotide catabolic process	GO:BP					1.0	15.0	3.0	1.69					0	1		False	True	False	False	False	False
GO:0030813	positive regulation of nucleotide catabolic process	GO:BP					1.0	20.0	2.0	2.25					0	1		False	True	False	False	False	False
GO:0030832	regulation of actin filament length	GO:BP					1.0	134.0	15.0	15.08					0	1		False	True	False	False	False	False
GO:0030834	regulation of actin filament depolymerization	GO:BP					1.0	54.0	5.0	6.08					0	1		False	True	False	False	False	False
GO:0030835	negative regulation of actin filament depolymerization	GO:BP					1.0	46.0	5.0	5.18					0	1		False	True	False	False	False	False
GO:0030858	positive regulation of epithelial cell differentiation	GO:BP					1.0	55.0	3.0	6.19					0	1		False	True	False	False	False	False
GO:0030878	thyroid gland development	GO:BP					1.0	12.0	0.0	1.35					0	1		False	True	False	False	False	False
GO:0030888	regulation of B cell proliferation	GO:BP					1.0	57.0	3.0	6.42					0	1		False	True	False	False	False	False
GO:0031018	endocrine pancreas development	GO:BP					1.0	31.0	3.0	3.49					0	1		False	True	False	False	False	False
GO:0031047	regulatory ncRNA-mediated gene silencing	GO:BP					1.0	283.0	16.0	31.86					0	1		False	True	False	False	False	False
GO:0031076	embryonic camera-type eye development	GO:BP					1.0	19.0	3.0	2.14					0	1		False	True	False	False	False	False
GO:0031099	regeneration	GO:BP					1.0	136.0	18.0	15.31					0	1		False	True	False	False	False	False
GO:0031102	neuron projection regeneration	GO:BP					1.0	36.0	7.0	4.05					0	1		False	True	False	False	False	False
GO:0031103	axon regeneration	GO:BP					1.0	33.0	6.0	3.71					0	1		False	True	False	False	False	False
GO:0031109	microtubule polymerization or depolymerization	GO:BP					1.0	137.0	15.0	15.42					0	1		False	True	False	False	False	False
GO:0031110	regulation of microtubule polymerization or depolymerization	GO:BP					1.0	92.0	13.0	10.36					0	1		False	True	False	False	False	False
GO:0031111	negative regulation of microtubule polymerization or depolymerization	GO:BP					1.0	36.0	6.0	4.05					0	1		False	True	False	False	False	False
GO:0031112	positive regulation of microtubule polymerization or depolymerization	GO:BP					1.0	35.0	4.0	3.94					0	1		False	True	False	False	False	False
GO:0031114	regulation of microtubule depolymerization	GO:BP					1.0	30.0	2.0	3.38					0	1		False	True	False	False	False	False
GO:0031118	rRNA pseudouridine synthesis	GO:BP					1.0	10.0	0.0	1.13					0	1		False	True	False	False	False	False
GO:0031125	rRNA 3'-end processing	GO:BP					1.0	12.0	0.0	1.35					0	1		False	True	False	False	False	False
GO:0031163	metallo-sulfur cluster assembly	GO:BP					1.0	28.0	2.0	3.15					0	1		False	True	False	False	False	False
GO:0031268	pseudopodium organization	GO:BP					1.0	16.0	1.0	1.8					0	1		False	True	False	False	False	False
GO:0031269	pseudopodium assembly	GO:BP					1.0	15.0	1.0	1.69					0	1		False	True	False	False	False	False
GO:0031272	regulation of pseudopodium assembly	GO:BP					1.0	13.0	1.0	1.46					0	1		False	True	False	False	False	False
GO:0031294	lymphocyte costimulation	GO:BP					1.0	41.0	3.0	4.62					0	1		False	True	False	False	False	False
GO:0031338	regulation of vesicle fusion	GO:BP					1.0	32.0	8.0	3.6					0	1		False	True	False	False	False	False
GO:0031341	regulation of cell killing	GO:BP					1.0	94.0	10.0	10.58					0	1		False	True	False	False	False	False
GO:0031342	negative regulation of cell killing	GO:BP					1.0	33.0	1.0	3.71					0	1		False	True	False	False	False	False
GO:0031344	regulation of cell projection organization	GO:BP					1.0	587.0	97.0	66.08					0	1		False	True	False	False	False	False
GO:0031346	positive regulation of cell projection organization	GO:BP					1.0	321.0	51.0	36.14					0	1		False	True	False	False	False	False
GO:0031347	regulation of defense response	GO:BP					1.0	801.0	95.0	90.17					0	1		False	True	False	False	False	False
GO:0031348	negative regulation of defense response	GO:BP					1.0	261.0	33.0	29.38					0	1		False	True	False	False	False	False
GO:0031392	regulation of prostaglandin biosynthetic process	GO:BP					1.0	12.0	0.0	1.35					0	1		False	True	False	False	False	False
GO:0031396	regulation of protein ubiquitination	GO:BP					1.0	169.0	25.0	19.03					0	1		False	True	False	False	False	False
GO:0031399	regulation of protein modification process	GO:BP					1.0	591.0	77.0	66.53					0	1		False	True	False	False	False	False
GO:0031401	positive regulation of protein modification process	GO:BP					1.0	338.0	46.0	38.05					0	1		False	True	False	False	False	False
GO:0031570	DNA integrity checkpoint signaling	GO:BP					1.0	122.0	10.0	13.73					0	1		False	True	False	False	False	False
GO:0031573	mitotic intra-S DNA damage checkpoint signaling	GO:BP					1.0	18.0	0.0	2.03					0	1		False	True	False	False	False	False
GO:0031577	spindle checkpoint signaling	GO:BP					1.0	57.0	4.0	6.42					0	1		False	True	False	False	False	False
GO:0031632	positive regulation of synaptic vesicle fusion to presynaptic active zone membrane	GO:BP					1.0	15.0	5.0	1.69					0	1		False	True	False	False	False	False
GO:0031649	heat generation	GO:BP					1.0	12.0	1.0	1.35					0	1		False	True	False	False	False	False
GO:0031664	regulation of lipopolysaccharide-mediated signaling pathway	GO:BP					1.0	28.0	2.0	3.15					0	1		False	True	False	False	False	False
GO:0031666	positive regulation of lipopolysaccharide-mediated signaling pathway	GO:BP					1.0	11.0	0.0	1.24					0	1		False	True	False	False	False	False
GO:0031915	positive regulation of synaptic plasticity	GO:BP					1.0	10.0	0.0	1.13					0	1		False	True	False	False	False	False
GO:0031943	regulation of glucocorticoid metabolic process	GO:BP					1.0	12.0	1.0	1.35					0	1		False	True	False	False	False	False
GO:0031958	nuclear receptor-mediated corticosteroid signaling pathway	GO:BP					1.0	13.0	2.0	1.46					0	1		False	True	False	False	False	False
GO:0031960	response to corticosteroid	GO:BP					1.0	135.0	22.0	15.2					0	1		False	True	False	False	False	False
GO:0032011	ARF protein signal transduction	GO:BP					1.0	21.0	0.0	2.36					0	1		False	True	False	False	False	False
GO:0032012	regulation of ARF protein signal transduction	GO:BP					1.0	21.0	0.0	2.36					0	1		False	True	False	False	False	False
GO:0032096	negative regulation of response to food	GO:BP					1.0	15.0	3.0	1.69					0	1		False	True	False	False	False	False
GO:0032102	negative regulation of response to external stimulus	GO:BP					1.0	367.0	48.0	41.31					0	1		False	True	False	False	False	False
GO:0032108	negative regulation of response to nutrient levels	GO:BP					1.0	15.0	3.0	1.69					0	1		False	True	False	False	False	False
GO:0032239	regulation of nucleobase-containing compound transport	GO:BP					1.0	17.0	2.0	1.91					0	1		False	True	False	False	False	False
GO:0032252	secretory granule localization	GO:BP					1.0	21.0	6.0	2.36					0	1		False	True	False	False	False	False
GO:0032253	dense core granule localization	GO:BP					1.0	21.0	6.0	2.36					0	1		False	True	False	False	False	False
GO:0032271	regulation of protein polymerization	GO:BP					1.0	181.0	27.0	20.38					0	1		False	True	False	False	False	False
GO:0032272	negative regulation of protein polymerization	GO:BP					1.0	69.0	13.0	7.77					0	1		False	True	False	False	False	False
GO:0032273	positive regulation of protein polymerization	GO:BP					1.0	80.0	10.0	9.01					0	1		False	True	False	False	False	False
GO:0032291	axon ensheathment in central nervous system	GO:BP					1.0	17.0	5.0	1.91					0	1		False	True	False	False	False	False
GO:0032292	peripheral nervous system axon ensheathment	GO:BP					1.0	17.0	3.0	1.91					0	1		False	True	False	False	False	False
GO:0032305	positive regulation of icosanoid secretion	GO:BP					1.0	13.0	0.0	1.46					0	1		False	True	False	False	False	False
GO:0032309	icosanoid secretion	GO:BP					1.0	38.0	3.0	4.28					0	1		False	True	False	False	False	False
GO:0032330	regulation of chondrocyte differentiation	GO:BP					1.0	36.0	0.0	4.05					0	1		False	True	False	False	False	False
GO:0032331	negative regulation of chondrocyte differentiation	GO:BP					1.0	16.0	0.0	1.8					0	1		False	True	False	False	False	False
GO:0032332	positive regulation of chondrocyte differentiation	GO:BP					1.0	17.0	0.0	1.91					0	1		False	True	False	False	False	False
GO:0032341	aldosterone metabolic process	GO:BP					1.0	12.0	2.0	1.35					0	1		False	True	False	False	False	False
GO:0032350	regulation of hormone metabolic process	GO:BP					1.0	35.0	2.0	3.94					0	1		False	True	False	False	False	False
GO:0032352	positive regulation of hormone metabolic process	GO:BP					1.0	16.0	1.0	1.8					0	1		False	True	False	False	False	False
GO:0032354	response to follicle-stimulating hormone	GO:BP					1.0	13.0	0.0	1.46					0	1		False	True	False	False	False	False
GO:0032366	intracellular sterol transport	GO:BP					1.0	39.0	4.0	4.39					0	1		False	True	False	False	False	False
GO:0032370	positive regulation of lipid transport	GO:BP					1.0	76.0	5.0	8.56					0	1		False	True	False	False	False	False
GO:0032371	regulation of sterol transport	GO:BP					1.0	63.0	2.0	7.09					0	1		False	True	False	False	False	False
GO:0032372	negative regulation of sterol transport	GO:BP					1.0	22.0	1.0	2.48					0	1		False	True	False	False	False	False
GO:0032373	positive regulation of sterol transport	GO:BP					1.0	34.0	1.0	3.83					0	1		False	True	False	False	False	False
GO:0032374	regulation of cholesterol transport	GO:BP					1.0	63.0	2.0	7.09					0	1		False	True	False	False	False	False
GO:0032375	negative regulation of cholesterol transport	GO:BP					1.0	22.0	1.0	2.48					0	1		False	True	False	False	False	False
GO:0032376	positive regulation of cholesterol transport	GO:BP					1.0	34.0	1.0	3.83					0	1		False	True	False	False	False	False
GO:0032377	regulation of intracellular lipid transport	GO:BP					1.0	11.0	0.0	1.24					0	1		False	True	False	False	False	False
GO:0032380	regulation of intracellular sterol transport	GO:BP					1.0	10.0	0.0	1.13					0	1		False	True	False	False	False	False
GO:0032383	regulation of intracellular cholesterol transport	GO:BP					1.0	10.0	0.0	1.13					0	1		False	True	False	False	False	False
GO:0032401	establishment of melanosome localization	GO:BP					1.0	20.0	5.0	2.25					0	1		False	True	False	False	False	False
GO:0032410	negative regulation of transporter activity	GO:BP					1.0	22.0	2.0	2.48					0	1		False	True	False	False	False	False
GO:0032411	positive regulation of transporter activity	GO:BP					1.0	33.0	4.0	3.71					0	1		False	True	False	False	False	False
GO:0032413	negative regulation of ion transmembrane transporter activity	GO:BP					1.0	21.0	2.0	2.36					0	1		False	True	False	False	False	False
GO:0032488	Cdc42 protein signal transduction	GO:BP					1.0	15.0	0.0	1.69					0	1		False	True	False	False	False	False
GO:0032489	regulation of Cdc42 protein signal transduction	GO:BP					1.0	12.0	0.0	1.35					0	1		False	True	False	False	False	False
GO:0032490	detection of molecule of bacterial origin	GO:BP					1.0	13.0	0.0	1.46					0	1		False	True	False	False	False	False
GO:0032510	endosome to lysosome transport via multivesicular body sorting pathway	GO:BP					1.0	19.0	1.0	2.14					0	1		False	True	False	False	False	False
GO:0032527	protein exit from endoplasmic reticulum	GO:BP					1.0	47.0	5.0	5.29					0	1		False	True	False	False	False	False
GO:0032528	microvillus organization	GO:BP					1.0	21.0	3.0	2.36					0	1		False	True	False	False	False	False
GO:0032602	chemokine production	GO:BP					1.0	83.0	6.0	9.34					0	1		False	True	False	False	False	False
GO:0032604	granulocyte macrophage colony-stimulating factor production	GO:BP					1.0	14.0	0.0	1.58					0	1		False	True	False	False	False	False
GO:0032606	type I interferon production	GO:BP					1.0	134.0	18.0	15.08					0	1		False	True	False	False	False	False
GO:0032607	interferon-alpha production	GO:BP					1.0	29.0	4.0	3.26					0	1		False	True	False	False	False	False
GO:0032608	interferon-beta production	GO:BP					1.0	57.0	7.0	6.42					0	1		False	True	False	False	False	False
GO:0032609	type II interferon production	GO:BP					1.0	115.0	7.0	12.95					0	1		False	True	False	False	False	False
GO:0032610	interleukin-1 alpha production	GO:BP					1.0	10.0	0.0	1.13					0	1		False	True	False	False	False	False
GO:0032611	interleukin-1 beta production	GO:BP					1.0	97.0	11.0	10.92					0	1		False	True	False	False	False	False
GO:0032612	interleukin-1 production	GO:BP					1.0	116.0	11.0	13.06					0	1		False	True	False	False	False	False
GO:0032613	interleukin-10 production	GO:BP					1.0	56.0	4.0	6.3					0	1		False	True	False	False	False	False
GO:0032615	interleukin-12 production	GO:BP					1.0	51.0	2.0	5.74					0	1		False	True	False	False	False	False
GO:0032616	interleukin-13 production	GO:BP					1.0	26.0	2.0	2.93					0	1		False	True	False	False	False	False
GO:0032620	interleukin-17 production	GO:BP					1.0	40.0	2.0	4.5					0	1		False	True	False	False	False	False
GO:0032621	interleukin-18 production	GO:BP					1.0	11.0	1.0	1.24					0	1		False	True	False	False	False	False
GO:0032623	interleukin-2 production	GO:BP					1.0	63.0	4.0	7.09					0	1		False	True	False	False	False	False
GO:0032633	interleukin-4 production	GO:BP					1.0	29.0	2.0	3.26					0	1		False	True	False	False	False	False
GO:0032634	interleukin-5 production	GO:BP					1.0	19.0	2.0	2.14					0	1		False	True	False	False	False	False
GO:0032635	interleukin-6 production	GO:BP					1.0	132.0	17.0	14.86					0	1		False	True	False	False	False	False
GO:0032637	interleukin-8 production	GO:BP					1.0	88.0	7.0	9.91					0	1		False	True	False	False	False	False
GO:0032640	tumor necrosis factor production	GO:BP					1.0	168.0	12.0	18.91					0	1		False	True	False	False	False	False
GO:0032642	regulation of chemokine production	GO:BP					1.0	83.0	6.0	9.34					0	1		False	True	False	False	False	False
GO:0032645	regulation of granulocyte macrophage colony-stimulating factor production	GO:BP					1.0	14.0	0.0	1.58					0	1		False	True	False	False	False	False
GO:0032648	regulation of interferon-beta production	GO:BP					1.0	57.0	7.0	6.42					0	1		False	True	False	False	False	False
GO:0032650	regulation of interleukin-1 alpha production	GO:BP					1.0	10.0	0.0	1.13					0	1		False	True	False	False	False	False
GO:0032651	regulation of interleukin-1 beta production	GO:BP					1.0	97.0	11.0	10.92					0	1		False	True	False	False	False	False
GO:0032652	regulation of interleukin-1 production	GO:BP					1.0	116.0	11.0	13.06					0	1		False	True	False	False	False	False
GO:0032656	regulation of interleukin-13 production	GO:BP					1.0	26.0	2.0	2.93					0	1		False	True	False	False	False	False
GO:0032660	regulation of interleukin-17 production	GO:BP					1.0	40.0	2.0	4.5					0	1		False	True	False	False	False	False
GO:0032663	regulation of interleukin-2 production	GO:BP					1.0	63.0	4.0	7.09					0	1		False	True	False	False	False	False
GO:0032673	regulation of interleukin-4 production	GO:BP					1.0	29.0	2.0	3.26					0	1		False	True	False	False	False	False
GO:0032674	regulation of interleukin-5 production	GO:BP					1.0	19.0	2.0	2.14					0	1		False	True	False	False	False	False
GO:0032677	regulation of interleukin-8 production	GO:BP					1.0	88.0	7.0	9.91					0	1		False	True	False	False	False	False
GO:0032692	negative regulation of interleukin-1 production	GO:BP					1.0	44.0	2.0	4.95					0	1		False	True	False	False	False	False
GO:0032695	negative regulation of interleukin-12 production	GO:BP					1.0	14.0	0.0	1.58					0	1		False	True	False	False	False	False
GO:0032700	negative regulation of interleukin-17 production	GO:BP					1.0	16.0	0.0	1.8					0	1		False	True	False	False	False	False
GO:0032717	negative regulation of interleukin-8 production	GO:BP					1.0	22.0	0.0	2.48					0	1		False	True	False	False	False	False
GO:0032725	positive regulation of granulocyte macrophage colony-stimulating factor production	GO:BP					1.0	13.0	0.0	1.46					0	1		False	True	False	False	False	False
GO:0032732	positive regulation of interleukin-1 production	GO:BP					1.0	70.0	10.0	7.88					0	1		False	True	False	False	False	False
GO:0032784	regulation of DNA-templated transcription elongation	GO:BP					1.0	104.0	11.0	11.71					0	1		False	True	False	False	False	False
GO:0032790	ribosome disassembly	GO:BP					1.0	46.0	6.0	5.18					0	1		False	True	False	False	False	False
GO:0032817	regulation of natural killer cell proliferation	GO:BP					1.0	12.0	0.0	1.35					0	1		False	True	False	False	False	False
GO:0032819	positive regulation of natural killer cell proliferation	GO:BP					1.0	10.0	0.0	1.13					0	1		False	True	False	False	False	False
GO:0032878	regulation of establishment or maintenance of cell polarity	GO:BP					1.0	24.0	4.0	2.7					0	1		False	True	False	False	False	False
GO:0032881	regulation of polysaccharide metabolic process	GO:BP					1.0	38.0	4.0	4.28					0	1		False	True	False	False	False	False
GO:0032890	regulation of organic acid transport	GO:BP					1.0	61.0	7.0	6.87					0	1		False	True	False	False	False	False
GO:0032905	transforming growth factor beta1 production	GO:BP					1.0	16.0	3.0	1.8					0	1		False	True	False	False	False	False
GO:0032928	regulation of superoxide anion generation	GO:BP					1.0	21.0	6.0	2.36					0	1		False	True	False	False	False	False
GO:0032943	mononuclear cell proliferation	GO:BP					1.0	224.0	20.0	25.22					0	1		False	True	False	False	False	False
GO:0032944	regulation of mononuclear cell proliferation	GO:BP					1.0	195.0	15.0	21.95					0	1		False	True	False	False	False	False
GO:0032945	negative regulation of mononuclear cell proliferation	GO:BP					1.0	71.0	5.0	7.99					0	1		False	True	False	False	False	False
GO:0032946	positive regulation of mononuclear cell proliferation	GO:BP					1.0	116.0	8.0	13.06					0	1		False	True	False	False	False	False
GO:0032957	inositol trisphosphate metabolic process	GO:BP					1.0	10.0	0.0	1.13					0	1		False	True	False	False	False	False
GO:0032965	regulation of collagen biosynthetic process	GO:BP					1.0	37.0	4.0	4.17					0	1		False	True	False	False	False	False
GO:0032970	regulation of actin filament-based process	GO:BP					1.0	367.0	54.0	41.31					0	1		False	True	False	False	False	False
GO:0032986	protein-DNA complex disassembly	GO:BP					1.0	19.0	2.0	2.14					0	1		False	True	False	False	False	False
GO:0032989	cellular anatomical entity morphogenesis	GO:BP					1.0	109.0	15.0	12.27					0	1		False	True	False	False	False	False
GO:0033002	muscle cell proliferation	GO:BP					1.0	177.0	19.0	19.93					0	1		False	True	False	False	False	False
GO:0033013	tetrapyrrole metabolic process	GO:BP					1.0	58.0	6.0	6.53					0	1		False	True	False	False	False	False
GO:0033014	tetrapyrrole biosynthetic process	GO:BP					1.0	30.0	3.0	3.38					0	1		False	True	False	False	False	False
GO:0033015	tetrapyrrole catabolic process	GO:BP					1.0	15.0	1.0	1.69					0	1		False	True	False	False	False	False
GO:0033028	myeloid cell apoptotic process	GO:BP					1.0	24.0	2.0	2.7					0	1		False	True	False	False	False	False
GO:0033044	regulation of chromosome organization	GO:BP					1.0	247.0	24.0	27.81					0	1		False	True	False	False	False	False
GO:0033045	regulation of sister chromatid segregation	GO:BP					1.0	115.0	6.0	12.95					0	1		False	True	False	False	False	False
GO:0033046	negative regulation of sister chromatid segregation	GO:BP					1.0	58.0	4.0	6.53					0	1		False	True	False	False	False	False
GO:0033047	regulation of mitotic sister chromatid segregation	GO:BP					1.0	65.0	5.0	7.32					0	1		False	True	False	False	False	False
GO:0033048	negative regulation of mitotic sister chromatid segregation	GO:BP					1.0	58.0	4.0	6.53					0	1		False	True	False	False	False	False
GO:0033059	cellular pigmentation	GO:BP					1.0	62.0	11.0	6.98					0	1		False	True	False	False	False	False
GO:0033121	regulation of purine nucleotide catabolic process	GO:BP					1.0	47.0	5.0	5.29					0	1		False	True	False	False	False	False
GO:0033122	negative regulation of purine nucleotide catabolic process	GO:BP					1.0	15.0	3.0	1.69					0	1		False	True	False	False	False	False
GO:0033123	positive regulation of purine nucleotide catabolic process	GO:BP					1.0	20.0	2.0	2.25					0	1		False	True	False	False	False	False
GO:0033135	regulation of peptidyl-serine phosphorylation	GO:BP					1.0	30.0	4.0	3.38					0	1		False	True	False	False	False	False
GO:0033143	regulation of intracellular steroid hormone receptor signaling pathway	GO:BP					1.0	70.0	10.0	7.88					0	1		False	True	False	False	False	False
GO:0033144	negative regulation of intracellular steroid hormone receptor signaling pathway	GO:BP					1.0	37.0	4.0	4.17					0	1		False	True	False	False	False	False
GO:0033151	V(D)J recombination	GO:BP					1.0	15.0	1.0	1.69					0	1		False	True	False	False	False	False
GO:0033173	calcineurin-NFAT signaling cascade	GO:BP					1.0	41.0	7.0	4.62					0	1		False	True	False	False	False	False
GO:0033233	regulation of protein sumoylation	GO:BP					1.0	21.0	2.0	2.36					0	1		False	True	False	False	False	False
GO:0033260	nuclear DNA replication	GO:BP					1.0	36.0	3.0	4.05					0	1		False	True	False	False	False	False
GO:0033275	actin-myosin filament sliding	GO:BP					1.0	19.0	0.0	2.14					0	1		False	True	False	False	False	False
GO:0033313	meiotic cell cycle checkpoint signaling	GO:BP					1.0	11.0	0.0	1.24					0	1		False	True	False	False	False	False
GO:0033314	mitotic DNA replication checkpoint signaling	GO:BP					1.0	13.0	0.0	1.46					0	1		False	True	False	False	False	False
GO:0033539	fatty acid beta-oxidation using acyl-CoA dehydrogenase	GO:BP					1.0	12.0	0.0	1.35					0	1		False	True	False	False	False	False
GO:0033540	fatty acid beta-oxidation using acyl-CoA oxidase	GO:BP					1.0	14.0	0.0	1.58					0	1		False	True	False	False	False	False
GO:0033559	unsaturated fatty acid metabolic process	GO:BP					1.0	108.0	10.0	12.16					0	1		False	True	False	False	False	False
GO:0033622	integrin activation	GO:BP					1.0	26.0	3.0	2.93					0	1		False	True	False	False	False	False
GO:0033628	regulation of cell adhesion mediated by integrin	GO:BP					1.0	45.0	2.0	5.07					0	1		False	True	False	False	False	False
GO:0033632	regulation of cell-cell adhesion mediated by integrin	GO:BP					1.0	12.0	0.0	1.35					0	1		False	True	False	False	False	False
GO:0033674	positive regulation of kinase activity	GO:BP					1.0	125.0	17.0	14.07					0	1		False	True	False	False	False	False
GO:0033687	osteoblast proliferation	GO:BP					1.0	24.0	1.0	2.7					0	1		False	True	False	False	False	False
GO:0033700	phospholipid efflux	GO:BP					1.0	12.0	0.0	1.35					0	1		False	True	False	False	False	False
GO:0033750	ribosome localization	GO:BP					1.0	13.0	1.0	1.46					0	1		False	True	False	False	False	False
GO:0033762	response to glucagon	GO:BP					1.0	29.0	2.0	3.26					0	1		False	True	False	False	False	False
GO:0033865	nucleoside bisphosphate metabolic process	GO:BP					1.0	16.0	3.0	1.8					0	1		False	True	False	False	False	False
GO:0033875	ribonucleoside bisphosphate metabolic process	GO:BP					1.0	16.0	3.0	1.8					0	1		False	True	False	False	False	False
GO:0033993	response to lipid	GO:BP					1.0	832.0	100.0	93.66					0	1		False	True	False	False	False	False
GO:0034032	purine nucleoside bisphosphate metabolic process	GO:BP					1.0	16.0	3.0	1.8					0	1		False	True	False	False	False	False
GO:0034035	purine ribonucleoside bisphosphate metabolic process	GO:BP					1.0	16.0	3.0	1.8					0	1		False	True	False	False	False	False
GO:0034080	CENP-A containing chromatin assembly	GO:BP					1.0	11.0	0.0	1.24					0	1		False	True	False	False	False	False
GO:0034086	maintenance of sister chromatid cohesion	GO:BP					1.0	13.0	1.0	1.46					0	1		False	True	False	False	False	False
GO:0034101	erythrocyte homeostasis	GO:BP					1.0	109.0	7.0	12.27					0	1		False	True	False	False	False	False
GO:0034103	regulation of tissue remodeling	GO:BP					1.0	68.0	5.0	7.66					0	1		False	True	False	False	False	False
GO:0034104	negative regulation of tissue remodeling	GO:BP					1.0	20.0	1.0	2.25					0	1		False	True	False	False	False	False
GO:0034109	homotypic cell-cell adhesion	GO:BP					1.0	92.0	8.0	10.36					0	1		False	True	False	False	False	False
GO:0034110	regulation of homotypic cell-cell adhesion	GO:BP					1.0	39.0	4.0	4.39					0	1		False	True	False	False	False	False
GO:0034112	positive regulation of homotypic cell-cell adhesion	GO:BP					1.0	19.0	0.0	2.14					0	1		False	True	False	False	False	False
GO:0034116	positive regulation of heterotypic cell-cell adhesion	GO:BP					1.0	13.0	0.0	1.46					0	1		False	True	False	False	False	False
GO:0034134	toll-like receptor 2 signaling pathway	GO:BP					1.0	17.0	0.0	1.91					0	1		False	True	False	False	False	False
GO:0034135	regulation of toll-like receptor 2 signaling pathway	GO:BP					1.0	12.0	0.0	1.35					0	1		False	True	False	False	False	False
GO:0034143	regulation of toll-like receptor 4 signaling pathway	GO:BP					1.0	32.0	1.0	3.6					0	1		False	True	False	False	False	False
GO:0034145	positive regulation of toll-like receptor 4 signaling pathway	GO:BP					1.0	15.0	0.0	1.69					0	1		False	True	False	False	False	False
GO:0034154	toll-like receptor 7 signaling pathway	GO:BP					1.0	11.0	0.0	1.24					0	1		False	True	False	False	False	False
GO:0034162	toll-like receptor 9 signaling pathway	GO:BP					1.0	29.0	3.0	3.26					0	1		False	True	False	False	False	False
GO:0034204	lipid translocation	GO:BP					1.0	60.0	10.0	6.75					0	1		False	True	False	False	False	False
GO:0034205	amyloid-beta formation	GO:BP					1.0	47.0	4.0	5.29					0	1		False	True	False	False	False	False
GO:0034219	carbohydrate transmembrane transport	GO:BP					1.0	102.0	9.0	11.48					0	1		False	True	False	False	False	False
GO:0034242	negative regulation of syncytium formation by plasma membrane fusion	GO:BP					1.0	48.0	1.0	5.4					0	1		False	True	False	False	False	False
GO:0034284	response to monosaccharide	GO:BP					1.0	169.0	27.0	19.03					0	1		False	True	False	False	False	False
GO:0034309	primary alcohol biosynthetic process	GO:BP					1.0	16.0	2.0	1.8					0	1		False	True	False	False	False	False
GO:0034310	primary alcohol catabolic process	GO:BP					1.0	17.0	3.0	1.91					0	1		False	True	False	False	False	False
GO:0034311	diol metabolic process	GO:BP					1.0	32.0	3.0	3.6					0	1		False	True	False	False	False	False
GO:0034312	diol biosynthetic process	GO:BP					1.0	23.0	3.0	2.59					0	1		False	True	False	False	False	False
GO:0034331	cell junction maintenance	GO:BP					1.0	57.0	12.0	6.42					0	1		False	True	False	False	False	False
GO:0034340	response to type I interferon	GO:BP					1.0	115.0	9.0	12.95					0	1		False	True	False	False	False	False
GO:0034350	regulation of glial cell apoptotic process	GO:BP					1.0	11.0	1.0	1.24					0	1		False	True	False	False	False	False
GO:0034367	protein-containing complex remodeling	GO:BP					1.0	36.0	3.0	4.05					0	1		False	True	False	False	False	False
GO:0034368	protein-lipid complex remodeling	GO:BP					1.0	35.0	3.0	3.94					0	1		False	True	False	False	False	False
GO:0034369	plasma lipoprotein particle remodeling	GO:BP					1.0	35.0	3.0	3.94					0	1		False	True	False	False	False	False
GO:0034370	triglyceride-rich lipoprotein particle remodeling	GO:BP					1.0	14.0	1.0	1.58					0	1		False	True	False	False	False	False
GO:0034377	plasma lipoprotein particle assembly	GO:BP					1.0	23.0	4.0	2.59					0	1		False	True	False	False	False	False
GO:0034384	high-density lipoprotein particle clearance	GO:BP					1.0	14.0	0.0	1.58					0	1		False	True	False	False	False	False
GO:0034391	regulation of smooth muscle cell apoptotic process	GO:BP					1.0	28.0	0.0	3.15					0	1		False	True	False	False	False	False
GO:0034392	negative regulation of smooth muscle cell apoptotic process	GO:BP					1.0	15.0	0.0	1.69					0	1		False	True	False	False	False	False
GO:0034393	positive regulation of smooth muscle cell apoptotic process	GO:BP					1.0	12.0	0.0	1.35					0	1		False	True	False	False	False	False
GO:0034404	nucleobase-containing small molecule biosynthetic process	GO:BP					1.0	19.0	2.0	2.14					0	1		False	True	False	False	False	False
GO:0034501	protein localization to kinetochore	GO:BP					1.0	15.0	0.0	1.69					0	1		False	True	False	False	False	False
GO:0034502	protein localization to chromosome	GO:BP					1.0	107.0	13.0	12.05					0	1		False	True	False	False	False	False
GO:0034505	tooth mineralization	GO:BP					1.0	21.0	0.0	2.36					0	1		False	True	False	False	False	False
GO:0034643	establishment of mitochondrion localization, microtubule-mediated	GO:BP					1.0	26.0	5.0	2.93					0	1		False	True	False	False	False	False
GO:0034650	cortisol metabolic process	GO:BP					1.0	14.0	1.0	1.58					0	1		False	True	False	False	False	False
GO:0034654	nucleobase-containing compound biosynthetic process	GO:BP					1.0	4528.0	424.0	509.74					0	1		False	True	False	False	False	False
GO:0034655	nucleobase-containing compound catabolic process	GO:BP					1.0	594.0	62.0	66.87					0	1		False	True	False	False	False	False
GO:0034694	response to prostaglandin	GO:BP					1.0	31.0	5.0	3.49					0	1		False	True	False	False	False	False
GO:0034695	response to prostaglandin E	GO:BP					1.0	22.0	4.0	2.48					0	1		False	True	False	False	False	False
GO:0034698	response to gonadotropin	GO:BP					1.0	23.0	0.0	2.59					0	1		False	True	False	False	False	False
GO:0034762	regulation of transmembrane transport	GO:BP					1.0	355.0	49.0	39.96					0	1		False	True	False	False	False	False
GO:0034763	negative regulation of transmembrane transport	GO:BP					1.0	101.0	10.0	11.37					0	1		False	True	False	False	False	False
GO:0034765	regulation of monoatomic ion transmembrane transport	GO:BP					1.0	257.0	40.0	28.93					0	1		False	True	False	False	False	False
GO:0034766	negative regulation of monoatomic ion transmembrane transport	GO:BP					1.0	70.0	9.0	7.88					0	1		False	True	False	False	False	False
GO:0034767	positive regulation of monoatomic ion transmembrane transport	GO:BP					1.0	115.0	19.0	12.95					0	1		False	True	False	False	False	False
GO:0035020	regulation of Rac protein signal transduction	GO:BP					1.0	35.0	7.0	3.94					0	1		False	True	False	False	False	False
GO:0035036	sperm-egg recognition	GO:BP					1.0	33.0	2.0	3.71					0	1		False	True	False	False	False	False
GO:0035088	establishment or maintenance of apical/basal cell polarity	GO:BP					1.0	36.0	7.0	4.05					0	1		False	True	False	False	False	False
GO:0035107	appendage morphogenesis	GO:BP					1.0	63.0	8.0	7.09					0	1		False	True	False	False	False	False
GO:0035113	embryonic appendage morphogenesis	GO:BP					1.0	45.0	7.0	5.07					0	1		False	True	False	False	False	False
GO:0035115	embryonic forelimb morphogenesis	GO:BP					1.0	10.0	0.0	1.13					0	1		False	True	False	False	False	False
GO:0035136	forelimb morphogenesis	GO:BP					1.0	12.0	0.0	1.35					0	1		False	True	False	False	False	False
GO:0035150	regulation of tube size	GO:BP					1.0	123.0	14.0	13.85					0	1		False	True	False	False	False	False
GO:0035239	tube morphogenesis	GO:BP					1.0	690.0	65.0	77.68					0	1		False	True	False	False	False	False
GO:0035270	endocrine system development	GO:BP					1.0	77.0	5.0	8.67					0	1		False	True	False	False	False	False
GO:0035282	segmentation	GO:BP					1.0	50.0	4.0	5.63					0	1		False	True	False	False	False	False
GO:0035296	regulation of tube diameter	GO:BP					1.0	123.0	14.0	13.85					0	1		False	True	False	False	False	False
GO:0035313	wound healing, spreading of epidermal cells	GO:BP					1.0	23.0	2.0	2.59					0	1		False	True	False	False	False	False
GO:0035330	regulation of hippo signaling	GO:BP					1.0	46.0	6.0	5.18					0	1		False	True	False	False	False	False
GO:0035425	autocrine signaling	GO:BP					1.0	10.0	0.0	1.13					0	1		False	True	False	False	False	False
GO:0035588	G protein-coupled purinergic receptor signaling pathway	GO:BP					1.0	10.0	1.0	1.13					0	1		False	True	False	False	False	False
GO:0035589	G protein-coupled purinergic nucleotide receptor signaling pathway	GO:BP					1.0	14.0	0.0	1.58					0	1		False	True	False	False	False	False
GO:0035592	establishment of protein localization to extracellular region	GO:BP					1.0	313.0	47.0	35.24					0	1		False	True	False	False	False	False
GO:0035630	bone mineralization involved in bone maturation	GO:BP					1.0	10.0	0.0	1.13					0	1		False	True	False	False	False	False
GO:0035655	interleukin-18-mediated signaling pathway	GO:BP					1.0	10.0	0.0	1.13					0	1		False	True	False	False	False	False
GO:0035728	response to hepatocyte growth factor	GO:BP					1.0	13.0	0.0	1.46					0	1		False	True	False	False	False	False
GO:0035729	cellular response to hepatocyte growth factor stimulus	GO:BP					1.0	12.0	0.0	1.35					0	1		False	True	False	False	False	False
GO:0035739	CD4-positive, alpha-beta T cell proliferation	GO:BP					1.0	12.0	1.0	1.35					0	1		False	True	False	False	False	False
GO:0035743	CD4-positive, alpha-beta T cell cytokine production	GO:BP					1.0	17.0	2.0	1.91					0	1		False	True	False	False	False	False
GO:0035745	T-helper 2 cell cytokine production	GO:BP					1.0	11.0	2.0	1.24					0	1		False	True	False	False	False	False
GO:0035794	positive regulation of mitochondrial membrane permeability	GO:BP					1.0	31.0	2.0	3.49					0	1		False	True	False	False	False	False
GO:0035795	negative regulation of mitochondrial membrane permeability	GO:BP					1.0	14.0	1.0	1.58					0	1		False	True	False	False	False	False
GO:0035825	homologous recombination	GO:BP					1.0	70.0	4.0	7.88					0	1		False	True	False	False	False	False
GO:0035855	megakaryocyte development	GO:BP					1.0	13.0	0.0	1.46					0	1		False	True	False	False	False	False
GO:0035872	nucleotide-binding domain, leucine rich repeat containing receptor signaling pathway	GO:BP					1.0	28.0	1.0	3.15					0	1		False	True	False	False	False	False
GO:0035883	enteroendocrine cell differentiation	GO:BP					1.0	26.0	3.0	2.93					0	1		False	True	False	False	False	False
GO:0035886	vascular associated smooth muscle cell differentiation	GO:BP					1.0	24.0	1.0	2.7					0	1		False	True	False	False	False	False
GO:0035891	exit from host cell	GO:BP					1.0	28.0	2.0	3.15					0	1		False	True	False	False	False	False
GO:0035929	steroid hormone secretion	GO:BP					1.0	25.0	3.0	2.81					0	1		False	True	False	False	False	False
GO:0035930	corticosteroid hormone secretion	GO:BP					1.0	19.0	3.0	2.14					0	1		False	True	False	False	False	False
GO:0035933	glucocorticoid secretion	GO:BP					1.0	12.0	2.0	1.35					0	1		False	True	False	False	False	False
GO:0035966	response to topologically incorrect protein	GO:BP					1.0	160.0	19.0	18.01					0	1		False	True	False	False	False	False
GO:0035967	cellular response to topologically incorrect protein	GO:BP					1.0	117.0	15.0	13.17					0	1		False	True	False	False	False	False
GO:0036005	response to macrophage colony-stimulating factor	GO:BP					1.0	17.0	1.0	1.91					0	1		False	True	False	False	False	False
GO:0036017	response to erythropoietin	GO:BP					1.0	10.0	0.0	1.13					0	1		False	True	False	False	False	False
GO:0036037	CD8-positive, alpha-beta T cell activation	GO:BP					1.0	37.0	1.0	4.17					0	1		False	True	False	False	False	False
GO:0036075	replacement ossification	GO:BP					1.0	11.0	0.0	1.24					0	1		False	True	False	False	False	False
GO:0036109	alpha-linolenic acid metabolic process	GO:BP					1.0	10.0	0.0	1.13					0	1		False	True	False	False	False	False
GO:0036158	outer dynein arm assembly	GO:BP					1.0	21.0	0.0	2.36					0	1		False	True	False	False	False	False
GO:0036159	inner dynein arm assembly	GO:BP					1.0	16.0	0.0	1.8					0	1		False	True	False	False	False	False
GO:0036196	zymosterol metabolic process	GO:BP					1.0	15.0	3.0	1.69					0	1		False	True	False	False	False	False
GO:0036257	multivesicular body organization	GO:BP					1.0	33.0	5.0	3.71					0	1		False	True	False	False	False	False
GO:0036260	RNA capping	GO:BP					1.0	18.0	1.0	2.03					0	1		False	True	False	False	False	False
GO:0036293	response to decreased oxygen levels	GO:BP					1.0	276.0	36.0	31.07					0	1		False	True	False	False	False	False
GO:0036296	response to increased oxygen levels	GO:BP					1.0	26.0	2.0	2.93					0	1		False	True	False	False	False	False
GO:0036303	lymph vessel morphogenesis	GO:BP					1.0	16.0	0.0	1.8					0	1		False	True	False	False	False	False
GO:0036314	response to sterol	GO:BP					1.0	30.0	5.0	3.38					0	1		False	True	False	False	False	False
GO:0036336	dendritic cell migration	GO:BP					1.0	29.0	3.0	3.26					0	1		False	True	False	False	False	False
GO:0036344	platelet morphogenesis	GO:BP					1.0	19.0	0.0	2.14					0	1		False	True	False	False	False	False
GO:0036462	TRAIL-activated apoptotic signaling pathway	GO:BP					1.0	10.0	0.0	1.13					0	1		False	True	False	False	False	False
GO:0036480	neuron intrinsic apoptotic signaling pathway in response to oxidative stress	GO:BP					1.0	23.0	3.0	2.59					0	1		False	True	False	False	False	False
GO:0036507	protein demannosylation	GO:BP					1.0	15.0	1.0	1.69					0	1		False	True	False	False	False	False
GO:0036508	protein alpha-1,2-demannosylation	GO:BP					1.0	15.0	1.0	1.69					0	1		False	True	False	False	False	False
GO:0038065	collagen-activated signaling pathway	GO:BP					1.0	10.0	0.0	1.13					0	1		False	True	False	False	False	False
GO:0038083	peptidyl-tyrosine autophosphorylation	GO:BP					1.0	11.0	0.0	1.24					0	1		False	True	False	False	False	False
GO:0038093	Fc receptor signaling pathway	GO:BP					1.0	57.0	9.0	6.42					0	1		False	True	False	False	False	False
GO:0038094	Fc-gamma receptor signaling pathway	GO:BP					1.0	34.0	3.0	3.83					0	1		False	True	False	False	False	False
GO:0038179	neurotrophin signaling pathway	GO:BP					1.0	30.0	1.0	3.38					0	1		False	True	False	False	False	False
GO:0038180	nerve growth factor signaling pathway	GO:BP					1.0	12.0	0.0	1.35					0	1		False	True	False	False	False	False
GO:0038203	TORC2 signaling	GO:BP					1.0	23.0	1.0	2.59					0	1		False	True	False	False	False	False
GO:0039530	MDA-5 signaling pathway	GO:BP					1.0	11.0	0.0	1.24					0	1		False	True	False	False	False	False
GO:0039535	regulation of RIG-I signaling pathway	GO:BP					1.0	21.0	1.0	2.36					0	1		False	True	False	False	False	False
GO:0039692	single stranded viral RNA replication via double stranded DNA intermediate	GO:BP					1.0	14.0	0.0	1.58					0	1		False	True	False	False	False	False
GO:0039694	viral RNA genome replication	GO:BP					1.0	23.0	0.0	2.59					0	1		False	True	False	False	False	False
GO:0040007	growth	GO:BP					1.0	606.0	94.0	68.22					0	1		False	True	False	False	False	False
GO:0040012	regulation of locomotion	GO:BP					1.0	987.0	130.0	111.11					0	1		False	True	False	False	False	False
GO:0040013	negative regulation of locomotion	GO:BP					1.0	310.0	47.0	34.9					0	1		False	True	False	False	False	False
GO:0040020	regulation of meiotic nuclear division	GO:BP					1.0	21.0	0.0	2.36					0	1		False	True	False	False	False	False
GO:0042044	fluid transport	GO:BP					1.0	34.0	2.0	3.83					0	1		False	True	False	False	False	False
GO:0042088	T-helper 1 type immune response	GO:BP					1.0	61.0	2.0	6.87					0	1		False	True	False	False	False	False
GO:0042104	positive regulation of activated T cell proliferation	GO:BP					1.0	21.0	0.0	2.36					0	1		False	True	False	False	False	False
GO:0042158	lipoprotein biosynthetic process	GO:BP					1.0	46.0	6.0	5.18					0	1		False	True	False	False	False	False
GO:0042221	response to chemical	GO:BP					1.0	3330.0	412.0	374.87					0	1		False	True	False	False	False	False
GO:0042269	regulation of natural killer cell mediated cytotoxicity	GO:BP					1.0	47.0	4.0	5.29					0	1		False	True	False	False	False	False
GO:0042274	ribosomal small subunit biogenesis	GO:BP					1.0	107.0	7.0	12.05					0	1		False	True	False	False	False	False
GO:0042276	error-prone translesion synthesis	GO:BP					1.0	12.0	0.0	1.35					0	1		False	True	False	False	False	False
GO:0042303	molting cycle	GO:BP					1.0	55.0	3.0	6.19					0	1		False	True	False	False	False	False
GO:0042304	regulation of fatty acid biosynthetic process	GO:BP					1.0	48.0	1.0	5.4					0	1		False	True	False	False	False	False
GO:0042306	regulation of protein import into nucleus	GO:BP					1.0	52.0	3.0	5.85					0	1		False	True	False	False	False	False
GO:0042325	regulation of phosphorylation	GO:BP					1.0	404.0	46.0	45.48					0	1		False	True	False	False	False	False
GO:0042326	negative regulation of phosphorylation	GO:BP					1.0	118.0	13.0	13.28					0	1		False	True	False	False	False	False
GO:0042327	positive regulation of phosphorylation	GO:BP					1.0	234.0	29.0	26.34					0	1		False	True	False	False	False	False
GO:0042330	taxis	GO:BP					1.0	408.0	56.0	45.93					0	1		False	True	False	False	False	False
GO:0042339	keratan sulfate proteoglycan metabolic process	GO:BP					1.0	18.0	2.0	2.03					0	1		False	True	False	False	False	False
GO:0042354	L-fucose metabolic process	GO:BP					1.0	10.0	0.0	1.13					0	1		False	True	False	False	False	False
GO:0042355	L-fucose catabolic process	GO:BP					1.0	10.0	0.0	1.13					0	1		False	True	False	False	False	False
GO:0042368	vitamin D biosynthetic process	GO:BP					1.0	11.0	0.0	1.24					0	1		False	True	False	False	False	False
GO:0042401	biogenic amine biosynthetic process	GO:BP					1.0	32.0	7.0	3.6					0	1		False	True	False	False	False	False
GO:0042423	catecholamine biosynthetic process	GO:BP					1.0	17.0	3.0	1.91					0	1		False	True	False	False	False	False
GO:0042430	indole-containing compound metabolic process	GO:BP					1.0	28.0	7.0	3.15					0	1		False	True	False	False	False	False
GO:0042440	pigment metabolic process	GO:BP					1.0	75.0	8.0	8.44					0	1		False	True	False	False	False	False
GO:0042446	hormone biosynthetic process	GO:BP					1.0	62.0	3.0	6.98					0	1		False	True	False	False	False	False
GO:0042451	purine nucleoside biosynthetic process	GO:BP					1.0	10.0	2.0	1.13					0	1		False	True	False	False	False	False
GO:0042455	ribonucleoside biosynthetic process	GO:BP					1.0	11.0	2.0	1.24					0	1		False	True	False	False	False	False
GO:0042471	ear morphogenesis	GO:BP					1.0	52.0	5.0	5.85					0	1		False	True	False	False	False	False
GO:0042490	mechanoreceptor differentiation	GO:BP					1.0	30.0	5.0	3.38					0	1		False	True	False	False	False	False
GO:0042491	inner ear auditory receptor cell differentiation	GO:BP					1.0	16.0	1.0	1.8					0	1		False	True	False	False	False	False
GO:0042509	regulation of tyrosine phosphorylation of STAT protein	GO:BP					1.0	34.0	4.0	3.83					0	1		False	True	False	False	False	False
GO:0042541	hemoglobin biosynthetic process	GO:BP					1.0	11.0	0.0	1.24					0	1		False	True	False	False	False	False
GO:0042542	response to hydrogen peroxide	GO:BP					1.0	79.0	5.0	8.89					0	1		False	True	False	False	False	False
GO:0042558	pteridine-containing compound metabolic process	GO:BP					1.0	33.0	3.0	3.71					0	1		False	True	False	False	False	False
GO:0042559	pteridine-containing compound biosynthetic process	GO:BP					1.0	15.0	1.0	1.69					0	1		False	True	False	False	False	False
GO:0042592	homeostatic process	GO:BP					1.0	1454.0	182.0	163.68					0	1		False	True	False	False	False	False
GO:0042596	fear response	GO:BP					1.0	21.0	5.0	2.36					0	1		False	True	False	False	False	False
GO:0042633	hair cycle	GO:BP					1.0	55.0	3.0	6.19					0	1		False	True	False	False	False	False
GO:0042659	regulation of cell fate specification	GO:BP					1.0	19.0	0.0	2.14					0	1		False	True	False	False	False	False
GO:0042693	muscle cell fate commitment	GO:BP					1.0	11.0	0.0	1.24					0	1		False	True	False	False	False	False
GO:0042698	ovulation cycle	GO:BP					1.0	48.0	6.0	5.4					0	1		False	True	False	False	False	False
GO:0042743	hydrogen peroxide metabolic process	GO:BP					1.0	42.0	3.0	4.73					0	1		False	True	False	False	False	False
GO:0042762	regulation of sulfur metabolic process	GO:BP					1.0	13.0	3.0	1.46					0	1		False	True	False	False	False	False
GO:0042773	ATP synthesis coupled electron transport	GO:BP					1.0	93.0	7.0	10.47					0	1		False	True	False	False	False	False
GO:0042775	mitochondrial ATP synthesis coupled electron transport	GO:BP					1.0	93.0	7.0	10.47					0	1		False	True	False	False	False	False
GO:0042790	nucleolar large rRNA transcription by RNA polymerase I	GO:BP					1.0	30.0	0.0	3.38					0	1		False	True	False	False	False	False
GO:0042795	snRNA transcription by RNA polymerase II	GO:BP					1.0	16.0	4.0	1.8					0	1		False	True	False	False	False	False
GO:0042797	tRNA transcription by RNA polymerase III	GO:BP					1.0	11.0	0.0	1.24					0	1		False	True	False	False	False	False
GO:0042982	amyloid precursor protein metabolic process	GO:BP					1.0	77.0	6.0	8.67					0	1		False	True	False	False	False	False
GO:0042983	amyloid precursor protein biosynthetic process	GO:BP					1.0	16.0	0.0	1.8					0	1		False	True	False	False	False	False
GO:0042984	regulation of amyloid precursor protein biosynthetic process	GO:BP					1.0	16.0	0.0	1.8					0	1		False	True	False	False	False	False
GO:0042985	negative regulation of amyloid precursor protein biosynthetic process	GO:BP					1.0	10.0	0.0	1.13					0	1		False	True	False	False	False	False
GO:0043009	chordate embryonic development	GO:BP					1.0	223.0	19.0	25.1					0	1		False	True	False	False	False	False
GO:0043030	regulation of macrophage activation	GO:BP					1.0	56.0	5.0	6.3					0	1		False	True	False	False	False	False
GO:0043038	amino acid activation	GO:BP					1.0	47.0	5.0	5.29					0	1		False	True	False	False	False	False
GO:0043039	tRNA aminoacylation	GO:BP					1.0	47.0	5.0	5.29					0	1		False	True	False	False	False	False
GO:0043045	epigenetic programming of gene expression	GO:BP					1.0	21.0	0.0	2.36					0	1		False	True	False	False	False	False
GO:0043062	extracellular structure organization	GO:BP					1.0	263.0	28.0	29.61					0	1		False	True	False	False	False	False
GO:0043067	regulation of programmed cell death	GO:BP					1.0	1277.0	141.0	143.76					0	1		False	True	False	False	False	False
GO:0043094	metabolic compound salvage	GO:BP					1.0	46.0	4.0	5.18					0	1		False	True	False	False	False	False
GO:0043101	purine-containing compound salvage	GO:BP					1.0	23.0	4.0	2.59					0	1		False	True	False	False	False	False
GO:0043112	receptor metabolic process	GO:BP					1.0	70.0	15.0	7.88					0	1		False	True	False	False	False	False
GO:0043129	surfactant homeostasis	GO:BP					1.0	11.0	0.0	1.24					0	1		False	True	False	False	False	False
GO:0043144	sno(s)RNA processing	GO:BP					1.0	12.0	1.0	1.35					0	1		False	True	False	False	False	False
GO:0043149	stress fiber assembly	GO:BP					1.0	100.0	22.0	11.26					0	1		False	True	False	False	False	False
GO:0043170	macromolecule metabolic process	GO:BP					1.0	8548.0	841.0	962.29					0	1		False	True	False	False	False	False
GO:0043173	nucleotide salvage	GO:BP					1.0	27.0	4.0	3.04					0	1		False	True	False	False	False	False
GO:0043201	response to L-leucine	GO:BP					1.0	15.0	2.0	1.69					0	1		False	True	False	False	False	False
GO:0043242	negative regulation of protein-containing complex disassembly	GO:BP					1.0	80.0	7.0	9.01					0	1		False	True	False	False	False	False
GO:0043244	regulation of protein-containing complex disassembly	GO:BP					1.0	125.0	11.0	14.07					0	1		False	True	False	False	False	False
GO:0043249	erythrocyte maturation	GO:BP					1.0	15.0	0.0	1.69					0	1		False	True	False	False	False	False
GO:0043252	sodium-independent organic anion transport	GO:BP					1.0	16.0	0.0	1.8					0	1		False	True	False	False	False	False
GO:0043255	regulation of carbohydrate biosynthetic process	GO:BP					1.0	86.0	9.0	9.68					0	1		False	True	False	False	False	False
GO:0043267	negative regulation of potassium ion transport	GO:BP					1.0	27.0	3.0	3.04					0	1		False	True	False	False	False	False
GO:0043268	positive regulation of potassium ion transport	GO:BP					1.0	31.0	8.0	3.49					0	1		False	True	False	False	False	False
GO:0043269	regulation of monoatomic ion transport	GO:BP					1.0	366.0	58.0	41.2					0	1		False	True	False	False	False	False
GO:0043270	positive regulation of monoatomic ion transport	GO:BP					1.0	170.0	29.0	19.14					0	1		False	True	False	False	False	False
GO:0043276	anoikis	GO:BP					1.0	32.0	1.0	3.6					0	1		False	True	False	False	False	False
GO:0043300	regulation of leukocyte degranulation	GO:BP					1.0	39.0	3.0	4.39					0	1		False	True	False	False	False	False
GO:0043304	regulation of mast cell degranulation	GO:BP					1.0	23.0	2.0	2.59					0	1		False	True	False	False	False	False
GO:0043330	response to exogenous dsRNA	GO:BP					1.0	29.0	1.0	3.26					0	1		False	True	False	False	False	False
GO:0043331	response to dsRNA	GO:BP					1.0	33.0	1.0	3.71					0	1		False	True	False	False	False	False
GO:0043335	protein unfolding	GO:BP					1.0	12.0	0.0	1.35					0	1		False	True	False	False	False	False
GO:0043367	CD4-positive, alpha-beta T cell differentiation	GO:BP					1.0	105.0	10.0	11.82					0	1		False	True	False	False	False	False
GO:0043371	negative regulation of CD4-positive, alpha-beta T cell differentiation	GO:BP					1.0	20.0	2.0	2.25					0	1		False	True	False	False	False	False
GO:0043372	positive regulation of CD4-positive, alpha-beta T cell differentiation	GO:BP					1.0	30.0	2.0	3.38					0	1		False	True	False	False	False	False
GO:0043373	CD4-positive, alpha-beta T cell lineage commitment	GO:BP					1.0	31.0	5.0	3.49					0	1		False	True	False	False	False	False
GO:0043374	CD8-positive, alpha-beta T cell differentiation	GO:BP					1.0	24.0	0.0	2.7					0	1		False	True	False	False	False	False
GO:0043379	memory T cell differentiation	GO:BP					1.0	10.0	0.0	1.13					0	1		False	True	False	False	False	False
GO:0043380	regulation of memory T cell differentiation	GO:BP					1.0	10.0	0.0	1.13					0	1		False	True	False	False	False	False
GO:0043388	positive regulation of DNA binding	GO:BP					1.0	21.0	1.0	2.36					0	1		False	True	False	False	False	False
GO:0043401	steroid hormone receptor signaling pathway	GO:BP					1.0	130.0	15.0	14.63					0	1		False	True	False	False	False	False
GO:0043405	regulation of MAP kinase activity	GO:BP					1.0	56.0	8.0	6.3					0	1		False	True	False	False	False	False
GO:0043436	oxoacid metabolic process	GO:BP					1.0	847.0	114.0	95.35					0	1		False	True	False	False	False	False
GO:0043455	regulation of secondary metabolic process	GO:BP					1.0	18.0	2.0	2.03					0	1		False	True	False	False	False	False
GO:0043462	regulation of ATP-dependent activity	GO:BP					1.0	34.0	2.0	3.83					0	1		False	True	False	False	False	False
GO:0043473	pigmentation	GO:BP					1.0	84.0	11.0	9.46					0	1		False	True	False	False	False	False
GO:0043476	pigment accumulation	GO:BP					1.0	13.0	2.0	1.46					0	1		False	True	False	False	False	False
GO:0043482	cellular pigment accumulation	GO:BP					1.0	13.0	2.0	1.46					0	1		False	True	False	False	False	False
GO:0043485	endosome to pigment granule transport	GO:BP					1.0	11.0	2.0	1.24					0	1		False	True	False	False	False	False
GO:0043487	regulation of RNA stability	GO:BP					1.0	230.0	21.0	25.89					0	1		False	True	False	False	False	False
GO:0043489	RNA stabilization	GO:BP					1.0	87.0	12.0	9.79					0	1		False	True	False	False	False	False
GO:0043502	regulation of muscle adaptation	GO:BP					1.0	76.0	9.0	8.56					0	1		False	True	False	False	False	False
GO:0043523	regulation of neuron apoptotic process	GO:BP					1.0	196.0	23.0	22.06					0	1		False	True	False	False	False	False
GO:0043535	regulation of blood vessel endothelial cell migration	GO:BP					1.0	101.0	6.0	11.37					0	1		False	True	False	False	False	False
GO:0043562	cellular response to nitrogen levels	GO:BP					1.0	11.0	3.0	1.24					0	1		False	True	False	False	False	False
GO:0043574	peroxisomal transport	GO:BP					1.0	23.0	1.0	2.59					0	1		False	True	False	False	False	False
GO:0043584	nose development	GO:BP					1.0	10.0	0.0	1.13					0	1		False	True	False	False	False	False
GO:0043651	linoleic acid metabolic process	GO:BP					1.0	19.0	0.0	2.14					0	1		False	True	False	False	False	False
GO:0043921	host-mediated perturbation of viral transcription	GO:BP					1.0	28.0	2.0	3.15					0	1		False	True	False	False	False	False
GO:0043923	host-mediated activation of viral transcription	GO:BP					1.0	17.0	0.0	1.91					0	1		False	True	False	False	False	False
GO:0043933	protein-containing complex organization	GO:BP					1.0	1778.0	222.0	200.16					0	1		False	True	False	False	False	False
GO:0043954	cellular component maintenance	GO:BP					1.0	79.0	15.0	8.89					0	1		False	True	False	False	False	False
GO:0044042	glucan metabolic process	GO:BP					1.0	71.0	4.0	7.99					0	1		False	True	False	False	False	False
GO:0044085	cellular component biogenesis	GO:BP					1.0	3412.0	421.0	384.1					0	1		False	True	False	False	False	False
GO:0044088	regulation of vacuole organization	GO:BP					1.0	55.0	10.0	6.19					0	1		False	True	False	False	False	False
GO:0044092	negative regulation of molecular function	GO:BP					1.0	212.0	26.0	23.87					0	1		False	True	False	False	False	False
GO:0044093	positive regulation of molecular function	GO:BP					1.0	358.0	47.0	40.3					0	1		False	True	False	False	False	False
GO:0044238	primary metabolic process	GO:BP					1.0	9327.0	981.0	1049.98					0	1		False	True	False	False	False	False
GO:0044281	small molecule metabolic process	GO:BP					1.0	1629.0	216.0	183.38					0	1		False	True	False	False	False	False
GO:0044321	response to leptin	GO:BP					1.0	21.0	2.0	2.36					0	1		False	True	False	False	False	False
GO:0044346	fibroblast apoptotic process	GO:BP					1.0	10.0	0.0	1.13					0	1		False	True	False	False	False	False
GO:0044380	protein localization to cytoskeleton	GO:BP					1.0	62.0	6.0	6.98					0	1		False	True	False	False	False	False
GO:0044403	biological process involved in symbiotic interaction	GO:BP					1.0	179.0	16.0	20.15					0	1		False	True	False	False	False	False
GO:0044406	adhesion of symbiont to host	GO:BP					1.0	14.0	0.0	1.58					0	1		False	True	False	False	False	False
GO:0044409	symbiont entry into host	GO:BP					1.0	134.0	13.0	15.08					0	1		False	True	False	False	False	False
GO:0044419	biological process involved in interspecies interaction between organisms	GO:BP					1.0	1559.0	160.0	175.5					0	1		False	True	False	False	False	False
GO:0044546	NLRP3 inflammasome complex assembly	GO:BP					1.0	52.0	8.0	5.85					0	1		False	True	False	False	False	False
GO:0044550	secondary metabolite biosynthetic process	GO:BP					1.0	27.0	4.0	3.04					0	1		False	True	False	False	False	False
GO:0044598	doxorubicin metabolic process	GO:BP					1.0	10.0	0.0	1.13					0	1		False	True	False	False	False	False
GO:0044650	adhesion of symbiont to host cell	GO:BP					1.0	11.0	0.0	1.24					0	1		False	True	False	False	False	False
GO:0044725	epigenetic programming in the zygotic pronuclei	GO:BP					1.0	10.0	0.0	1.13					0	1		False	True	False	False	False	False
GO:0044743	protein transmembrane import into intracellular organelle	GO:BP					1.0	16.0	1.0	1.8					0	1		False	True	False	False	False	False
GO:0044770	cell cycle phase transition	GO:BP					1.0	517.0	49.0	58.2					0	1		False	True	False	False	False	False
GO:0044771	meiotic cell cycle phase transition	GO:BP					1.0	15.0	1.0	1.69					0	1		False	True	False	False	False	False
GO:0044772	mitotic cell cycle phase transition	GO:BP					1.0	408.0	40.0	45.93					0	1		False	True	False	False	False	False
GO:0044774	mitotic DNA integrity checkpoint signaling	GO:BP					1.0	71.0	5.0	7.99					0	1		False	True	False	False	False	False
GO:0044784	metaphase/anaphase transition of cell cycle	GO:BP					1.0	107.0	5.0	12.05					0	1		False	True	False	False	False	False
GO:0044786	cell cycle DNA replication	GO:BP					1.0	40.0	3.0	4.5					0	1		False	True	False	False	False	False
GO:0044793	host-mediated suppression of viral proces	GO:BP					1.0	16.0	2.0	1.8					0	1		False	True	False	False	False	False
GO:0044804	nucleophagy	GO:BP					1.0	23.0	2.0	2.59					0	1		False	True	False	False	False	False
GO:0044818	mitotic G2/M transition checkpoint	GO:BP					1.0	53.0	2.0	5.97					0	1		False	True	False	False	False	False
GO:0044819	mitotic G1/S transition checkpoint signaling	GO:BP					1.0	15.0	2.0	1.69					0	1		False	True	False	False	False	False
GO:0044827	host-mediated perturbation of viral genome replication	GO:BP					1.0	11.0	1.0	1.24					0	1		False	True	False	False	False	False
GO:0044839	cell cycle G2/M phase transition	GO:BP					1.0	145.0	15.0	16.32					0	1		False	True	False	False	False	False
GO:0044843	cell cycle G1/S phase transition	GO:BP					1.0	237.0	24.0	26.68					0	1		False	True	False	False	False	False
GO:0044872	lipoprotein localization	GO:BP					1.0	19.0	2.0	2.14					0	1		False	True	False	False	False	False
GO:0045005	DNA-templated DNA replication maintenance of fidelity	GO:BP					1.0	69.0	4.0	7.77					0	1		False	True	False	False	False	False
GO:0045010	actin nucleation	GO:BP					1.0	55.0	9.0	6.19					0	1		False	True	False	False	False	False
GO:0045017	glycerolipid biosynthetic process	GO:BP					1.0	247.0	37.0	27.81					0	1		False	True	False	False	False	False
GO:0045019	negative regulation of nitric oxide biosynthetic process	GO:BP					1.0	13.0	0.0	1.46					0	1		False	True	False	False	False	False
GO:0045023	G0 to G1 transition	GO:BP					1.0	36.0	1.0	4.05					0	1		False	True	False	False	False	False
GO:0045058	T cell selection	GO:BP					1.0	63.0	7.0	7.09					0	1		False	True	False	False	False	False
GO:0045069	regulation of viral genome replication	GO:BP					1.0	76.0	6.0	8.56					0	1		False	True	False	False	False	False
GO:0045088	regulation of innate immune response	GO:BP					1.0	461.0	47.0	51.9					0	1		False	True	False	False	False	False
GO:0045091	regulation of single stranded viral RNA replication via double stranded DNA intermediate	GO:BP					1.0	13.0	0.0	1.46					0	1		False	True	False	False	False	False
GO:0045103	intermediate filament-based process	GO:BP					1.0	80.0	9.0	9.01					0	1		False	True	False	False	False	False
GO:0045116	protein neddylation	GO:BP					1.0	25.0	3.0	2.81					0	1		False	True	False	False	False	False
GO:0045117	azole transmembrane transport	GO:BP					1.0	15.0	0.0	1.69					0	1		False	True	False	False	False	False
GO:0045132	meiotic chromosome segregation	GO:BP					1.0	70.0	4.0	7.88					0	1		False	True	False	False	False	False
GO:0045137	development of primary sexual characteristics	GO:BP					1.0	127.0	12.0	14.3					0	1		False	True	False	False	False	False
GO:0045185	maintenance of protein location	GO:BP					1.0	47.0	4.0	5.29					0	1		False	True	False	False	False	False
GO:0045191	regulation of isotype switching	GO:BP					1.0	23.0	1.0	2.59					0	1		False	True	False	False	False	False
GO:0045216	cell-cell junction organization	GO:BP					1.0	183.0	26.0	20.6					0	1		False	True	False	False	False	False
GO:0045292	mRNA cis splicing, via spliceosome	GO:BP					1.0	36.0	0.0	4.05					0	1		False	True	False	False	False	False
GO:0045342	MHC class II biosynthetic process	GO:BP					1.0	15.0	2.0	1.69					0	1		False	True	False	False	False	False
GO:0045346	regulation of MHC class II biosynthetic process	GO:BP					1.0	14.0	2.0	1.58					0	1		False	True	False	False	False	False
GO:0045445	myoblast differentiation	GO:BP					1.0	92.0	7.0	10.36					0	1		False	True	False	False	False	False
GO:0045453	bone resorption	GO:BP					1.0	48.0	2.0	5.4					0	1		False	True	False	False	False	False
GO:0045576	mast cell activation	GO:BP					1.0	61.0	5.0	6.87					0	1		False	True	False	False	False	False
GO:0045577	regulation of B cell differentiation	GO:BP					1.0	25.0	0.0	2.81					0	1		False	True	False	False	False	False
GO:0045579	positive regulation of B cell differentiation	GO:BP					1.0	12.0	0.0	1.35					0	1		False	True	False	False	False	False
GO:0045580	regulation of T cell differentiation	GO:BP					1.0	164.0	10.0	18.46					0	1		False	True	False	False	False	False
GO:0045589	regulation of regulatory T cell differentiation	GO:BP					1.0	42.0	1.0	4.73					0	1		False	True	False	False	False	False
GO:0045590	negative regulation of regulatory T cell differentiation	GO:BP					1.0	19.0	0.0	2.14					0	1		False	True	False	False	False	False
GO:0045598	regulation of fat cell differentiation	GO:BP					1.0	107.0	12.0	12.05					0	1		False	True	False	False	False	False
GO:0045604	regulation of epidermal cell differentiation	GO:BP					1.0	40.0	5.0	4.5					0	1		False	True	False	False	False	False
GO:0045606	positive regulation of epidermal cell differentiation	GO:BP					1.0	20.0	2.0	2.25					0	1		False	True	False	False	False	False
GO:0045619	regulation of lymphocyte differentiation	GO:BP					1.0	188.0	11.0	21.16					0	1		False	True	False	False	False	False
GO:0045620	negative regulation of lymphocyte differentiation	GO:BP					1.0	58.0	3.0	6.53					0	1		False	True	False	False	False	False
GO:0045622	regulation of T-helper cell differentiation	GO:BP					1.0	41.0	4.0	4.62					0	1		False	True	False	False	False	False
GO:0045623	negative regulation of T-helper cell differentiation	GO:BP					1.0	16.0	2.0	1.8					0	1		False	True	False	False	False	False
GO:0045637	regulation of myeloid cell differentiation	GO:BP					1.0	177.0	10.0	19.93					0	1		False	True	False	False	False	False
GO:0045638	negative regulation of myeloid cell differentiation	GO:BP					1.0	74.0	4.0	8.33					0	1		False	True	False	False	False	False
GO:0045639	positive regulation of myeloid cell differentiation	GO:BP					1.0	93.0	6.0	10.47					0	1		False	True	False	False	False	False
GO:0045649	regulation of macrophage differentiation	GO:BP					1.0	21.0	0.0	2.36					0	1		False	True	False	False	False	False
GO:0045651	positive regulation of macrophage differentiation	GO:BP					1.0	14.0	0.0	1.58					0	1		False	True	False	False	False	False
GO:0045652	regulation of megakaryocyte differentiation	GO:BP					1.0	29.0	1.0	3.26					0	1		False	True	False	False	False	False
GO:0045653	negative regulation of megakaryocyte differentiation	GO:BP					1.0	13.0	0.0	1.46					0	1		False	True	False	False	False	False
GO:0045655	regulation of monocyte differentiation	GO:BP					1.0	16.0	0.0	1.8					0	1		False	True	False	False	False	False
GO:0045657	positive regulation of monocyte differentiation	GO:BP					1.0	10.0	0.0	1.13					0	1		False	True	False	False	False	False
GO:0045661	regulation of myoblast differentiation	GO:BP					1.0	65.0	7.0	7.32					0	1		False	True	False	False	False	False
GO:0045670	regulation of osteoclast differentiation	GO:BP					1.0	59.0	5.0	6.64					0	1		False	True	False	False	False	False
GO:0045682	regulation of epidermis development	GO:BP					1.0	45.0	5.0	5.07					0	1		False	True	False	False	False	False
GO:0045684	positive regulation of epidermis development	GO:BP					1.0	25.0	2.0	2.81					0	1		False	True	False	False	False	False
GO:0045685	regulation of glial cell differentiation	GO:BP					1.0	49.0	4.0	5.52					0	1		False	True	False	False	False	False
GO:0045686	negative regulation of glial cell differentiation	GO:BP					1.0	15.0	0.0	1.69					0	1		False	True	False	False	False	False
GO:0045717	negative regulation of fatty acid biosynthetic process	GO:BP					1.0	22.0	0.0	2.48					0	1		False	True	False	False	False	False
GO:0045738	negative regulation of DNA repair	GO:BP					1.0	39.0	2.0	4.39					0	1		False	True	False	False	False	False
GO:0045761	regulation of adenylate cyclase activity	GO:BP					1.0	31.0	4.0	3.49					0	1		False	True	False	False	False	False
GO:0045780	positive regulation of bone resorption	GO:BP					1.0	14.0	0.0	1.58					0	1		False	True	False	False	False	False
GO:0045822	negative regulation of heart contraction	GO:BP					1.0	18.0	1.0	2.03					0	1		False	True	False	False	False	False
GO:0045823	positive regulation of heart contraction	GO:BP					1.0	34.0	4.0	3.83					0	1		False	True	False	False	False	False
GO:0045833	negative regulation of lipid metabolic process	GO:BP					1.0	95.0	5.0	10.69					0	1		False	True	False	False	False	False
GO:0045834	positive regulation of lipid metabolic process	GO:BP					1.0	130.0	15.0	14.63					0	1		False	True	False	False	False	False
GO:0045835	negative regulation of meiotic nuclear division	GO:BP					1.0	10.0	0.0	1.13					0	1		False	True	False	False	False	False
GO:0045837	negative regulation of membrane potential	GO:BP					1.0	11.0	1.0	1.24					0	1		False	True	False	False	False	False
GO:0045839	negative regulation of mitotic nuclear division	GO:BP					1.0	64.0	4.0	7.2					0	1		False	True	False	False	False	False
GO:0045841	negative regulation of mitotic metaphase/anaphase transition	GO:BP					1.0	58.0	4.0	6.53					0	1		False	True	False	False	False	False
GO:0045842	positive regulation of mitotic metaphase/anaphase transition	GO:BP					1.0	18.0	0.0	2.03					0	1		False	True	False	False	False	False
GO:0045844	positive regulation of striated muscle tissue development	GO:BP					1.0	13.0	0.0	1.46					0	1		False	True	False	False	False	False
GO:0045869	negative regulation of single stranded viral RNA replication via double stranded DNA intermediate	GO:BP					1.0	10.0	0.0	1.13					0	1		False	True	False	False	False	False
GO:0045906	negative regulation of vasoconstriction	GO:BP					1.0	12.0	0.0	1.35					0	1		False	True	False	False	False	False
GO:0045910	negative regulation of DNA recombination	GO:BP					1.0	44.0	2.0	4.95					0	1		False	True	False	False	False	False
GO:0045911	positive regulation of DNA recombination	GO:BP					1.0	65.0	6.0	7.32					0	1		False	True	False	False	False	False
GO:0045913	positive regulation of carbohydrate metabolic process	GO:BP					1.0	72.0	8.0	8.11					0	1		False	True	False	False	False	False
GO:0045917	positive regulation of complement activation	GO:BP					1.0	10.0	0.0	1.13					0	1		False	True	False	False	False	False
GO:0045922	negative regulation of fatty acid metabolic process	GO:BP					1.0	36.0	2.0	4.05					0	1		False	True	False	False	False	False
GO:0045923	positive regulation of fatty acid metabolic process	GO:BP					1.0	36.0	4.0	4.05					0	1		False	True	False	False	False	False
GO:0045926	negative regulation of growth	GO:BP					1.0	183.0	23.0	20.6					0	1		False	True	False	False	False	False
GO:0045927	positive regulation of growth	GO:BP					1.0	198.0	24.0	22.29					0	1		False	True	False	False	False	False
GO:0045932	negative regulation of muscle contraction	GO:BP					1.0	18.0	1.0	2.03					0	1		False	True	False	False	False	False
GO:0045939	negative regulation of steroid metabolic process	GO:BP					1.0	27.0	2.0	3.04					0	1		False	True	False	False	False	False
GO:0045940	positive regulation of steroid metabolic process	GO:BP					1.0	37.0	5.0	4.17					0	1		False	True	False	False	False	False
GO:0045980	negative regulation of nucleotide metabolic process	GO:BP					1.0	23.0	4.0	2.59					0	1		False	True	False	False	False	False
GO:0045981	positive regulation of nucleotide metabolic process	GO:BP					1.0	37.0	7.0	4.17					0	1		False	True	False	False	False	False
GO:0046006	regulation of activated T cell proliferation	GO:BP					1.0	37.0	2.0	4.17					0	1		False	True	False	False	False	False
GO:0046049	UMP metabolic process	GO:BP					1.0	16.0	0.0	1.8					0	1		False	True	False	False	False	False
GO:0046051	UTP metabolic process	GO:BP					1.0	11.0	0.0	1.24					0	1		False	True	False	False	False	False
GO:0046058	cAMP metabolic process	GO:BP					1.0	25.0	0.0	2.81					0	1		False	True	False	False	False	False
GO:0046068	cGMP metabolic process	GO:BP					1.0	20.0	4.0	2.25					0	1		False	True	False	False	False	False
GO:0046073	dTMP metabolic process	GO:BP					1.0	11.0	0.0	1.24					0	1		False	True	False	False	False	False
GO:0046112	nucleobase biosynthetic process	GO:BP					1.0	20.0	2.0	2.25					0	1		False	True	False	False	False	False
GO:0046148	pigment biosynthetic process	GO:BP					1.0	54.0	6.0	6.08					0	1		False	True	False	False	False	False
GO:0046149	pigment catabolic process	GO:BP					1.0	14.0	1.0	1.58					0	1		False	True	False	False	False	False
GO:0046165	alcohol biosynthetic process	GO:BP					1.0	136.0	25.0	15.31					0	1		False	True	False	False	False	False
GO:0046189	phenol-containing compound biosynthetic process	GO:BP					1.0	44.0	7.0	4.95					0	1		False	True	False	False	False	False
GO:0046320	regulation of fatty acid oxidation	GO:BP					1.0	31.0	4.0	3.49					0	1		False	True	False	False	False	False
GO:0046321	positive regulation of fatty acid oxidation	GO:BP					1.0	15.0	3.0	1.69					0	1		False	True	False	False	False	False
GO:0046341	CDP-diacylglycerol metabolic process	GO:BP					1.0	14.0	3.0	1.58					0	1		False	True	False	False	False	False
GO:0046348	amino sugar catabolic process	GO:BP					1.0	13.0	1.0	1.46					0	1		False	True	False	False	False	False
GO:0046349	amino sugar biosynthetic process	GO:BP					1.0	13.0	2.0	1.46					0	1		False	True	False	False	False	False
GO:0046364	monosaccharide biosynthetic process	GO:BP					1.0	81.0	11.0	9.12					0	1		False	True	False	False	False	False
GO:0046365	monosaccharide catabolic process	GO:BP					1.0	51.0	7.0	5.74					0	1		False	True	False	False	False	False
GO:0046385	deoxyribose phosphate biosynthetic process	GO:BP					1.0	16.0	2.0	1.8					0	1		False	True	False	False	False	False
GO:0046386	deoxyribose phosphate catabolic process	GO:BP					1.0	31.0	4.0	3.49					0	1		False	True	False	False	False	False
GO:0046457	prostanoid biosynthetic process	GO:BP					1.0	30.0	3.0	3.38					0	1		False	True	False	False	False	False
GO:0046459	short-chain fatty acid metabolic process	GO:BP					1.0	14.0	0.0	1.58					0	1		False	True	False	False	False	False
GO:0046460	neutral lipid biosynthetic process	GO:BP					1.0	47.0	6.0	5.29					0	1		False	True	False	False	False	False
GO:0046461	neutral lipid catabolic process	GO:BP					1.0	46.0	4.0	5.18					0	1		False	True	False	False	False	False
GO:0046464	acylglycerol catabolic process	GO:BP					1.0	46.0	4.0	5.18					0	1		False	True	False	False	False	False
GO:0046473	phosphatidic acid metabolic process	GO:BP					1.0	38.0	5.0	4.28					0	1		False	True	False	False	False	False
GO:0046479	glycosphingolipid catabolic process	GO:BP					1.0	19.0	0.0	2.14					0	1		False	True	False	False	False	False
GO:0046486	glycerolipid metabolic process	GO:BP					1.0	384.0	54.0	43.23					0	1		False	True	False	False	False	False
GO:0046503	glycerolipid catabolic process	GO:BP					1.0	76.0	9.0	8.56					0	1		False	True	False	False	False	False
GO:0046504	glycerol ether biosynthetic process	GO:BP					1.0	12.0	3.0	1.35					0	1		False	True	False	False	False	False
GO:0046519	sphingoid metabolic process	GO:BP					1.0	23.0	3.0	2.59					0	1		False	True	False	False	False	False
GO:0046520	sphingoid biosynthetic process	GO:BP					1.0	16.0	3.0	1.8					0	1		False	True	False	False	False	False
GO:0046545	development of primary female sexual characteristics	GO:BP					1.0	59.0	4.0	6.64					0	1		False	True	False	False	False	False
GO:0046546	development of primary male sexual characteristics	GO:BP					1.0	81.0	7.0	9.12					0	1		False	True	False	False	False	False
GO:0046578	regulation of Ras protein signal transduction	GO:BP					1.0	49.0	5.0	5.52					0	1		False	True	False	False	False	False
GO:0046580	negative regulation of Ras protein signal transduction	GO:BP					1.0	22.0	0.0	2.48					0	1		False	True	False	False	False	False
GO:0046601	positive regulation of centriole replication	GO:BP					1.0	11.0	0.0	1.24					0	1		False	True	False	False	False	False
GO:0046605	regulation of centrosome cycle	GO:BP					1.0	59.0	4.0	6.64					0	1		False	True	False	False	False	False
GO:0046606	negative regulation of centrosome cycle	GO:BP					1.0	11.0	1.0	1.24					0	1		False	True	False	False	False	False
GO:0046618	xenobiotic export from cell	GO:BP					1.0	19.0	0.0	2.14					0	1		False	True	False	False	False	False
GO:0046620	regulation of organ growth	GO:BP					1.0	60.0	8.0	6.75					0	1		False	True	False	False	False	False
GO:0046621	negative regulation of organ growth	GO:BP					1.0	25.0	5.0	2.81					0	1		False	True	False	False	False	False
GO:0046632	alpha-beta T cell differentiation	GO:BP					1.0	122.0	11.0	13.73					0	1		False	True	False	False	False	False
GO:0046633	alpha-beta T cell proliferation	GO:BP					1.0	33.0	2.0	3.71					0	1		False	True	False	False	False	False
GO:0046634	regulation of alpha-beta T cell activation	GO:BP					1.0	97.0	9.0	10.92					0	1		False	True	False	False	False	False
GO:0046635	positive regulation of alpha-beta T cell activation	GO:BP					1.0	56.0	5.0	6.3					0	1		False	True	False	False	False	False
GO:0046637	regulation of alpha-beta T cell differentiation	GO:BP					1.0	64.0	6.0	7.2					0	1		False	True	False	False	False	False
GO:0046639	negative regulation of alpha-beta T cell differentiation	GO:BP					1.0	25.0	2.0	2.81					0	1		False	True	False	False	False	False
GO:0046642	negative regulation of alpha-beta T cell proliferation	GO:BP					1.0	12.0	0.0	1.35					0	1		False	True	False	False	False	False
GO:0046649	lymphocyte activation	GO:BP					1.0	685.0	61.0	77.11					0	1		False	True	False	False	False	False
GO:0046660	female sex differentiation	GO:BP					1.0	68.0	4.0	7.66					0	1		False	True	False	False	False	False
GO:0046683	response to organophosphorus	GO:BP					1.0	115.0	16.0	12.95					0	1		False	True	False	False	False	False
GO:0046753	non-lytic viral release	GO:BP					1.0	14.0	1.0	1.58					0	1		False	True	False	False	False	False
GO:0046755	viral budding	GO:BP					1.0	24.0	2.0	2.7					0	1		False	True	False	False	False	False
GO:0046782	regulation of viral transcription	GO:BP					1.0	20.0	6.0	2.25					0	1		False	True	False	False	False	False
GO:0046794	transport of virus	GO:BP					1.0	11.0	1.0	1.24					0	1		False	True	False	False	False	False
GO:0046851	negative regulation of bone remodeling	GO:BP					1.0	17.0	1.0	1.91					0	1		False	True	False	False	False	False
GO:0046879	hormone secretion	GO:BP					1.0	264.0	41.0	29.72					0	1		False	True	False	False	False	False
GO:0046885	regulation of hormone biosynthetic process	GO:BP					1.0	20.0	2.0	2.25					0	1		False	True	False	False	False	False
GO:0046890	regulation of lipid biosynthetic process	GO:BP					1.0	179.0	17.0	20.15					0	1		False	True	False	False	False	False
GO:0047497	mitochondrion transport along microtubule	GO:BP					1.0	26.0	5.0	2.93					0	1		False	True	False	False	False	False
GO:0048002	antigen processing and presentation of peptide antigen	GO:BP					1.0	65.0	6.0	7.32					0	1		False	True	False	False	False	False
GO:0048025	negative regulation of mRNA splicing, via spliceosome	GO:BP					1.0	27.0	0.0	3.04					0	1		False	True	False	False	False	False
GO:0048048	embryonic eye morphogenesis	GO:BP					1.0	26.0	3.0	2.93					0	1		False	True	False	False	False	False
GO:0048066	developmental pigmentation	GO:BP					1.0	34.0	2.0	3.83					0	1		False	True	False	False	False	False
GO:0048145	regulation of fibroblast proliferation	GO:BP					1.0	60.0	10.0	6.75					0	1		False	True	False	False	False	False
GO:0048207	vesicle targeting, rough ER to cis-Golgi	GO:BP					1.0	26.0	4.0	2.93					0	1		False	True	False	False	False	False
GO:0048232	male gamete generation	GO:BP					1.0	585.0	39.0	65.86					0	1		False	True	False	False	False	False
GO:0048243	norepinephrine secretion	GO:BP					1.0	11.0	1.0	1.24					0	1		False	True	False	False	False	False
GO:0048259	regulation of receptor-mediated endocytosis	GO:BP					1.0	119.0	12.0	13.4					0	1		False	True	False	False	False	False
GO:0048285	organelle fission	GO:BP					1.0	463.0	39.0	52.12					0	1		False	True	False	False	False	False
GO:0048308	organelle inheritance	GO:BP					1.0	16.0	3.0	1.8					0	1		False	True	False	False	False	False
GO:0048332	mesoderm morphogenesis	GO:BP					1.0	39.0	3.0	4.39					0	1		False	True	False	False	False	False
GO:0048368	lateral mesoderm development	GO:BP					1.0	13.0	4.0	1.46					0	1		False	True	False	False	False	False
GO:0048483	autonomic nervous system development	GO:BP					1.0	33.0	2.0	3.71					0	1		False	True	False	False	False	False
GO:0048485	sympathetic nervous system development	GO:BP					1.0	17.0	0.0	1.91					0	1		False	True	False	False	False	False
GO:0048486	parasympathetic nervous system development	GO:BP					1.0	13.0	1.0	1.46					0	1		False	True	False	False	False	False
GO:0048499	synaptic vesicle membrane organization	GO:BP					1.0	34.0	8.0	3.83					0	1		False	True	False	False	False	False
GO:0048515	spermatid differentiation	GO:BP					1.0	189.0	21.0	21.28					0	1		False	True	False	False	False	False
GO:0048521	negative regulation of behavior	GO:BP					1.0	13.0	2.0	1.46					0	1		False	True	False	False	False	False
GO:0048523	negative regulation of cellular process	GO:BP					1.0	4877.0	538.0	549.03					0	1		False	True	False	False	False	False
GO:0048525	negative regulation of viral process	GO:BP					1.0	73.0	9.0	8.22					0	1		False	True	False	False	False	False
GO:0048562	embryonic organ morphogenesis	GO:BP					1.0	150.0	15.0	16.89					0	1		False	True	False	False	False	False
GO:0048592	eye morphogenesis	GO:BP					1.0	101.0	16.0	11.37					0	1		False	True	False	False	False	False
GO:0048608	reproductive structure development	GO:BP					1.0	153.0	16.0	17.22					0	1		False	True	False	False	False	False
GO:0048636	positive regulation of muscle organ development	GO:BP					1.0	13.0	0.0	1.46					0	1		False	True	False	False	False	False
GO:0048641	regulation of skeletal muscle tissue development	GO:BP					1.0	15.0	0.0	1.69					0	1		False	True	False	False	False	False
GO:0048643	positive regulation of skeletal muscle tissue development	GO:BP					1.0	12.0	0.0	1.35					0	1		False	True	False	False	False	False
GO:0048644	muscle organ morphogenesis	GO:BP					1.0	54.0	2.0	6.08					0	1		False	True	False	False	False	False
GO:0048645	animal organ formation	GO:BP					1.0	28.0	6.0	3.15					0	1		False	True	False	False	False	False
GO:0048665	neuron fate specification	GO:BP					1.0	13.0	0.0	1.46					0	1		False	True	False	False	False	False
GO:0048701	embryonic cranial skeleton morphogenesis	GO:BP					1.0	15.0	0.0	1.69					0	1		False	True	False	False	False	False
GO:0048704	embryonic skeletal system morphogenesis	GO:BP					1.0	36.0	0.0	4.05					0	1		False	True	False	False	False	False
GO:0048710	regulation of astrocyte differentiation	GO:BP					1.0	20.0	0.0	2.25					0	1		False	True	False	False	False	False
GO:0048713	regulation of oligodendrocyte differentiation	GO:BP					1.0	28.0	2.0	3.15					0	1		False	True	False	False	False	False
GO:0048730	epidermis morphogenesis	GO:BP					1.0	16.0	1.0	1.8					0	1		False	True	False	False	False	False
GO:0048736	appendage development	GO:BP					1.0	91.0	14.0	10.24					0	1		False	True	False	False	False	False
GO:0048753	pigment granule organization	GO:BP					1.0	38.0	5.0	4.28					0	1		False	True	False	False	False	False
GO:0048757	pigment granule maturation	GO:BP					1.0	11.0	2.0	1.24					0	1		False	True	False	False	False	False
GO:0048762	mesenchymal cell differentiation	GO:BP					1.0	218.0	29.0	24.54					0	1		False	True	False	False	False	False
GO:0048799	animal organ maturation	GO:BP					1.0	22.0	2.0	2.48					0	1		False	True	False	False	False	False
GO:0048841	regulation of axon extension involved in axon guidance	GO:BP					1.0	11.0	0.0	1.24					0	1		False	True	False	False	False	False
GO:0048844	artery morphogenesis	GO:BP					1.0	49.0	3.0	5.52					0	1		False	True	False	False	False	False
GO:0048869	cellular developmental process	GO:BP					1.0	3746.0	431.0	421.7					0	1		False	True	False	False	False	False
GO:0048871	multicellular organismal-level homeostasis	GO:BP					1.0	654.0	61.0	73.62					0	1		False	True	False	False	False	False
GO:0048878	chemical homeostasis	GO:BP					1.0	866.0	121.0	97.49					0	1		False	True	False	False	False	False
GO:0048880	sensory system development	GO:BP					1.0	268.0	36.0	30.17					0	1		False	True	False	False	False	False
GO:0050432	catecholamine secretion	GO:BP					1.0	38.0	11.0	4.28					0	1		False	True	False	False	False	False
GO:0050433	regulation of catecholamine secretion	GO:BP					1.0	36.0	11.0	4.05					0	1		False	True	False	False	False	False
GO:0050650	chondroitin sulfate proteoglycan biosynthetic process	GO:BP					1.0	24.0	0.0	2.7					0	1		False	True	False	False	False	False
GO:0050651	dermatan sulfate proteoglycan biosynthetic process	GO:BP					1.0	13.0	0.0	1.46					0	1		False	True	False	False	False	False
GO:0050657	nucleic acid transport	GO:BP					1.0	157.0	16.0	17.67					0	1		False	True	False	False	False	False
GO:0050667	homocysteine metabolic process	GO:BP					1.0	15.0	0.0	1.69					0	1		False	True	False	False	False	False
GO:0050670	regulation of lymphocyte proliferation	GO:BP					1.0	193.0	15.0	21.73					0	1		False	True	False	False	False	False
GO:0050672	negative regulation of lymphocyte proliferation	GO:BP					1.0	70.0	5.0	7.88					0	1		False	True	False	False	False	False
GO:0050673	epithelial cell proliferation	GO:BP					1.0	299.0	31.0	33.66					0	1		False	True	False	False	False	False
GO:0050678	regulation of epithelial cell proliferation	GO:BP					1.0	257.0	27.0	28.93					0	1		False	True	False	False	False	False
GO:0050684	regulation of mRNA processing	GO:BP					1.0	134.0	9.0	15.08					0	1		False	True	False	False	False	False
GO:0050685	positive regulation of mRNA processing	GO:BP					1.0	18.0	1.0	2.03					0	1		False	True	False	False	False	False
GO:0050686	negative regulation of mRNA processing	GO:BP					1.0	28.0	0.0	3.15					0	1		False	True	False	False	False	False
GO:0050688	regulation of defense response to virus	GO:BP					1.0	58.0	4.0	6.53					0	1		False	True	False	False	False	False
GO:0050691	regulation of defense response to virus by host	GO:BP					1.0	41.0	3.0	4.62					0	1		False	True	False	False	False	False
GO:0050708	regulation of protein secretion	GO:BP					1.0	236.0	38.0	26.57					0	1		False	True	False	False	False	False
GO:0050746	regulation of lipoprotein metabolic process	GO:BP					1.0	16.0	1.0	1.8					0	1		False	True	False	False	False	False
GO:0050779	RNA destabilization	GO:BP					1.0	143.0	11.0	16.1					0	1		False	True	False	False	False	False
GO:0050790	regulation of catalytic activity	GO:BP					1.0	494.0	63.0	55.61					0	1		False	True	False	False	False	False
GO:0050792	regulation of viral process	GO:BP					1.0	135.0	15.0	15.2					0	1		False	True	False	False	False	False
GO:0050793	regulation of developmental process	GO:BP					1.0	2119.0	241.0	238.55					0	1		False	True	False	False	False	False
GO:0050798	activated T cell proliferation	GO:BP					1.0	38.0	2.0	4.28					0	1		False	True	False	False	False	False
GO:0050802	circadian sleep/wake cycle, sleep	GO:BP					1.0	20.0	4.0	2.25					0	1		False	True	False	False	False	False
GO:0050812	regulation of acyl-CoA biosynthetic process	GO:BP					1.0	10.0	3.0	1.13					0	1		False	True	False	False	False	False
GO:0050817	coagulation	GO:BP					1.0	217.0	20.0	24.43					0	1		False	True	False	False	False	False
GO:0050818	regulation of coagulation	GO:BP					1.0	70.0	6.0	7.88					0	1		False	True	False	False	False	False
GO:0050820	positive regulation of coagulation	GO:BP					1.0	28.0	2.0	3.15					0	1		False	True	False	False	False	False
GO:0050848	regulation of calcium-mediated signaling	GO:BP					1.0	81.0	17.0	9.12					0	1		False	True	False	False	False	False
GO:0050854	regulation of antigen receptor-mediated signaling pathway	GO:BP					1.0	71.0	10.0	7.99					0	1		False	True	False	False	False	False
GO:0050856	regulation of T cell receptor signaling pathway	GO:BP					1.0	54.0	8.0	6.08					0	1		False	True	False	False	False	False
GO:0050858	negative regulation of antigen receptor-mediated signaling pathway	GO:BP					1.0	44.0	3.0	4.95					0	1		False	True	False	False	False	False
GO:0050859	negative regulation of B cell receptor signaling pathway	GO:BP					1.0	10.0	0.0	1.13					0	1		False	True	False	False	False	False
GO:0050863	regulation of T cell activation	GO:BP					1.0	335.0	22.0	37.71					0	1		False	True	False	False	False	False
GO:0050864	regulation of B cell activation	GO:BP					1.0	106.0	5.0	11.93					0	1		False	True	False	False	False	False
GO:0050865	regulation of cell activation	GO:BP					1.0	564.0	43.0	63.49					0	1		False	True	False	False	False	False
GO:0050868	negative regulation of T cell activation	GO:BP					1.0	120.0	8.0	13.51					0	1		False	True	False	False	False	False
GO:0050869	negative regulation of B cell activation	GO:BP					1.0	25.0	1.0	2.81					0	1		False	True	False	False	False	False
GO:0050878	regulation of body fluid levels	GO:BP					1.0	318.0	32.0	35.8					0	1		False	True	False	False	False	False
GO:0050886	endocrine process	GO:BP					1.0	87.0	13.0	9.79					0	1		False	True	False	False	False	False
GO:0050891	multicellular organismal-level water homeostasis	GO:BP					1.0	38.0	4.0	4.28					0	1		False	True	False	False	False	False
GO:0050906	detection of stimulus involved in sensory perception	GO:BP					1.0	317.0	33.0	35.69					0	1		False	True	False	False	False	False
GO:0050907	detection of chemical stimulus involved in sensory perception	GO:BP					1.0	261.0	25.0	29.38					0	1		False	True	False	False	False	False
GO:0050909	sensory perception of taste	GO:BP					1.0	50.0	2.0	5.63					0	1		False	True	False	False	False	False
GO:0050913	sensory perception of bitter taste	GO:BP					1.0	30.0	1.0	3.38					0	1		False	True	False	False	False	False
GO:0050920	regulation of chemotaxis	GO:BP					1.0	186.0	28.0	20.94					0	1		False	True	False	False	False	False
GO:0050926	regulation of positive chemotaxis	GO:BP					1.0	23.0	3.0	2.59					0	1		False	True	False	False	False	False
GO:0050931	pigment cell differentiation	GO:BP					1.0	23.0	2.0	2.59					0	1		False	True	False	False	False	False
GO:0050953	sensory perception of light stimulus	GO:BP					1.0	197.0	22.0	22.18					0	1		False	True	False	False	False	False
GO:0050954	sensory perception of mechanical stimulus	GO:BP					1.0	137.0	20.0	15.42					0	1		False	True	False	False	False	False
GO:0050961	detection of temperature stimulus involved in sensory perception	GO:BP					1.0	17.0	1.0	1.91					0	1		False	True	False	False	False	False
GO:0050962	detection of light stimulus involved in sensory perception	GO:BP					1.0	17.0	3.0	1.91					0	1		False	True	False	False	False	False
GO:0050966	detection of mechanical stimulus involved in sensory perception of pain	GO:BP					1.0	10.0	0.0	1.13					0	1		False	True	False	False	False	False
GO:0050994	regulation of lipid catabolic process	GO:BP					1.0	58.0	6.0	6.53					0	1		False	True	False	False	False	False
GO:0051014	actin filament severing	GO:BP					1.0	17.0	0.0	1.91					0	1		False	True	False	False	False	False
GO:0051051	negative regulation of transport	GO:BP					1.0	370.0	54.0	41.65					0	1		False	True	False	False	False	False
GO:0051054	positive regulation of DNA metabolic process	GO:BP					1.0	267.0	31.0	30.06					0	1		False	True	False	False	False	False
GO:0051098	regulation of binding	GO:BP					1.0	84.0	9.0	9.46					0	1		False	True	False	False	False	False
GO:0051100	negative regulation of binding	GO:BP					1.0	36.0	4.0	4.05					0	1		False	True	False	False	False	False
GO:0051101	regulation of DNA binding	GO:BP					1.0	39.0	3.0	4.39					0	1		False	True	False	False	False	False
GO:0051125	regulation of actin nucleation	GO:BP					1.0	35.0	4.0	3.94					0	1		False	True	False	False	False	False
GO:0051145	smooth muscle cell differentiation	GO:BP					1.0	48.0	4.0	5.4					0	1		False	True	False	False	False	False
GO:0051146	striated muscle cell differentiation	GO:BP					1.0	254.0	25.0	28.59					0	1		False	True	False	False	False	False
GO:0051149	positive regulation of muscle cell differentiation	GO:BP					1.0	59.0	8.0	6.64					0	1		False	True	False	False	False	False
GO:0051150	regulation of smooth muscle cell differentiation	GO:BP					1.0	31.0	4.0	3.49					0	1		False	True	False	False	False	False
GO:0051153	regulation of striated muscle cell differentiation	GO:BP					1.0	72.0	9.0	8.11					0	1		False	True	False	False	False	False
GO:0051154	negative regulation of striated muscle cell differentiation	GO:BP					1.0	33.0	5.0	3.71					0	1		False	True	False	False	False	False
GO:0051169	nuclear transport	GO:BP					1.0	292.0	32.0	32.87					0	1		False	True	False	False	False	False
GO:0051170	import into nucleus	GO:BP					1.0	144.0	16.0	16.21					0	1		False	True	False	False	False	False
GO:0051174	regulation of phosphorus metabolic process	GO:BP					1.0	540.0	67.0	60.79					0	1		False	True	False	False	False	False
GO:0051224	negative regulation of protein transport	GO:BP					1.0	96.0	14.0	10.81					0	1		False	True	False	False	False	False
GO:0051225	spindle assembly	GO:BP					1.0	126.0	10.0	14.18					0	1		False	True	False	False	False	False
GO:0051231	spindle elongation	GO:BP					1.0	13.0	3.0	1.46					0	1		False	True	False	False	False	False
GO:0051235	maintenance of location	GO:BP					1.0	56.0	6.0	6.3					0	1		False	True	False	False	False	False
GO:0051236	establishment of RNA localization	GO:BP					1.0	160.0	16.0	18.01					0	1		False	True	False	False	False	False
GO:0051246	regulation of protein metabolic process	GO:BP					1.0	1435.0	171.0	161.54					0	1		False	True	False	False	False	False
GO:0051248	negative regulation of protein metabolic process	GO:BP					1.0	535.0	56.0	60.23					0	1		False	True	False	False	False	False
GO:0051249	regulation of lymphocyte activation	GO:BP					1.0	442.0	31.0	49.76					0	1		False	True	False	False	False	False
GO:0051251	positive regulation of lymphocyte activation	GO:BP					1.0	280.0	21.0	31.52					0	1		False	True	False	False	False	False
GO:0051252	regulation of RNA metabolic process	GO:BP					1.0	3402.0	322.0	382.98					0	1		False	True	False	False	False	False
GO:0051253	negative regulation of RNA metabolic process	GO:BP					1.0	1389.0	134.0	156.37					0	1		False	True	False	False	False	False
GO:0051255	spindle midzone assembly	GO:BP					1.0	13.0	3.0	1.46					0	1		False	True	False	False	False	False
GO:0051279	regulation of release of sequestered calcium ion into cytosol	GO:BP					1.0	67.0	10.0	7.54					0	1		False	True	False	False	False	False
GO:0051290	protein heterotetramerization	GO:BP					1.0	16.0	0.0	1.8					0	1		False	True	False	False	False	False
GO:0051294	establishment of spindle orientation	GO:BP					1.0	38.0	3.0	4.28					0	1		False	True	False	False	False	False
GO:0051298	centrosome duplication	GO:BP					1.0	80.0	7.0	9.01					0	1		False	True	False	False	False	False
GO:0051299	centrosome separation	GO:BP					1.0	15.0	1.0	1.69					0	1		False	True	False	False	False	False
GO:0051304	chromosome separation	GO:BP					1.0	88.0	4.0	9.91					0	1		False	True	False	False	False	False
GO:0051306	mitotic sister chromatid separation	GO:BP					1.0	71.0	4.0	7.99					0	1		False	True	False	False	False	False
GO:0051307	meiotic chromosome separation	GO:BP					1.0	10.0	0.0	1.13					0	1		False	True	False	False	False	False
GO:0051310	metaphase chromosome alignment	GO:BP					1.0	107.0	14.0	12.05					0	1		False	True	False	False	False	False
GO:0051383	kinetochore organization	GO:BP					1.0	32.0	1.0	3.6					0	1		False	True	False	False	False	False
GO:0051438	regulation of ubiquitin-protein transferase activity	GO:BP					1.0	19.0	0.0	2.14					0	1		False	True	False	False	False	False
GO:0051443	positive regulation of ubiquitin-protein transferase activity	GO:BP					1.0	12.0	0.0	1.35					0	1		False	True	False	False	False	False
GO:0051445	regulation of meiotic cell cycle	GO:BP					1.0	57.0	3.0	6.42					0	1		False	True	False	False	False	False
GO:0051494	negative regulation of cytoskeleton organization	GO:BP					1.0	147.0	22.0	16.55					0	1		False	True	False	False	False	False
GO:0051546	keratinocyte migration	GO:BP					1.0	18.0	0.0	2.03					0	1		False	True	False	False	False	False
GO:0051547	regulation of keratinocyte migration	GO:BP					1.0	14.0	0.0	1.58					0	1		False	True	False	False	False	False
GO:0051549	positive regulation of keratinocyte migration	GO:BP					1.0	12.0	0.0	1.35					0	1		False	True	False	False	False	False
GO:0051588	regulation of neurotransmitter transport	GO:BP					1.0	97.0	20.0	10.92					0	1		False	True	False	False	False	False
GO:0051606	detection of stimulus	GO:BP					1.0	430.0	46.0	48.41					0	1		False	True	False	False	False	False
GO:0051608	histamine transport	GO:BP					1.0	13.0	0.0	1.46					0	1		False	True	False	False	False	False
GO:0051647	nucleus localization	GO:BP					1.0	27.0	2.0	3.04					0	1		False	True	False	False	False	False
GO:0051653	spindle localization	GO:BP					1.0	56.0	5.0	6.3					0	1		False	True	False	False	False	False
GO:0051703	biological process involved in intraspecies interaction between organisms	GO:BP					1.0	40.0	4.0	4.5					0	1		False	True	False	False	False	False
GO:0051707	response to other organism	GO:BP					1.0	1393.0	147.0	156.82					0	1		False	True	False	False	False	False
GO:0051764	actin crosslink formation	GO:BP					1.0	14.0	0.0	1.58					0	1		False	True	False	False	False	False
GO:0051775	response to redox state	GO:BP					1.0	11.0	0.0	1.24					0	1		False	True	False	False	False	False
GO:0051782	negative regulation of cell division	GO:BP					1.0	12.0	0.0	1.35					0	1		False	True	False	False	False	False
GO:0051783	regulation of nuclear division	GO:BP					1.0	134.0	7.0	15.08					0	1		False	True	False	False	False	False
GO:0051784	negative regulation of nuclear division	GO:BP					1.0	70.0	4.0	7.88					0	1		False	True	False	False	False	False
GO:0051785	positive regulation of nuclear division	GO:BP					1.0	51.0	3.0	5.74					0	1		False	True	False	False	False	False
GO:0051788	response to misfolded protein	GO:BP					1.0	19.0	2.0	2.14					0	1		False	True	False	False	False	False
GO:0051791	medium-chain fatty acid metabolic process	GO:BP					1.0	15.0	0.0	1.69					0	1		False	True	False	False	False	False
GO:0051797	regulation of hair follicle development	GO:BP					1.0	13.0	1.0	1.46					0	1		False	True	False	False	False	False
GO:0051851	host-mediated perturbation of symbiont process	GO:BP					1.0	105.0	12.0	11.82					0	1		False	True	False	False	False	False
GO:0051875	pigment granule localization	GO:BP					1.0	24.0	6.0	2.7					0	1		False	True	False	False	False	False
GO:0051882	mitochondrial depolarization	GO:BP					1.0	20.0	3.0	2.25					0	1		False	True	False	False	False	False
GO:0051904	pigment granule transport	GO:BP					1.0	19.0	5.0	2.14					0	1		False	True	False	False	False	False
GO:0051905	establishment of pigment granule localization	GO:BP					1.0	20.0	5.0	2.25					0	1		False	True	False	False	False	False
GO:0051917	regulation of fibrinolysis	GO:BP					1.0	17.0	1.0	1.91					0	1		False	True	False	False	False	False
GO:0051926	negative regulation of calcium ion transport	GO:BP					1.0	47.0	4.0	5.29					0	1		False	True	False	False	False	False
GO:0051931	regulation of sensory perception	GO:BP					1.0	17.0	6.0	1.91					0	1		False	True	False	False	False	False
GO:0051937	catecholamine transport	GO:BP					1.0	52.0	12.0	5.85					0	1		False	True	False	False	False	False
GO:0051952	regulation of amine transport	GO:BP					1.0	66.0	15.0	7.43					0	1		False	True	False	False	False	False
GO:0051953	negative regulation of amine transport	GO:BP					1.0	21.0	5.0	2.36					0	1		False	True	False	False	False	False
GO:0051954	positive regulation of amine transport	GO:BP					1.0	32.0	6.0	3.6					0	1		False	True	False	False	False	False
GO:0051955	regulation of amino acid transport	GO:BP					1.0	33.0	5.0	3.71					0	1		False	True	False	False	False	False
GO:0051960	regulation of nervous system development	GO:BP					1.0	341.0	50.0	38.39					0	1		False	True	False	False	False	False
GO:0051961	negative regulation of nervous system development	GO:BP					1.0	100.0	16.0	11.26					0	1		False	True	False	False	False	False
GO:0051962	positive regulation of nervous system development	GO:BP					1.0	213.0	34.0	23.98					0	1		False	True	False	False	False	False
GO:0051984	positive regulation of chromosome segregation	GO:BP					1.0	28.0	2.0	3.15					0	1		False	True	False	False	False	False
GO:0051985	negative regulation of chromosome segregation	GO:BP					1.0	61.0	4.0	6.87					0	1		False	True	False	False	False	False
GO:0052372	modulation by symbiont of entry into host	GO:BP					1.0	25.0	2.0	2.81					0	1		False	True	False	False	False	False
GO:0052547	regulation of peptidase activity	GO:BP					1.0	20.0	0.0	2.25					0	1		False	True	False	False	False	False
GO:0052548	regulation of endopeptidase activity	GO:BP					1.0	12.0	0.0	1.35					0	1		False	True	False	False	False	False
GO:0052652	cyclic purine nucleotide metabolic process	GO:BP					1.0	45.0	4.0	5.07					0	1		False	True	False	False	False	False
GO:0055002	striated muscle cell development	GO:BP					1.0	124.0	18.0	13.96					0	1		False	True	False	False	False	False
GO:0055006	cardiac cell development	GO:BP					1.0	69.0	10.0	7.77					0	1		False	True	False	False	False	False
GO:0055010	ventricular cardiac muscle tissue morphogenesis	GO:BP					1.0	37.0	1.0	4.17					0	1		False	True	False	False	False	False
GO:0055021	regulation of cardiac muscle tissue growth	GO:BP					1.0	45.0	6.0	5.07					0	1		False	True	False	False	False	False
GO:0055070	copper ion homeostasis	GO:BP					1.0	17.0	1.0	1.91					0	1		False	True	False	False	False	False
GO:0055075	potassium ion homeostasis	GO:BP					1.0	30.0	4.0	3.38					0	1		False	True	False	False	False	False
GO:0055081	monoatomic anion homeostasis	GO:BP					1.0	13.0	1.0	1.46					0	1		False	True	False	False	False	False
GO:0055086	nucleobase-containing small molecule metabolic process	GO:BP					1.0	648.0	99.0	72.95					0	1		False	True	False	False	False	False
GO:0055090	acylglycerol homeostasis	GO:BP					1.0	43.0	3.0	4.84					0	1		False	True	False	False	False	False
GO:0055092	sterol homeostasis	GO:BP					1.0	98.0	7.0	11.03					0	1		False	True	False	False	False	False
GO:0055094	response to lipoprotein particle	GO:BP					1.0	31.0	3.0	3.49					0	1		False	True	False	False	False	False
GO:0055123	digestive system development	GO:BP					1.0	79.0	7.0	8.89					0	1		False	True	False	False	False	False
GO:0060037	pharyngeal system development	GO:BP					1.0	23.0	0.0	2.59					0	1		False	True	False	False	False	False
GO:0060045	positive regulation of cardiac muscle cell proliferation	GO:BP					1.0	21.0	0.0	2.36					0	1		False	True	False	False	False	False
GO:0060048	cardiac muscle contraction	GO:BP					1.0	137.0	18.0	15.42					0	1		False	True	False	False	False	False
GO:0060055	angiogenesis involved in wound healing	GO:BP					1.0	23.0	1.0	2.59					0	1		False	True	False	False	False	False
GO:0060080	inhibitory postsynaptic potential	GO:BP					1.0	19.0	3.0	2.14					0	1		False	True	False	False	False	False
GO:0060099	regulation of phagocytosis, engulfment	GO:BP					1.0	14.0	0.0	1.58					0	1		False	True	False	False	False	False
GO:0060100	positive regulation of phagocytosis, engulfment	GO:BP					1.0	12.0	0.0	1.35					0	1		False	True	False	False	False	False
GO:0060113	inner ear receptor cell differentiation	GO:BP					1.0	27.0	5.0	3.04					0	1		False	True	False	False	False	False
GO:0060135	maternal process involved in female pregnancy	GO:BP					1.0	28.0	3.0	3.15					0	1		False	True	False	False	False	False
GO:0060142	regulation of syncytium formation by plasma membrane fusion	GO:BP					1.0	64.0	5.0	7.2					0	1		False	True	False	False	False	False
GO:0060147	regulation of post-transcriptional gene silencing	GO:BP					1.0	33.0	4.0	3.71					0	1		False	True	False	False	False	False
GO:0060148	positive regulation of post-transcriptional gene silencing	GO:BP					1.0	11.0	1.0	1.24					0	1		False	True	False	False	False	False
GO:0060149	negative regulation of post-transcriptional gene silencing	GO:BP					1.0	16.0	2.0	1.8					0	1		False	True	False	False	False	False
GO:0060221	retinal rod cell differentiation	GO:BP					1.0	10.0	0.0	1.13					0	1		False	True	False	False	False	False
GO:0060249	anatomical structure homeostasis	GO:BP					1.0	189.0	16.0	21.28					0	1		False	True	False	False	False	False
GO:0060251	regulation of glial cell proliferation	GO:BP					1.0	27.0	2.0	3.04					0	1		False	True	False	False	False	False
GO:0060255	regulation of macromolecule metabolic process	GO:BP					1.0	5472.0	553.0	616.01					0	1		False	True	False	False	False	False
GO:0060260	regulation of transcription initiation by RNA polymerase II	GO:BP					1.0	79.0	3.0	8.89					0	1		False	True	False	False	False	False
GO:0060284	regulation of cell development	GO:BP					1.0	682.0	70.0	76.78					0	1		False	True	False	False	False	False
GO:0060285	cilium-dependent cell motility	GO:BP					1.0	231.0	23.0	26.0					0	1		False	True	False	False	False	False
GO:0060317	cardiac epithelial to mesenchymal transition	GO:BP					1.0	26.0	2.0	2.93					0	1		False	True	False	False	False	False
GO:0060323	head morphogenesis	GO:BP					1.0	21.0	2.0	2.36					0	1		False	True	False	False	False	False
GO:0060330	regulation of response to type II interferon	GO:BP					1.0	13.0	3.0	1.46					0	1		False	True	False	False	False	False
GO:0060338	regulation of type I interferon-mediated signaling pathway	GO:BP					1.0	39.0	3.0	4.39					0	1		False	True	False	False	False	False
GO:0060339	negative regulation of type I interferon-mediated signaling pathway	GO:BP					1.0	19.0	0.0	2.14					0	1		False	True	False	False	False	False
GO:0060343	trabecula formation	GO:BP					1.0	11.0	0.0	1.24					0	1		False	True	False	False	False	False
GO:0060350	endochondral bone morphogenesis	GO:BP					1.0	26.0	2.0	2.93					0	1		False	True	False	False	False	False
GO:0060351	cartilage development involved in endochondral bone morphogenesis	GO:BP					1.0	13.0	2.0	1.46					0	1		False	True	False	False	False	False
GO:0060390	regulation of SMAD protein signal transduction	GO:BP					1.0	69.0	11.0	7.77					0	1		False	True	False	False	False	False
GO:0060411	cardiac septum morphogenesis	GO:BP					1.0	52.0	6.0	5.85					0	1		False	True	False	False	False	False
GO:0060415	muscle tissue morphogenesis	GO:BP					1.0	54.0	2.0	6.08					0	1		False	True	False	False	False	False
GO:0060419	heart growth	GO:BP					1.0	65.0	12.0	7.32					0	1		False	True	False	False	False	False
GO:0060420	regulation of heart growth	GO:BP					1.0	50.0	7.0	5.63					0	1		False	True	False	False	False	False
GO:0060537	muscle tissue development	GO:BP					1.0	280.0	30.0	31.52					0	1		False	True	False	False	False	False
GO:0060541	respiratory system development	GO:BP					1.0	83.0	6.0	9.34					0	1		False	True	False	False	False	False
GO:0060563	neuroepithelial cell differentiation	GO:BP					1.0	24.0	2.0	2.7					0	1		False	True	False	False	False	False
GO:0060606	tube closure	GO:BP					1.0	33.0	2.0	3.71					0	1		False	True	False	False	False	False
GO:0060623	regulation of chromosome condensation	GO:BP					1.0	10.0	0.0	1.13					0	1		False	True	False	False	False	False
GO:0060628	regulation of ER to Golgi vesicle-mediated transport	GO:BP					1.0	20.0	1.0	2.25					0	1		False	True	False	False	False	False
GO:0060675	ureteric bud morphogenesis	GO:BP					1.0	40.0	3.0	4.5					0	1		False	True	False	False	False	False
GO:0060759	regulation of response to cytokine stimulus	GO:BP					1.0	176.0	17.0	19.81					0	1		False	True	False	False	False	False
GO:0060760	positive regulation of response to cytokine stimulus	GO:BP					1.0	63.0	9.0	7.09					0	1		False	True	False	False	False	False
GO:0060761	negative regulation of response to cytokine stimulus	GO:BP					1.0	91.0	7.0	10.24					0	1		False	True	False	False	False	False
GO:0060795	cell fate commitment involved in formation of primary germ layer	GO:BP					1.0	21.0	3.0	2.36					0	1		False	True	False	False	False	False
GO:0060840	artery development	GO:BP					1.0	63.0	5.0	7.09					0	1		False	True	False	False	False	False
GO:0060966	regulation of gene silencing by regulatory ncRNA	GO:BP					1.0	37.0	4.0	4.17					0	1		False	True	False	False	False	False
GO:0060967	negative regulation of gene silencing by regulatory ncRNA	GO:BP					1.0	19.0	2.0	2.14					0	1		False	True	False	False	False	False
GO:0060972	left/right pattern formation	GO:BP					1.0	87.0	11.0	9.79					0	1		False	True	False	False	False	False
GO:0060976	coronary vasculature development	GO:BP					1.0	22.0	1.0	2.48					0	1		False	True	False	False	False	False
GO:0060993	kidney morphogenesis	GO:BP					1.0	62.0	4.0	6.98					0	1		False	True	False	False	False	False
GO:0060998	regulation of dendritic spine development	GO:BP					1.0	52.0	8.0	5.85					0	1		False	True	False	False	False	False
GO:0061008	hepaticobiliary system development	GO:BP					1.0	87.0	8.0	9.79					0	1		False	True	False	False	False	False
GO:0061013	regulation of mRNA catabolic process	GO:BP					1.0	239.0	24.0	26.91					0	1		False	True	False	False	False	False
GO:0061035	regulation of cartilage development	GO:BP					1.0	47.0	1.0	5.29					0	1		False	True	False	False	False	False
GO:0061037	negative regulation of cartilage development	GO:BP					1.0	18.0	0.0	2.03					0	1		False	True	False	False	False	False
GO:0061041	regulation of wound healing	GO:BP					1.0	125.0	11.0	14.07					0	1		False	True	False	False	False	False
GO:0061042	vascular wound healing	GO:BP					1.0	19.0	1.0	2.14					0	1		False	True	False	False	False	False
GO:0061061	muscle structure development	GO:BP					1.0	542.0	49.0	61.02					0	1		False	True	False	False	False	False
GO:0061082	myeloid leukocyte cytokine production	GO:BP					1.0	24.0	4.0	2.7					0	1		False	True	False	False	False	False
GO:0061097	regulation of protein tyrosine kinase activity	GO:BP					1.0	21.0	0.0	2.36					0	1		False	True	False	False	False	False
GO:0061099	negative regulation of protein tyrosine kinase activity	GO:BP					1.0	12.0	0.0	1.35					0	1		False	True	False	False	False	False
GO:0061117	negative regulation of heart growth	GO:BP					1.0	20.0	5.0	2.25					0	1		False	True	False	False	False	False
GO:0061162	establishment of monopolar cell polarity	GO:BP					1.0	14.0	4.0	1.58					0	1		False	True	False	False	False	False
GO:0061245	establishment or maintenance of bipolar cell polarity	GO:BP					1.0	36.0	7.0	4.05					0	1		False	True	False	False	False	False
GO:0061307	cardiac neural crest cell differentiation involved in heart development	GO:BP					1.0	10.0	1.0	1.13					0	1		False	True	False	False	False	False
GO:0061308	cardiac neural crest cell development involved in heart development	GO:BP					1.0	10.0	1.0	1.13					0	1		False	True	False	False	False	False
GO:0061318	renal filtration cell differentiation	GO:BP					1.0	16.0	2.0	1.8					0	1		False	True	False	False	False	False
GO:0061333	renal tubule morphogenesis	GO:BP					1.0	52.0	3.0	5.85					0	1		False	True	False	False	False	False
GO:0061339	establishment or maintenance of monopolar cell polarity	GO:BP					1.0	15.0	4.0	1.69					0	1		False	True	False	False	False	False
GO:0061370	testosterone biosynthetic process	GO:BP					1.0	11.0	0.0	1.24					0	1		False	True	False	False	False	False
GO:0061371	determination of heart left/right asymmetry	GO:BP					1.0	46.0	7.0	5.18					0	1		False	True	False	False	False	False
GO:0061383	trabecula morphogenesis	GO:BP					1.0	28.0	2.0	3.15					0	1		False	True	False	False	False	False
GO:0061387	regulation of extent of cell growth	GO:BP					1.0	78.0	14.0	8.78					0	1		False	True	False	False	False	False
GO:0061437	renal system vasculature development	GO:BP					1.0	29.0	4.0	3.26					0	1		False	True	False	False	False	False
GO:0061440	kidney vasculature development	GO:BP					1.0	29.0	4.0	3.26					0	1		False	True	False	False	False	False
GO:0061448	connective tissue development	GO:BP					1.0	193.0	20.0	21.73					0	1		False	True	False	False	False	False
GO:0061450	trophoblast cell migration	GO:BP					1.0	21.0	1.0	2.36					0	1		False	True	False	False	False	False
GO:0061458	reproductive system development	GO:BP					1.0	154.0	16.0	17.34					0	1		False	True	False	False	False	False
GO:0061572	actin filament bundle organization	GO:BP					1.0	158.0	26.0	17.79					0	1		False	True	False	False	False	False
GO:0061577	calcium ion transmembrane transport via high voltage-gated calcium channel	GO:BP					1.0	18.0	3.0	2.03					0	1		False	True	False	False	False	False
GO:0061614	miRNA transcription	GO:BP					1.0	74.0	12.0	8.33					0	1		False	True	False	False	False	False
GO:0061640	cytoskeleton-dependent cytokinesis	GO:BP					1.0	129.0	15.0	14.52					0	1		False	True	False	False	False	False
GO:0061644	protein localization to CENP-A containing chromatin	GO:BP					1.0	12.0	0.0	1.35					0	1		False	True	False	False	False	False
GO:0061687	detoxification of inorganic compound	GO:BP					1.0	20.0	0.0	2.25					0	1		False	True	False	False	False	False
GO:0061718	glucose catabolic process to pyruvate	GO:BP					1.0	19.0	6.0	2.14					0	1		False	True	False	False	False	False
GO:0061760	antifungal innate immune response	GO:BP					1.0	19.0	0.0	2.14					0	1		False	True	False	False	False	False
GO:0061842	microtubule organizing center localization	GO:BP					1.0	23.0	4.0	2.59					0	1		False	True	False	False	False	False
GO:0061900	glial cell activation	GO:BP					1.0	51.0	7.0	5.74					0	1		False	True	False	False	False	False
GO:0062012	regulation of small molecule metabolic process	GO:BP					1.0	302.0	35.0	34.0					0	1		False	True	False	False	False	False
GO:0062099	negative regulation of programmed necrotic cell death	GO:BP					1.0	17.0	1.0	1.91					0	1		False	True	False	False	False	False
GO:0062125	regulation of mitochondrial gene expression	GO:BP					1.0	28.0	0.0	3.15					0	1		False	True	False	False	False	False
GO:0062176	R-loop processing	GO:BP					1.0	10.0	0.0	1.13					0	1		False	True	False	False	False	False
GO:0062207	regulation of pattern recognition receptor signaling pathway	GO:BP					1.0	186.0	19.0	20.94					0	1		False	True	False	False	False	False
GO:0062237	protein localization to postsynapse	GO:BP					1.0	52.0	11.0	5.85					0	1		False	True	False	False	False	False
GO:0065005	protein-lipid complex assembly	GO:BP					1.0	25.0	4.0	2.81					0	1		False	True	False	False	False	False
GO:0065009	regulation of molecular function	GO:BP					1.0	667.0	79.0	75.09					0	1		False	True	False	False	False	False
GO:0070106	interleukin-27-mediated signaling pathway	GO:BP					1.0	10.0	0.0	1.13					0	1		False	True	False	False	False	False
GO:0070129	regulation of mitochondrial translation	GO:BP					1.0	20.0	0.0	2.25					0	1		False	True	False	False	False	False
GO:0070131	positive regulation of mitochondrial translation	GO:BP					1.0	13.0	0.0	1.46					0	1		False	True	False	False	False	False
GO:0070142	synaptic vesicle budding	GO:BP					1.0	12.0	3.0	1.35					0	1		False	True	False	False	False	False
GO:0070166	enamel mineralization	GO:BP					1.0	10.0	0.0	1.13					0	1		False	True	False	False	False	False
GO:0070167	regulation of biomineral tissue development	GO:BP					1.0	87.0	9.0	9.79					0	1		False	True	False	False	False	False
GO:0070169	positive regulation of biomineral tissue development	GO:BP					1.0	47.0	4.0	5.29					0	1		False	True	False	False	False	False
GO:0070192	chromosome organization involved in meiotic cell cycle	GO:BP					1.0	46.0	3.0	5.18					0	1		False	True	False	False	False	False
GO:0070193	synaptonemal complex organization	GO:BP					1.0	19.0	2.0	2.14					0	1		False	True	False	False	False	False
GO:0070199	establishment of protein localization to chromosome	GO:BP					1.0	21.0	3.0	2.36					0	1		False	True	False	False	False	False
GO:0070213	protein auto-ADP-ribosylation	GO:BP					1.0	12.0	0.0	1.35					0	1		False	True	False	False	False	False
GO:0070227	lymphocyte apoptotic process	GO:BP					1.0	52.0	6.0	5.85					0	1		False	True	False	False	False	False
GO:0070228	regulation of lymphocyte apoptotic process	GO:BP					1.0	39.0	6.0	4.39					0	1		False	True	False	False	False	False
GO:0070230	positive regulation of lymphocyte apoptotic process	GO:BP					1.0	13.0	2.0	1.46					0	1		False	True	False	False	False	False
GO:0070231	T cell apoptotic process	GO:BP					1.0	33.0	5.0	3.71					0	1		False	True	False	False	False	False
GO:0070286	axonemal dynein complex assembly	GO:BP					1.0	39.0	0.0	4.39					0	1		False	True	False	False	False	False
GO:0070293	renal absorption	GO:BP					1.0	33.0	1.0	3.71					0	1		False	True	False	False	False	False
GO:0070296	sarcoplasmic reticulum calcium ion transport	GO:BP					1.0	45.0	10.0	5.07					0	1		False	True	False	False	False	False
GO:0070302	regulation of stress-activated protein kinase signaling cascade	GO:BP					1.0	33.0	3.0	3.71					0	1		False	True	False	False	False	False
GO:0070304	positive regulation of stress-activated protein kinase signaling cascade	GO:BP					1.0	18.0	1.0	2.03					0	1		False	True	False	False	False	False
GO:0070341	fat cell proliferation	GO:BP					1.0	17.0	2.0	1.91					0	1		False	True	False	False	False	False
GO:0070417	cellular response to cold	GO:BP					1.0	12.0	0.0	1.35					0	1		False	True	False	False	False	False
GO:0070424	regulation of nucleotide-binding domain, leucine rich repeat containing receptor signaling pathway	GO:BP					1.0	14.0	0.0	1.58					0	1		False	True	False	False	False	False
GO:0070475	rRNA base methylation	GO:BP					1.0	10.0	0.0	1.13					0	1		False	True	False	False	False	False
GO:0070508	cholesterol import	GO:BP					1.0	10.0	0.0	1.13					0	1		False	True	False	False	False	False
GO:0070509	calcium ion import	GO:BP					1.0	73.0	11.0	8.22					0	1		False	True	False	False	False	False
GO:0070570	regulation of neuron projection regeneration	GO:BP					1.0	19.0	7.0	2.14					0	1		False	True	False	False	False	False
GO:0070613	regulation of protein processing	GO:BP					1.0	48.0	1.0	5.4					0	1		False	True	False	False	False	False
GO:0070647	protein modification by small protein conjugation or removal	GO:BP					1.0	880.0	127.0	99.07					0	1		False	True	False	False	False	False
GO:0070661	leukocyte proliferation	GO:BP					1.0	254.0	21.0	28.59					0	1		False	True	False	False	False	False
GO:0070663	regulation of leukocyte proliferation	GO:BP					1.0	218.0	16.0	24.54					0	1		False	True	False	False	False	False
GO:0070664	negative regulation of leukocyte proliferation	GO:BP					1.0	79.0	5.0	8.89					0	1		False	True	False	False	False	False
GO:0070670	response to interleukin-4	GO:BP					1.0	28.0	1.0	3.15					0	1		False	True	False	False	False	False
GO:0070671	response to interleukin-12	GO:BP					1.0	12.0	1.0	1.35					0	1		False	True	False	False	False	False
GO:0070672	response to interleukin-15	GO:BP					1.0	10.0	1.0	1.13					0	1		False	True	False	False	False	False
GO:0070673	response to interleukin-18	GO:BP					1.0	12.0	0.0	1.35					0	1		False	True	False	False	False	False
GO:0070741	response to interleukin-6	GO:BP					1.0	40.0	2.0	4.5					0	1		False	True	False	False	False	False
GO:0070861	regulation of protein exit from endoplasmic reticulum	GO:BP					1.0	25.0	4.0	2.81					0	1		False	True	False	False	False	False
GO:0070873	regulation of glycogen metabolic process	GO:BP					1.0	31.0	3.0	3.49					0	1		False	True	False	False	False	False
GO:0070875	positive regulation of glycogen metabolic process	GO:BP					1.0	17.0	2.0	1.91					0	1		False	True	False	False	False	False
GO:0070884	regulation of calcineurin-NFAT signaling cascade	GO:BP					1.0	33.0	7.0	3.71					0	1		False	True	False	False	False	False
GO:0070887	cellular response to chemical stimulus	GO:BP					1.0	2014.0	267.0	226.73					0	1		False	True	False	False	False	False
GO:0070897	transcription preinitiation complex assembly	GO:BP					1.0	71.0	3.0	7.99					0	1		False	True	False	False	False	False
GO:0070900	mitochondrial tRNA modification	GO:BP					1.0	14.0	0.0	1.58					0	1		False	True	False	False	False	False
GO:0070920	regulation of regulatory ncRNA processing	GO:BP					1.0	14.0	2.0	1.58					0	1		False	True	False	False	False	False
GO:0070922	RISC complex assembly	GO:BP					1.0	10.0	0.0	1.13					0	1		False	True	False	False	False	False
GO:0070942	neutrophil mediated cytotoxicity	GO:BP					1.0	13.0	2.0	1.46					0	1		False	True	False	False	False	False
GO:0071025	RNA surveillance	GO:BP					1.0	39.0	3.0	4.39					0	1		False	True	False	False	False	False
GO:0071027	nuclear RNA surveillance	GO:BP					1.0	34.0	3.0	3.83					0	1		False	True	False	False	False	False
GO:0071103	DNA conformation change	GO:BP					1.0	18.0	0.0	2.03					0	1		False	True	False	False	False	False
GO:0071107	response to parathyroid hormone	GO:BP					1.0	11.0	0.0	1.24					0	1		False	True	False	False	False	False
GO:0071166	ribonucleoprotein complex localization	GO:BP					1.0	11.0	0.0	1.24					0	1		False	True	False	False	False	False
GO:0071173	spindle assembly checkpoint signaling	GO:BP					1.0	56.0	4.0	6.3					0	1		False	True	False	False	False	False
GO:0071174	mitotic spindle checkpoint signaling	GO:BP					1.0	56.0	4.0	6.3					0	1		False	True	False	False	False	False
GO:0071219	cellular response to molecule of bacterial origin	GO:BP					1.0	195.0	14.0	21.95					0	1		False	True	False	False	False	False
GO:0071225	cellular response to muramyl dipeptide	GO:BP					1.0	10.0	0.0	1.13					0	1		False	True	False	False	False	False
GO:0071229	cellular response to acid chemical	GO:BP					1.0	69.0	10.0	7.77					0	1		False	True	False	False	False	False
GO:0071265	L-methionine biosynthetic process	GO:BP					1.0	11.0	0.0	1.24					0	1		False	True	False	False	False	False
GO:0071295	cellular response to vitamin	GO:BP					1.0	26.0	3.0	2.93					0	1		False	True	False	False	False	False
GO:0071322	cellular response to carbohydrate stimulus	GO:BP					1.0	135.0	25.0	15.2					0	1		False	True	False	False	False	False
GO:0071326	cellular response to monosaccharide stimulus	GO:BP					1.0	128.0	24.0	14.41					0	1		False	True	False	False	False	False
GO:0071350	cellular response to interleukin-15	GO:BP					1.0	10.0	1.0	1.13					0	1		False	True	False	False	False	False
GO:0071351	cellular response to interleukin-18	GO:BP					1.0	10.0	0.0	1.13					0	1		False	True	False	False	False	False
GO:0071353	cellular response to interleukin-4	GO:BP					1.0	26.0	1.0	2.93					0	1		False	True	False	False	False	False
GO:0071354	cellular response to interleukin-6	GO:BP					1.0	36.0	2.0	4.05					0	1		False	True	False	False	False	False
GO:0071359	cellular response to dsRNA	GO:BP					1.0	16.0	1.0	1.8					0	1		False	True	False	False	False	False
GO:0071371	cellular response to gonadotropin stimulus	GO:BP					1.0	17.0	0.0	1.91					0	1		False	True	False	False	False	False
GO:0071372	cellular response to follicle-stimulating hormone stimulus	GO:BP					1.0	10.0	0.0	1.13					0	1		False	True	False	False	False	False
GO:0071378	cellular response to growth hormone stimulus	GO:BP					1.0	26.0	4.0	2.93					0	1		False	True	False	False	False	False
GO:0071384	cellular response to corticosteroid stimulus	GO:BP					1.0	54.0	7.0	6.08					0	1		False	True	False	False	False	False
GO:0071402	cellular response to lipoprotein particle stimulus	GO:BP					1.0	38.0	3.0	4.28					0	1		False	True	False	False	False	False
GO:0071450	cellular response to oxygen radical	GO:BP					1.0	19.0	1.0	2.14					0	1		False	True	False	False	False	False
GO:0071451	cellular response to superoxide	GO:BP					1.0	19.0	1.0	2.14					0	1		False	True	False	False	False	False
GO:0071459	protein localization to chromosome, centromeric region	GO:BP					1.0	31.0	0.0	3.49					0	1		False	True	False	False	False	False
GO:0071467	cellular response to pH	GO:BP					1.0	29.0	3.0	3.26					0	1		False	True	False	False	False	False
GO:0071478	cellular response to radiation	GO:BP					1.0	152.0	13.0	17.11					0	1		False	True	False	False	False	False
GO:0071495	cellular response to endogenous stimulus	GO:BP					1.0	1135.0	153.0	127.77					0	1		False	True	False	False	False	False
GO:0071496	cellular response to external stimulus	GO:BP					1.0	75.0	8.0	8.44					0	1		False	True	False	False	False	False
GO:0071498	cellular response to fluid shear stress	GO:BP					1.0	43.0	5.0	4.84					0	1		False	True	False	False	False	False
GO:0071501	cellular response to sterol depletion	GO:BP					1.0	14.0	1.0	1.58					0	1		False	True	False	False	False	False
GO:0071514	genomic imprinting	GO:BP					1.0	11.0	0.0	1.24					0	1		False	True	False	False	False	False
GO:0071548	response to dexamethasone	GO:BP					1.0	31.0	3.0	3.49					0	1		False	True	False	False	False	False
GO:0071604	transforming growth factor beta production	GO:BP					1.0	38.0	5.0	4.28					0	1		False	True	False	False	False	False
GO:0071605	monocyte chemotactic protein-1 production	GO:BP					1.0	17.0	0.0	1.91					0	1		False	True	False	False	False	False
GO:0071609	chemokine (C-C motif) ligand 5 production	GO:BP					1.0	11.0	1.0	1.24					0	1		False	True	False	False	False	False
GO:0071622	regulation of granulocyte chemotaxis	GO:BP					1.0	50.0	8.0	5.63					0	1		False	True	False	False	False	False
GO:0071624	positive regulation of granulocyte chemotaxis	GO:BP					1.0	26.0	3.0	2.93					0	1		False	True	False	False	False	False
GO:0071634	regulation of transforming growth factor beta production	GO:BP					1.0	32.0	5.0	3.6					0	1		False	True	False	False	False	False
GO:0071637	regulation of monocyte chemotactic protein-1 production	GO:BP					1.0	17.0	0.0	1.91					0	1		False	True	False	False	False	False
GO:0071639	positive regulation of monocyte chemotactic protein-1 production	GO:BP					1.0	11.0	0.0	1.24					0	1		False	True	False	False	False	False
GO:0071674	mononuclear cell migration	GO:BP					1.0	196.0	29.0	22.06					0	1		False	True	False	False	False	False
GO:0071675	regulation of mononuclear cell migration	GO:BP					1.0	131.0	23.0	14.75					0	1		False	True	False	False	False	False
GO:0071692	protein localization to extracellular region	GO:BP					1.0	313.0	47.0	35.24					0	1		False	True	False	False	False	False
GO:0071706	tumor necrosis factor superfamily cytokine production	GO:BP					1.0	172.0	13.0	19.36					0	1		False	True	False	False	False	False
GO:0071731	response to nitric oxide	GO:BP					1.0	21.0	4.0	2.36					0	1		False	True	False	False	False	False
GO:0071763	nuclear membrane organization	GO:BP					1.0	46.0	2.0	5.18					0	1		False	True	False	False	False	False
GO:0071772	response to BMP	GO:BP					1.0	149.0	18.0	16.77					0	1		False	True	False	False	False	False
GO:0071800	podosome assembly	GO:BP					1.0	11.0	0.0	1.24					0	1		False	True	False	False	False	False
GO:0071806	protein transmembrane transport	GO:BP					1.0	73.0	10.0	8.22					0	1		False	True	False	False	False	False
GO:0071824	protein-DNA complex organization	GO:BP					1.0	187.0	18.0	21.05					0	1		False	True	False	False	False	False
GO:0071825	protein-lipid complex organization	GO:BP					1.0	52.0	6.0	5.85					0	1		False	True	False	False	False	False
GO:0071827	plasma lipoprotein particle organization	GO:BP					1.0	50.0	6.0	5.63					0	1		False	True	False	False	False	False
GO:0071840	cellular component organization or biogenesis	GO:BP					1.0	6502.0	792.0	731.96					0	1		False	True	False	False	False	False
GO:0071867	response to monoamine	GO:BP					1.0	58.0	15.0	6.53					0	1		False	True	False	False	False	False
GO:0071868	cellular response to monoamine stimulus	GO:BP					1.0	57.0	15.0	6.42					0	1		False	True	False	False	False	False
GO:0071869	response to catecholamine	GO:BP					1.0	56.0	15.0	6.3					0	1		False	True	False	False	False	False
GO:0071887	leukocyte apoptotic process	GO:BP					1.0	81.0	9.0	9.12					0	1		False	True	False	False	False	False
GO:0071900	regulation of protein serine/threonine kinase activity	GO:BP					1.0	105.0	12.0	11.82					0	1		False	True	False	False	False	False
GO:0071901	negative regulation of protein serine/threonine kinase activity	GO:BP					1.0	29.0	1.0	3.26					0	1		False	True	False	False	False	False
GO:0071941	nitrogen cycle metabolic process	GO:BP					1.0	13.0	2.0	1.46					0	1		False	True	False	False	False	False
GO:0072001	renal system development	GO:BP					1.0	228.0	22.0	25.67					0	1		False	True	False	False	False	False
GO:0072006	nephron development	GO:BP					1.0	120.0	12.0	13.51					0	1		False	True	False	False	False	False
GO:0072009	nephron epithelium development	GO:BP					1.0	88.0	7.0	9.91					0	1		False	True	False	False	False	False
GO:0072010	glomerular epithelium development	GO:BP					1.0	20.0	2.0	2.25					0	1		False	True	False	False	False	False
GO:0072017	distal tubule development	GO:BP					1.0	13.0	0.0	1.46					0	1		False	True	False	False	False	False
GO:0072028	nephron morphogenesis	GO:BP					1.0	51.0	3.0	5.74					0	1		False	True	False	False	False	False
GO:0072074	kidney mesenchyme development	GO:BP					1.0	16.0	1.0	1.8					0	1		False	True	False	False	False	False
GO:0072077	renal vesicle morphogenesis	GO:BP					1.0	13.0	1.0	1.46					0	1		False	True	False	False	False	False
GO:0072078	nephron tubule morphogenesis	GO:BP					1.0	49.0	3.0	5.52					0	1		False	True	False	False	False	False
GO:0072079	nephron tubule formation	GO:BP					1.0	15.0	0.0	1.69					0	1		False	True	False	False	False	False
GO:0072087	renal vesicle development	GO:BP					1.0	14.0	1.0	1.58					0	1		False	True	False	False	False	False
GO:0072088	nephron epithelium morphogenesis	GO:BP					1.0	51.0	3.0	5.74					0	1		False	True	False	False	False	False
GO:0072109	glomerular mesangium development	GO:BP					1.0	14.0	3.0	1.58					0	1		False	True	False	False	False	False
GO:0072132	mesenchyme morphogenesis	GO:BP					1.0	42.0	2.0	4.73					0	1		False	True	False	False	False	False
GO:0072160	nephron tubule epithelial cell differentiation	GO:BP					1.0	12.0	0.0	1.35					0	1		False	True	False	False	False	False
GO:0072163	mesonephric epithelium development	GO:BP					1.0	66.0	6.0	7.43					0	1		False	True	False	False	False	False
GO:0072164	mesonephric tubule development	GO:BP					1.0	66.0	6.0	7.43					0	1		False	True	False	False	False	False
GO:0072170	metanephric tubule development	GO:BP					1.0	21.0	2.0	2.36					0	1		False	True	False	False	False	False
GO:0072171	mesonephric tubule morphogenesis	GO:BP					1.0	42.0	3.0	4.73					0	1		False	True	False	False	False	False
GO:0072182	regulation of nephron tubule epithelial cell differentiation	GO:BP					1.0	10.0	0.0	1.13					0	1		False	True	False	False	False	False
GO:0072207	metanephric epithelium development	GO:BP					1.0	22.0	2.0	2.48					0	1		False	True	False	False	False	False
GO:0072210	metanephric nephron development	GO:BP					1.0	33.0	3.0	3.71					0	1		False	True	False	False	False	False
GO:0072243	metanephric nephron epithelium development	GO:BP					1.0	21.0	2.0	2.36					0	1		False	True	False	False	False	False
GO:0072273	metanephric nephron morphogenesis	GO:BP					1.0	20.0	1.0	2.25					0	1		False	True	False	False	False	False
GO:0072311	glomerular epithelial cell differentiation	GO:BP					1.0	17.0	2.0	1.91					0	1		False	True	False	False	False	False
GO:0072331	signal transduction by p53 class mediator	GO:BP					1.0	166.0	14.0	18.69					0	1		False	True	False	False	False	False
GO:0072332	intrinsic apoptotic signaling pathway by p53 class mediator	GO:BP					1.0	67.0	5.0	7.54					0	1		False	True	False	False	False	False
GO:0072376	protein activation cascade	GO:BP					1.0	28.0	1.0	3.15					0	1		False	True	False	False	False	False
GO:0072393	microtubule anchoring at microtubule organizing center	GO:BP					1.0	14.0	1.0	1.58					0	1		False	True	False	False	False	False
GO:0072488	ammonium transmembrane transport	GO:BP					1.0	11.0	0.0	1.24					0	1		False	True	False	False	False	False
GO:0072497	mesenchymal stem cell differentiation	GO:BP					1.0	13.0	1.0	1.46					0	1		False	True	False	False	False	False
GO:0072521	purine-containing compound metabolic process	GO:BP					1.0	551.0	94.0	62.03					0	1		False	True	False	False	False	False
GO:0072522	purine-containing compound biosynthetic process	GO:BP					1.0	259.0	43.0	29.16					0	1		False	True	False	False	False	False
GO:0072524	pyridine-containing compound metabolic process	GO:BP					1.0	164.0	31.0	18.46					0	1		False	True	False	False	False	False
GO:0072525	pyridine-containing compound biosynthetic process	GO:BP					1.0	25.0	5.0	2.81					0	1		False	True	False	False	False	False
GO:0072526	pyridine-containing compound catabolic process	GO:BP					1.0	91.0	17.0	10.24					0	1		False	True	False	False	False	False
GO:0072527	pyrimidine-containing compound metabolic process	GO:BP					1.0	68.0	7.0	7.66					0	1		False	True	False	False	False	False
GO:0072539	T-helper 17 cell differentiation	GO:BP					1.0	52.0	4.0	5.85					0	1		False	True	False	False	False	False
GO:0072567	chemokine (C-X-C motif) ligand 2 production	GO:BP					1.0	16.0	0.0	1.8					0	1		False	True	False	False	False	False
GO:0072574	hepatocyte proliferation	GO:BP					1.0	15.0	2.0	1.69					0	1		False	True	False	False	False	False
GO:0072577	endothelial cell apoptotic process	GO:BP					1.0	57.0	1.0	6.42					0	1		False	True	False	False	False	False
GO:0072578	neurotransmitter-gated ion channel clustering	GO:BP					1.0	14.0	0.0	1.58					0	1		False	True	False	False	False	False
GO:0072599	establishment of protein localization to endoplasmic reticulum	GO:BP					1.0	49.0	8.0	5.52					0	1		False	True	False	False	False	False
GO:0072662	protein localization to peroxisome	GO:BP					1.0	19.0	1.0	2.14					0	1		False	True	False	False	False	False
GO:0072663	establishment of protein localization to peroxisome	GO:BP					1.0	21.0	1.0	2.36					0	1		False	True	False	False	False	False
GO:0072665	protein localization to vacuole	GO:BP					1.0	74.0	9.0	8.33					0	1		False	True	False	False	False	False
GO:0072666	establishment of protein localization to vacuole	GO:BP					1.0	52.0	6.0	5.85					0	1		False	True	False	False	False	False
GO:0072672	neutrophil extravasation	GO:BP					1.0	12.0	0.0	1.35					0	1		False	True	False	False	False	False
GO:0072698	protein localization to microtubule cytoskeleton	GO:BP					1.0	55.0	6.0	6.19					0	1		False	True	False	False	False	False
GO:0075294	positive regulation by symbiont of entry into host	GO:BP					1.0	12.0	1.0	1.35					0	1		False	True	False	False	False	False
GO:0075522	IRES-dependent viral translational initiation	GO:BP					1.0	11.0	0.0	1.24					0	1		False	True	False	False	False	False
GO:0080134	regulation of response to stress	GO:BP					1.0	1359.0	153.0	152.99					0	1		False	True	False	False	False	False
GO:0080164	regulation of nitric oxide metabolic process	GO:BP					1.0	57.0	5.0	6.42					0	1		False	True	False	False	False	False
GO:0080171	lytic vacuole organization	GO:BP					1.0	110.0	21.0	12.38					0	1		False	True	False	False	False	False
GO:0086003	cardiac muscle cell contraction	GO:BP					1.0	85.0	11.0	9.57					0	1		False	True	False	False	False	False
GO:0086011	membrane repolarization during action potential	GO:BP					1.0	32.0	5.0	3.6					0	1		False	True	False	False	False	False
GO:0086018	SA node cell to atrial cardiac muscle cell signaling	GO:BP					1.0	11.0	1.0	1.24					0	1		False	True	False	False	False	False
GO:0086026	atrial cardiac muscle cell to AV node cell signaling	GO:BP					1.0	18.0	2.0	2.03					0	1		False	True	False	False	False	False
GO:0086027	AV node cell to bundle of His cell signaling	GO:BP					1.0	10.0	1.0	1.13					0	1		False	True	False	False	False	False
GO:0086065	cell communication involved in cardiac conduction	GO:BP					1.0	57.0	10.0	6.42					0	1		False	True	False	False	False	False
GO:0086066	atrial cardiac muscle cell to AV node cell communication	GO:BP					1.0	18.0	2.0	2.03					0	1		False	True	False	False	False	False
GO:0086067	AV node cell to bundle of His cell communication	GO:BP					1.0	12.0	1.0	1.35					0	1		False	True	False	False	False	False
GO:0086070	SA node cell to atrial cardiac muscle cell communication	GO:BP					1.0	13.0	1.0	1.46					0	1		False	True	False	False	False	False
GO:0090042	tubulin deacetylation	GO:BP					1.0	17.0	4.0	1.91					0	1		False	True	False	False	False	False
GO:0090049	regulation of cell migration involved in sprouting angiogenesis	GO:BP					1.0	45.0	2.0	5.07					0	1		False	True	False	False	False	False
GO:0090051	negative regulation of cell migration involved in sprouting angiogenesis	GO:BP					1.0	21.0	0.0	2.36					0	1		False	True	False	False	False	False
GO:0090066	regulation of anatomical structure size	GO:BP					1.0	415.0	56.0	46.72					0	1		False	True	False	False	False	False
GO:0090069	regulation of ribosome biogenesis	GO:BP					1.0	11.0	0.0	1.24					0	1		False	True	False	False	False	False
GO:0090075	relaxation of muscle	GO:BP					1.0	34.0	6.0	3.83					0	1		False	True	False	False	False	False
GO:0090077	foam cell differentiation	GO:BP					1.0	39.0	4.0	4.39					0	1		False	True	False	False	False	False
GO:0090084	negative regulation of inclusion body assembly	GO:BP					1.0	10.0	0.0	1.13					0	1		False	True	False	False	False	False
GO:0090085	regulation of protein deubiquitination	GO:BP					1.0	12.0	0.0	1.35					0	1		False	True	False	False	False	False
GO:0090087	regulation of peptide transport	GO:BP					1.0	183.0	31.0	20.6					0	1		False	True	False	False	False	False
GO:0090092	regulation of transmembrane receptor protein serine/threonine kinase signaling pathway	GO:BP					1.0	249.0	34.0	28.03					0	1		False	True	False	False	False	False
GO:0090100	positive regulation of transmembrane receptor protein serine/threonine kinase signaling pathway	GO:BP					1.0	94.0	9.0	10.58					0	1		False	True	False	False	False	False
GO:0090109	regulation of cell-substrate junction assembly	GO:BP					1.0	65.0	8.0	7.32					0	1		False	True	False	False	False	False
GO:0090114	COPII-coated vesicle budding	GO:BP					1.0	43.0	5.0	4.84					0	1		False	True	False	False	False	False
GO:0090130	tissue migration	GO:BP					1.0	87.0	10.0	9.79					0	1		False	True	False	False	False	False
GO:0090132	epithelium migration	GO:BP					1.0	83.0	10.0	9.34					0	1		False	True	False	False	False	False
GO:0090140	regulation of mitochondrial fission	GO:BP					1.0	30.0	5.0	3.38					0	1		False	True	False	False	False	False
GO:0090153	regulation of sphingolipid biosynthetic process	GO:BP					1.0	15.0	0.0	1.69					0	1		False	True	False	False	False	False
GO:0090181	regulation of cholesterol metabolic process	GO:BP					1.0	47.0	5.0	5.29					0	1		False	True	False	False	False	False
GO:0090189	regulation of branching involved in ureteric bud morphogenesis	GO:BP					1.0	19.0	2.0	2.14					0	1		False	True	False	False	False	False
GO:0090199	regulation of release of cytochrome c from mitochondria	GO:BP					1.0	40.0	5.0	4.5					0	1		False	True	False	False	False	False
GO:0090205	positive regulation of cholesterol metabolic process	GO:BP					1.0	22.0	3.0	2.48					0	1		False	True	False	False	False	False
GO:0090207	regulation of triglyceride metabolic process	GO:BP					1.0	37.0	2.0	4.17					0	1		False	True	False	False	False	False
GO:0090224	regulation of spindle organization	GO:BP					1.0	47.0	6.0	5.29					0	1		False	True	False	False	False	False
GO:0090231	regulation of spindle checkpoint	GO:BP					1.0	33.0	4.0	3.71					0	1		False	True	False	False	False	False
GO:0090232	positive regulation of spindle checkpoint	GO:BP					1.0	21.0	4.0	2.36					0	1		False	True	False	False	False	False
GO:0090257	regulation of muscle system process	GO:BP					1.0	230.0	30.0	25.89					0	1		False	True	False	False	False	False
GO:0090266	regulation of mitotic cell cycle spindle assembly checkpoint	GO:BP					1.0	32.0	4.0	3.6					0	1		False	True	False	False	False	False
GO:0090279	regulation of calcium ion import	GO:BP					1.0	40.0	7.0	4.5					0	1		False	True	False	False	False	False
GO:0090304	nucleic acid metabolic process	GO:BP					1.0	4933.0	437.0	555.33					0	1		False	True	False	False	False	False
GO:0090306	meiotic spindle assembly	GO:BP					1.0	10.0	0.0	1.13					0	1		False	True	False	False	False	False
GO:0090311	regulation of protein deacetylation	GO:BP					1.0	17.0	4.0	1.91					0	1		False	True	False	False	False	False
GO:0090322	regulation of superoxide metabolic process	GO:BP					1.0	30.0	6.0	3.38					0	1		False	True	False	False	False	False
GO:0090329	regulation of DNA-templated DNA replication	GO:BP					1.0	46.0	6.0	5.18					0	1		False	True	False	False	False	False
GO:0090335	regulation of brown fat cell differentiation	GO:BP					1.0	24.0	3.0	2.7					0	1		False	True	False	False	False	False
GO:0090493	catecholamine uptake	GO:BP					1.0	17.0	2.0	1.91					0	1		False	True	False	False	False	False
GO:0090494	dopamine uptake	GO:BP					1.0	16.0	2.0	1.8					0	1		False	True	False	False	False	False
GO:0090497	mesenchymal cell migration	GO:BP					1.0	43.0	6.0	4.84					0	1		False	True	False	False	False	False
GO:0090504	epiboly	GO:BP					1.0	38.0	5.0	4.28					0	1		False	True	False	False	False	False
GO:0090505	epiboly involved in wound healing	GO:BP					1.0	37.0	5.0	4.17					0	1		False	True	False	False	False	False
GO:0090520	sphingolipid mediated signaling pathway	GO:BP					1.0	18.0	4.0	2.03					0	1		False	True	False	False	False	False
GO:0090592	DNA synthesis involved in DNA replication	GO:BP					1.0	27.0	1.0	3.04					0	1		False	True	False	False	False	False
GO:0090646	mitochondrial tRNA processing	GO:BP					1.0	18.0	0.0	2.03					0	1		False	True	False	False	False	False
GO:0090657	telomeric loop disassembly	GO:BP					1.0	11.0	0.0	1.24					0	1		False	True	False	False	False	False
GO:0090670	RNA localization to Cajal body	GO:BP					1.0	19.0	2.0	2.14					0	1		False	True	False	False	False	False
GO:0090671	telomerase RNA localization to Cajal body	GO:BP					1.0	19.0	2.0	2.14					0	1		False	True	False	False	False	False
GO:0090672	telomerase RNA localization	GO:BP					1.0	19.0	2.0	2.14					0	1		False	True	False	False	False	False
GO:0090685	RNA localization to nucleus	GO:BP					1.0	19.0	2.0	2.14					0	1		False	True	False	False	False	False
GO:0090715	immunological memory formation process	GO:BP					1.0	11.0	0.0	1.24					0	1		False	True	False	False	False	False
GO:0090737	telomere maintenance via telomere trimming	GO:BP					1.0	15.0	1.0	1.69					0	1		False	True	False	False	False	False
GO:0097011	cellular response to granulocyte macrophage colony-stimulating factor stimulus	GO:BP					1.0	10.0	0.0	1.13					0	1		False	True	False	False	False	False
GO:0097012	response to granulocyte macrophage colony-stimulating factor	GO:BP					1.0	10.0	0.0	1.13					0	1		False	True	False	False	False	False
GO:0097048	dendritic cell apoptotic process	GO:BP					1.0	10.0	1.0	1.13					0	1		False	True	False	False	False	False
GO:0097061	dendritic spine organization	GO:BP					1.0	81.0	12.0	9.12					0	1		False	True	False	False	False	False
GO:0097067	cellular response to thyroid hormone stimulus	GO:BP					1.0	11.0	0.0	1.24					0	1		False	True	False	False	False	False
GO:0097090	presynaptic membrane organization	GO:BP					1.0	11.0	0.0	1.24					0	1		False	True	False	False	False	False
GO:0097186	amelogenesis	GO:BP					1.0	15.0	0.0	1.69					0	1		False	True	False	False	False	False
GO:0097205	renal filtration	GO:BP					1.0	23.0	5.0	2.59					0	1		False	True	False	False	False	False
GO:0097254	renal tubular secretion	GO:BP					1.0	15.0	0.0	1.69					0	1		False	True	False	False	False	False
GO:0097278	complement-dependent cytotoxicity	GO:BP					1.0	10.0	0.0	1.13					0	1		False	True	False	False	False	False
GO:0097300	programmed necrotic cell death	GO:BP					1.0	49.0	6.0	5.52					0	1		False	True	False	False	False	False
GO:0097345	mitochondrial outer membrane permeabilization	GO:BP					1.0	25.0	2.0	2.81					0	1		False	True	False	False	False	False
GO:0097354	prenylation	GO:BP					1.0	11.0	2.0	1.24					0	1		False	True	False	False	False	False
GO:0097396	response to interleukin-17	GO:BP					1.0	22.0	4.0	2.48					0	1		False	True	False	False	False	False
GO:0097468	programmed cell death in response to reactive oxygen species	GO:BP					1.0	17.0	2.0	1.91					0	1		False	True	False	False	False	False
GO:0097479	synaptic vesicle localization	GO:BP					1.0	61.0	14.0	6.87					0	1		False	True	False	False	False	False
GO:0097501	stress response to metal ion	GO:BP					1.0	17.0	0.0	1.91					0	1		False	True	False	False	False	False
GO:0097529	myeloid leukocyte migration	GO:BP					1.0	189.0	28.0	21.28					0	1		False	True	False	False	False	False
GO:0097530	granulocyte migration	GO:BP					1.0	122.0	16.0	13.73					0	1		False	True	False	False	False	False
GO:0097531	mast cell migration	GO:BP					1.0	12.0	1.0	1.35					0	1		False	True	False	False	False	False
GO:0097576	vacuole fusion	GO:BP					1.0	13.0	1.0	1.46					0	1		False	True	False	False	False	False
GO:0097581	lamellipodium organization	GO:BP					1.0	77.0	17.0	8.67					0	1		False	True	False	False	False	False
GO:0097646	calcitonin family receptor signaling pathway	GO:BP					1.0	12.0	0.0	1.35					0	1		False	True	False	False	False	False
GO:0097696	cell surface receptor signaling pathway via STAT	GO:BP					1.0	152.0	14.0	17.11					0	1		False	True	False	False	False	False
GO:0097722	sperm motility	GO:BP					1.0	211.0	20.0	23.75					0	1		False	True	False	False	False	False
GO:0097734	extracellular exosome biogenesis	GO:BP					1.0	21.0	5.0	2.36					0	1		False	True	False	False	False	False
GO:0098534	centriole assembly	GO:BP					1.0	50.0	5.0	5.63					0	1		False	True	False	False	False	False
GO:0098542	defense response to other organism	GO:BP					1.0	1061.0	109.0	119.44					0	1		False	True	False	False	False	False
GO:0098543	detection of other organism	GO:BP					1.0	19.0	0.0	2.14					0	1		False	True	False	False	False	False
GO:0098581	detection of external biotic stimulus	GO:BP					1.0	26.0	0.0	2.93					0	1		False	True	False	False	False	False
GO:0098659	inorganic cation import across plasma membrane	GO:BP					1.0	134.0	20.0	15.08					0	1		False	True	False	False	False	False
GO:0098698	postsynaptic specialization assembly	GO:BP					1.0	36.0	6.0	4.05					0	1		False	True	False	False	False	False
GO:0098704	carbohydrate import across plasma membrane	GO:BP					1.0	63.0	6.0	7.09					0	1		False	True	False	False	False	False
GO:0098727	maintenance of cell number	GO:BP					1.0	122.0	12.0	13.73					0	1		False	True	False	False	False	False
GO:0098732	macromolecule deacylation	GO:BP					1.0	45.0	6.0	5.07					0	1		False	True	False	False	False	False
GO:0098751	bone cell development	GO:BP					1.0	11.0	3.0	1.24					0	1		False	True	False	False	False	False
GO:0098773	skin epidermis development	GO:BP					1.0	71.0	3.0	7.99					0	1		False	True	False	False	False	False
GO:0098810	neurotransmitter reuptake	GO:BP					1.0	31.0	2.0	3.49					0	1		False	True	False	False	False	False
GO:0098813	nuclear chromosome segregation	GO:BP					1.0	312.0	25.0	35.12					0	1		False	True	False	False	False	False
GO:0098876	vesicle-mediated transport to the plasma membrane	GO:BP					1.0	171.0	33.0	19.25					0	1		False	True	False	False	False	False
GO:0098877	neurotransmitter receptor transport to plasma membrane	GO:BP					1.0	14.0	3.0	1.58					0	1		False	True	False	False	False	False
GO:0098953	receptor diffusion trapping	GO:BP					1.0	11.0	0.0	1.24					0	1		False	True	False	False	False	False
GO:0098970	postsynaptic neurotransmitter receptor diffusion trapping	GO:BP					1.0	11.0	0.0	1.24					0	1		False	True	False	False	False	False
GO:0099084	postsynaptic specialization organization	GO:BP					1.0	57.0	9.0	6.42					0	1		False	True	False	False	False	False
GO:0099111	microtubule-based transport	GO:BP					1.0	213.0	39.0	23.98					0	1		False	True	False	False	False	False
GO:0099116	tRNA 5'-end processing	GO:BP					1.0	16.0	1.0	1.8					0	1		False	True	False	False	False	False
GO:0099118	microtubule-based protein transport	GO:BP					1.0	23.0	6.0	2.59					0	1		False	True	False	False	False	False
GO:0099173	postsynapse organization	GO:BP					1.0	234.0	36.0	26.34					0	1		False	True	False	False	False	False
GO:0099500	vesicle fusion to plasma membrane	GO:BP					1.0	29.0	8.0	3.26					0	1		False	True	False	False	False	False
GO:0099514	synaptic vesicle cytoskeletal transport	GO:BP					1.0	19.0	4.0	2.14					0	1		False	True	False	False	False	False
GO:0099517	synaptic vesicle transport along microtubule	GO:BP					1.0	19.0	4.0	2.14					0	1		False	True	False	False	False	False
GO:0099518	vesicle cytoskeletal trafficking	GO:BP					1.0	55.0	12.0	6.19					0	1		False	True	False	False	False	False
GO:0099563	modification of synaptic structure	GO:BP					1.0	42.0	4.0	4.73					0	1		False	True	False	False	False	False
GO:0099587	inorganic ion import across plasma membrane	GO:BP					1.0	134.0	20.0	15.08					0	1		False	True	False	False	False	False
GO:0099590	neurotransmitter receptor internalization	GO:BP					1.0	36.0	5.0	4.05					0	1		False	True	False	False	False	False
GO:0099622	cardiac muscle cell membrane repolarization	GO:BP					1.0	38.0	8.0	4.28					0	1		False	True	False	False	False	False
GO:0099625	ventricular cardiac muscle cell membrane repolarization	GO:BP					1.0	27.0	5.0	3.04					0	1		False	True	False	False	False	False
GO:0099628	neurotransmitter receptor diffusion trapping	GO:BP					1.0	11.0	0.0	1.24					0	1		False	True	False	False	False	False
GO:0099633	protein localization to postsynaptic specialization membrane	GO:BP					1.0	36.0	8.0	4.05					0	1		False	True	False	False	False	False
GO:0099639	neurotransmitter receptor transport, endosome to plasma membrane	GO:BP					1.0	10.0	2.0	1.13					0	1		False	True	False	False	False	False
GO:0101023	vascular endothelial cell proliferation	GO:BP					1.0	24.0	3.0	2.7					0	1		False	True	False	False	False	False
GO:0101024	mitotic nuclear membrane organization	GO:BP					1.0	10.0	0.0	1.13					0	1		False	True	False	False	False	False
GO:0104004	cellular response to environmental stimulus	GO:BP					1.0	308.0	30.0	34.67					0	1		False	True	False	False	False	False
GO:0106030	neuron projection fasciculation	GO:BP					1.0	17.0	5.0	1.91					0	1		False	True	False	False	False	False
GO:0106049	regulation of cellular response to osmotic stress	GO:BP					1.0	11.0	0.0	1.24					0	1		False	True	False	False	False	False
GO:0106057	negative regulation of calcineurin-mediated signaling	GO:BP					1.0	12.0	3.0	1.35					0	1		False	True	False	False	False	False
GO:0106058	positive regulation of calcineurin-mediated signaling	GO:BP					1.0	19.0	4.0	2.14					0	1		False	True	False	False	False	False
GO:0106118	regulation of sterol biosynthetic process	GO:BP					1.0	28.0	5.0	3.15					0	1		False	True	False	False	False	False
GO:0106120	positive regulation of sterol biosynthetic process	GO:BP					1.0	15.0	3.0	1.69					0	1		False	True	False	False	False	False
GO:0110025	DNA strand resection involved in replication fork processing	GO:BP					1.0	10.0	0.0	1.13					0	1		False	True	False	False	False	False
GO:0110096	cellular response to aldehyde	GO:BP					1.0	23.0	1.0	2.59					0	1		False	True	False	False	False	False
GO:0110154	RNA decapping	GO:BP					1.0	27.0	2.0	3.04					0	1		False	True	False	False	False	False
GO:0110156	mRNA methylguanosine-cap decapping	GO:BP					1.0	23.0	2.0	2.59					0	1		False	True	False	False	False	False
GO:0120178	steroid hormone biosynthetic process	GO:BP					1.0	46.0	3.0	5.18					0	1		False	True	False	False	False	False
GO:0120180	cell-substrate junction disassembly	GO:BP					1.0	12.0	1.0	1.35					0	1		False	True	False	False	False	False
GO:0120182	regulation of focal adhesion disassembly	GO:BP					1.0	11.0	0.0	1.24					0	1		False	True	False	False	False	False
GO:0120254	olefinic compound metabolic process	GO:BP					1.0	162.0	13.0	18.24					0	1		False	True	False	False	False	False
GO:0120255	olefinic compound biosynthetic process	GO:BP					1.0	31.0	2.0	3.49					0	1		False	True	False	False	False	False
GO:0120261	regulation of heterochromatin organization	GO:BP					1.0	15.0	4.0	1.69					0	1		False	True	False	False	False	False
GO:0120262	negative regulation of heterochromatin organization	GO:BP					1.0	10.0	3.0	1.13					0	1		False	True	False	False	False	False
GO:0140014	mitotic nuclear division	GO:BP					1.0	278.0	22.0	31.3					0	1		False	True	False	False	False	False
GO:0140029	exocytic process	GO:BP					1.0	85.0	20.0	9.57					0	1		False	True	False	False	False	False
GO:0140052	cellular response to oxidised low-density lipoprotein particle stimulus	GO:BP					1.0	11.0	0.0	1.24					0	1		False	True	False	False	False	False
GO:0140053	mitochondrial gene expression	GO:BP					1.0	169.0	6.0	19.03					0	1		False	True	False	False	False	False
GO:0140112	extracellular vesicle biogenesis	GO:BP					1.0	23.0	5.0	2.59					0	1		False	True	False	False	False	False
GO:0140239	postsynaptic endocytosis	GO:BP					1.0	36.0	5.0	4.05					0	1		False	True	False	False	False	False
GO:0140253	cell-cell fusion	GO:BP					1.0	88.0	6.0	9.91					0	1		False	True	False	False	False	False
GO:0140271	hexose import across plasma membrane	GO:BP					1.0	63.0	6.0	7.09					0	1		False	True	False	False	False	False
GO:0140367	antibacterial innate immune response	GO:BP					1.0	16.0	0.0	1.8					0	1		False	True	False	False	False	False
GO:0140448	signaling receptor ligand precursor processing	GO:BP					1.0	40.0	6.0	4.5					0	1		False	True	False	False	False	False
GO:0140527	reciprocal homologous recombination	GO:BP					1.0	60.0	4.0	6.75					0	1		False	True	False	False	False	False
GO:0140546	defense response to symbiont	GO:BP					1.0	1049.0	108.0	118.09					0	1		False	True	False	False	False	False
GO:0140632	canonical inflammasome complex assembly	GO:BP					1.0	54.0	8.0	6.08					0	1		False	True	False	False	False	False
GO:0140673	transcription elongation-coupled chromatin remodeling	GO:BP					1.0	15.0	0.0	1.69					0	1		False	True	False	False	False	False
GO:0140694	membraneless organelle assembly	GO:BP					1.0	417.0	38.0	46.94					0	1		False	True	False	False	False	False
GO:0140888	interferon-mediated signaling pathway	GO:BP					1.0	97.0	11.0	10.92					0	1		False	True	False	False	False	False
GO:0140894	endolysosomal toll-like receptor signaling pathway	GO:BP					1.0	53.0	6.0	5.97					0	1		False	True	False	False	False	False
GO:0140895	cell surface toll-like receptor signaling pathway	GO:BP					1.0	67.0	2.0	7.54					0	1		False	True	False	False	False	False
GO:0140896	cGAS/STING signaling pathway	GO:BP					1.0	28.0	0.0	3.15					0	1		False	True	False	False	False	False
GO:0140962	multicellular organismal-level chemical homeostasis	GO:BP					1.0	65.0	5.0	7.32					0	1		False	True	False	False	False	False
GO:0140966	piRNA-mediated heterochromatin formation	GO:BP					1.0	16.0	1.0	1.8					0	1		False	True	False	False	False	False
GO:0141061	disruption of cell in another organism	GO:BP					1.0	85.0	7.0	9.57					0	1		False	True	False	False	False	False
GO:0141084	inflammasome-mediated signaling pathway	GO:BP					1.0	58.0	8.0	6.53					0	1		False	True	False	False	False	False
GO:0141085	regulation of inflammasome-mediated signaling pathway	GO:BP					1.0	51.0	8.0	5.74					0	1		False	True	False	False	False	False
GO:0141086	negative regulation of inflammasome-mediated signaling pathway	GO:BP					1.0	19.0	3.0	2.14					0	1		False	True	False	False	False	False
GO:0141087	positive regulation of inflammasome-mediated signaling pathway	GO:BP					1.0	30.0	5.0	3.38					0	1		False	True	False	False	False	False
GO:0141091	transforming growth factor beta receptor superfamily signaling pathway	GO:BP					1.0	312.0	39.0	35.12					0	1		False	True	False	False	False	False
GO:0141124	intracellular signaling cassette	GO:BP					1.0	1816.0	237.0	204.44					0	1		False	True	False	False	False	False
GO:0141176	gene silencing by piRNA-directed DNA methylation	GO:BP					1.0	15.0	1.0	1.69					0	1		False	True	False	False	False	False
GO:0141187	nucleic acid biosynthetic process	GO:BP					1.0	4234.0	382.0	476.64					0	1		False	True	False	False	False	False
GO:0141188	nucleic acid catabolic process	GO:BP					1.0	419.0	33.0	47.17					0	1		False	True	False	False	False	False
GO:0141193	nuclear receptor-mediated signaling pathway	GO:BP					1.0	182.0	23.0	20.49					0	1		False	True	False	False	False	False
GO:0141198	protein branched polyubiquitination	GO:BP					1.0	19.0	0.0	2.14					0	1		False	True	False	False	False	False
GO:0150076	neuroinflammatory response	GO:BP					1.0	76.0	9.0	8.56					0	1		False	True	False	False	False	False
GO:0150077	regulation of neuroinflammatory response	GO:BP					1.0	41.0	4.0	4.62					0	1		False	True	False	False	False	False
GO:0150115	cell-substrate junction organization	GO:BP					1.0	101.0	11.0	11.37					0	1		False	True	False	False	False	False
GO:0150116	regulation of cell-substrate junction organization	GO:BP					1.0	73.0	8.0	8.22					0	1		False	True	False	False	False	False
GO:0150117	positive regulation of cell-substrate junction organization	GO:BP					1.0	32.0	5.0	3.6					0	1		False	True	False	False	False	False
GO:0150118	negative regulation of cell-substrate junction organization	GO:BP					1.0	20.0	2.0	2.25					0	1		False	True	False	False	False	False
GO:0160049	negative regulation of cGAS/STING signaling pathway	GO:BP					1.0	15.0	0.0	1.69					0	1		False	True	False	False	False	False
GO:0160165	CD8-positive, alpha-beta T cell homeostasis	GO:BP					1.0	14.0	0.0	1.58					0	1		False	True	False	False	False	False
GO:0160307	protein biosynthetic process	GO:BP					1.0	670.0	57.0	75.42					0	1		False	True	False	False	False	False
GO:0170041	non-proteinogenic amino acid metabolic process	GO:BP					1.0	55.0	6.0	6.19					0	1		False	True	False	False	False	False
GO:0170062	nutrient storage	GO:BP					1.0	81.0	8.0	9.12					0	1		False	True	False	False	False	False
GO:0180012	co-transcriptional RNA 3'-end processing, cleavage and polyadenylation pathway	GO:BP					1.0	11.0	0.0	1.24					0	1		False	True	False	False	False	False
GO:0180046	GPI anchored protein biosynthesis	GO:BP					1.0	31.0	3.0	3.49					0	1		False	True	False	False	False	False
GO:0180064	protein O-linked glycosylation via xylose	GO:BP					1.0	54.0	6.0	6.08					0	1		False	True	False	False	False	False
GO:1900024	regulation of substrate adhesion-dependent cell spreading	GO:BP					1.0	57.0	11.0	6.42					0	1		False	True	False	False	False	False
GO:1900046	regulation of hemostasis	GO:BP					1.0	66.0	5.0	7.43					0	1		False	True	False	False	False	False
GO:1900047	negative regulation of hemostasis	GO:BP					1.0	47.0	4.0	5.29					0	1		False	True	False	False	False	False
GO:1900048	positive regulation of hemostasis	GO:BP					1.0	26.0	2.0	2.93					0	1		False	True	False	False	False	False
GO:1900077	negative regulation of cellular response to insulin stimulus	GO:BP					1.0	37.0	4.0	4.17					0	1		False	True	False	False	False	False
GO:1900078	positive regulation of cellular response to insulin stimulus	GO:BP					1.0	21.0	1.0	2.36					0	1		False	True	False	False	False	False
GO:1900101	regulation of endoplasmic reticulum unfolded protein response	GO:BP					1.0	38.0	3.0	4.28					0	1		False	True	False	False	False	False
GO:1900103	positive regulation of endoplasmic reticulum unfolded protein response	GO:BP					1.0	14.0	0.0	1.58					0	1		False	True	False	False	False	False
GO:1900151	regulation of nuclear-transcribed mRNA catabolic process, deadenylation-dependent decay	GO:BP					1.0	25.0	5.0	2.81					0	1		False	True	False	False	False	False
GO:1900225	regulation of NLRP3 inflammasome complex assembly	GO:BP					1.0	47.0	8.0	5.29					0	1		False	True	False	False	False	False
GO:1900368	regulation of post-transcriptional gene silencing by regulatory ncRNA	GO:BP					1.0	32.0	4.0	3.6					0	1		False	True	False	False	False	False
GO:1900369	negative regulation of post-transcriptional gene silencing by regulatory ncRNA	GO:BP					1.0	16.0	2.0	1.8					0	1		False	True	False	False	False	False
GO:1900370	positive regulation of post-transcriptional gene silencing by RNA	GO:BP					1.0	11.0	1.0	1.24					0	1		False	True	False	False	False	False
GO:1900371	regulation of purine nucleotide biosynthetic process	GO:BP					1.0	23.0	5.0	2.59					0	1		False	True	False	False	False	False
GO:1900376	regulation of secondary metabolite biosynthetic process	GO:BP					1.0	18.0	2.0	2.03					0	1		False	True	False	False	False	False
GO:1900378	positive regulation of secondary metabolite biosynthetic process	GO:BP					1.0	13.0	1.0	1.46					0	1		False	True	False	False	False	False
GO:1900449	regulation of glutamate receptor signaling pathway	GO:BP					1.0	13.0	0.0	1.46					0	1		False	True	False	False	False	False
GO:1900451	positive regulation of glutamate receptor signaling pathway	GO:BP					1.0	10.0	0.0	1.13					0	1		False	True	False	False	False	False
GO:1900542	regulation of purine nucleotide metabolic process	GO:BP					1.0	79.0	11.0	8.89					0	1		False	True	False	False	False	False
GO:1900544	positive regulation of purine nucleotide metabolic process	GO:BP					1.0	37.0	7.0	4.17					0	1		False	True	False	False	False	False
GO:1900744	regulation of p38MAPK cascade	GO:BP					1.0	37.0	2.0	4.17					0	1		False	True	False	False	False	False
GO:1900746	regulation of vascular endothelial growth factor signaling pathway	GO:BP					1.0	29.0	4.0	3.26					0	1		False	True	False	False	False	False
GO:1900864	mitochondrial RNA modification	GO:BP					1.0	17.0	0.0	1.91					0	1		False	True	False	False	False	False
GO:1901099	negative regulation of signal transduction in absence of ligand	GO:BP					1.0	26.0	3.0	2.93					0	1		False	True	False	False	False	False
GO:1901184	regulation of ERBB signaling pathway	GO:BP					1.0	77.0	8.0	8.67					0	1		False	True	False	False	False	False
GO:1901185	negative regulation of ERBB signaling pathway	GO:BP					1.0	36.0	5.0	4.05					0	1		False	True	False	False	False	False
GO:1901186	positive regulation of ERBB signaling pathway	GO:BP					1.0	33.0	1.0	3.71					0	1		False	True	False	False	False	False
GO:1901222	regulation of non-canonical NF-kappaB signal transduction	GO:BP					1.0	90.0	9.0	10.13					0	1		False	True	False	False	False	False
GO:1901293	nucleoside phosphate biosynthetic process	GO:BP					1.0	313.0	46.0	35.24					0	1		False	True	False	False	False	False
GO:1901317	regulation of flagellated sperm motility	GO:BP					1.0	20.0	4.0	2.25					0	1		False	True	False	False	False	False
GO:1901342	regulation of vasculature development	GO:BP					1.0	298.0	26.0	33.55					0	1		False	True	False	False	False	False
GO:1901343	negative regulation of vasculature development	GO:BP					1.0	108.0	11.0	12.16					0	1		False	True	False	False	False	False
GO:1901503	ether biosynthetic process	GO:BP					1.0	13.0	3.0	1.46					0	1		False	True	False	False	False	False
GO:1901523	icosanoid catabolic process	GO:BP					1.0	10.0	0.0	1.13					0	1		False	True	False	False	False	False
GO:1901532	regulation of hematopoietic progenitor cell differentiation	GO:BP					1.0	34.0	1.0	3.83					0	1		False	True	False	False	False	False
GO:1901550	regulation of endothelial cell development	GO:BP					1.0	17.0	3.0	1.91					0	1		False	True	False	False	False	False
GO:1901568	fatty acid derivative metabolic process	GO:BP					1.0	80.0	14.0	9.01					0	1		False	True	False	False	False	False
GO:1901605	alpha-amino acid metabolic process	GO:BP					1.0	193.0	31.0	21.73					0	1		False	True	False	False	False	False
GO:1901606	alpha-amino acid catabolic process	GO:BP					1.0	101.0	20.0	11.37					0	1		False	True	False	False	False	False
GO:1901607	alpha-amino acid biosynthetic process	GO:BP					1.0	56.0	6.0	6.3					0	1		False	True	False	False	False	False
GO:1901623	regulation of lymphocyte chemotaxis	GO:BP					1.0	21.0	4.0	2.36					0	1		False	True	False	False	False	False
GO:1901632	regulation of synaptic vesicle membrane organization	GO:BP					1.0	21.0	6.0	2.36					0	1		False	True	False	False	False	False
GO:1901634	positive regulation of synaptic vesicle membrane organization	GO:BP					1.0	15.0	5.0	1.69					0	1		False	True	False	False	False	False
GO:1901658	glycosyl compound catabolic process	GO:BP					1.0	20.0	2.0	2.25					0	1		False	True	False	False	False	False
GO:1901661	quinone metabolic process	GO:BP					1.0	23.0	5.0	2.59					0	1		False	True	False	False	False	False
GO:1901663	quinone biosynthetic process	GO:BP					1.0	19.0	4.0	2.14					0	1		False	True	False	False	False	False
GO:1901731	positive regulation of platelet aggregation	GO:BP					1.0	12.0	0.0	1.35					0	1		False	True	False	False	False	False
GO:1901800	positive regulation of proteasomal protein catabolic process	GO:BP					1.0	109.0	15.0	12.27					0	1		False	True	False	False	False	False
GO:1901836	regulation of transcription of nucleolar large rRNA by RNA polymerase I	GO:BP					1.0	15.0	0.0	1.69					0	1		False	True	False	False	False	False
GO:1901838	positive regulation of transcription of nucleolar large rRNA by RNA polymerase I	GO:BP					1.0	11.0	0.0	1.24					0	1		False	True	False	False	False	False
GO:1901847	nicotinate metabolic process	GO:BP					1.0	12.0	0.0	1.35					0	1		False	True	False	False	False	False
GO:1901863	positive regulation of muscle tissue development	GO:BP					1.0	13.0	0.0	1.46					0	1		False	True	False	False	False	False
GO:1901873	regulation of post-translational protein modification	GO:BP					1.0	215.0	30.0	24.2					0	1		False	True	False	False	False	False
GO:1901874	negative regulation of post-translational protein modification	GO:BP					1.0	83.0	10.0	9.34					0	1		False	True	False	False	False	False
GO:1901875	positive regulation of post-translational protein modification	GO:BP					1.0	117.0	17.0	13.17					0	1		False	True	False	False	False	False
GO:1901879	regulation of protein depolymerization	GO:BP					1.0	88.0	7.0	9.91					0	1		False	True	False	False	False	False
GO:1901880	negative regulation of protein depolymerization	GO:BP					1.0	70.0	7.0	7.88					0	1		False	True	False	False	False	False
GO:1901881	positive regulation of protein depolymerization	GO:BP					1.0	20.0	2.0	2.25					0	1		False	True	False	False	False	False
GO:1901950	dense core granule transport	GO:BP					1.0	10.0	2.0	1.13					0	1		False	True	False	False	False	False
GO:1901976	regulation of cell cycle checkpoint	GO:BP					1.0	56.0	6.0	6.3					0	1		False	True	False	False	False	False
GO:1901978	positive regulation of cell cycle checkpoint	GO:BP					1.0	26.0	4.0	2.93					0	1		False	True	False	False	False	False
GO:1901988	negative regulation of cell cycle phase transition	GO:BP					1.0	250.0	22.0	28.14					0	1		False	True	False	False	False	False
GO:1901989	positive regulation of cell cycle phase transition	GO:BP					1.0	99.0	8.0	11.14					0	1		False	True	False	False	False	False
GO:1901990	regulation of mitotic cell cycle phase transition	GO:BP					1.0	319.0	25.0	35.91					0	1		False	True	False	False	False	False
GO:1901991	negative regulation of mitotic cell cycle phase transition	GO:BP					1.0	175.0	15.0	19.7					0	1		False	True	False	False	False	False
GO:1901992	positive regulation of mitotic cell cycle phase transition	GO:BP					1.0	80.0	6.0	9.01					0	1		False	True	False	False	False	False
GO:1902004	positive regulation of amyloid-beta formation	GO:BP					1.0	20.0	0.0	2.25					0	1		False	True	False	False	False	False
GO:1902019	regulation of cilium-dependent cell motility	GO:BP					1.0	28.0	6.0	3.15					0	1		False	True	False	False	False	False
GO:1902036	regulation of hematopoietic stem cell differentiation	GO:BP					1.0	16.0	0.0	1.8					0	1		False	True	False	False	False	False
GO:1902099	regulation of metaphase/anaphase transition of cell cycle	GO:BP					1.0	103.0	5.0	11.6					0	1		False	True	False	False	False	False
GO:1902100	negative regulation of metaphase/anaphase transition of cell cycle	GO:BP					1.0	60.0	4.0	6.75					0	1		False	True	False	False	False	False
GO:1902101	positive regulation of metaphase/anaphase transition of cell cycle	GO:BP					1.0	19.0	0.0	2.14					0	1		False	True	False	False	False	False
GO:1902105	regulation of leukocyte differentiation	GO:BP					1.0	286.0	19.0	32.2					0	1		False	True	False	False	False	False
GO:1902107	positive regulation of leukocyte differentiation	GO:BP					1.0	165.0	9.0	18.57					0	1		False	True	False	False	False	False
GO:1902110	positive regulation of mitochondrial membrane permeability involved in apoptotic process	GO:BP					1.0	27.0	2.0	3.04					0	1		False	True	False	False	False	False
GO:1902165	regulation of intrinsic apoptotic signaling pathway in response to DNA damage by p53 class mediator	GO:BP					1.0	16.0	0.0	1.8					0	1		False	True	False	False	False	False
GO:1902166	negative regulation of intrinsic apoptotic signaling pathway in response to DNA damage by p53 class mediator	GO:BP					1.0	15.0	0.0	1.69					0	1		False	True	False	False	False	False
GO:1902170	cellular response to reactive nitrogen species	GO:BP					1.0	15.0	4.0	1.69					0	1		False	True	False	False	False	False
GO:1902229	regulation of intrinsic apoptotic signaling pathway in response to DNA damage	GO:BP					1.0	32.0	1.0	3.6					0	1		False	True	False	False	False	False
GO:1902237	positive regulation of endoplasmic reticulum stress-induced intrinsic apoptotic signaling pathway	GO:BP					1.0	10.0	0.0	1.13					0	1		False	True	False	False	False	False
GO:1902369	negative regulation of RNA catabolic process	GO:BP					1.0	100.0	13.0	11.26					0	1		False	True	False	False	False	False
GO:1902531	regulation of intracellular signal transduction	GO:BP					1.0	1913.0	241.0	215.36					0	1		False	True	False	False	False	False
GO:1902547	regulation of cellular response to vascular endothelial growth factor stimulus	GO:BP					1.0	31.0	4.0	3.49					0	1		False	True	False	False	False	False
GO:1902548	negative regulation of cellular response to vascular endothelial growth factor stimulus	GO:BP					1.0	15.0	2.0	1.69					0	1		False	True	False	False	False	False
GO:1902622	regulation of neutrophil migration	GO:BP					1.0	39.0	5.0	4.39					0	1		False	True	False	False	False	False
GO:1902624	positive regulation of neutrophil migration	GO:BP					1.0	30.0	3.0	3.38					0	1		False	True	False	False	False	False
GO:1902644	tertiary alcohol metabolic process	GO:BP					1.0	24.0	1.0	2.7					0	1		False	True	False	False	False	False
GO:1902645	tertiary alcohol biosynthetic process	GO:BP					1.0	12.0	1.0	1.35					0	1		False	True	False	False	False	False
GO:1902653	secondary alcohol biosynthetic process	GO:BP					1.0	61.0	15.0	6.87					0	1		False	True	False	False	False	False
GO:1902656	calcium ion import into cytosol	GO:BP					1.0	39.0	7.0	4.39					0	1		False	True	False	False	False	False
GO:1902679	negative regulation of RNA biosynthetic process	GO:BP					1.0	1270.0	121.0	142.97					0	1		False	True	False	False	False	False
GO:1902680	positive regulation of RNA biosynthetic process	GO:BP					1.0	1591.0	163.0	179.11					0	1		False	True	False	False	False	False
GO:1902686	mitochondrial outer membrane permeabilization involved in programmed cell death	GO:BP					1.0	29.0	2.0	3.26					0	1		False	True	False	False	False	False
GO:1902743	regulation of lamellipodium organization	GO:BP					1.0	49.0	11.0	5.52					0	1		False	True	False	False	False	False
GO:1902750	negative regulation of cell cycle G2/M phase transition	GO:BP					1.0	73.0	5.0	8.22					0	1		False	True	False	False	False	False
GO:1902751	positive regulation of cell cycle G2/M phase transition	GO:BP					1.0	26.0	2.0	2.93					0	1		False	True	False	False	False	False
GO:1902806	regulation of cell cycle G1/S phase transition	GO:BP					1.0	175.0	17.0	19.7					0	1		False	True	False	False	False	False
GO:1902850	microtubule cytoskeleton organization involved in mitosis	GO:BP					1.0	159.0	17.0	17.9					0	1		False	True	False	False	False	False
GO:1902893	regulation of miRNA transcription	GO:BP					1.0	73.0	12.0	8.22					0	1		False	True	False	False	False	False
GO:1902930	regulation of alcohol biosynthetic process	GO:BP					1.0	49.0	9.0	5.52					0	1		False	True	False	False	False	False
GO:1902946	protein localization to early endosome	GO:BP					1.0	13.0	1.0	1.46					0	1		False	True	False	False	False	False
GO:1902965	regulation of protein localization to early endosome	GO:BP					1.0	10.0	1.0	1.13					0	1		False	True	False	False	False	False
GO:1902991	regulation of amyloid precursor protein catabolic process	GO:BP					1.0	46.0	5.0	5.18					0	1		False	True	False	False	False	False
GO:1902992	negative regulation of amyloid precursor protein catabolic process	GO:BP					1.0	21.0	3.0	2.36					0	1		False	True	False	False	False	False
GO:1903018	regulation of glycoprotein metabolic process	GO:BP					1.0	44.0	3.0	4.95					0	1		False	True	False	False	False	False
GO:1903019	negative regulation of glycoprotein metabolic process	GO:BP					1.0	21.0	1.0	2.36					0	1		False	True	False	False	False	False
GO:1903020	positive regulation of glycoprotein metabolic process	GO:BP					1.0	17.0	1.0	1.91					0	1		False	True	False	False	False	False
GO:1903027	regulation of opsonization	GO:BP					1.0	18.0	0.0	2.03					0	1		False	True	False	False	False	False
GO:1903028	positive regulation of opsonization	GO:BP					1.0	16.0	0.0	1.8					0	1		False	True	False	False	False	False
GO:1903034	regulation of response to wounding	GO:BP					1.0	151.0	19.0	17.0					0	1		False	True	False	False	False	False
GO:1903037	regulation of leukocyte cell-cell adhesion	GO:BP					1.0	339.0	22.0	38.16					0	1		False	True	False	False	False	False
GO:1903039	positive regulation of leukocyte cell-cell adhesion	GO:BP					1.0	240.0	14.0	27.02					0	1		False	True	False	False	False	False
GO:1903053	regulation of extracellular matrix organization	GO:BP					1.0	62.0	7.0	6.98					0	1		False	True	False	False	False	False
GO:1903115	regulation of actin filament-based movement	GO:BP					1.0	43.0	4.0	4.84					0	1		False	True	False	False	False	False
GO:1903131	mononuclear cell differentiation	GO:BP					1.0	428.0	35.0	48.18					0	1		False	True	False	False	False	False
GO:1903146	regulation of autophagy of mitochondrion	GO:BP					1.0	51.0	7.0	5.74					0	1		False	True	False	False	False	False
GO:1903236	regulation of leukocyte tethering or rolling	GO:BP					1.0	15.0	0.0	1.69					0	1		False	True	False	False	False	False
GO:1903238	positive regulation of leukocyte tethering or rolling	GO:BP					1.0	10.0	0.0	1.13					0	1		False	True	False	False	False	False
GO:1903241	U2-type prespliceosome assembly	GO:BP					1.0	25.0	0.0	2.81					0	1		False	True	False	False	False	False
GO:1903242	regulation of cardiac muscle hypertrophy in response to stress	GO:BP					1.0	13.0	0.0	1.46					0	1		False	True	False	False	False	False
GO:1903276	regulation of sodium ion export across plasma membrane	GO:BP					1.0	10.0	2.0	1.13					0	1		False	True	False	False	False	False
GO:1903305	regulation of regulated secretory pathway	GO:BP					1.0	115.0	18.0	12.95					0	1		False	True	False	False	False	False
GO:1903307	positive regulation of regulated secretory pathway	GO:BP					1.0	44.0	6.0	4.95					0	1		False	True	False	False	False	False
GO:1903311	regulation of mRNA metabolic process	GO:BP					1.0	355.0	33.0	39.96					0	1		False	True	False	False	False	False
GO:1903312	negative regulation of mRNA metabolic process	GO:BP					1.0	115.0	13.0	12.95					0	1		False	True	False	False	False	False
GO:1903313	positive regulation of mRNA metabolic process	GO:BP					1.0	162.0	13.0	18.24					0	1		False	True	False	False	False	False
GO:1903317	regulation of protein maturation	GO:BP					1.0	52.0	1.0	5.85					0	1		False	True	False	False	False	False
GO:1903318	negative regulation of protein maturation	GO:BP					1.0	20.0	0.0	2.25					0	1		False	True	False	False	False	False
GO:1903319	positive regulation of protein maturation	GO:BP					1.0	25.0	1.0	2.81					0	1		False	True	False	False	False	False
GO:1903320	regulation of protein modification by small protein conjugation or removal	GO:BP					1.0	210.0	30.0	23.64					0	1		False	True	False	False	False	False
GO:1903321	negative regulation of protein modification by small protein conjugation or removal	GO:BP					1.0	80.0	10.0	9.01					0	1		False	True	False	False	False	False
GO:1903322	positive regulation of protein modification by small protein conjugation or removal	GO:BP					1.0	116.0	17.0	13.06					0	1		False	True	False	False	False	False
GO:1903350	response to dopamine	GO:BP					1.0	51.0	14.0	5.74					0	1		False	True	False	False	False	False
GO:1903365	regulation of fear response	GO:BP					1.0	12.0	4.0	1.35					0	1		False	True	False	False	False	False
GO:1903376	regulation of oxidative stress-induced neuron intrinsic apoptotic signaling pathway	GO:BP					1.0	21.0	3.0	2.36					0	1		False	True	False	False	False	False
GO:1903405	protein localization to nuclear body	GO:BP					1.0	12.0	3.0	1.35					0	1		False	True	False	False	False	False
GO:1903428	positive regulation of reactive oxygen species biosynthetic process	GO:BP					1.0	16.0	0.0	1.8					0	1		False	True	False	False	False	False
GO:1903504	regulation of mitotic spindle checkpoint	GO:BP					1.0	32.0	4.0	3.6					0	1		False	True	False	False	False	False
GO:1903509	liposaccharide metabolic process	GO:BP					1.0	112.0	10.0	12.61					0	1		False	True	False	False	False	False
GO:1903513	endoplasmic reticulum to cytosol transport	GO:BP					1.0	29.0	3.0	3.26					0	1		False	True	False	False	False	False
GO:1903514	release of sequestered calcium ion into cytosol by endoplasmic reticulum	GO:BP					1.0	41.0	10.0	4.62					0	1		False	True	False	False	False	False
GO:1903522	regulation of blood circulation	GO:BP					1.0	244.0	34.0	27.47					0	1		False	True	False	False	False	False
GO:1903524	positive regulation of blood circulation	GO:BP					1.0	35.0	4.0	3.94					0	1		False	True	False	False	False	False
GO:1903532	positive regulation of secretion by cell	GO:BP					1.0	274.0	47.0	30.85					0	1		False	True	False	False	False	False
GO:1903533	regulation of protein targeting	GO:BP					1.0	29.0	6.0	3.26					0	1		False	True	False	False	False	False
GO:1903539	protein localization to postsynaptic membrane	GO:BP					1.0	51.0	11.0	5.74					0	1		False	True	False	False	False	False
GO:1903540	establishment of protein localization to postsynaptic membrane	GO:BP					1.0	15.0	3.0	1.69					0	1		False	True	False	False	False	False
GO:1903555	regulation of tumor necrosis factor superfamily cytokine production	GO:BP					1.0	172.0	13.0	19.36					0	1		False	True	False	False	False	False
GO:1903556	negative regulation of tumor necrosis factor superfamily cytokine production	GO:BP					1.0	61.0	2.0	6.87					0	1		False	True	False	False	False	False
GO:1903573	negative regulation of response to endoplasmic reticulum stress	GO:BP					1.0	49.0	5.0	5.52					0	1		False	True	False	False	False	False
GO:1903579	negative regulation of ATP metabolic process	GO:BP					1.0	20.0	3.0	2.25					0	1		False	True	False	False	False	False
GO:1903580	positive regulation of ATP metabolic process	GO:BP					1.0	35.0	6.0	3.94					0	1		False	True	False	False	False	False
GO:1903587	regulation of blood vessel endothelial cell proliferation involved in sprouting angiogenesis	GO:BP					1.0	21.0	1.0	2.36					0	1		False	True	False	False	False	False
GO:1903596	regulation of gap junction assembly	GO:BP					1.0	10.0	0.0	1.13					0	1		False	True	False	False	False	False
GO:1903599	positive regulation of autophagy of mitochondrion	GO:BP					1.0	26.0	4.0	2.93					0	1		False	True	False	False	False	False
GO:1903670	regulation of sprouting angiogenesis	GO:BP					1.0	45.0	7.0	5.07					0	1		False	True	False	False	False	False
GO:1903707	negative regulation of hemopoiesis	GO:BP					1.0	107.0	9.0	12.05					0	1		False	True	False	False	False	False
GO:1903708	positive regulation of hemopoiesis	GO:BP					1.0	165.0	9.0	18.57					0	1		False	True	False	False	False	False
GO:1903715	regulation of aerobic respiration	GO:BP					1.0	28.0	1.0	3.15					0	1		False	True	False	False	False	False
GO:1903789	regulation of amino acid transmembrane transport	GO:BP					1.0	14.0	2.0	1.58					0	1		False	True	False	False	False	False
GO:1903846	positive regulation of cellular response to transforming growth factor beta stimulus	GO:BP					1.0	29.0	2.0	3.26					0	1		False	True	False	False	False	False
GO:1903897	regulation of PERK-mediated unfolded protein response	GO:BP					1.0	16.0	0.0	1.8					0	1		False	True	False	False	False	False
GO:1903898	negative regulation of PERK-mediated unfolded protein response	GO:BP					1.0	12.0	0.0	1.35					0	1		False	True	False	False	False	False
GO:1903900	regulation of viral life cycle	GO:BP					1.0	109.0	9.0	12.27					0	1		False	True	False	False	False	False
GO:1903909	regulation of receptor clustering	GO:BP					1.0	16.0	2.0	1.8					0	1		False	True	False	False	False	False
GO:1903963	arachidonate transport	GO:BP					1.0	26.0	1.0	2.93					0	1		False	True	False	False	False	False
GO:1904019	epithelial cell apoptotic process	GO:BP					1.0	42.0	3.0	4.73					0	1		False	True	False	False	False	False
GO:1904035	regulation of epithelial cell apoptotic process	GO:BP					1.0	32.0	3.0	3.6					0	1		False	True	False	False	False	False
GO:1904064	positive regulation of cation transmembrane transport	GO:BP					1.0	111.0	18.0	12.5					0	1		False	True	False	False	False	False
GO:1904177	regulation of adipose tissue development	GO:BP					1.0	26.0	4.0	2.93					0	1		False	True	False	False	False	False
GO:1904292	regulation of ERAD pathway	GO:BP					1.0	25.0	4.0	2.81					0	1		False	True	False	False	False	False
GO:1904321	response to forskolin	GO:BP					1.0	15.0	0.0	1.69					0	1		False	True	False	False	False	False
GO:1904322	cellular response to forskolin	GO:BP					1.0	13.0	0.0	1.46					0	1		False	True	False	False	False	False
GO:1904356	regulation of telomere maintenance via telomere lengthening	GO:BP					1.0	55.0	7.0	6.19					0	1		False	True	False	False	False	False
GO:1904357	negative regulation of telomere maintenance via telomere lengthening	GO:BP					1.0	31.0	4.0	3.49					0	1		False	True	False	False	False	False
GO:1904358	positive regulation of telomere maintenance via telomere lengthening	GO:BP					1.0	26.0	2.0	2.93					0	1		False	True	False	False	False	False
GO:1904427	positive regulation of calcium ion transmembrane transport	GO:BP					1.0	53.0	7.0	5.97					0	1		False	True	False	False	False	False
GO:1904478	regulation of intestinal absorption	GO:BP					1.0	11.0	0.0	1.24					0	1		False	True	False	False	False	False
GO:1904505	regulation of telomere maintenance in response to DNA damage	GO:BP					1.0	16.0	1.0	1.8					0	1		False	True	False	False	False	False
GO:1904627	response to phorbol 13-acetate 12-myristate	GO:BP					1.0	11.0	0.0	1.24					0	1		False	True	False	False	False	False
GO:1904645	response to amyloid-beta	GO:BP					1.0	50.0	7.0	5.63					0	1		False	True	False	False	False	False
GO:1904666	regulation of ubiquitin protein ligase activity	GO:BP					1.0	10.0	0.0	1.13					0	1		False	True	False	False	False	False
GO:1904705	regulation of vascular associated smooth muscle cell proliferation	GO:BP					1.0	61.0	5.0	6.87					0	1		False	True	False	False	False	False
GO:1904738	vascular associated smooth muscle cell migration	GO:BP					1.0	28.0	2.0	3.15					0	1		False	True	False	False	False	False
GO:1904867	protein localization to Cajal body	GO:BP					1.0	12.0	3.0	1.35					0	1		False	True	False	False	False	False
GO:1904869	regulation of protein localization to Cajal body	GO:BP					1.0	10.0	3.0	1.13					0	1		False	True	False	False	False	False
GO:1904892	regulation of receptor signaling pathway via STAT	GO:BP					1.0	88.0	8.0	9.91					0	1		False	True	False	False	False	False
GO:1904893	negative regulation of receptor signaling pathway via STAT	GO:BP					1.0	30.0	3.0	3.38					0	1		False	True	False	False	False	False
GO:1904896	ESCRT complex disassembly	GO:BP					1.0	10.0	2.0	1.13					0	1		False	True	False	False	False	False
GO:1904994	regulation of leukocyte adhesion to vascular endothelial cell	GO:BP					1.0	30.0	0.0	3.38					0	1		False	True	False	False	False	False
GO:1904996	positive regulation of leukocyte adhesion to vascular endothelial cell	GO:BP					1.0	23.0	0.0	2.59					0	1		False	True	False	False	False	False
GO:1905089	regulation of type 2 mitophagy	GO:BP					1.0	12.0	2.0	1.35					0	1		False	True	False	False	False	False
GO:1905144	response to acetylcholine	GO:BP					1.0	48.0	6.0	5.4					0	1		False	True	False	False	False	False
GO:1905145	cellular response to acetylcholine	GO:BP					1.0	45.0	6.0	5.07					0	1		False	True	False	False	False	False
GO:1905146	lysosomal protein catabolic process	GO:BP					1.0	22.0	3.0	2.48					0	1		False	True	False	False	False	False
GO:1905153	regulation of membrane invagination	GO:BP					1.0	14.0	0.0	1.58					0	1		False	True	False	False	False	False
GO:1905155	positive regulation of membrane invagination	GO:BP					1.0	12.0	0.0	1.35					0	1		False	True	False	False	False	False
GO:1905207	regulation of cardiocyte differentiation	GO:BP					1.0	27.0	2.0	3.04					0	1		False	True	False	False	False	False
GO:1905209	positive regulation of cardiocyte differentiation	GO:BP					1.0	15.0	0.0	1.69					0	1		False	True	False	False	False	False
GO:1905244	regulation of modification of synaptic structure	GO:BP					1.0	20.0	2.0	2.25					0	1		False	True	False	False	False	False
GO:1905268	negative regulation of chromatin organization	GO:BP					1.0	13.0	3.0	1.46					0	1		False	True	False	False	False	False
GO:1905288	vascular associated smooth muscle cell apoptotic process	GO:BP					1.0	10.0	0.0	1.13					0	1		False	True	False	False	False	False
GO:1905314	semi-lunar valve development	GO:BP					1.0	47.0	8.0	5.29					0	1		False	True	False	False	False	False
GO:1905456	regulation of lymphoid progenitor cell differentiation	GO:BP					1.0	10.0	0.0	1.13					0	1		False	True	False	False	False	False
GO:1905459	regulation of vascular associated smooth muscle cell apoptotic process	GO:BP					1.0	10.0	0.0	1.13					0	1		False	True	False	False	False	False
GO:1905508	protein localization to microtubule organizing center	GO:BP					1.0	36.0	5.0	4.05					0	1		False	True	False	False	False	False
GO:1905517	macrophage migration	GO:BP					1.0	50.0	10.0	5.63					0	1		False	True	False	False	False	False
GO:1905634	regulation of protein localization to chromatin	GO:BP					1.0	14.0	1.0	1.58					0	1		False	True	False	False	False	False
GO:1905664	regulation of calcium ion import across plasma membrane	GO:BP					1.0	13.0	3.0	1.46					0	1		False	True	False	False	False	False
GO:1905666	regulation of protein localization to endosome	GO:BP					1.0	14.0	1.0	1.58					0	1		False	True	False	False	False	False
GO:1905668	positive regulation of protein localization to endosome	GO:BP					1.0	13.0	1.0	1.46					0	1		False	True	False	False	False	False
GO:1905709	negative regulation of membrane permeability	GO:BP					1.0	16.0	1.0	1.8					0	1		False	True	False	False	False	False
GO:1905809	negative regulation of synapse organization	GO:BP					1.0	14.0	3.0	1.58					0	1		False	True	False	False	False	False
GO:1905818	regulation of chromosome separation	GO:BP					1.0	82.0	4.0	9.23					0	1		False	True	False	False	False	False
GO:1905819	negative regulation of chromosome separation	GO:BP					1.0	60.0	4.0	6.75					0	1		False	True	False	False	False	False
GO:1905820	positive regulation of chromosome separation	GO:BP					1.0	31.0	1.0	3.49					0	1		False	True	False	False	False	False
GO:1905907	negative regulation of amyloid fibril formation	GO:BP					1.0	13.0	0.0	1.46					0	1		False	True	False	False	False	False
GO:1905952	regulation of lipid localization	GO:BP					1.0	152.0	15.0	17.11					0	1		False	True	False	False	False	False
GO:1905953	negative regulation of lipid localization	GO:BP					1.0	54.0	4.0	6.08					0	1		False	True	False	False	False	False
GO:1905954	positive regulation of lipid localization	GO:BP					1.0	92.0	9.0	10.36					0	1		False	True	False	False	False	False
GO:1990169	stress response to copper ion	GO:BP					1.0	12.0	0.0	1.35					0	1		False	True	False	False	False	False
GO:1990806	ligand-gated ion channel signaling pathway	GO:BP					1.0	36.0	3.0	4.05					0	1		False	True	False	False	False	False
GO:1990839	response to endothelin	GO:BP					1.0	11.0	1.0	1.24					0	1		False	True	False	False	False	False
GO:1990840	response to lectin	GO:BP					1.0	21.0	3.0	2.36					0	1		False	True	False	False	False	False
GO:1990849	vacuolar localization	GO:BP					1.0	80.0	9.0	9.01					0	1		False	True	False	False	False	False
GO:1990858	cellular response to lectin	GO:BP					1.0	21.0	3.0	2.36					0	1		False	True	False	False	False	False
GO:1990868	response to chemokine	GO:BP					1.0	93.0	8.0	10.47					0	1		False	True	False	False	False	False
GO:1990869	cellular response to chemokine	GO:BP					1.0	93.0	8.0	10.47					0	1		False	True	False	False	False	False
GO:1990874	vascular associated smooth muscle cell proliferation	GO:BP					1.0	62.0	5.0	6.98					0	1		False	True	False	False	False	False
GO:1990961	xenobiotic detoxification by transmembrane export across the plasma membrane	GO:BP					1.0	16.0	0.0	1.8					0	1		False	True	False	False	False	False
GO:2000008	regulation of protein localization to cell surface	GO:BP					1.0	35.0	5.0	3.94					0	1		False	True	False	False	False	False
GO:2000035	regulation of stem cell division	GO:BP					1.0	11.0	0.0	1.24					0	1		False	True	False	False	False	False
GO:2000050	regulation of non-canonical Wnt signaling pathway	GO:BP					1.0	21.0	5.0	2.36					0	1		False	True	False	False	False	False
GO:2000059	negative regulation of ubiquitin-dependent protein catabolic process	GO:BP					1.0	55.0	6.0	6.19					0	1		False	True	False	False	False	False
GO:2000105	positive regulation of DNA-templated DNA replication	GO:BP					1.0	11.0	0.0	1.24					0	1		False	True	False	False	False	False
GO:2000106	regulation of leukocyte apoptotic process	GO:BP					1.0	62.0	8.0	6.98					0	1		False	True	False	False	False	False
GO:2000142	regulation of DNA-templated transcription initiation	GO:BP					1.0	88.0	3.0	9.91					0	1		False	True	False	False	False	False
GO:2000143	negative regulation of DNA-templated transcription initiation	GO:BP					1.0	14.0	1.0	1.58					0	1		False	True	False	False	False	False
GO:2000144	positive regulation of DNA-templated transcription initiation	GO:BP					1.0	71.0	2.0	7.99					0	1		False	True	False	False	False	False
GO:2000147	positive regulation of cell motility	GO:BP					1.0	554.0	72.0	62.37					0	1		False	True	False	False	False	False
GO:2000155	positive regulation of cilium-dependent cell motility	GO:BP					1.0	14.0	4.0	1.58					0	1		False	True	False	False	False	False
GO:2000177	regulation of neural precursor cell proliferation	GO:BP					1.0	57.0	6.0	6.42					0	1		False	True	False	False	False	False
GO:2000181	negative regulation of blood vessel morphogenesis	GO:BP					1.0	107.0	11.0	12.05					0	1		False	True	False	False	False	False
GO:2000193	positive regulation of fatty acid transport	GO:BP					1.0	16.0	0.0	1.8					0	1		False	True	False	False	False	False
GO:2000197	regulation of ribonucleoprotein complex localization	GO:BP					1.0	10.0	0.0	1.13					0	1		False	True	False	False	False	False
GO:2000232	regulation of rRNA processing	GO:BP					1.0	18.0	1.0	2.03					0	1		False	True	False	False	False	False
GO:2000241	regulation of reproductive process	GO:BP					1.0	139.0	11.0	15.65					0	1		False	True	False	False	False	False
GO:2000291	regulation of myoblast proliferation	GO:BP					1.0	12.0	0.0	1.35					0	1		False	True	False	False	False	False
GO:2000303	regulation of ceramide biosynthetic process	GO:BP					1.0	14.0	0.0	1.58					0	1		False	True	False	False	False	False
GO:2000311	regulation of AMPA receptor activity	GO:BP					1.0	10.0	0.0	1.13					0	1		False	True	False	False	False	False
GO:2000316	regulation of T-helper 17 type immune response	GO:BP					1.0	34.0	4.0	3.83					0	1		False	True	False	False	False	False
GO:2000317	negative regulation of T-helper 17 type immune response	GO:BP					1.0	14.0	2.0	1.58					0	1		False	True	False	False	False	False
GO:2000319	regulation of T-helper 17 cell differentiation	GO:BP					1.0	26.0	3.0	2.93					0	1		False	True	False	False	False	False
GO:2000341	regulation of chemokine (C-X-C motif) ligand 2 production	GO:BP					1.0	16.0	0.0	1.8					0	1		False	True	False	False	False	False
GO:2000351	regulation of endothelial cell apoptotic process	GO:BP					1.0	52.0	1.0	5.85					0	1		False	True	False	False	False	False
GO:2000353	positive regulation of endothelial cell apoptotic process	GO:BP					1.0	21.0	0.0	2.36					0	1		False	True	False	False	False	False
GO:2000403	positive regulation of lymphocyte migration	GO:BP					1.0	38.0	6.0	4.28					0	1		False	True	False	False	False	False
GO:2000514	regulation of CD4-positive, alpha-beta T cell activation	GO:BP					1.0	67.0	7.0	7.54					0	1		False	True	False	False	False	False
GO:2000515	negative regulation of CD4-positive, alpha-beta T cell activation	GO:BP					1.0	29.0	2.0	3.26					0	1		False	True	False	False	False	False
GO:2000628	regulation of miRNA metabolic process	GO:BP					1.0	84.0	12.0	9.46					0	1		False	True	False	False	False	False
GO:2000629	negative regulation of miRNA metabolic process	GO:BP					1.0	29.0	4.0	3.26					0	1		False	True	False	False	False	False
GO:2000630	positive regulation of miRNA metabolic process	GO:BP					1.0	61.0	8.0	6.87					0	1		False	True	False	False	False	False
GO:2000659	regulation of interleukin-1-mediated signaling pathway	GO:BP					1.0	14.0	1.0	1.58					0	1		False	True	False	False	False	False
GO:2000696	regulation of epithelial cell differentiation involved in kidney development	GO:BP					1.0	13.0	0.0	1.46					0	1		False	True	False	False	False	False
GO:2000725	regulation of cardiac muscle cell differentiation	GO:BP					1.0	17.0	0.0	1.91					0	1		False	True	False	False	False	False
GO:2000736	regulation of stem cell differentiation	GO:BP					1.0	68.0	4.0	7.66					0	1		False	True	False	False	False	False
GO:2000765	regulation of cytoplasmic translation	GO:BP					1.0	42.0	6.0	4.73					0	1		False	True	False	False	False	False
GO:2000779	regulation of double-strand break repair	GO:BP					1.0	146.0	12.0	16.44					0	1		False	True	False	False	False	False
GO:2000780	negative regulation of double-strand break repair	GO:BP					1.0	37.0	2.0	4.17					0	1		False	True	False	False	False	False
GO:2000811	negative regulation of anoikis	GO:BP					1.0	18.0	0.0	2.03					0	1		False	True	False	False	False	False
GO:2000816	negative regulation of mitotic sister chromatid separation	GO:BP					1.0	58.0	4.0	6.53					0	1		False	True	False	False	False	False
GO:2000831	regulation of steroid hormone secretion	GO:BP					1.0	22.0	3.0	2.48					0	1		False	True	False	False	False	False
GO:2001014	regulation of skeletal muscle cell differentiation	GO:BP					1.0	21.0	0.0	2.36					0	1		False	True	False	False	False	False
GO:2001026	regulation of endothelial cell chemotaxis	GO:BP					1.0	21.0	1.0	2.36					0	1		False	True	False	False	False	False
GO:2001034	positive regulation of double-strand break repair via nonhomologous end joining	GO:BP					1.0	17.0	0.0	1.91					0	1		False	True	False	False	False	False
GO:2001057	reactive nitrogen species metabolic process	GO:BP					1.0	78.0	10.0	8.78					0	1		False	True	False	False	False	False
GO:2001138	regulation of phospholipid transport	GO:BP					1.0	15.0	1.0	1.69					0	1		False	True	False	False	False	False
GO:2001141	regulation of RNA biosynthetic process	GO:BP					1.0	3089.0	298.0	347.74					0	1		False	True	False	False	False	False
GO:2001169	regulation of ATP biosynthetic process	GO:BP					1.0	20.0	4.0	2.25					0	1		False	True	False	False	False	False
GO:2001224	positive regulation of neuron migration	GO:BP					1.0	16.0	0.0	1.8					0	1		False	True	False	False	False	False
GO:2001233	regulation of apoptotic signaling pathway	GO:BP					1.0	293.0	38.0	32.98					0	1		False	True	False	False	False	False
GO:2001236	regulation of extrinsic apoptotic signaling pathway	GO:BP					1.0	121.0	17.0	13.62					0	1		False	True	False	False	False	False
GO:2001242	regulation of intrinsic apoptotic signaling pathway	GO:BP					1.0	154.0	16.0	17.34					0	1		False	True	False	False	False	False
GO:2001251	negative regulation of chromosome organization	GO:BP					1.0	106.0	9.0	11.93					0	1		False	True	False	False	False	False
GO:2001279	regulation of unsaturated fatty acid biosynthetic process	GO:BP					1.0	14.0	0.0	1.58					0	1		False	True	False	False	False	False
GO:2001280	positive regulation of unsaturated fatty acid biosynthetic process	GO:BP					1.0	10.0	0.0	1.13					0	1		False	True	False	False	False	False
