"GO.ID","Term","Annotated","Significant","Expected","pvalue"
"GO:0007268","chemical synaptic transmission",699,161,78.69,9.3e-09
"GO:0007218","neuropeptide signaling pathway",107,31,12.05,4.5e-07
"GO:0051260","protein homooligomerization",207,44,23.3,6.7e-06
"GO:1900242","regulation of synaptic vesicle endocytosis",21,10,2.36,3.5e-05
"GO:0014059","regulation of dopamine secretion",22,10,2.48,5.7e-05
"GO:0060078","regulation of postsynaptic membrane potential",139,32,15.65,6.9e-05
"GO:0042053","regulation of dopamine metabolic process",15,8,1.69,7.9e-05
"GO:0001508","action potential",156,36,17.56,7.9e-05
"GO:0110076","negative regulation of ferroptosis",19,9,2.14,9.2e-05
"GO:0016082","synaptic vesicle priming",27,11,3.04,0.00014
"GO:1904862","inhibitory synapse assembly",29,11,3.26,0.00018
"GO:0043649","dicarboxylic acid catabolic process",17,8,1.91,0.00024
"GO:0006536","glutamate metabolic process",22,9,2.48,0.00036
"GO:0071805","potassium ion transmembrane transport",199,45,22.4,0.00041
"GO:0032228","regulation of synaptic transmission, GABAergic",34,12,3.83,0.00053
"GO:1904262","negative regulation of TORC1 signaling",48,14,5.4,0.00059
"GO:0070593","dendrite self-avoidance",15,7,1.69,0.00064
"GO:0050803","regulation of synapse structure or activity",309,59,34.79,7e-04
"GO:0007411","axon guidance",185,39,20.83,0.00078
"GO:0045920","negative regulation of exocytosis",31,9,3.49,0.00102
"GO:0007214","gamma-aminobutyric acid signaling pathway",25,9,2.81,0.00108
"GO:0021766","hippocampus development",50,13,5.63,0.00109
"GO:0007626","locomotory behavior",81,22,9.12,0.00124
"GO:0007193","adenylate cyclase-inhibiting G protein-coupled receptor signaling pathway",97,22,10.92,0.00135
"GO:0070534","protein K63-linked ubiquitination",78,18,8.78,0.00157
"GO:0006103","2-oxoglutarate metabolic process",17,7,1.91,0.00158
"GO:0042996","regulation of Golgi to plasma membrane protein transport",13,6,1.46,0.00172
"GO:0050777","negative regulation of immune response",189,25,21.28,0.00172
"GO:0007613","memory",87,19,9.79,0.00181
"GO:0021795","cerebral cortex cell migration",29,9,3.26,0.00198
"GO:0170040","proteinogenic amino acid catabolic process",91,20,10.24,0.0024
"GO:1901381","positive regulation of potassium ion transmembrane transport",23,8,2.59,0.00263
"GO:0043650","dicarboxylic acid biosynthetic process",14,6,1.58,0.00272
"GO:0031349","positive regulation of defense response",503,63,56.62,0.00277
"GO:1902667","regulation of axon guidance",10,5,1.13,0.00278
"GO:0090394","negative regulation of excitatory postsynaptic potential",10,5,1.13,0.00278
"GO:0042177","negative regulation of protein catabolic process",118,21,13.28,0.00289
"GO:0051496","positive regulation of stress fiber assembly",50,13,5.63,0.0029
"GO:0031122","cytoplasmic microtubule organization",65,14,7.32,0.00291
"GO:0072659","protein localization to plasma membrane",271,55,30.51,0.00323
"GO:0006511","ubiquitin-dependent protein catabolic process",685,91,77.11,0.00325
"GO:0033365","protein localization to organelle",882,126,99.29,0.0033
"GO:0015031","protein transport",1319,201,148.49,0.00368
"GO:0060291","long-term synaptic potentiation",80,16,9.01,0.00372
"GO:0021952","central nervous system projection neuron axonogenesis",15,6,1.69,0.00411
"GO:0015813","L-glutamate transmembrane transport",28,7,3.15,0.00411
"GO:0007156","homophilic cell-cell adhesion",176,32,19.81,0.00417
"GO:0008038","neuron recognition",42,17,4.73,0.00454
"GO:0034198","cellular response to amino acid starvation",53,13,5.97,0.00458
"GO:0170035","L-amino acid catabolic process",96,20,10.81,0.0046
"GO:0016559","peroxisome fission",11,5,1.24,0.00463
"GO:0001558","regulation of cell growth",359,59,40.41,0.00475
"GO:0006513","protein monoubiquitination",47,12,5.29,0.00486
"GO:0050808","synapse organization",559,109,62.93,0.00493
"GO:0042752","regulation of circadian rhythm",113,22,12.72,0.00494
"GO:0021799","cerebral cortex radially oriented cell migration",23,5,2.59,0.00522
"GO:0009156","ribonucleoside monophosphate biosynthetic process",34,6,3.83,0.00522
"GO:0031281","positive regulation of cyclase activity",25,4,2.81,0.00523
"GO:0043457","regulation of cellular respiration",42,5,4.73,0.00524
"GO:0051222","positive regulation of protein transport",235,39,26.46,0.00582
"GO:0043647","inositol phosphate metabolic process",38,10,4.28,0.00593
"GO:0032897","negative regulation of viral transcription",16,6,1.8,0.00595
"GO:0035774","positive regulation of insulin secretion involved in cellular response to glucose stimulus",37,10,4.17,0.00639
"GO:0032388","positive regulation of intracellular transport",142,21,15.99,0.0068
"GO:0006695","cholesterol biosynthetic process",61,15,6.87,0.00714
"GO:0034498","early endosome to Golgi transport",12,5,1.35,0.00721
"GO:1990504","dense core granule exocytosis",12,5,1.35,0.00721
"GO:0009584","detection of visible light",29,6,3.26,0.00723
"GO:0023057","negative regulation of signaling",1372,180,154.45,0.00735
"GO:0001912","positive regulation of leukocyte mediated cytotoxicity",56,9,6.3,0.00772
"GO:0051261","protein depolymerization",116,11,13.06,0.00779
"GO:0007269","neurotransmitter secretion",141,35,15.87,0.00801
"GO:0051930","regulation of sensory perception of pain",17,6,1.91,0.00833
"GO:0048268","clathrin coat assembly",22,7,2.48,0.00838
"GO:0048598","embryonic morphogenesis",341,39,38.39,0.00848
"GO:0016241","regulation of macroautophagy",187,35,21.05,0.00938
"GO:0035023","regulation of Rho protein signal transduction",88,18,9.91,0.00938
"GO:0043547","positive regulation of GTPase activity",78,16,8.78,0.00947
"GO:0050919","negative chemotaxis",45,11,5.07,0.00969
"GO:0060071","Wnt signaling pathway, planar cell polarity pathway",38,12,4.28,0.0099
"GO:0006091","generation of precursor metabolites and energy",425,55,47.84,0.00992
"GO:0031345","negative regulation of cell projection organization",158,32,17.79,0.01039
"GO:0010977","negative regulation of neuron projection development",105,22,11.82,0.01043
"GO:0030900","forebrain development",255,47,28.71,0.01048
"GO:0060074","synapse maturation",40,12,4.5,0.01055
"GO:0016081","synaptic vesicle docking",13,5,1.46,0.01064
"GO:0045933","positive regulation of muscle contraction",47,8,5.29,0.01066
"GO:0050806","positive regulation of synaptic transmission",138,28,15.54,0.01108
"GO:0031175","neuron projection development",840,155,94.56,0.01138
"GO:0009725","response to hormone",825,124,92.87,0.01144
"GO:0008380","RNA splicing",464,44,52.23,0.01201
"GO:0010498","proteasomal protein catabolic process",620,86,69.8,0.01233
"GO:0046942","carboxylic acid transport",321,50,36.14,0.0125
"GO:0009181","purine ribonucleoside diphosphate catabolic process",87,19,9.79,0.01257
"GO:0048857","neural nucleus development",53,11,5.97,0.0126
"GO:0045338","farnesyl diphosphate metabolic process",12,5,1.35,0.01264
"GO:1904350","regulation of protein catabolic process in the vacuole",14,5,1.58,0.01264
"GO:0046530","photoreceptor cell differentiation",43,8,4.84,0.01265
"GO:1903541","regulation of exosomal secretion",17,4,1.91,0.01266
"GO:0018105","peptidyl-serine phosphorylation",65,13,7.32,0.01326
"GO:0006891","intra-Golgi vesicle-mediated transport",35,9,3.94,0.01328
"GO:0051592","response to calcium ion",122,20,13.73,0.01353
"GO:0050772","positive regulation of axonogenesis",60,15,6.75,0.01378
"GO:0019674","NAD+ metabolic process",43,11,4.84,0.01386
"GO:0006470","protein dephosphorylation",85,15,9.57,0.01391
"GO:0035022","positive regulation of Rac protein signal transduction",24,7,2.7,0.01393
"GO:0060828","regulation of canonical Wnt signaling pathway",241,41,27.13,0.0147
"GO:0061621","canonical glycolysis",19,6,2.14,0.01501
"GO:0001921","positive regulation of receptor recycling",14,5,1.58,0.01505
"GO:0050804","modulation of chemical synaptic transmission",468,96,52.68,0.01515
"GO:0007187","G protein-coupled receptor signaling pathway, coupled to cyclic nucleotide second messenger",54,12,6.08,0.01526
"GO:0050850","positive regulation of calcium-mediated signaling",49,12,5.52,0.01528
"GO:0007264","small GTPase-mediated signal transduction",486,72,54.71,0.01679
"GO:0070507","regulation of microtubule cytoskeleton organization",156,26,17.56,0.01731
"GO:0006886","intracellular protein transport",614,88,69.12,0.01776
"GO:0034599","cellular response to oxidative stress",224,30,25.22,0.01809
"GO:0007219","Notch signaling pathway",132,22,14.86,0.01875
"GO:0051932","synaptic transmission, GABAergic",54,18,6.08,0.01906
"GO:0046488","phosphatidylinositol metabolic process",156,28,17.56,0.01912
"GO:0014044","Schwann cell development",27,7,3.04,0.01919
"GO:0042551","neuron maturation",34,7,3.83,0.01922
"GO:0031290","retinal ganglion cell axon guidance",10,4,1.13,0.01923
"GO:1905380","regulation of snRNA transcription by RNA polymerase II",10,4,1.13,0.01923
"GO:0046469","platelet activating factor metabolic process",10,4,1.13,0.01923
"GO:0003140","determination of left/right asymmetry in lateral mesoderm",10,4,1.13,0.01923
"GO:0038129","ERBB3 signaling pathway",10,4,1.13,0.01923
"GO:2000095","regulation of Wnt signaling pathway, planar cell polarity pathway",10,4,1.13,0.01923
"GO:0045472","response to ether",20,5,2.25,0.01924
"GO:0045778","positive regulation of ossification",50,8,5.63,0.01925
"GO:0016331","morphogenesis of embryonic epithelium",61,6,6.87,0.01936
"GO:0032930","positive regulation of superoxide anion generation",20,6,2.25,0.01944
"GO:0034314","Arp2/3 complex-mediated actin nucleation",44,9,4.95,0.02049
"GO:0099502","calcium-dependent activation of synaptic vesicle fusion",15,5,1.69,0.02052
"GO:0051412","response to corticosterone",15,5,1.69,0.02052
"GO:0035542","regulation of SNARE complex assembly",15,5,1.69,0.02052
"GO:0032801","receptor catabolic process",29,6,3.26,0.02054
"GO:0006897","endocytosis",679,98,76.44,0.02068
"GO:0034329","cell junction assembly",486,85,54.71,0.02101
"GO:0044282","small molecule catabolic process",357,57,40.19,0.02145
"GO:0047496","vesicle transport along microtubule",45,11,5.07,0.02158
"GO:0042147","retrograde transport, endosome to Golgi",102,22,11.48,0.02164
"GO:0032886","regulation of microtubule-based process",262,40,29.49,0.02165
"GO:0010996","response to auditory stimulus",26,7,2.93,0.02169
"GO:1903779","regulation of cardiac conduction",26,7,2.93,0.02169
"GO:0046856","phosphatidylinositol dephosphorylation",26,7,2.93,0.02169
"GO:0010592","positive regulation of lamellipodium assembly",26,7,2.93,0.02169
"GO:0007417","central nervous system development",756,116,85.11,0.02173
"GO:1905521","regulation of macrophage migration",40,8,4.5,0.02188
"GO:0050951","sensory perception of temperature stimulus",23,4,2.59,0.02194
"GO:0042552","myelination",109,22,12.27,0.02222
"GO:0010605","negative regulation of macromolecule metabolic process",2603,253,293.03,0.02353
"GO:0048167","regulation of synaptic plasticity",176,33,19.81,0.02368
"GO:1903078","positive regulation of protein localization to plasma membrane",64,13,7.2,0.02436
"GO:2000786","positive regulation of autophagosome assembly",21,6,2.36,0.02469
"GO:0061024","membrane organization",761,117,85.67,0.02483
"GO:0007399","nervous system development",2178,346,245.19,0.02519
"GO:0099072","regulation of postsynaptic membrane neurotransmitter receptor levels",118,24,13.28,0.02644
"GO:0043406","positive regulation of MAP kinase activity",27,7,3.04,0.02652
"GO:0090128","regulation of synapse maturation",27,7,3.04,0.02652
"GO:0010508","positive regulation of autophagy",156,30,17.56,0.0267
"GO:0030705","cytoskeleton-dependent intracellular transport",213,41,23.98,0.02688
"GO:0006865","amino acid transport",142,31,15.99,0.02698
"GO:0048520","positive regulation of behavior",28,8,3.15,0.02705
"GO:0019896","axonal transport of mitochondrion",16,5,1.8,0.02714
"GO:1903998","regulation of eating behavior",16,5,1.8,0.02714
"GO:0010906","regulation of glucose metabolic process",80,10,9.01,0.02726
"GO:1903351","cellular response to dopamine",51,14,5.74,0.02731
"GO:0031113","regulation of microtubule polymerization",62,12,6.98,0.02746
"GO:0001963","synaptic transmission, dopaminergic",21,6,2.36,0.02753
"GO:0032222","regulation of synaptic transmission, cholinergic",11,4,1.24,0.02757
"GO:0003156","regulation of animal organ formation",11,4,1.24,0.02757
"GO:0046710","GDP metabolic process",11,4,1.24,0.02757
"GO:0009642","response to light intensity",11,4,1.24,0.02757
"GO:2000822","regulation of behavioral fear response",11,4,1.24,0.02757
"GO:0008652","amino acid biosynthetic process",67,10,7.54,0.02759
"GO:0016197","endosomal transport",308,63,34.67,0.02921
"GO:0048488","synaptic vesicle endocytosis",72,22,8.11,0.03002
"GO:0031647","regulation of protein stability",354,40,39.85,0.03012
"GO:0030335","positive regulation of cell migration",529,70,59.55,0.0303
"GO:0016601","Rac protein signal transduction",57,13,6.42,0.03058
"GO:0090090","negative regulation of canonical Wnt signaling pathway",129,22,14.52,0.03067
"GO:0051560","mitochondrial calcium ion homeostasis",22,6,2.48,0.0308
"GO:0008344","adult locomotory behavior",22,6,2.48,0.0308
"GO:2000810","regulation of bicellular tight junction assembly",22,6,2.48,0.0308
"GO:0042398","modified amino acid biosynthetic process",44,8,4.95,0.03084
"GO:0051963","regulation of synapse assembly",166,33,18.69,0.03096
"GO:0045879","negative regulation of smoothened signaling pathway",28,7,3.15,0.03203
"GO:0021987","cerebral cortex development",89,21,10.02,0.03259
"GO:0048583","regulation of response to stimulus",3786,463,426.21,0.03354
"GO:2000300","regulation of synaptic vesicle exocytosis",47,10,5.29,0.03381
"GO:0040011","locomotion",1137,149,128,0.03419
"GO:0045732","positive regulation of protein catabolic process",213,32,23.98,0.03471
"GO:0098900","regulation of action potential",65,13,7.32,0.03479
"GO:1902476","chloride transmembrane transport",109,19,12.27,0.0348
"GO:0008088","axo-dendritic transport",82,19,9.23,0.03486
"GO:0030865","cortical cytoskeleton organization",53,10,5.97,0.03491
"GO:0007413","axonal fasciculation",17,5,1.91,0.03498
"GO:0015816","glycine transport",17,5,1.91,0.03498
"GO:0022010","central nervous system myelination",17,5,1.91,0.03498
"GO:0097401","synaptic vesicle lumen acidification",17,5,1.91,0.03498
"GO:0010288","response to lead ion",17,5,1.91,0.03498
"GO:0032026","response to magnesium ion",17,5,1.91,0.03498
"GO:0050862","positive regulation of T cell receptor signaling pathway",17,5,1.91,0.03498
"GO:0021602","cranial nerve morphogenesis",17,5,1.91,0.03498
"GO:0061615","glycolytic process through fructose-6-phosphate",23,9,2.59,0.03498
"GO:0014808","release of sequestered calcium ion into cytosol by sarcoplasmic reticulum",39,10,4.39,0.03501
"GO:1903844","regulation of cellular response to transforming growth factor beta stimulus",132,20,14.86,0.03503
"GO:0009582","detection of abiotic stimulus",116,18,13.06,0.03503
"GO:2000279","negative regulation of DNA biosynthetic process",30,7,3.38,0.03511
"GO:0070232","regulation of T cell apoptotic process",24,5,2.7,0.03513
"GO:1901700","response to oxygen-containing compound",1470,198,165.48,0.03515
"GO:0035456","response to interferon-beta",32,6,3.6,0.03517
"GO:1990089","response to nerve growth factor",50,5,5.63,0.03523
"GO:0007405","neuroblast proliferation",37,5,4.17,0.03524
"GO:0043207","response to external biotic stimulus",1396,149,157.15,0.03553
"GO:0030336","negative regulation of cell migration",289,40,32.53,0.03575
"GO:0007611","learning or memory",178,32,20.04,0.03655
"GO:0034063","stress granule assembly",35,8,3.94,0.03736
"GO:0006826","iron ion transport",50,10,5.63,0.03764
"GO:0048534","hematopoietic or lymphoid organ development",37,7,4.17,0.03774
"GO:0048681","negative regulation of axon regeneration",12,4,1.35,0.03776
"GO:0006182","cGMP biosynthetic process",12,4,1.35,0.03776
"GO:0043653","mitochondrial fragmentation involved in apoptotic process",12,4,1.35,0.03776
"GO:0071679","commissural neuron axon guidance",12,4,1.35,0.03776
"GO:0071635","negative regulation of transforming growth factor beta production",12,4,1.35,0.03776
"GO:0002291","T cell activation via T cell receptor contact with antigen bound to MHC molecule on antigen presenting cell",12,4,1.35,0.03776
"GO:1900272","negative regulation of long-term synaptic potentiation",12,4,1.35,0.03776
"GO:0048814","regulation of dendrite morphogenesis",58,10,6.53,0.03782
"GO:2001135","regulation of endocytic recycling",23,6,2.59,0.03783
"GO:0038128","ERBB2 signaling pathway",23,6,2.59,0.03783
"GO:0097237","cellular response to toxic substance",130,14,14.63,0.03797
"GO:0060392","negative regulation of SMAD protein signal transduction",29,7,3.26,0.03825
"GO:0016032","viral process",364,36,40.98,0.03826
"GO:0050709","negative regulation of protein secretion",58,10,6.53,0.03827
"GO:0006397","mRNA processing",499,45,56.17,0.03993
"GO:0051604","protein maturation",573,59,64.51,0.04074
"GO:0043123","positive regulation of canonical NF-kappaB signal transduction",223,34,25.1,0.04088
"GO:0045471","response to ethanol",124,23,13.96,0.04114
"GO:0099536","synaptic signaling",743,171,83.64,0.04276
"GO:0072657","protein localization to membrane",428,83,48.18,0.04294
"GO:1990138","neuron projection extension",133,28,14.97,0.0432
"GO:0030036","actin cytoskeleton organization",687,89,77.34,0.04323
"GO:0099560","synaptic membrane adhesion",36,8,4.05,0.04346
"GO:0045773","positive regulation of axon extension",36,8,4.05,0.04346
"GO:0120009","intermembrane lipid transfer",49,10,5.52,0.04373
"GO:0002888","positive regulation of myeloid leukocyte mediated immunity",18,5,2.03,0.04407
"GO:0048169","regulation of long-term neuronal synaptic plasticity",18,5,2.03,0.04407
"GO:0098901","regulation of cardiac muscle cell action potential",30,6,3.38,0.0441
"GO:0043001","Golgi to plasma membrane protein transport",43,13,4.84,0.04471
"GO:0071312","cellular response to alkaloid",30,7,3.38,0.04521
"GO:1903077","negative regulation of protein localization to plasma membrane",30,7,3.38,0.04521
"GO:0030032","lamellipodium assembly",59,15,6.64,0.04528
"GO:0001764","neuron migration",114,18,12.83,0.04714
"GO:2000146","negative regulation of cell motility",302,44,34,0.04918
"GO:0032006","regulation of TOR signaling",151,27,17,0.04918
"GO:0007163","establishment or maintenance of cell polarity",182,31,20.49,0.04931
"GO:0071383","cellular response to steroid hormone stimulus",194,26,21.84,0.04967
"GO:0071676","negative regulation of mononuclear cell migration",28,7,3.15,0.0497
"GO:0031365","N-terminal protein amino acid modification",13,4,1.46,0.0498
"GO:0048548","regulation of pinocytosis",13,4,1.46,0.0498
"GO:0071380","cellular response to prostaglandin E stimulus",13,4,1.46,0.0498
"GO:0031115","negative regulation of microtubule polymerization",13,4,1.46,0.0498
"GO:1903564","regulation of protein localization to cilium",13,4,1.46,0.0498
"GO:0022038","corpus callosum development",13,4,1.46,0.0498
"GO:0045040","protein insertion into mitochondrial outer membrane",13,4,1.46,0.0498
"GO:0061052","negative regulation of cell growth involved in cardiac muscle cell development",13,4,1.46,0.0498
"GO:0006596","polyamine biosynthetic process",13,4,1.46,0.0498
"GO:1900025","negative regulation of substrate adhesion-dependent cell spreading",13,4,1.46,0.0498
"GO:0035089","establishment of apical/basal cell polarity",13,4,1.46,0.0498
"GO:0016079","synaptic vesicle exocytosis",97,26,10.92,0.05075
"GO:0051492","regulation of stress fiber assembly",84,22,9.46,0.05093
"GO:2000278","regulation of DNA biosynthetic process",82,16,9.23,0.05133
"GO:0000266","mitochondrial fission",38,8,4.28,0.05154
"GO:0098664","G protein-coupled serotonin receptor signaling pathway",18,5,2.03,0.05159
"GO:0032479","regulation of type I interferon production",134,18,15.08,0.0516
"GO:0044703","multi-organism reproductive process",149,19,16.77,0.05165
"GO:0001504","neurotransmitter uptake",43,7,4.84,0.05165
"GO:0098884","postsynaptic neurotransmitter receptor internalization",36,5,4.05,0.05174
"GO:1901379","regulation of potassium ion transmembrane transport",59,15,6.64,0.05388
"GO:0007165","signal transduction",5514,692,620.74,0.0539
"GO:0048813","dendrite morphogenesis",122,22,13.73,0.05412
"GO:0018107","peptidyl-threonine phosphorylation",32,8,3.6,0.05429
"GO:0060384","innervation",19,5,2.14,0.05445
"GO:0006895","Golgi to endosome transport",19,5,2.14,0.05445
"GO:0033490","cholesterol biosynthetic process via lathosterol",19,5,2.14,0.05445
"GO:0032402","melanosome transport",19,5,2.14,0.05445
"GO:2000641","regulation of early endosome to late endosome transport",19,5,2.14,0.05445
"GO:0035338","long-chain fatty-acyl-CoA biosynthetic process",19,5,2.14,0.05445
"GO:0007064","mitotic sister chromatid cohesion",32,6,3.6,0.0545
"GO:0038095","Fc-epsilon receptor signaling pathway",25,6,2.81,0.05472
"GO:0036503","ERAD pathway",109,18,12.27,0.05637
"GO:0007584","response to nutrient",144,20,16.21,0.06044
"GO:0045197","establishment or maintenance of epithelial cell apical/basal polarity",32,7,3.6,0.06144
"GO:0000281","mitotic cytokinesis",103,15,11.6,0.06218
"GO:0008015","blood circulation",460,63,51.78,0.06278
"GO:1903531","negative regulation of secretion by cell",127,25,14.3,0.06285
"GO:0032535","regulation of cellular component size",295,42,33.21,0.06304
"GO:0090280","positive regulation of calcium ion import",24,7,2.7,0.06351
"GO:0048593","camera-type eye morphogenesis",76,12,8.56,0.0636
"GO:0086064","cell communication by electrical coupling involved in cardiac conduction",25,6,2.81,0.06363
"GO:0030837","negative regulation of actin filament polymerization",56,9,6.3,0.06368
"GO:2001171","positive regulation of ATP biosynthetic process",14,4,1.58,0.06371
"GO:0090043","regulation of tubulin deacetylation",14,4,1.58,0.06371
"GO:0030859","polarized epithelial cell differentiation",14,4,1.58,0.06371
"GO:0072350","tricarboxylic acid metabolic process",14,4,1.58,0.06371
"GO:1902093","positive regulation of flagellated sperm motility",14,4,1.58,0.06371
"GO:0048791","calcium ion-regulated exocytosis of neurotransmitter",14,4,1.58,0.06371
"GO:0065004","protein-DNA complex assembly",168,16,18.91,0.06426
"GO:0110053","regulation of actin filament organization",242,41,27.24,0.0643
"GO:0050805","negative regulation of synaptic transmission",53,11,5.97,0.06436
"GO:0070588","calcium ion transmembrane transport",306,46,34.45,0.06448
"GO:1903432","regulation of TORC1 signaling",98,19,11.03,0.06468
"GO:0098930","axonal transport",65,15,7.32,0.0647
"GO:0015807","L-amino acid transport",83,16,9.34,0.06476
"GO:0070482","response to oxygen levels",300,40,33.77,0.06478
"GO:0048668","collateral sprouting",16,5,1.8,0.06498
"GO:0019098","reproductive behavior",25,6,2.81,0.06498
"GO:0032274","gonadotropin secretion",17,5,1.91,0.06499
"GO:0060119","inner ear receptor cell development",20,5,2.25,0.06501
"GO:0051053","negative regulation of DNA metabolic process",131,17,14.75,0.06504
"GO:0045931","positive regulation of mitotic cell cycle",106,12,11.93,0.06504
"GO:0140131","positive regulation of lymphocyte chemotaxis",16,4,1.8,0.06504
"GO:0006577","amino-acid betaine metabolic process",18,4,2.03,0.06506
"GO:0001754","eye photoreceptor cell differentiation",31,5,3.49,0.06509
"GO:0061138","morphogenesis of a branching epithelium",77,10,8.67,0.0651
"GO:0002029","desensitization of G protein-coupled receptor signaling pathway",19,3,2.14,0.06513
"GO:0141060","disruption of anatomical structure in another organism",89,9,10.02,0.06525
"GO:0032368","regulation of lipid transport",128,10,14.41,0.06547
"GO:0051966","regulation of synaptic transmission, glutamatergic",68,11,7.66,0.06561
"GO:0048489","synaptic vesicle transport",46,11,5.18,0.06575
"GO:0030512","negative regulation of transforming growth factor beta receptor signaling pathway",88,15,9.91,0.06606
"GO:0007213","G protein-coupled acetylcholine receptor signaling pathway",20,5,2.25,0.06613
"GO:0033489","cholesterol biosynthetic process via desmosterol",20,5,2.25,0.06613
"GO:0015914","phospholipid transport",109,19,12.27,0.06741
"GO:1905515","non-motile cilium assembly",46,9,5.18,0.06794
"GO:0030198","extracellular matrix organization",262,28,29.49,0.06887
"GO:0009888","tissue development",1450,171,163.23,0.07057
"GO:0099172","presynapse organization",55,12,6.19,0.0708
"GO:0031340","positive regulation of vesicle fusion",24,8,2.7,0.07085
"GO:0035050","embryonic heart tube development",55,10,6.19,0.07099
"GO:1902307","positive regulation of sodium ion transmembrane transport",19,5,2.14,0.07108
"GO:0035357","peroxisome proliferator activated receptor signaling pathway",28,5,3.15,0.07117
"GO:0042403","thyroid hormone metabolic process",27,4,3.04,0.07125
"GO:0035767","endothelial cell chemotaxis",30,4,3.38,0.07128
"GO:0048660","regulation of smooth muscle cell proliferation",131,14,14.75,0.07141
"GO:1901987","regulation of cell cycle phase transition",429,37,48.29,0.07243
"GO:0043086","negative regulation of catalytic activity",140,19,15.76,0.07548
"GO:0070935","3'-UTR-mediated mRNA stabilization",27,6,3.04,0.07552
"GO:0051497","negative regulation of stress fiber assembly",27,6,3.04,0.07552
"GO:0034067","protein localization to Golgi apparatus",27,6,3.04,0.07552
"GO:0046677","response to antibiotic",27,6,3.04,0.07552
"GO:0002862","negative regulation of inflammatory response to antigenic stimulus",27,6,3.04,0.07552
"GO:0050768","negative regulation of neurogenesis",92,13,10.36,0.07557
"GO:0007032","endosome organization",100,17,11.26,0.07626
"GO:0051965","positive regulation of synapse assembly",54,10,6.08,0.07665
"GO:0043200","response to amino acid",94,16,10.58,0.07867
"GO:0006900","vesicle budding from membrane",88,15,9.91,0.07872
"GO:2001234","negative regulation of apoptotic signaling pathway",181,28,20.38,0.07874
"GO:0003094","glomerular filtration",21,5,2.36,0.07907
"GO:0061909","autophagosome-lysosome fusion",21,5,2.36,0.07907
"GO:0035902","response to immobilization stress",21,5,2.36,0.07907
"GO:0046579","positive regulation of Ras protein signal transduction",21,5,2.36,0.07907
"GO:0090141","positive regulation of mitochondrial fission",21,5,2.36,0.07907
"GO:0006939","smooth muscle contraction",79,13,8.89,0.07919
"GO:0019226","transmission of nerve impulse",56,9,6.3,0.07936
"GO:0099509","regulation of presynaptic cytosolic calcium ion concentration",15,4,1.69,0.07941
"GO:0060143","positive regulation of syncytium formation by plasma membrane fusion",15,4,1.69,0.07941
"GO:0051152","positive regulation of smooth muscle cell differentiation",15,4,1.69,0.07941
"GO:0034058","endosomal vesicle fusion",15,4,1.69,0.07941
"GO:0071732","cellular response to nitric oxide",15,4,1.69,0.07941
"GO:2000010","positive regulation of protein localization to cell surface",15,4,1.69,0.07941
"GO:0098693","regulation of synaptic vesicle cycle",15,4,1.69,0.07941
"GO:2000104","negative regulation of DNA-templated DNA replication",15,4,1.69,0.07941
"GO:1904181","positive regulation of membrane depolarization",15,4,1.69,0.07941
"GO:0061795","Golgi lumen acidification",15,4,1.69,0.07941
"GO:0009154","purine ribonucleotide catabolic process",119,24,13.4,0.07947
"GO:0006914","autophagy",575,89,64.73,0.08006
"GO:0030010","establishment of cell polarity",122,20,13.73,0.08025
"GO:0072583","clathrin-dependent endocytosis",50,10,5.63,0.0806
"GO:0006094","gluconeogenesis",77,10,8.67,0.08115
"GO:0007254","JNK cascade",169,19,19.03,0.0814
"GO:0097009","energy homeostasis",58,10,6.53,0.08355
"GO:0070830","bicellular tight junction assembly",50,12,5.63,0.08676
"GO:0050729","positive regulation of inflammatory response",153,22,17.22,0.08709
"GO:0060173","limb development",91,14,10.24,0.08722
"GO:0099505","regulation of presynaptic membrane potential",28,6,3.15,0.08738
"GO:0019882","antigen processing and presentation",99,12,11.14,0.08774
"GO:1902600","proton transmembrane transport",186,30,20.94,0.09225
"GO:0007631","feeding behavior",80,17,9.01,0.09237
"GO:0022406","membrane docking",87,18,9.79,0.09266
"GO:0045022","early endosome to late endosome transport",41,10,4.62,0.0928
"GO:0062013","positive regulation of small molecule metabolic process",146,22,16.44,0.09297
"GO:2000027","regulation of animal organ morphogenesis",43,10,4.84,0.09302
"GO:0051480","regulation of cytosolic calcium ion concentration",57,12,6.42,0.09304
"GO:0045921","positive regulation of exocytosis",81,13,9.12,0.09305
"GO:0017158","regulation of calcium ion-dependent exocytosis",37,8,4.17,0.09306
"GO:0033619","membrane protein proteolysis",58,11,6.53,0.0931
"GO:0006839","mitochondrial transport",34,8,3.83,0.09314
"GO:0099558","maintenance of synapse structure",34,7,3.83,0.09316
"GO:1902041","regulation of extrinsic apoptotic signaling pathway via death domain receptors",35,7,3.94,0.09327
"GO:1903861","positive regulation of dendrite extension",22,5,2.48,0.09327
"GO:0045217","cell-cell junction maintenance",22,5,2.48,0.09327
"GO:0048246","macrophage chemotaxis",37,7,4.17,0.0933
"GO:0035455","response to interferon-alpha",20,5,2.25,0.09331
"GO:0051043","regulation of membrane protein ectodomain proteolysis",25,5,2.81,0.09337
"GO:0019732","antifungal humoral response",10,3,1.13,0.09341
"GO:0160020","positive regulation of ferroptosis",10,3,1.13,0.09341
"GO:0031452","negative regulation of heterochromatin formation",10,3,1.13,0.09341
"GO:0007194","negative regulation of adenylate cyclase activity",10,3,1.13,0.09341
"GO:0071415","cellular response to purine-containing compound",10,3,1.13,0.09341
"GO:0060159","regulation of dopamine receptor signaling pathway",10,3,1.13,0.09341
"GO:0051292","nuclear pore complex assembly",10,3,1.13,0.09341
"GO:0071287","cellular response to manganese ion",10,3,1.13,0.09341
"GO:0034354","'de novo' NAD+ biosynthetic process from L-tryptophan",10,3,1.13,0.09341
"GO:0042416","dopamine biosynthetic process",10,3,1.13,0.09341
"GO:0015937","coenzyme A biosynthetic process",10,3,1.13,0.09341
"GO:0002420","natural killer cell mediated cytotoxicity directed against tumor cell target",10,3,1.13,0.09341
"GO:0045337","farnesyl diphosphate biosynthetic process",10,3,1.13,0.09341
"GO:0061000","negative regulation of dendritic spine development",10,3,1.13,0.09341
"GO:1905665","positive regulation of calcium ion import across plasma membrane",10,3,1.13,0.09341
"GO:0098828","modulation of inhibitory postsynaptic potential",10,3,1.13,0.09341
"GO:0009812","flavonoid metabolic process",10,3,1.13,0.09341
"GO:0051964","negative regulation of synapse assembly",10,3,1.13,0.09341
"GO:0061303","cornea development in camera-type eye",10,3,1.13,0.09341
"GO:0032000","positive regulation of fatty acid beta-oxidation",10,3,1.13,0.09341
"GO:0036337","Fas signaling pathway",10,3,1.13,0.09341
"GO:0033148","positive regulation of intracellular estrogen receptor signaling pathway",10,3,1.13,0.09341
"GO:0001771","immunological synapse formation",10,3,1.13,0.09341
"GO:0070729","cyclic nucleotide transport",10,3,1.13,0.09341
"GO:0098917","retrograde trans-synaptic signaling",10,3,1.13,0.09341
"GO:0010510","regulation of pyruvate decarboxylation to acetyl-CoA",10,3,1.13,0.09341
"GO:0016102","diterpenoid biosynthetic process",10,3,1.13,0.09341
"GO:0008300","isoprenoid catabolic process",10,3,1.13,0.09341
"GO:0001878","response to yeast",10,3,1.13,0.09341
"GO:0090522","vesicle tethering involved in exocytosis",10,3,1.13,0.09341
"GO:0044351","macropinocytosis",10,3,1.13,0.09341
"GO:1904871","positive regulation of protein localization to Cajal body",10,3,1.13,0.09341
"GO:0060075","regulation of resting membrane potential",10,3,1.13,0.09341
"GO:0072089","stem cell proliferation",57,8,6.42,0.09345
"GO:0036010","protein localization to endosome",27,4,3.04,0.09352
"GO:0045747","positive regulation of Notch signaling pathway",42,8,4.73,0.09355
"GO:0072538","T-helper 17 type immune response",70,8,7.88,0.09362
"GO:0046849","bone remodeling",65,6,7.32,0.09379
"GO:0071482","cellular response to light stimulus",101,10,11.37,0.0938
"GO:0042098","T cell proliferation",157,14,17.67,0.09407
"GO:0001666","response to hypoxia",267,36,30.06,0.09479
"GO:0017156","calcium-ion regulated exocytosis",62,16,6.98,0.09583
"GO:0050795","regulation of behavior",83,18,9.34,0.09588
"GO:0048675","axon extension",88,17,9.91,0.09611
"GO:0042755","eating behavior",32,9,3.6,0.09636
"GO:0007212","G protein-coupled dopamine receptor signaling pathway",26,7,2.93,0.09656
"GO:0061351","neural precursor cell proliferation",99,15,11.14,0.09659
"GO:0085020","protein K6-linked ubiquitination",16,4,1.8,0.09684
"GO:0042402","biogenic amine catabolic process",16,4,1.8,0.09684
"GO:0042756","drinking behavior",16,4,1.8,0.09684
"GO:1904044","response to aldosterone",16,4,1.8,0.09684
"GO:0051923","sulfation",16,4,1.8,0.09684
"GO:0090158","endoplasmic reticulum membrane organization",16,4,1.8,0.09684
"GO:2000178","negative regulation of neural precursor cell proliferation",16,4,1.8,0.09684
"GO:0001574","ganglioside biosynthetic process",16,4,1.8,0.09684
"GO:1903358","regulation of Golgi organization",16,4,1.8,0.09684
"GO:0032456","endocytic recycling",104,19,11.71,0.09696
"GO:0051726","regulation of cell cycle",1005,106,113.14,0.09822
"GO:0051453","regulation of intracellular pH",93,17,10.47,0.09945
"GO:1903421","regulation of synaptic vesicle recycling",26,12,2.93,0.09979
"GO:0098927","vesicle-mediated transport between endosomal compartments",46,12,5.18,0.1
"GO:0032467","positive regulation of cytokinesis",42,8,4.73,0.1001
"GO:0070536","protein K63-linked deubiquitination",29,6,3.26,0.1002
"GO:0061049","cell growth involved in cardiac muscle cell development",21,7,2.36,0.10021
"GO:1900015","regulation of cytokine production involved in inflammatory response",65,11,7.32,0.1003
"GO:0006086","pyruvate decarboxylation to acetyl-CoA",15,5,1.69,0.10033
"GO:1900180","regulation of protein localization to nucleus",126,17,14.18,0.10038
"GO:0014047","glutamate secretion",20,5,2.25,0.10038
"GO:1904889","regulation of excitatory synapse assembly",21,5,2.36,0.1004
"GO:0006613","cotranslational protein targeting to membrane",31,6,3.49,0.10041
"GO:0006984","ER-nucleus signaling pathway",49,8,5.52,0.10041
"GO:0071621","granulocyte chemotaxis",103,14,11.6,0.10042
"GO:0090235","regulation of metaphase plate congression",15,4,1.69,0.10043
"GO:0021680","cerebellar Purkinje cell layer development",15,4,1.69,0.10043
"GO:0098868","bone growth",19,4,2.14,0.10047
"GO:0009648","photoperiodism",28,5,3.15,0.10047
"GO:0035821","modulation of process of another organism",110,14,12.38,0.10049
"GO:0046209","nitric oxide metabolic process",76,10,8.56,0.10051
"GO:0099188","postsynaptic cytoskeleton organization",24,4,2.7,0.10052
"GO:0090278","negative regulation of peptide hormone secretion",34,5,3.83,0.10053
"GO:0010171","body morphogenesis",26,4,2.93,0.10054
"GO:0018198","peptidyl-cysteine modification",20,3,2.25,0.10057
"GO:0032647","regulation of interferon-alpha production",29,4,3.26,0.10057
"GO:0001913","T cell mediated cytotoxicity",45,5,5.07,0.10065
"GO:1902106","negative regulation of leukocyte differentiation",104,9,11.71,0.1009
"GO:0030155","regulation of cell adhesion",710,75,79.93,0.10177
"GO:0048519","negative regulation of biological process",5120,566,576.38,0.1021
"GO:0045744","negative regulation of G protein-coupled receptor signaling pathway",69,13,7.77,0.10281
"GO:0071320","cellular response to cAMP",50,9,5.63,0.10366
"GO:0031648","protein destabilization",50,9,5.63,0.10366
"GO:0060348","bone development",122,19,13.73,0.10367
"GO:0090398","cellular senescence",83,14,9.34,0.10382
"GO:0071466","cellular response to xenobiotic stimulus",166,21,18.69,0.10439
"GO:0007528","neuromuscular junction development",43,8,4.84,0.10853
"GO:0009083","branched-chain amino acid catabolic process",23,5,2.59,0.10867
"GO:0090026","positive regulation of monocyte chemotaxis",23,5,2.59,0.10867
"GO:0036092","phosphatidylinositol-3-phosphate biosynthetic process",23,5,2.59,0.10867
"GO:0042733","embryonic digit morphogenesis",23,5,2.59,0.10867
"GO:0032482","Rab protein signal transduction",23,5,2.59,0.10867
"GO:0042219","modified amino acid catabolic process",33,6,3.71,0.1087
"GO:0007189","adenylate cyclase-activating G protein-coupled receptor signaling pathway",183,27,20.6,0.11122
"GO:0010467","gene expression",6105,559,687.27,0.11154
"GO:0045666","positive regulation of neuron differentiation",58,10,6.53,0.11177
"GO:0090101","negative regulation of transmembrane receptor protein serine/threonine kinase signaling pathway",141,23,15.87,0.1122
"GO:0021953","central nervous system neuron differentiation",119,24,13.4,0.1122
"GO:0086001","cardiac muscle cell action potential",84,15,9.46,0.1123
"GO:0061620","glycolytic process through glucose-6-phosphate",20,7,2.25,0.11234
"GO:0055017","cardiac muscle tissue growth",58,11,6.53,0.11236
"GO:0106056","regulation of calcineurin-mediated signaling",34,8,3.83,0.11238
"GO:0070571","negative regulation of neuron projection regeneration",13,5,1.46,0.11242
"GO:0099174","regulation of presynapse organization",32,7,3.6,0.11242
"GO:1900373","positive regulation of purine nucleotide biosynthetic process",15,5,1.69,0.11243
"GO:0042745","circadian sleep/wake cycle",24,6,2.7,0.11243
"GO:0098656","monoatomic anion transmembrane transport",139,25,15.65,0.11247
"GO:0051204","protein insertion into mitochondrial membrane",31,6,3.49,0.11248
"GO:0043369","CD4-positive or CD8-positive, alpha-beta T cell lineage commitment",32,6,3.6,0.11248
"GO:0072110","glomerular mesangial cell proliferation",11,3,1.24,0.11252
"GO:0032197","retrotransposition",43,6,4.84,0.11256
"GO:1903578","regulation of ATP metabolic process",70,9,7.88,0.11256
"GO:0006778","porphyrin-containing compound metabolic process",48,6,5.4,0.11259
"GO:0009260","ribonucleotide biosynthetic process",170,19,19.14,0.11264
"GO:0007623","circadian rhythm",198,36,22.29,0.11265
"GO:0072073","kidney epithelium development",108,11,12.16,0.1127
"GO:0043414","macromolecule methylation",127,13,14.3,0.11271
"GO:0061326","renal tubule development",75,7,8.44,0.11271
"GO:0002228","natural killer cell mediated immunity",79,7,8.89,0.11274
"GO:0106106","cold-induced thermogenesis",152,15,17.11,0.11275
"GO:0050879","multicellular organismal movement",56,3,6.3,0.11283
"GO:0032787","monocarboxylic acid metabolic process",564,74,63.49,0.11344
"GO:0098719","sodium ion import across plasma membrane",30,6,3.38,0.11395
"GO:0006515","protein quality control for misfolded or incompletely synthesized proteins",30,6,3.38,0.11395
"GO:0035025","positive regulation of Rho protein signal transduction",30,6,3.38,0.11395
"GO:0007160","cell-matrix adhesion",222,31,24.99,0.1143
"GO:0033043","regulation of organelle organization",1108,150,124.73,0.1145
"GO:0006096","glycolytic process",83,16,9.34,0.11509
"GO:0071542","dopaminergic neuron differentiation",34,8,3.83,0.11551
"GO:0099645","neurotransmitter receptor localization to postsynaptic specialization membrane",36,8,4.05,0.11555
"GO:0097190","apoptotic signaling pathway",495,59,55.72,0.1156
"GO:0007010","cytoskeleton organization",1448,165,163.01,0.11578
"GO:0003085","negative regulation of systemic arterial blood pressure",17,4,1.91,0.11587
"GO:0003376","sphingosine-1-phosphate receptor signaling pathway",17,4,1.91,0.11587
"GO:1904948","midbrain dopaminergic neuron differentiation",17,4,1.91,0.11587
"GO:0035627","ceramide transport",17,4,1.91,0.11587
"GO:0009404","toxin metabolic process",17,4,1.91,0.11587
"GO:0060973","cell migration involved in heart development",17,4,1.91,0.11587
"GO:0010248","establishment or maintenance of transmembrane electrochemical gradient",17,4,1.91,0.11587
"GO:1900221","regulation of amyloid-beta clearance",17,4,1.91,0.11587
"GO:0035556","intracellular signal transduction",2902,358,326.69,0.11661
"GO:0006821","chloride transport",120,22,13.51,0.11713
"GO:0006164","purine nucleotide biosynthetic process",189,26,21.28,0.11767
"GO:0098840","protein transport along microtubule",23,6,2.59,0.11786
"GO:0010880","regulation of release of sequestered calcium ion into cytosol by sarcoplasmic reticulum",32,7,3.6,0.11786
"GO:1900037","regulation of cellular response to hypoxia",23,5,2.59,0.11801
"GO:0044706","multi-multicellular organism process",152,19,17.11,0.11808
"GO:0033604","negative regulation of catecholamine secretion",11,3,1.24,0.1181
"GO:0033605","positive regulation of catecholamine secretion",11,3,1.24,0.1181
"GO:0032230","positive regulation of synaptic transmission, GABAergic",11,3,1.24,0.1181
"GO:0000338","protein deneddylation",11,3,1.24,0.1181
"GO:0071361","cellular response to ethanol",11,3,1.24,0.1181
"GO:0051256","mitotic spindle midzone assembly",11,3,1.24,0.1181
"GO:0007620","copulation",11,3,1.24,0.1181
"GO:0071872","cellular response to epinephrine stimulus",11,3,1.24,0.1181
"GO:1990403","embryonic brain development",11,3,1.24,0.1181
"GO:0042436","indole-containing compound catabolic process",11,3,1.24,0.1181
"GO:0009169","purine ribonucleoside monophosphate catabolic process",11,3,1.24,0.1181
"GO:1902633","1-phosphatidyl-1D-myo-inositol 4,5-bisphosphate metabolic process",11,3,1.24,0.1181
"GO:1905671","regulation of lysosome organization",11,3,1.24,0.1181
"GO:0036035","osteoclast development",11,3,1.24,0.1181
"GO:0070307","lens fiber cell development",11,3,1.24,0.1181
"GO:0090161","Golgi ribbon formation",11,3,1.24,0.1181
"GO:0097264","self proteolysis",11,3,1.24,0.1181
"GO:0010766","negative regulation of sodium ion transport",11,3,1.24,0.1181
"GO:0006995","cellular response to nitrogen starvation",11,3,1.24,0.1181
"GO:0070200","establishment of protein localization to telomere",11,3,1.24,0.1181
"GO:0010807","regulation of synaptic vesicle priming",11,3,1.24,0.1181
"GO:0016185","synaptic vesicle budding from presynaptic endocytic zone membrane",11,3,1.24,0.1181
"GO:0042939","tripeptide transport",11,3,1.24,0.1181
"GO:0048149","behavioral response to ethanol",11,3,1.24,0.1181
"GO:0048227","plasma membrane to endosome transport",11,3,1.24,0.1181
"GO:0034620","cellular response to unfolded protein",103,13,11.6,0.11815
"GO:0032511","late endosome to vacuole transport via multivesicular body sorting pathway",27,4,3.04,0.11822
"GO:1901739","regulation of myoblast fusion",58,4,6.53,0.11872
"GO:0032731","positive regulation of interleukin-1 beta production",59,10,6.64,0.12176
"GO:0006904","vesicle docking involved in exocytosis",37,10,4.17,0.12448
"GO:0048678","response to axon injury",57,11,6.42,0.12474
"GO:0046597","host-mediated suppression of symbiont invasion",24,5,2.7,0.12522
"GO:0090314","positive regulation of protein targeting to membrane",24,5,2.7,0.12522
"GO:1990542","mitochondrial transmembrane transport",24,5,2.7,0.12522
"GO:0040019","positive regulation of embryonic development",24,5,2.7,0.12522
"GO:0016486","peptide hormone processing",36,6,4.05,0.1253
"GO:0006611","protein export from nucleus",54,8,6.08,0.1253
"GO:0003407","neural retina development",56,7,6.3,0.12556
"GO:0009755","hormone-mediated signaling pathway",204,27,22.97,0.12705
"GO:0046034","ATP metabolic process",212,31,23.87,0.12747
"GO:0001837","epithelial to mesenchymal transition",157,21,17.67,0.12839
"GO:0042220","response to cocaine",42,8,4.73,0.12841
"GO:0006099","tricarboxylic acid cycle",31,6,3.49,0.12859
"GO:1905606","regulation of presynapse assembly",31,6,3.49,0.12859
"GO:0099170","postsynaptic modulation of chemical synaptic transmission",31,6,3.49,0.12859
"GO:0090263","positive regulation of canonical Wnt signaling pathway",105,16,11.82,0.12887
"GO:0007275","multicellular organism development",3829,500,431.05,0.12899
"GO:0006446","regulation of translational initiation",89,10,10.02,0.1292
"GO:0044782","cilium organization",421,55,47.39,0.13526
"GO:0008104","intracellular protein localization",2258,333,254.19,0.13579
"GO:0099504","synaptic vesicle cycle",208,55,23.42,0.136
"GO:0070306","lens fiber cell differentiation",29,7,3.26,0.13604
"GO:0007605","sensory perception of sound",119,19,13.4,0.13613
"GO:0032288","myelin assembly",18,4,2.03,0.13638
"GO:0048854","brain morphogenesis",18,4,2.03,0.13638
"GO:0055119","relaxation of cardiac muscle",18,4,2.03,0.13638
"GO:1901096","regulation of autophagosome maturation",18,4,2.03,0.13638
"GO:0038166","angiotensin-activated signaling pathway",18,4,2.03,0.13638
"GO:0008090","retrograde axonal transport",18,4,2.03,0.13638
"GO:0050765","negative regulation of phagocytosis",18,4,2.03,0.13638
"GO:1904294","positive regulation of ERAD pathway",18,4,2.03,0.13638
"GO:0021517","ventral spinal cord development",18,4,2.03,0.13638
"GO:0031646","positive regulation of nervous system process",39,6,4.39,0.13646
"GO:1900181","negative regulation of protein localization to nucleus",32,5,3.6,0.1365
"GO:2000036","regulation of stem cell population maintenance",70,8,7.88,0.13675
"GO:0044283","small molecule biosynthetic process",571,77,64.28,0.13833
"GO:0050807","regulation of synapse organization",304,55,34.22,0.13847
"GO:1901701","cellular response to oxygen-containing compound",1087,152,122.37,0.13863
"GO:0010638","positive regulation of organelle organization",462,70,52.01,0.13908
"GO:0051384","response to glucocorticoid",115,18,12.95,0.13919
"GO:0033500","carbohydrate homeostasis",222,31,24.99,0.13921
"GO:0071559","response to transforming growth factor beta",245,33,27.58,0.13929
"GO:0099068","postsynapse assembly",85,15,9.57,0.13929
"GO:1903169","regulation of calcium ion transmembrane transport",130,19,14.63,0.13942
"GO:0048679","regulation of axon regeneration",18,6,2.03,0.13947
"GO:0035864","response to potassium ion",18,5,2.03,0.1396
"GO:0009151","purine deoxyribonucleotide metabolic process",19,5,2.14,0.13961
"GO:0010464","regulation of mesenchymal cell proliferation",16,4,1.8,0.1397
"GO:0051590","positive regulation of neurotransmitter transport",25,5,2.81,0.1397
"GO:0097494","regulation of vesicle size",17,4,1.91,0.13971
"GO:0042092","type 2 immune response",35,6,3.94,0.13971
"GO:1902914","regulation of protein polyubiquitination",27,5,3.04,0.13973
"GO:0071985","multivesicular body sorting pathway",49,7,5.52,0.13979
"GO:0032785","negative regulation of DNA-templated transcription, elongation",24,4,2.7,0.13981
"GO:0046390","ribose phosphate biosynthetic process",176,21,19.81,0.13982
"GO:0070841","inclusion body assembly",25,4,2.81,0.13982
"GO:0097212","lysosomal membrane organization",18,3,2.03,0.13985
"GO:0035094","response to nicotine",46,8,5.18,0.13987
"GO:0071715","icosanoid transport",55,5,6.19,0.14012
"GO:0042129","regulation of T cell proliferation",143,11,16.1,0.14061
"GO:0045332","phospholipid translocation",55,10,6.19,0.14247
"GO:2001237","negative regulation of extrinsic apoptotic signaling pathway",75,12,8.44,0.14253
"GO:1900026","positive regulation of substrate adhesion-dependent cell spreading",39,7,4.39,0.14269
"GO:1903672","positive regulation of sprouting angiogenesis",25,5,2.81,0.14285
"GO:0051894","positive regulation of focal adhesion assembly",25,5,2.81,0.14285
"GO:0030150","protein import into mitochondrial matrix",25,5,2.81,0.14285
"GO:0035331","negative regulation of hippo signaling",25,5,2.81,0.14285
"GO:0010043","response to zinc ion",44,6,4.95,0.14311
"GO:0009743","response to carbohydrate",188,31,21.16,0.14348
"GO:1904377","positive regulation of protein localization to cell periphery",76,16,8.56,0.14389
"GO:0002028","regulation of sodium ion transport",62,14,6.98,0.14397
"GO:0010976","positive regulation of neuron projection development",141,22,15.87,0.14401
"GO:0030855","epithelial cell differentiation",503,65,56.62,0.14432
"GO:0032418","lysosome localization",79,9,8.89,0.14469
"GO:0015931","nucleobase-containing compound transport",228,28,25.67,0.14476
"GO:0048670","regulation of collateral sprouting",12,3,1.35,0.14488
"GO:0060457","negative regulation of digestive system process",12,3,1.35,0.14488
"GO:0008611","ether lipid biosynthetic process",12,3,1.35,0.14488
"GO:0035865","cellular response to potassium ion",12,3,1.35,0.14488
"GO:1990034","calcium ion export across plasma membrane",12,3,1.35,0.14488
"GO:0099640","axo-dendritic protein transport",12,3,1.35,0.14488
"GO:0106074","aminoacyl-tRNA metabolism involved in translational fidelity",12,3,1.35,0.14488
"GO:1905165","regulation of lysosomal protein catabolic process",12,3,1.35,0.14488
"GO:0032908","regulation of transforming growth factor beta1 production",12,3,1.35,0.14488
"GO:0030011","maintenance of cell polarity",12,3,1.35,0.14488
"GO:0042428","serotonin metabolic process",12,3,1.35,0.14488
"GO:0034380","high-density lipoprotein particle assembly",12,3,1.35,0.14488
"GO:2000052","positive regulation of non-canonical Wnt signaling pathway",12,3,1.35,0.14488
"GO:0043652","engulfment of apoptotic cell",12,3,1.35,0.14488
"GO:0098792","xenophagy",12,3,1.35,0.14488
"GO:0048012","hepatocyte growth factor receptor signaling pathway",12,3,1.35,0.14488
"GO:0032048","cardiolipin metabolic process",12,3,1.35,0.14488
"GO:2000253","positive regulation of feeding behavior",12,3,1.35,0.14488
"GO:0021895","cerebral cortex neuron differentiation",12,3,1.35,0.14488
"GO:0001736","establishment of planar polarity",12,3,1.35,0.14488
"GO:0070885","negative regulation of calcineurin-NFAT signaling cascade",12,3,1.35,0.14488
"GO:0031000","response to caffeine",12,3,1.35,0.14488
"GO:0033198","response to ATP",30,5,3.38,0.14489
"GO:0046685","response to arsenic-containing substance",27,4,3.04,0.145
"GO:0031048","regulatory ncRNA-mediated heterochromatin formation",28,4,3.15,0.14502
"GO:0003002","regionalization",235,23,26.46,0.14576
"GO:0006887","exocytosis",343,63,38.61,0.14653
"GO:0016042","lipid catabolic process",331,44,37.26,0.14686
"GO:0045184","establishment of protein localization",1532,227,172.46,0.14698
"GO:0000045","autophagosome assembly",113,18,12.72,0.14738
"GO:0032869","cellular response to insulin stimulus",192,26,21.61,0.14811
"GO:0051668","localization within membrane",706,126,79.48,0.14813
"GO:0031398","positive regulation of protein ubiquitination",92,15,10.36,0.15224
"GO:0007154","cell communication",5999,794,675.33,0.15385
"GO:0032880","regulation of protein localization",822,126,92.54,0.15556
"GO:0070050","neuron cellular homeostasis",51,13,5.74,0.15705
"GO:0045740","positive regulation of DNA replication",40,7,4.5,0.15721
"GO:0006084","acetyl-CoA metabolic process",41,11,4.62,0.15724
"GO:0060271","cilium assembly",389,49,43.79,0.15732
"GO:0030148","sphingolipid biosynthetic process",108,17,12.16,0.15757
"GO:1902305","regulation of sodium ion transmembrane transport",38,9,4.28,0.1576
"GO:0021545","cranial nerve development",38,9,4.28,0.1576
"GO:0048745","smooth muscle tissue development",19,4,2.14,0.15823
"GO:0007263","nitric oxide mediated signal transduction",19,4,2.14,0.15823
"GO:0009084","L-glutamine family amino acid biosynthetic process",19,4,2.14,0.15823
"GO:0051580","regulation of neurotransmitter uptake",19,4,2.14,0.15823
"GO:0006744","ubiquinone biosynthetic process",19,4,2.14,0.15823
"GO:0061081","positive regulation of myeloid leukocyte cytokine production involved in immune response",19,4,2.14,0.15823
"GO:0045187","regulation of circadian sleep/wake cycle, sleep",19,4,2.14,0.15823
"GO:0098696","regulation of neurotransmitter receptor localization to postsynaptic specialization membrane",19,4,2.14,0.15823
"GO:0090162","establishment of epithelial cell polarity",19,4,2.14,0.15823
"GO:0010884","positive regulation of lipid storage",19,4,2.14,0.15823
"GO:0001709","cell fate determination",19,4,2.14,0.15823
"GO:0048490","anterograde synaptic vesicle transport",19,4,2.14,0.15823
"GO:0070886","positive regulation of calcineurin-NFAT signaling cascade",19,4,2.14,0.15823
"GO:1903427","negative regulation of reactive oxygen species biosynthetic process",19,4,2.14,0.15823
"GO:1903441","protein localization to ciliary membrane",19,4,2.14,0.15823
"GO:0031333","negative regulation of protein-containing complex assembly",140,25,15.76,0.15828
"GO:0060236","regulation of mitotic spindle organization",43,6,4.84,0.15839
"GO:0006893","Golgi to plasma membrane transport",69,18,7.77,0.15938
"GO:0019233","sensory perception of pain",63,12,7.09,0.15964
"GO:0032870","cellular response to hormone stimulus",613,91,69.01,0.15972
"GO:0008306","associative learning",55,10,6.19,0.15995
"GO:0015012","heparan sulfate proteoglycan biosynthetic process",33,6,3.71,0.16039
"GO:0002027","regulation of heart rate",97,16,10.92,0.1607
"GO:0070936","protein K48-linked ubiquitination",101,15,11.37,0.16072
"GO:0061001","regulation of dendritic spine morphogenesis",46,8,5.18,0.16128
"GO:0099550","trans-synaptic signaling, modulating synaptic transmission",26,5,2.93,0.16147
"GO:0032941","secretion by tissue",26,5,2.93,0.16147
"GO:0001675","acrosome assembly",26,5,2.93,0.16147
"GO:0045807","positive regulation of endocytosis",153,15,17.22,0.16168
"GO:0000209","protein polyubiquitination",268,43,30.17,0.16177
"GO:0010629","negative regulation of gene expression",1255,110,141.28,0.16196
"GO:0097193","intrinsic apoptotic signaling pathway",279,29,31.41,0.16264
"GO:0016192","vesicle-mediated transport",1557,236,175.28,0.16476
"GO:0008277","regulation of G protein-coupled receptor signaling pathway",147,24,16.55,0.16493
"GO:0007229","integrin-mediated signaling pathway",108,15,12.16,0.16636
"GO:0043648","dicarboxylic acid metabolic process",86,23,9.68,0.17109
"GO:0003333","amino acid transmembrane transport",101,19,11.37,0.1722
"GO:1904646","cellular response to amyloid-beta",41,7,4.62,0.17237
"GO:0043069","negative regulation of programmed cell death",748,89,84.21,0.17273
"GO:0010812","negative regulation of cell-substrate adhesion",57,11,6.42,0.17281
"GO:0007200","phospholipase C-activating G protein-coupled receptor signaling pathway",150,21,16.89,0.17287
"GO:0060333","type II interferon-mediated signaling pathway",26,6,2.93,0.1731
"GO:0008631","intrinsic apoptotic signaling pathway in response to oxidative stress",55,9,6.19,0.17315
"GO:0006901","vesicle coating",38,7,4.28,0.17317
"GO:0014032","neural crest cell development",58,9,6.53,0.17322
"GO:0045444","fat cell differentiation",177,23,19.93,0.17337
"GO:0032276","regulation of gonadotropin secretion",13,3,1.46,0.17341
"GO:0050910","detection of mechanical stimulus involved in sensory perception of sound",13,3,1.46,0.17341
"GO:0060334","regulation of type II interferon-mediated signaling pathway",13,3,1.46,0.17341
"GO:0072584","caveolin-mediated endocytosis",13,3,1.46,0.17341
"GO:0003128","heart field specification",13,3,1.46,0.17341
"GO:0032966","negative regulation of collagen biosynthetic process",13,3,1.46,0.17341
"GO:0006287","base-excision repair, gap-filling",13,3,1.46,0.17341
"GO:0030033","microvillus assembly",13,3,1.46,0.17341
"GO:0009155","purine deoxyribonucleotide catabolic process",13,3,1.46,0.17341
"GO:0045475","locomotor rhythm",13,3,1.46,0.17341
"GO:0016024","CDP-diacylglycerol biosynthetic process",13,3,1.46,0.17341
"GO:0008063","Toll signaling pathway",13,3,1.46,0.17341
"GO:0010799","regulation of peptidyl-threonine phosphorylation",13,3,1.46,0.17341
"GO:0033147","negative regulation of intracellular estrogen receptor signaling pathway",13,3,1.46,0.17341
"GO:1904179","positive regulation of adipose tissue development",13,3,1.46,0.17341
"GO:2000833","positive regulation of steroid hormone secretion",13,3,1.46,0.17341
"GO:1900152","negative regulation of nuclear-transcribed mRNA catabolic process, deadenylation-dependent decay",13,3,1.46,0.17341
"GO:0006730","one-carbon metabolic process",23,4,2.59,0.17343
"GO:0006497","protein lipidation",44,6,4.95,0.1735
"GO:0051403","stress-activated MAPK cascade",45,6,5.07,0.17352
"GO:0002474","antigen processing and presentation of peptide antigen via MHC class I",34,4,3.83,0.17367
"GO:0042770","signal transduction in response to DNA damage",184,18,20.71,0.17425
"GO:0051094","positive regulation of developmental process",1127,133,126.87,0.17613
"GO:0048511","rhythmic process",270,47,30.4,0.17687
"GO:0007409","axonogenesis",355,75,39.96,0.17717
"GO:0045880","positive regulation of smoothened signaling pathway",34,6,3.83,0.17744
"GO:0051897","positive regulation of phosphatidylinositol 3-kinase/protein kinase B signal transduction",183,25,20.6,0.17814
"GO:0000086","G2/M transition of mitotic cell cycle",130,14,14.63,0.1783
"GO:0006417","regulation of translation",368,40,41.43,0.17874
"GO:0099175","regulation of postsynapse organization",142,25,15.99,0.17902
"GO:0051223","regulation of protein transport",389,61,43.79,0.17912
"GO:0040008","regulation of growth",464,67,52.23,0.1795
"GO:0031503","protein-containing complex localization",80,16,9.01,0.1796
"GO:0046928","regulation of neurotransmitter secretion",79,17,8.89,0.17971
"GO:0006635","fatty acid beta-oxidation",67,12,7.54,0.18009
"GO:0045664","regulation of neuron differentiation",116,17,13.06,0.18045
"GO:0061951","establishment of protein localization to plasma membrane",65,16,7.32,0.18049
"GO:0060047","heart contraction",223,33,25.1,0.18061
"GO:0035773","insulin secretion involved in cellular response to glucose stimulus",62,14,6.98,0.18075
"GO:0071526","semaphorin-plexin signaling pathway",49,8,5.52,0.18082
"GO:1905037","autophagosome organization",120,20,13.51,0.18083
"GO:0048512","circadian behavior",43,11,4.84,0.18089
"GO:0042157","lipoprotein metabolic process",79,11,8.89,0.18096
"GO:0098815","modulation of excitatory postsynaptic potential",48,11,5.4,0.18098
"GO:0021955","central nervous system neuron axonogenesis",22,8,2.48,0.18099
"GO:0006656","phosphatidylcholine biosynthetic process",27,5,3.04,0.181
"GO:0072337","modified amino acid transport",40,6,4.5,0.18113
"GO:0006085","acetyl-CoA biosynthetic process",22,7,2.48,0.18114
"GO:0090596","sensory organ morphogenesis",150,21,16.89,0.1812
"GO:0001975","response to amphetamine",20,4,2.25,0.18126
"GO:0003184","pulmonary valve morphogenesis",20,4,2.25,0.18126
"GO:1902742","apoptotic process involved in development",20,4,2.25,0.18126
"GO:0006607","NLS-bearing protein import into nucleus",20,4,2.25,0.18126
"GO:0090267","positive regulation of mitotic cell cycle spindle assembly checkpoint",20,4,2.25,0.18126
"GO:0006929","substrate-dependent cell migration",20,4,2.25,0.18126
"GO:0021772","olfactory bulb development",20,4,2.25,0.18126
"GO:0001569","branching involved in blood vessel morphogenesis",20,4,2.25,0.18126
"GO:0035303","regulation of dephosphorylation",20,4,2.25,0.18126
"GO:0033555","multicellular organismal response to stress",48,9,5.4,0.18129
"GO:1901889","negative regulation of cell junction assembly",36,7,4.05,0.18139
"GO:0090288","negative regulation of cellular response to growth factor stimulus",94,13,10.58,0.18147
"GO:0010761","fibroblast migration",42,7,4.73,0.18149
"GO:0032675","regulation of interleukin-6 production",132,17,14.86,0.18151
"GO:0032328","alanine transport",18,4,2.03,0.18154
"GO:0019432","triglyceride biosynthetic process",40,5,4.5,0.18156
"GO:2001212","regulation of vasculogenesis",20,4,2.25,0.18157
"GO:0090022","regulation of neutrophil chemotaxis",31,5,3.49,0.18161
"GO:0150146","cell junction disassembly",40,6,4.5,0.18161
"GO:0006081","aldehyde metabolic process",78,9,8.78,0.18163
"GO:0090559","regulation of membrane permeability",59,8,6.64,0.18163
"GO:0042438","melanin biosynthetic process",25,4,2.81,0.18166
"GO:0046040","IMP metabolic process",17,3,1.91,0.18168
"GO:0086005","ventricular cardiac muscle cell action potential",35,5,3.94,0.18168
"GO:0034163","regulation of toll-like receptor 9 signaling pathway",18,3,2.03,0.18169
"GO:0006837","serotonin transport",20,3,2.25,0.18173
"GO:0003081","regulation of systemic arterial blood pressure by renin-angiotensin",26,3,2.93,0.18183
"GO:2000516","positive regulation of CD4-positive, alpha-beta T cell activation",37,4,4.17,0.18187
"GO:0010828","positive regulation of D-glucose transmembrane transport",33,3,3.71,0.18196
"GO:0042310","vasoconstriction",69,7,7.77,0.18196
"GO:0060038","cardiac muscle cell proliferation",37,3,4.17,0.18203
"GO:0010594","regulation of endothelial cell migration",174,16,19.59,0.18241
"GO:0031023","microtubule organizing center organization",154,13,17.34,0.18253
"GO:0050671","positive regulation of lymphocyte proliferation",115,8,12.95,0.18262
"GO:0030182","neuron differentiation",1162,197,130.81,0.18336
"GO:0032024","positive regulation of insulin secretion",79,17,8.89,0.18609
"GO:0048609","multicellular organismal reproductive process",785,57,88.37,0.18697
"GO:0001947","heart looping",42,7,4.73,0.18814
"GO:0086091","regulation of heart rate by cardiac conduction",42,7,4.73,0.18814
"GO:0071168","protein localization to chromatin",56,8,6.3,0.18834
"GO:0050789","regulation of biological process",11091,1324,1248.56,0.18903
"GO:0016567","protein ubiquitination",702,104,79.03,0.19133
"GO:0043010","camera-type eye development",205,32,23.08,0.1929
"GO:0071230","cellular response to amino acid stimulus",62,10,6.98,0.19526
"GO:0048013","ephrin receptor signaling pathway",50,8,5.63,0.19552
"GO:0010975","regulation of neuron projection development",375,68,42.22,0.19874
"GO:0071108","protein K48-linked deubiquitination",28,5,3.15,0.20136
"GO:0006883","intracellular sodium ion homeostasis",28,5,3.15,0.20136
"GO:1900017","positive regulation of cytokine production involved in inflammatory response",28,5,3.15,0.20136
"GO:0071677","positive regulation of mononuclear cell migration",91,14,10.24,0.2028
"GO:0016043","cellular component organization",6295,785,708.66,0.20308
"GO:0015867","ATP transport",24,5,2.7,0.20313
"GO:0071073","positive regulation of phospholipid biosynthetic process",14,3,1.58,0.20332
"GO:0006068","ethanol catabolic process",14,3,1.58,0.20332
"GO:0035860","glial cell-derived neurotrophic factor receptor signaling pathway",14,3,1.58,0.20332
"GO:0106072","negative regulation of adenylate cyclase-activating G protein-coupled receptor signaling pathway",14,3,1.58,0.20332
"GO:0006388","tRNA splicing, via endonucleolytic cleavage and ligation",14,3,1.58,0.20332
"GO:0043217","myelin maintenance",14,3,1.58,0.20332
"GO:0009170","purine deoxyribonucleoside monophosphate metabolic process",14,3,1.58,0.20332
"GO:0090385","phagosome-lysosome fusion",14,3,1.58,0.20332
"GO:0170043","non-proteinogenic amino acid biosynthetic process",14,3,1.58,0.20332
"GO:0001779","natural killer cell differentiation",14,3,1.58,0.20332
"GO:0021533","cell differentiation in hindbrain",14,3,1.58,0.20332
"GO:0021697","cerebellar cortex formation",14,3,1.58,0.20332
"GO:1903377","negative regulation of oxidative stress-induced neuron intrinsic apoptotic signaling pathway",14,3,1.58,0.20332
"GO:0044319","wound healing, spreading of cells",37,5,4.17,0.20345
"GO:0085029","extracellular matrix assembly",38,5,4.28,0.20348
"GO:0006809","nitric oxide biosynthetic process",67,8,7.54,0.20354
"GO:0002753","cytoplasmic pattern recognition receptor signaling pathway",189,20,21.28,0.20393
"GO:0097242","amyloid-beta clearance",38,8,4.28,0.20474
"GO:0043627","response to estrogen",62,8,6.98,0.20488
"GO:0048741","skeletal muscle fiber development",21,4,2.36,0.2053
"GO:0060307","regulation of ventricular cardiac muscle cell membrane repolarization",21,4,2.36,0.2053
"GO:0071280","cellular response to copper ion",21,4,2.36,0.2053
"GO:1902774","late endosome to lysosome transport",21,4,2.36,0.2053
"GO:2000114","regulation of establishment of cell polarity",21,4,2.36,0.2053
"GO:0010881","regulation of cardiac muscle contraction by regulation of the release of sequestered calcium ion",21,4,2.36,0.2053
"GO:0048147","negative regulation of fibroblast proliferation",21,4,2.36,0.2053
"GO:0006879","intracellular iron ion homeostasis",74,11,8.33,0.20674
"GO:0031146","SCF-dependent proteasomal ubiquitin-dependent protein catabolic process",82,12,9.23,0.20836
"GO:0060079","excitatory postsynaptic potential",99,19,11.14,0.20839
"GO:0003008","system process",1835,239,206.57,0.20872
"GO:0120035","regulation of plasma membrane bounded cell projection organization",568,94,63.94,0.20927
"GO:1990573","potassium ion import across plasma membrane",51,8,5.74,0.21068
"GO:0060491","regulation of cell projection assembly",199,31,22.4,0.21164
"GO:0120032","regulation of plasma membrane bounded cell projection assembly",197,30,22.18,0.21173
"GO:0046032","ADP catabolic process",85,17,9.57,0.21177
"GO:0051385","response to mineralocorticoid",35,10,3.94,0.21192
"GO:0106027","neuron projection organization",91,14,10.24,0.21216
"GO:0031343","positive regulation of cell killing",58,10,6.53,0.2122
"GO:1903859","regulation of dendrite extension",24,6,2.7,0.21221
"GO:0002861","regulation of inflammatory response to antigenic stimulus",36,7,4.05,0.21225
"GO:0009301","snRNA transcription",19,5,2.14,0.21226
"GO:0006743","ubiquinone metabolic process",21,5,2.36,0.21228
"GO:0097106","postsynaptic density organization",48,8,5.4,0.21229
"GO:0022410","circadian sleep/wake cycle process",22,5,2.48,0.2123
"GO:1990173","protein localization to nucleoplasm",14,4,1.58,0.21231
"GO:2000058","regulation of ubiquitin-dependent protein catabolic process",159,20,17.9,0.21234
"GO:0038034","signal transduction in absence of ligand",44,7,4.95,0.21235
"GO:0032196","transposition",45,7,5.07,0.21236
"GO:0032210","regulation of telomere maintenance via telomerase",46,7,5.18,0.21237
"GO:0140354","lipid import into cell",20,4,2.25,0.21238
"GO:0031098","stress-activated protein kinase signaling cascade",47,7,5.29,0.21238
"GO:0021587","cerebellum morphogenesis",22,4,2.48,0.2124
"GO:0060211","regulation of nuclear-transcribed mRNA poly(A) tail shortening",15,3,1.69,0.21243
"GO:0034656","nucleobase-containing small molecule catabolic process",16,3,1.8,0.21244
"GO:0070206","protein trimerization",16,3,1.8,0.21244
"GO:0001893","maternal placenta development",17,3,1.91,0.21245
"GO:0065002","intracellular protein transmembrane transport",35,5,3.94,0.21245
"GO:0038127","ERBB signaling pathway",143,17,16.1,0.21247
"GO:0009127","purine nucleoside monophosphate biosynthetic process",20,3,2.25,0.21248
"GO:0034111","negative regulation of homotypic cell-cell adhesion",12,2,1.35,0.2125
"GO:0009756","carbohydrate mediated signaling",12,2,1.35,0.2125
"GO:0019627","urea metabolic process",13,2,1.46,0.21251
"GO:0075509","endocytosis involved in viral entry into host cell",13,2,1.46,0.21251
"GO:0072529","pyrimidine-containing compound catabolic process",24,3,2.7,0.21253
"GO:0006517","protein deglycosylation",17,2,1.91,0.21255
"GO:0051052","regulation of DNA metabolic process",479,54,53.92,0.21256
"GO:0048659","smooth muscle cell proliferation",134,15,15.08,0.21257
"GO:1903523","negative regulation of blood circulation",20,2,2.25,0.21259
"GO:0097006","regulation of plasma lipoprotein particle levels",83,9,9.34,0.2126
"GO:0070977","bone maturation",21,2,2.36,0.2126
"GO:0046622","positive regulation of organ growth",30,3,3.38,0.2126
"GO:0051349","positive regulation of lyase activity",23,2,2.59,0.21263
"GO:0141161","regulation of cAMP/PKA signal transduction",50,5,5.63,0.21263
"GO:0045229","external encapsulating structure organization",264,29,29.72,0.21264
"GO:0043370","regulation of CD4-positive, alpha-beta T cell differentiation",52,5,5.85,0.21265
"GO:0030323","respiratory tube development",70,7,7.88,0.21266
"GO:0046854","phosphatidylinositol phosphate biosynthetic process",59,11,6.64,0.21271
"GO:0050851","antigen receptor-mediated signaling pathway",194,20,21.84,0.21276
"GO:0032653","regulation of interleukin-10 production",56,4,6.3,0.21281
"GO:0120161","regulation of cold-induced thermogenesis",151,14,17,0.21288
"GO:0032496","response to lipopolysaccharide",275,27,30.96,0.21305
"GO:0046651","lymphocyte proliferation",221,20,24.88,0.21309
"GO:0006469","negative regulation of protein kinase activity",65,7,7.32,0.21435
"GO:0051254","positive regulation of RNA metabolic process",1748,175,196.78,0.21514
"GO:0051289","protein homotetramerization",67,10,7.54,0.21766
"GO:0030178","negative regulation of Wnt signaling pathway",158,27,17.79,0.22
"GO:0010648","negative regulation of cell communication",1372,178,154.45,0.22051
"GO:0150052","regulation of postsynapse assembly",44,7,4.95,0.2213
"GO:0021762","substantia nigra development",44,7,4.95,0.2213
"GO:1900227","positive regulation of NLRP3 inflammasome complex assembly",29,5,3.26,0.22243
"GO:0031589","cell-substrate adhesion",325,50,36.59,0.22269
"GO:1902652","secondary alcohol metabolic process",138,25,15.54,0.22344
"GO:0009895","negative regulation of catabolic process",345,48,38.84,0.22348
"GO:0031629","synaptic vesicle fusion to presynaptic active zone membrane",29,8,3.26,0.22432
"GO:0051205","protein insertion into membrane",71,12,7.99,0.22445
"GO:0090025","regulation of monocyte chemotaxis",31,7,3.49,0.22455
"GO:0015936","coenzyme A metabolic process",18,5,2.03,0.22465
"GO:0070925","organelle assembly",1006,116,113.25,0.22467
"GO:0060295","regulation of cilium movement involved in cell motility",28,6,3.15,0.22467
"GO:0045047","protein targeting to ER",46,8,5.18,0.22467
"GO:1903035","negative regulation of response to wounding",85,12,9.57,0.22474
"GO:0035751","regulation of lysosomal lumen pH",32,6,3.6,0.22475
"GO:0098926","postsynaptic signal transduction",51,8,5.74,0.22478
"GO:0015810","aspartate transmembrane transport",19,4,2.14,0.22485
"GO:0034405","response to fluid shear stress",55,8,6.19,0.22486
"GO:0071773","cellular response to BMP stimulus",149,18,16.77,0.22497
"GO:0043043","peptide biosynthetic process",22,3,2.48,0.2251
"GO:0043543","protein acylation",63,7,7.09,0.22521
"GO:0046902","regulation of mitochondrial membrane permeability",46,5,5.18,0.22523
"GO:0002444","myeloid leukocyte mediated immunity",100,11,11.26,0.22524
"GO:0043299","leukocyte degranulation",71,6,7.99,0.22556
"GO:0030514","negative regulation of BMP signaling pathway",52,8,5.85,0.22629
"GO:1903047","mitotic cell cycle process",718,72,80.83,0.22689
"GO:0035295","tube development",812,81,91.41,0.22721
"GO:1901570","fatty acid derivative biosynthetic process",50,11,5.63,0.22908
"GO:0031334","positive regulation of protein-containing complex assembly",188,27,21.16,0.22964
"GO:0050769","positive regulation of neurogenesis",174,29,19.59,0.22966
"GO:0046471","phosphatidylglycerol metabolic process",34,7,3.83,0.22972
"GO:0051402","neuron apoptotic process",220,27,24.77,0.22999
"GO:0008542","visual learning",22,4,2.48,0.2302
"GO:0071786","endoplasmic reticulum tubular network organization",22,4,2.48,0.2302
"GO:0030007","intracellular potassium ion homeostasis",22,4,2.48,0.2302
"GO:0010460","positive regulation of heart rate",22,4,2.48,0.2302
"GO:0033138","positive regulation of peptidyl-serine phosphorylation",22,4,2.48,0.2302
"GO:0010566","regulation of ketone biosynthetic process",22,4,2.48,0.2302
"GO:0007602","phototransduction",39,5,4.39,0.23046
"GO:0007566","embryo implantation",43,5,4.84,0.23059
"GO:0034341","response to type II interferon",109,19,12.27,0.23067
"GO:0006661","phosphatidylinositol biosynthetic process",127,20,14.3,0.23105
"GO:0032436","positive regulation of proteasomal ubiquitin-dependent protein catabolic process",76,11,8.56,0.2324
"GO:0072348","sulfur compound transport",65,9,7.32,0.23254
"GO:0051896","regulation of phosphatidylinositol 3-kinase/protein kinase B signal transduction",248,35,27.92,0.23286
"GO:0016310","phosphorylation",694,82,78.13,0.23364
"GO:0032204","regulation of telomere maintenance",109,16,12.27,0.2337
"GO:0140058","neuron projection arborization",30,5,3.38,0.23422
"GO:0045616","regulation of keratinocyte differentiation",30,5,3.38,0.23422
"GO:0061684","chaperone-mediated autophagy",15,3,1.69,0.2343
"GO:0035435","phosphate ion transmembrane transport",15,3,1.69,0.2343
"GO:0071397","cellular response to cholesterol",15,3,1.69,0.2343
"GO:0015812","gamma-aminobutyric acid transport",15,3,1.69,0.2343
"GO:0031645","negative regulation of nervous system process",15,3,1.69,0.2343
"GO:0043576","regulation of respiratory gaseous exchange",15,3,1.69,0.2343
"GO:0006541","glutamine metabolic process",15,3,1.69,0.2343
"GO:2000328","regulation of T-helper 17 cell lineage commitment",15,3,1.69,0.2343
"GO:1902916","positive regulation of protein polyubiquitination",15,3,1.69,0.2343
"GO:2000402","negative regulation of lymphocyte migration",15,3,1.69,0.2343
"GO:1900029","positive regulation of ruffle assembly",15,3,1.69,0.2343
"GO:0032099","negative regulation of appetite",15,3,1.69,0.2343
"GO:0045820","negative regulation of glycolytic process",15,3,1.69,0.2343
"GO:1900006","positive regulation of dendrite development",15,3,1.69,0.2343
"GO:0002693","positive regulation of cellular extravasation",15,3,1.69,0.2343
"GO:0045542","positive regulation of cholesterol biosynthetic process",15,3,1.69,0.2343
"GO:0035092","sperm DNA condensation",15,3,1.69,0.2343
"GO:0036197","zymosterol biosynthetic process",15,3,1.69,0.2343
"GO:0070863","positive regulation of protein exit from endoplasmic reticulum",15,3,1.69,0.2343
"GO:1900452","regulation of long-term synaptic depression",15,3,1.69,0.2343
"GO:0048172","regulation of short-term neuronal synaptic plasticity",15,3,1.69,0.2343
"GO:0045956","positive regulation of calcium ion-dependent exocytosis",15,3,1.69,0.2343
"GO:0060396","growth hormone receptor signaling pathway",25,4,2.81,0.23433
"GO:0050771","negative regulation of axonogenesis",34,5,3.83,0.23433
"GO:0060544","regulation of necroptotic process",29,4,3.26,0.23444
"GO:0006940","regulation of smooth muscle contraction",48,6,5.4,0.23448
"GO:0010558","negative regulation of macromolecule biosynthetic process",2290,213,257.8,0.23477
"GO:0038066","p38MAPK cascade",52,5,5.85,0.23483
"GO:0034612","response to tumor necrosis factor",204,18,22.97,0.23586
"GO:0016239","positive regulation of macroautophagy",89,17,10.02,0.23652
"GO:0090148","membrane fission",45,7,5.07,0.2386
"GO:0016339","calcium-dependent cell-cell adhesion",45,7,5.07,0.2386
"GO:0010719","negative regulation of epithelial to mesenchymal transition",45,7,5.07,0.2386
"GO:0071333","cellular response to glucose stimulus",123,23,13.85,0.23909
"GO:0008203","cholesterol metabolic process",130,23,14.63,0.23944
"GO:0050796","regulation of insulin secretion",146,25,16.44,0.24172
"GO:0008286","insulin receptor signaling pathway",114,14,12.83,0.24268
"GO:0010039","response to iron ion",30,5,3.38,0.24413
"GO:0042573","retinoic acid metabolic process",30,5,3.38,0.24413
"GO:0010575","positive regulation of vascular endothelial growth factor production",30,5,3.38,0.24413
"GO:0089718","amino acid import across plasma membrane",50,7,5.63,0.24421
"GO:0007589","body fluid secretion",54,7,6.08,0.24437
"GO:0043588","skin development",194,21,21.84,0.24498
"GO:0032755","positive regulation of interleukin-6 production",85,12,9.57,0.24536
"GO:0030308","negative regulation of cell growth",150,22,16.89,0.25
"GO:0051302","regulation of cell division",173,26,19.48,0.25003
"GO:0003180","aortic valve morphogenesis",38,6,4.28,0.25192
"GO:0048146","positive regulation of fibroblast proliferation",38,6,4.28,0.25192
"GO:0072344","rescue of stalled cytosolic ribosome",38,6,4.28,0.25192
"GO:0055088","lipid homeostasis",169,20,19.03,0.25221
"GO:0034113","heterotypic cell-cell adhesion",59,7,6.64,0.25245
"GO:0048812","neuron projection morphogenesis",531,107,59.78,0.25271
"GO:0071346","cellular response to type II interferon",72,13,8.11,0.25499
"GO:0032211","negative regulation of telomere maintenance via telomerase",23,4,2.59,0.25578
"GO:0051642","centrosome localization",23,4,2.59,0.25578
"GO:0021884","forebrain neuron development",23,4,2.59,0.25578
"GO:0008333","endosome to lysosome transport",65,8,7.32,0.25681
"GO:1901698","response to nitrogen compound",843,121,94.9,0.25696
"GO:1902895","positive regulation of miRNA transcription",54,8,6.08,0.25866
"GO:0035725","sodium ion transmembrane transport",184,31,20.71,0.25971
"GO:0031397","negative regulation of protein ubiquitination",70,10,7.88,0.25975
"GO:0051048","negative regulation of secretion",145,28,16.32,0.26319
"GO:0006979","response to oxidative stress",386,47,43.45,0.26421
"GO:0061512","protein localization to cilium",89,16,10.02,0.26471
"GO:0070585","protein localization to mitochondrion",127,20,14.3,0.26481
"GO:0071902","positive regulation of protein serine/threonine kinase activity",43,10,4.84,0.26496
"GO:0045806","negative regulation of endocytosis",62,10,6.98,0.26553
"GO:0001954","positive regulation of cell-matrix adhesion",56,10,6.3,0.26555
"GO:0015804","neutral amino acid transport",55,9,6.19,0.26559
"GO:0003016","respiratory system process",16,3,1.8,0.26602
"GO:1903265","positive regulation of tumor necrosis factor-mediated signaling pathway",16,3,1.8,0.26602
"GO:0008595","anterior/posterior axis specification, embryo",16,3,1.8,0.26602
"GO:0032816","positive regulation of natural killer cell activation",16,3,1.8,0.26602
"GO:0032530","regulation of microvillus organization",16,3,1.8,0.26602
"GO:0060425","lung morphogenesis",16,3,1.8,0.26602
"GO:0031128","developmental induction",16,3,1.8,0.26602
"GO:0007210","serotonin receptor signaling pathway",16,3,1.8,0.26602
"GO:1901077","regulation of relaxation of muscle",16,3,1.8,0.26602
"GO:0097091","synaptic vesicle clustering",16,3,1.8,0.26602
"GO:1902514","regulation of calcium ion transmembrane transport via high voltage-gated calcium channel",16,3,1.8,0.26602
"GO:0140627","ubiquitin-dependent protein catabolic process via the C-end degron rule pathway",16,3,1.8,0.26602
"GO:0046512","sphingosine biosynthetic process",16,3,1.8,0.26602
"GO:0010310","regulation of hydrogen peroxide metabolic process",16,3,1.8,0.26602
"GO:2000369","regulation of clathrin-dependent endocytosis",16,3,1.8,0.26602
"GO:0090336","positive regulation of brown fat cell differentiation",16,3,1.8,0.26602
"GO:0097400","interleukin-17-mediated signaling pathway",16,3,1.8,0.26602
"GO:0050427","3'-phosphoadenosine 5'-phosphosulfate metabolic process",16,3,1.8,0.26602
"GO:0048313","Golgi inheritance",16,3,1.8,0.26602
"GO:0055062","phosphate ion homeostasis",16,3,1.8,0.26602
"GO:0099151","regulation of postsynaptic density assembly",16,3,1.8,0.26602
"GO:1900226","negative regulation of NLRP3 inflammasome complex assembly",16,3,1.8,0.26602
"GO:1902065","response to L-glutamate",16,3,1.8,0.26602
"GO:0046686","response to cadmium ion",34,5,3.83,0.26603
"GO:0046037","GMP metabolic process",27,4,3.04,0.26609
"GO:0031641","regulation of myelination",37,5,4.17,0.26612
"GO:0042073","intraciliary transport",55,7,6.19,0.26613
"GO:0090317","negative regulation of intracellular protein transport",30,4,3.38,0.26618
"GO:0034121","regulation of toll-like receptor signaling pathway",34,4,3.83,0.2663
"GO:0110020","regulation of actomyosin structure organization",93,24,10.47,0.2663
"GO:0051602","response to electrical stimulus",31,5,3.49,0.26635
"GO:0050658","RNA transport",157,16,17.67,0.2668
"GO:0043297","apical junction assembly",59,14,6.64,0.2676
"GO:0010591","regulation of lamellipodium assembly",35,9,3.94,0.26809
"GO:0001919","regulation of receptor recycling",23,7,2.59,0.26823
"GO:0006665","sphingolipid metabolic process",157,22,17.67,0.26824
"GO:0097484","dendrite extension",33,8,3.71,0.26825
"GO:0120034","positive regulation of plasma membrane bounded cell projection assembly",108,16,12.16,0.26834
"GO:0046949","fatty-acyl-CoA biosynthetic process",28,7,3.15,0.26834
"GO:0046931","pore complex assembly",19,5,2.14,0.26855
"GO:0043616","keratinocyte proliferation",38,7,4.28,0.26858
"GO:0010882","regulation of cardiac muscle contraction by calcium ion signaling",30,6,3.38,0.2686
"GO:0032261","purine nucleotide salvage",19,4,2.14,0.26876
"GO:0046128","purine ribonucleoside metabolic process",19,4,2.14,0.26876
"GO:2000047","regulation of cell-cell adhesion mediated by cadherin",20,4,2.25,0.26878
"GO:0071305","cellular response to vitamin D",19,3,2.14,0.26897
"GO:0046653","tetrahydrofolate metabolic process",19,3,2.14,0.26897
"GO:0035264","multicellular organism growth",29,4,3.26,0.269
"GO:0032414","positive regulation of ion transmembrane transporter activity",30,4,3.38,0.26902
"GO:0009110","vitamin biosynthetic process",22,3,2.48,0.26904
"GO:0048265","response to pain",22,3,2.48,0.26904
"GO:0071577","zinc ion transmembrane transport",31,4,3.49,0.26904
"GO:0141005","transposable element silencing by heterochromatin formation",24,3,2.7,0.26909
"GO:0043903","regulation of biological process involved in symbiotic interaction",34,4,3.83,0.26911
"GO:0051651","maintenance of location in cell",56,6,6.3,0.26921
"GO:0032649","regulation of type II interferon production",115,7,12.95,0.2704
"GO:0050918","positive chemotaxis",62,9,6.98,0.27161
"GO:0032435","negative regulation of proteasomal ubiquitin-dependent protein catabolic process",39,6,4.39,0.27178
"GO:0006915","apoptotic process",1655,181,186.31,0.27401
"GO:0042149","cellular response to glucose starvation",47,7,5.29,0.27441
"GO:0045599","negative regulation of fat cell differentiation",47,7,5.29,0.27441
"GO:0006890","retrograde vesicle-mediated transport, Golgi to endoplasmic reticulum",55,8,6.19,0.27535
"GO:0042060","wound healing",378,40,42.55,0.27636
"GO:0006629","lipid metabolic process",1279,166,143.98,0.27697
"GO:0090277","positive regulation of peptide hormone secretion",103,21,11.6,0.27919
"GO:0043687","post-translational protein modification",933,134,105.03,0.27937
"GO:0051258","protein polymerization",266,38,29.94,0.27962
"GO:0051649","establishment of localization in cell",1776,275,199.93,0.2797
"GO:0051928","positive regulation of calcium ion transport",91,15,10.24,0.28074
"GO:0048663","neuron fate commitment",24,4,2.7,0.28189
"GO:0006706","steroid catabolic process",24,4,2.7,0.28189
"GO:0048015","phosphatidylinositol-mediated signaling",24,4,2.7,0.28189
"GO:0061709","reticulophagy",24,4,2.7,0.28189
"GO:0007042","lysosomal lumen acidification",24,4,2.7,0.28189
"GO:0005975","carbohydrate metabolic process",497,58,55.95,0.28206
"GO:0098609","cell-cell adhesion",905,107,101.88,0.2829
"GO:0072330","monocarboxylic acid biosynthetic process",217,21,24.43,0.28348
"GO:0006006","glucose metabolic process",157,25,17.67,0.2867
"GO:0009611","response to wounding",474,59,53.36,0.28731
"GO:0042059","negative regulation of epidermal growth factor receptor signaling pathway",32,5,3.6,0.28899
"GO:0036258","multivesicular body assembly",32,5,3.6,0.28899
"GO:0009636","response to toxic substance",234,25,26.34,0.29103
"GO:0045824","negative regulation of innate immune response",88,10,9.91,0.29192
"GO:0048518","positive regulation of biological process",5836,698,656.98,0.29241
"GO:1901699","cellular response to nitrogen compound",610,96,68.67,0.29251
"GO:0006631","fatty acid metabolic process",366,41,41.2,0.29274
"GO:0045785","positive regulation of cell adhesion",425,43,47.84,0.29478
"GO:0030001","metal ion transport",819,133,92.2,0.29519
"GO:0097435","supramolecular fiber organization",766,97,86.23,0.29526
"GO:0002548","monocyte chemotaxis",48,10,5.4,0.29718
"GO:0010821","regulation of mitochondrion organization",109,15,12.27,0.29772
"GO:1903055","positive regulation of extracellular matrix organization",30,5,3.38,0.29804
"GO:0048384","retinoic acid receptor signaling pathway",32,5,3.6,0.29811
"GO:0086002","cardiac muscle cell action potential involved in contraction",60,8,6.75,0.29815
"GO:1903140","regulation of establishment of endothelial barrier",17,3,1.91,0.2982
"GO:0048596","embryonic camera-type eye morphogenesis",17,3,1.91,0.2982
"GO:0044790","suppression of viral release by host",17,3,1.91,0.2982
"GO:0050908","detection of light stimulus involved in visual perception",17,3,1.91,0.2982
"GO:0038092","nodal signaling pathway",17,3,1.91,0.2982
"GO:0060340","positive regulation of type I interferon-mediated signaling pathway",17,3,1.91,0.2982
"GO:0007168","receptor guanylyl cyclase signaling pathway",17,3,1.91,0.2982
"GO:0022011","myelination in peripheral nervous system",17,3,1.91,0.2982
"GO:0002320","lymphoid progenitor cell differentiation",17,3,1.91,0.2982
"GO:0002839","positive regulation of immune response to tumor cell",17,3,1.91,0.2982
"GO:0051900","regulation of mitochondrial depolarization",17,3,1.91,0.2982
"GO:2000434","regulation of protein neddylation",17,3,1.91,0.2982
"GO:0002689","negative regulation of leukocyte chemotaxis",17,3,1.91,0.2982
"GO:0061154","endothelial tube morphogenesis",17,3,1.91,0.2982
"GO:0110110","positive regulation of animal organ morphogenesis",17,3,1.91,0.2982
"GO:1903054","negative regulation of extracellular matrix organization",17,3,1.91,0.2982
"GO:0055091","phospholipid homeostasis",17,3,1.91,0.2982
"GO:0032486","Rap protein signal transduction",17,3,1.91,0.2982
"GO:2001243","negative regulation of intrinsic apoptotic signaling pathway",91,11,10.24,0.29829
"GO:0006139","nucleobase-containing compound metabolic process",5482,523,617.13,0.2986
"GO:1902903","regulation of supramolecular fiber organization",349,56,39.29,0.29884
"GO:0009628","response to abiotic stimulus",962,120,108.3,0.2995
"GO:0071331","cellular response to hexose stimulus",126,24,14.18,0.29985
"GO:0031644","regulation of nervous system process",118,23,13.28,0.29986
"GO:0009792","embryo development ending in birth or egg hatching",240,22,27.02,0.29999
"GO:0099565","chemical synaptic transmission, postsynaptic",111,21,12.5,0.30004
"GO:1990928","response to amino acid starvation",56,14,6.3,0.30015
"GO:0042063","gliogenesis",228,32,25.67,0.30034
"GO:0000041","transition metal ion transport",95,16,10.69,0.30049
"GO:0014037","Schwann cell differentiation",30,8,3.38,0.30059
"GO:0048144","fibroblast proliferation",63,11,7.09,0.30069
"GO:0061050","regulation of cell growth involved in cardiac muscle cell development",16,5,1.8,0.30079
"GO:1902932","positive regulation of alcohol biosynthetic process",28,6,3.15,0.30084
"GO:1990182","exosomal secretion",20,5,2.25,0.30085
"GO:0010573","vascular endothelial growth factor production",39,7,4.39,0.30087
"GO:0031445","regulation of heterochromatin formation",13,4,1.46,0.30088
"GO:0033145","positive regulation of intracellular steroid hormone receptor signaling pathway",13,4,1.46,0.30088
"GO:0042749","regulation of circadian sleep/wake cycle",22,5,2.48,0.30088
"GO:0019359","nicotinamide nucleotide biosynthetic process",22,5,2.48,0.30088
"GO:0071871","response to epinephrine",14,4,1.58,0.3009
"GO:0030431","sleep",23,5,2.59,0.3009
"GO:0001845","phagolysosome assembly",17,4,1.91,0.30095
"GO:0019319","hexose biosynthetic process",80,11,9.01,0.30096
"GO:0002295","T-helper cell lineage commitment",28,5,3.15,0.30098
"GO:0006721","terpenoid metabolic process",108,14,12.16,0.30098
"GO:0003179","heart valve morphogenesis",55,8,6.19,0.30099
"GO:0072677","eosinophil migration",22,4,2.48,0.30103
"GO:0071453","cellular response to oxygen levels",165,20,18.57,0.30104
"GO:1900543","negative regulation of purine nucleotide metabolic process",23,4,2.59,0.30104
"GO:0070141","response to UV-A",15,3,1.69,0.30106
"GO:0061734","type 2 mitophagy",15,3,1.69,0.30106
"GO:0062098","regulation of programmed necrotic cell death",35,5,3.94,0.30109
"GO:1905897","regulation of response to endoplasmic reticulum stress",92,11,10.36,0.30115
"GO:0036119","response to platelet-derived growth factor",24,3,2.7,0.3012
"GO:0008211","glucocorticoid metabolic process",24,3,2.7,0.3012
"GO:0002455","humoral immune response mediated by circulating immunoglobulin",42,5,4.73,0.3012
"GO:0010421","hydrogen peroxide-mediated programmed cell death",16,2,1.8,0.30121
"GO:0006704","glucocorticoid biosynthetic process",18,2,2.03,0.30124
"GO:0006779","porphyrin-containing compound biosynthetic process",30,3,3.38,0.30129
"GO:0002702","positive regulation of production of molecular mediator of immune response",110,12,12.38,0.3013
"GO:0002381","immunoglobulin production involved in immunoglobulin-mediated immune response",40,4,4.5,0.30131
"GO:0050819","negative regulation of coagulation",50,5,5.63,0.30133
"GO:0008535","respiratory chain complex IV assembly",32,2,3.6,0.30147
"GO:0002279","mast cell activation involved in immune response",50,4,5.63,0.30147
"GO:0002822","regulation of adaptive immune response based on somatic recombination of immune receptors built from immunoglobulin superfamily domains",171,17,19.25,0.30156
"GO:1903557","positive regulation of tumor necrosis factor superfamily cytokine production",112,10,12.61,0.30161
"GO:0006836","neurotransmitter transport",204,43,22.97,0.30171
"GO:0072359","circulatory system development",913,98,102.78,0.30196
"GO:0022407","regulation of cell-cell adhesion",451,38,50.77,0.30232
"GO:0140374","antiviral innate immune response",73,10,8.22,0.30422
"GO:0051865","protein autoubiquitination",73,10,8.22,0.30422
"GO:0045934","negative regulation of nucleobase-containing compound metabolic process",1509,149,169.87,0.30447
"GO:0048009","insulin-like growth factor receptor signaling pathway",44,7,4.95,0.30808
"GO:1902017","regulation of cilium assembly",77,10,8.67,0.30833
"GO:1902042","negative regulation of extrinsic apoptotic signaling pathway via death domain receptors",25,4,2.81,0.30838
"GO:0045954","positive regulation of natural killer cell mediated cytotoxicity",25,4,2.81,0.30838
"GO:0048208","COPII vesicle coating",25,4,2.81,0.30838
"GO:0071375","cellular response to peptide hormone stimulus",313,45,35.24,0.30849
"GO:1905039","carboxylic acid transmembrane transport",144,23,16.21,0.30889
"GO:1904062","regulation of monoatomic cation transmembrane transport",243,39,27.36,0.31029
"GO:0051924","regulation of calcium ion transport",202,30,22.74,0.31133
"GO:0021954","central nervous system neuron development",54,13,6.08,0.31142
"GO:0043113","receptor clustering",53,7,5.97,0.31205
"GO:0001932","regulation of protein phosphorylation",361,44,40.64,0.31224
"GO:0051646","mitochondrion localization",50,9,5.63,0.31224
"GO:0060986","endocrine hormone secretion",50,9,5.63,0.31224
"GO:1902683","regulation of receptor localization to synapse",29,6,3.26,0.31239
"GO:0036376","sodium ion export across plasma membrane",20,4,2.25,0.31262
"GO:1904063","negative regulation of cation transmembrane transport",65,9,7.32,0.31264
"GO:1902570","protein localization to nucleolus",23,4,2.59,0.3127
"GO:0051988","regulation of attachment of spindle microtubules to kinetochore",23,4,2.59,0.3127
"GO:0086013","membrane repolarization during cardiac muscle cell action potential",27,4,3.04,0.31281
"GO:0035457","cellular response to interferon-alpha",10,2,1.13,0.31283
"GO:1904669","ATP export",10,2,1.13,0.31283
"GO:0072124","regulation of glomerular mesangial cell proliferation",10,2,1.13,0.31283
"GO:0036500","ATF6-mediated unfolded protein response",10,2,1.13,0.31283
"GO:0048840","otolith development",10,2,1.13,0.31283
"GO:1905091","positive regulation of type 2 mitophagy",10,2,1.13,0.31283
"GO:1903278","positive regulation of sodium ion export across plasma membrane",10,2,1.13,0.31283
"GO:0000492","box C/D snoRNP assembly",10,2,1.13,0.31283
"GO:0060368","regulation of Fc receptor mediated stimulatory signaling pathway",10,2,1.13,0.31283
"GO:0007198","adenylate cyclase-inhibiting serotonin receptor signaling pathway",10,2,1.13,0.31283
"GO:0006048","UDP-N-acetylglucosamine biosynthetic process",10,2,1.13,0.31283
"GO:0099519","dense core granule cytoskeletal transport",10,2,1.13,0.31283
"GO:0044837","actomyosin contractile ring organization",10,2,1.13,0.31283
"GO:1902423","regulation of attachment of mitotic spindle microtubules to kinetochore",10,2,1.13,0.31283
"GO:1904903","ESCRT III complex disassembly",10,2,1.13,0.31283
"GO:0003417","growth plate cartilage development",10,2,1.13,0.31283
"GO:0106014","regulation of inflammatory response to wounding",10,2,1.13,0.31283
"GO:0002053","positive regulation of mesenchymal cell proliferation",10,2,1.13,0.31283
"GO:0035519","protein K29-linked ubiquitination",10,2,1.13,0.31283
"GO:1903689","regulation of wound healing, spreading of epidermal cells",10,2,1.13,0.31283
"GO:0014049","positive regulation of glutamate secretion",10,2,1.13,0.31283
"GO:0035694","mitochondrial protein catabolic process",10,2,1.13,0.31283
"GO:0035696","monocyte extravasation",10,2,1.13,0.31283
"GO:0060245","detection of cell density",10,2,1.13,0.31283
"GO:0046415","urate metabolic process",10,2,1.13,0.31283
"GO:0062042","regulation of cardiac epithelial to mesenchymal transition",10,2,1.13,0.31283
"GO:0060711","labyrinthine layer development",10,2,1.13,0.31283
"GO:0060732","positive regulation of inositol phosphate biosynthetic process",10,2,1.13,0.31283
"GO:0046174","polyol catabolic process",10,2,1.13,0.31283
"GO:0046129","purine ribonucleoside biosynthetic process",10,2,1.13,0.31283
"GO:1901334","lactone metabolic process",10,2,1.13,0.31283
"GO:0060816","random inactivation of X chromosome",10,2,1.13,0.31283
"GO:0006107","oxaloacetate metabolic process",10,2,1.13,0.31283
"GO:0038130","ERBB4 signaling pathway",10,2,1.13,0.31283
"GO:0034355","NAD+ biosynthetic process via the salvage pathway",10,2,1.13,0.31283
"GO:0051583","dopamine uptake involved in synaptic transmission",10,2,1.13,0.31283
"GO:0043586","tongue development",10,2,1.13,0.31283
"GO:0009113","purine nucleobase biosynthetic process",10,2,1.13,0.31283
"GO:0042796","snRNA transcription by RNA polymerase III",10,2,1.13,0.31283
"GO:0010454","negative regulation of cell fate commitment",10,2,1.13,0.31283
"GO:0098887","neurotransmitter receptor transport, endosome to postsynaptic membrane",10,2,1.13,0.31283
"GO:2000345","regulation of hepatocyte proliferation",10,2,1.13,0.31283
"GO:0006616","SRP-dependent cotranslational protein targeting to membrane, translocation",10,2,1.13,0.31283
"GO:0002855","regulation of natural killer cell mediated immune response to tumor cell",10,2,1.13,0.31283
"GO:0001408","guanine nucleotide transport",10,2,1.13,0.31283
"GO:0097284","hepatocyte apoptotic process",10,2,1.13,0.31283
"GO:2000252","negative regulation of feeding behavior",10,2,1.13,0.31283
"GO:0070278","extracellular matrix constituent secretion",10,2,1.13,0.31283
"GO:0061298","retina vasculature development in camera-type eye",10,2,1.13,0.31283
"GO:0010831","positive regulation of myotube differentiation",10,2,1.13,0.31283
"GO:0072044","collecting duct development",10,2,1.13,0.31283
"GO:0019371","cyclooxygenase pathway",10,2,1.13,0.31283
"GO:0001710","mesodermal cell fate commitment",10,2,1.13,0.31283
"GO:0070782","phosphatidylserine exposure on apoptotic cell surface",10,2,1.13,0.31283
"GO:0097680","double-strand break repair via classical nonhomologous end joining",10,2,1.13,0.31283
"GO:0021692","cerebellar Purkinje cell layer morphogenesis",10,2,1.13,0.31283
"GO:0044341","sodium-dependent phosphate transport",10,2,1.13,0.31283
"GO:0031579","membrane raft organization",28,4,3.15,0.31283
"GO:0050927","positive regulation of positive chemotaxis",22,3,2.48,0.31291
"GO:0086010","membrane depolarization during action potential",31,4,3.49,0.31291
"GO:0046823","negative regulation of nucleocytoplasmic transport",24,3,2.7,0.31296
"GO:0040036","regulation of fibroblast growth factor receptor signaling pathway",24,3,2.7,0.31296
"GO:0090169","regulation of spindle assembly",34,4,3.83,0.31299
"GO:0001776","leukocyte homeostasis",73,8,8.22,0.31308
"GO:0042093","T-helper cell differentiation",92,9,10.36,0.31335
"GO:0050905","neuromuscular process",96,8,10.81,0.31369
"GO:0002831","regulation of response to biotic stimulus",545,55,61.35,0.31456
"GO:1903706","regulation of hemopoiesis",365,25,41.09,0.31685
"GO:0009893","positive regulation of metabolic process",3256,353,366.54,0.31698
"GO:0009889","regulation of biosynthetic process",4960,478,558.37,0.31722
"GO:0016070","RNA metabolic process",4372,393,492.18,0.31999
"GO:0060070","canonical Wnt signaling pathway",291,48,32.76,0.32333
"GO:0016236","macroautophagy",365,61,41.09,0.32449
"GO:0072523","purine-containing compound catabolic process",147,28,16.55,0.32731
"GO:0140056","organelle localization by membrane tethering",77,15,8.67,0.3289
"GO:0006935","chemotaxis",408,56,45.93,0.32909
"GO:0008202","steroid metabolic process",288,37,32.42,0.32943
"GO:0030902","hindbrain development",85,12,9.57,0.33011
"GO:0050922","negative regulation of chemotaxis",35,6,3.94,0.33023
"GO:0120033","negative regulation of plasma membrane bounded cell projection assembly",44,7,4.95,0.33023
"GO:0010837","regulation of keratinocyte proliferation",29,5,3.26,0.33033
"GO:0007157","heterophilic cell-cell adhesion",50,7,5.63,0.33035
"GO:0008053","mitochondrial fusion",32,5,3.6,0.33043
"GO:1901654","response to ketone",192,23,21.61,0.33043
"GO:0007158","neuron cell-cell adhesion",18,3,2.03,0.33056
"GO:0044539","long-chain fatty acid import into cell",18,3,2.03,0.33056
"GO:0043116","negative regulation of vascular permeability",18,3,2.03,0.33056
"GO:0071880","adenylate cyclase-activating adrenergic receptor signaling pathway",18,3,2.03,0.33056
"GO:0035994","response to muscle stretch",18,3,2.03,0.33056
"GO:0042407","cristae formation",18,3,2.03,0.33056
"GO:0071549","cellular response to dexamethasone stimulus",18,3,2.03,0.33056
"GO:2000767","positive regulation of cytoplasmic translation",18,3,2.03,0.33056
"GO:0050885","neuromuscular process controlling balance",18,3,2.03,0.33056
"GO:0090102","cochlea development",31,4,3.49,0.3307
"GO:0007612","learning",97,16,10.92,0.33147
"GO:0010596","negative regulation of endothelial cell migration",59,4,6.64,0.33168
"GO:0010972","negative regulation of G2/M transition of mitotic cell cycle",71,5,7.99,0.33179
"GO:0051495","positive regulation of cytoskeleton organization",173,27,19.48,0.3327
"GO:0045454","cell redox homeostasis",42,6,4.73,0.33323
"GO:0051262","protein tetramerization",101,15,11.37,0.33411
"GO:0030216","keratinocyte differentiation",108,15,12.16,0.33444
"GO:0098703","calcium ion import across plasma membrane",39,7,4.39,0.33452
"GO:1902018","negative regulation of cilium assembly",26,4,2.93,0.33509
"GO:0051016","barbed-end actin filament capping",26,4,2.93,0.33509
"GO:0043403","skeletal muscle tissue regeneration",26,4,2.93,0.33509
"GO:0002313","mature B cell differentiation involved in immune response",26,4,2.93,0.33509
"GO:0042759","long-chain fatty acid biosynthetic process",26,4,2.93,0.33509
"GO:0006654","phosphatidic acid biosynthetic process",34,5,3.83,0.33514
"GO:1900016","negative regulation of cytokine production involved in inflammatory response",34,5,3.83,0.33514
"GO:0006479","protein methylation",43,5,4.84,0.33543
"GO:0043408","regulation of MAPK cascade",597,67,67.21,0.33558
"GO:0006303","double-strand break repair via nonhomologous end joining",70,8,7.88,0.33558
"GO:0007369","gastrulation",120,11,13.51,0.33669
"GO:0006302","double-strand break repair",318,28,35.8,0.33749
"GO:0000226","microtubule cytoskeleton organization",639,67,71.94,0.33895
"GO:0045995","regulation of embryonic development",83,13,9.34,0.34326
"GO:0008283","cell population proliferation",1541,164,173.48,0.34663
"GO:0032446","protein modification by small protein conjugation",783,115,88.15,0.3492
"GO:0016311","dephosphorylation",143,28,16.1,0.35327
"GO:0045663","positive regulation of myoblast differentiation",43,6,4.84,0.35412
"GO:0001755","neural crest cell migration",43,6,4.84,0.35412
"GO:0030838","positive regulation of actin filament polymerization",43,6,4.84,0.35412
"GO:0014074","response to purine-containing compound",132,20,14.86,0.35499
"GO:0010765","positive regulation of sodium ion transport",30,7,3.38,0.35538
"GO:0015868","purine ribonucleotide transport",35,7,3.94,0.35552
"GO:0031529","ruffle organization",45,8,5.07,0.35555
"GO:0007204","positive regulation of cytosolic calcium ion concentration",155,19,17.45,0.35561
"GO:0072678","T cell migration",64,9,7.2,0.35584
"GO:0032958","inositol phosphate biosynthetic process",22,4,2.48,0.35591
"GO:0002011","morphogenesis of an epithelial sheet",49,7,5.52,0.35592
"GO:2000404","regulation of T cell migration",43,6,4.84,0.356
"GO:0035904","aorta development",35,5,3.94,0.35602
"GO:0050873","brown fat cell differentiation",35,5,3.94,0.35602
"GO:0051036","regulation of endosome size",11,2,1.24,0.3561
"GO:0048536","spleen development",11,2,1.24,0.3561
"GO:0070989","oxidative demethylation",11,2,1.24,0.3561
"GO:0070943","neutrophil-mediated killing of symbiont cell",11,2,1.24,0.3561
"GO:0038003","G protein-coupled opioid receptor signaling pathway",11,2,1.24,0.3561
"GO:0015824","proline transport",11,2,1.24,0.3561
"GO:0052803","imidazole-containing compound metabolic process",11,2,1.24,0.3561
"GO:0015808","L-alanine transport",11,2,1.24,0.3561
"GO:0071476","cellular hypotonic response",11,2,1.24,0.3561
"GO:0099624","atrial cardiac muscle cell membrane repolarization",11,2,1.24,0.3561
"GO:0046322","negative regulation of fatty acid oxidation",11,2,1.24,0.3561
"GO:0031204","post-translational protein targeting to membrane, translocation",11,2,1.24,0.3561
"GO:0035524","proline transmembrane transport",11,2,1.24,0.3561
"GO:0051124","synaptic assembly at neuromuscular junction",11,2,1.24,0.3561
"GO:0051127","positive regulation of actin nucleation",11,2,1.24,0.3561
"GO:0140105","interleukin-10-mediated signaling pathway",11,2,1.24,0.3561
"GO:0018342","protein prenylation",11,2,1.24,0.3561
"GO:0035646","endosome to melanosome transport",11,2,1.24,0.3561
"GO:1905208","negative regulation of cardiocyte differentiation",11,2,1.24,0.3561
"GO:0009415","response to water",11,2,1.24,0.3561
"GO:1902563","regulation of neutrophil activation",11,2,1.24,0.3561
"GO:2000048","negative regulation of cell-cell adhesion mediated by cadherin",11,2,1.24,0.3561
"GO:0045348","positive regulation of MHC class II biosynthetic process",11,2,1.24,0.3561
"GO:2000009","negative regulation of protein localization to cell surface",11,2,1.24,0.3561
"GO:0046500","S-adenosylmethionine metabolic process",11,2,1.24,0.3561
"GO:0046689","response to mercury ion",11,2,1.24,0.3561
"GO:0002732","positive regulation of dendritic cell cytokine production",11,2,1.24,0.3561
"GO:1901844","regulation of cell communication by electrical coupling involved in cardiac conduction",11,2,1.24,0.3561
"GO:0002864","regulation of acute inflammatory response to antigenic stimulus",11,2,1.24,0.3561
"GO:0051987","positive regulation of attachment of spindle microtubules to kinetochore",11,2,1.24,0.3561
"GO:0070327","thyroid hormone transport",11,2,1.24,0.3561
"GO:0014831","gastro-intestinal system smooth muscle contraction",11,2,1.24,0.3561
"GO:0030252","growth hormone secretion",11,2,1.24,0.3561
"GO:0097267","omega-hydroxylase P450 pathway",11,2,1.24,0.3561
"GO:1901678","iron coordination entity transport",11,2,1.24,0.3561
"GO:1903044","protein localization to membrane raft",11,2,1.24,0.3561
"GO:2000766","negative regulation of cytoplasmic translation",11,2,1.24,0.3561
"GO:0070234","positive regulation of T cell apoptotic process",11,2,1.24,0.3561
"GO:0010838","positive regulation of keratinocyte proliferation",11,2,1.24,0.3561
"GO:0070778","L-aspartate transmembrane transport",11,2,1.24,0.3561
"GO:2000849","regulation of glucocorticoid secretion",11,2,1.24,0.3561
"GO:0061744","motor behavior",11,2,1.24,0.3561
"GO:0032310","prostaglandin secretion",11,2,1.24,0.3561
"GO:0032342","aldosterone biosynthetic process",11,2,1.24,0.3561
"GO:0010666","positive regulation of cardiac muscle cell apoptotic process",11,2,1.24,0.3561
"GO:2000551","regulation of T-helper 2 cell cytokine production",11,2,1.24,0.3561
"GO:0021681","cerebellar granular layer development",11,2,1.24,0.3561
"GO:0048148","behavioral response to cocaine",11,2,1.24,0.3561
"GO:0033572","transferrin transport",11,2,1.24,0.3561
"GO:0048251","elastic fiber assembly",11,2,1.24,0.3561
"GO:0033625","positive regulation of integrin activation",11,2,1.24,0.3561
"GO:0003351","epithelial cilium movement involved in extracellular fluid movement",21,3,2.36,0.35613
"GO:0098883","synapse pruning",21,3,2.36,0.35613
"GO:0071277","cellular response to calcium ion",68,9,7.66,0.35618
"GO:0046394","carboxylic acid biosynthetic process",307,35,34.56,0.35618
"GO:0042058","regulation of epidermal growth factor receptor signaling pathway",71,8,7.99,0.35629
"GO:0042116","macrophage activation",99,11,11.14,0.35633
"GO:0060402","calcium ion transport into cytosol",28,3,3.15,0.35633
"GO:0006301","DNA damage tolerance",37,3,4.17,0.35658
"GO:0050877","nervous system process",1060,138,119.33,0.3567
"GO:0001510","RNA methylation",86,7,9.68,0.35697
"GO:0002698","negative regulation of immune effector process",104,9,11.71,0.35698
"GO:1903076","regulation of protein localization to plasma membrane",112,24,12.61,0.35943
"GO:0016358","dendrite development",195,31,21.95,0.36018
"GO:0006874","intracellular calcium ion homeostasis",172,29,19.36,0.36068
"GO:0030041","actin filament polymerization",140,19,15.76,0.36101
"GO:0010811","positive regulation of cell-substrate adhesion",106,18,11.93,0.36117
"GO:0048168","regulation of neuronal synaptic plasticity",50,11,5.63,0.3614
"GO:0050921","positive regulation of chemotaxis",133,20,14.97,0.36151
"GO:0042554","superoxide anion generation",40,9,4.5,0.36169
"GO:0002088","lens development in camera-type eye",54,10,6.08,0.36188
"GO:0051491","positive regulation of filopodium assembly",27,4,3.04,0.36189
"GO:0060155","platelet dense granule organization",27,4,3.04,0.36189
"GO:1902894","negative regulation of miRNA transcription",27,4,3.04,0.36189
"GO:0001778","plasma membrane repair",27,4,3.04,0.36189
"GO:0033273","response to vitamin",81,10,9.12,0.36192
"GO:0046847","filopodium assembly",63,8,7.09,0.36286
"GO:0010631","epithelial cell migration",81,10,9.12,0.36287
"GO:1903232","melanosome assembly",19,3,2.14,0.36287
"GO:0001956","positive regulation of neurotransmitter secretion",19,3,2.14,0.36287
"GO:0006071","glycerol metabolic process",19,3,2.14,0.36287
"GO:0060428","lung epithelium development",19,3,2.14,0.36287
"GO:0071425","hematopoietic stem cell proliferation",19,3,2.14,0.36287
"GO:0032926","negative regulation of activin receptor signaling pathway",19,3,2.14,0.36287
"GO:0043567","regulation of insulin-like growth factor receptor signaling pathway",19,3,2.14,0.36287
"GO:0033081","regulation of T cell differentiation in thymus",19,3,2.14,0.36287
"GO:0030174","regulation of DNA-templated DNA replication initiation",19,3,2.14,0.36287
"GO:0090110","COPII-coated vesicle cargo loading",19,3,2.14,0.36287
"GO:0030850","prostate gland development",19,3,2.14,0.36287
"GO:1900119","positive regulation of execution phase of apoptosis",19,3,2.14,0.36287
"GO:1903306","negative regulation of regulated secretory pathway",19,3,2.14,0.36287
"GO:0048245","eosinophil chemotaxis",19,3,2.14,0.36287
"GO:0002720","positive regulation of cytokine production involved in immune response",67,8,7.54,0.363
"GO:0070498","interleukin-1-mediated signaling pathway",33,4,3.71,0.36306
"GO:0051099","positive regulation of binding",40,4,4.5,0.36332
"GO:0043161","proteasome-mediated ubiquitin-dependent protein catabolic process",498,63,56.06,0.36336
"GO:0002042","cell migration involved in sprouting angiogenesis",64,5,7.2,0.36387
"GO:0050728","negative regulation of inflammatory response",171,24,19.25,0.36498
"GO:0001934","positive regulation of protein phosphorylation",213,29,23.98,0.37313
"GO:0006606","protein import into nucleus",140,16,15.76,0.3734
"GO:0050801","monoatomic ion homeostasis",468,70,52.68,0.37696
"GO:0140238","presynaptic endocytosis",76,23,8.56,0.37751
"GO:0046883","regulation of hormone secretion",232,38,26.12,0.37792
"GO:0040017","positive regulation of locomotion",568,74,63.94,0.37819
"GO:0007040","lysosome organization",110,21,12.38,0.37841
"GO:0071870","cellular response to catecholamine stimulus",55,15,6.19,0.37845
"GO:0010810","regulation of cell-substrate adhesion",192,30,21.61,0.37851
"GO:0061337","cardiac conduction",92,18,10.36,0.37865
"GO:0043266","regulation of potassium ion transport",76,16,8.56,0.37868
"GO:0150063","visual system development",262,36,29.49,0.37883
"GO:0006576","biogenic amine metabolic process",68,14,7.66,0.37886
"GO:0051336","regulation of hydrolase activity",153,23,17.22,0.37896
"GO:0006801","superoxide metabolic process",64,11,7.2,0.37929
"GO:0007006","mitochondrial membrane organization",58,10,6.53,0.37935
"GO:0032400","melanosome localization",24,6,2.7,0.37938
"GO:0048864","stem cell development",62,10,6.98,0.37942
"GO:2000401","regulation of lymphocyte migration",62,10,6.98,0.37942
"GO:0051654","establishment of mitochondrion localization",30,6,3.38,0.37949
"GO:0003177","pulmonary valve development",24,5,2.7,0.37954
"GO:0099637","neurotransmitter receptor transport",18,4,2.03,0.3796
"GO:0043583","ear development",108,14,12.16,0.37962
"GO:0099150","regulation of postsynaptic specialization assembly",20,4,2.25,0.37963
"GO:0140353","lipid export from cell",40,6,4.5,0.37968
"GO:0035051","cardiocyte differentiation",120,15,13.51,0.37968
"GO:0070849","response to epidermal growth factor",49,7,5.52,0.37968
"GO:0098969","neurotransmitter receptor transport to postsynaptic membrane",14,3,1.58,0.37969
"GO:1900117","regulation of execution phase of apoptosis",23,4,2.59,0.37969
"GO:0070988","demethylation",15,3,1.69,0.37971
"GO:0002347","response to tumor cell",51,7,5.74,0.37972
"GO:0006972","hyperosmotic response",25,4,2.81,0.37973
"GO:0034616","response to laminar fluid shear stress",35,5,3.94,0.37975
"GO:1902807","negative regulation of cell cycle G1/S phase transition",55,7,6.19,0.37979
"GO:0007260","tyrosine phosphorylation of STAT protein",38,5,4.28,0.37981
"GO:2001239","regulation of extrinsic apoptotic signaling pathway in absence of ligand",30,4,3.38,0.37982
"GO:0016237","microautophagy",22,3,2.48,0.37984
"GO:0015803","branched-chain amino acid transport",14,2,1.58,0.37986
"GO:0090030","regulation of steroid hormone biosynthetic process",14,2,1.58,0.37986
"GO:0072673","lamellipodium morphogenesis",15,2,1.69,0.37987
"GO:0034349","glial cell apoptotic process",15,2,1.69,0.37987
"GO:0032509","endosome transport via multivesicular body sorting pathway",43,5,4.84,0.3799
"GO:0141137","positive regulation of gene expression, epigenetic",61,7,6.87,0.3799
"GO:0032042","mitochondrial DNA metabolic process",18,2,2.03,0.37993
"GO:0043516","regulation of DNA damage response, signal transduction by p53 class mediator",36,4,4.05,0.37993
"GO:0010742","macrophage derived foam cell differentiation",37,4,4.17,0.37995
"GO:0043271","negative regulation of monoatomic ion transport",91,10,10.24,0.37997
"GO:0002260","lymphocyte homeostasis",50,5,5.63,0.38003
"GO:0003338","metanephros morphogenesis",24,2,2.7,0.38004
"GO:1905710","positive regulation of membrane permeability",35,3,3.94,0.38008
"GO:0035710","CD4-positive, alpha-beta T cell activation",124,13,13.96,0.38009
"GO:0060421","positive regulation of heart growth",28,2,3.15,0.38012
"GO:0060562","epithelial tube morphogenesis",179,19,20.15,0.38012
"GO:0017004","cytochrome complex assembly",46,4,5.18,0.38012
"GO:0002724","regulation of T cell cytokine production",39,3,4.39,0.38016
"GO:0042445","hormone metabolic process",209,22,23.53,0.38018
"GO:0046661","male sex differentiation",85,8,9.57,0.38019
"GO:0046324","regulation of D-glucose import across plasma membrane",42,3,4.73,0.38021
"GO:0016101","diterpenoid metabolic process",89,8,10.02,0.38026
"GO:0070918","regulatory ncRNA processing",69,5,7.77,0.38039
"GO:0003231","cardiac ventricle development",87,7,9.79,0.38039
"GO:0043534","blood vessel endothelial cell migration",123,10,13.85,0.38057
"GO:1904018","positive regulation of vasculature development",170,15,19.14,0.38062
"GO:0050881","musculoskeletal movement",55,2,6.19,0.38063
"GO:0002262","myeloid cell homeostasis",125,9,14.07,0.38078
"GO:0050866","negative regulation of cell activation",191,15,21.5,0.38102
"GO:0001570","vasculogenesis",56,9,6.3,0.38106
"GO:0045494","photoreceptor cell maintenance",36,5,4.05,0.38184
"GO:0043254","regulation of protein-containing complex assembly",399,61,44.92,0.38246
"GO:0007030","Golgi organization",141,21,15.87,0.38543
"GO:0006310","DNA recombination",330,26,37.15,0.38733
"GO:0007041","lysosomal transport",129,18,14.52,0.38759
"GO:0061028","establishment of endothelial barrier",45,7,5.07,0.38821
"GO:0001774","microglial cell activation",45,6,5.07,0.38861
"GO:0043032","positive regulation of macrophage activation",28,4,3.15,0.38864
"GO:0042026","protein refolding",28,4,3.15,0.38864
"GO:0046337","phosphatidylethanolamine metabolic process",28,4,3.15,0.38864
"GO:0007616","long-term memory",28,4,3.15,0.38864
"GO:0009409","response to cold",28,4,3.15,0.38864
"GO:0042178","xenobiotic catabolic process",28,4,3.15,0.38864
"GO:0008016","regulation of heart contraction",196,30,22.06,0.39246
"GO:0098739","import across plasma membrane",263,36,29.61,0.39298
"GO:0080090","regulation of primary metabolic process",4878,493,549.14,0.39305
"GO:0035924","cellular response to vascular endothelial growth factor stimulus",72,10,8.11,0.39453
"GO:0017121","plasma membrane phospholipid scrambling",30,5,3.38,0.39463
"GO:0006270","DNA replication initiation",39,6,4.39,0.39463
"GO:1901264","carbohydrate derivative transport",92,14,10.36,0.39473
"GO:0000423","mitophagy",94,14,10.58,0.39484
"GO:0032891","negative regulation of organic acid transport",20,3,2.25,0.39492
"GO:0007141","male meiosis I",20,3,2.25,0.39492
"GO:0003382","epithelial cell morphogenesis",20,3,2.25,0.39492
"GO:1903830","magnesium ion transmembrane transport",20,3,2.25,0.39492
"GO:1902430","negative regulation of amyloid-beta formation",20,3,2.25,0.39492
"GO:1901380","negative regulation of potassium ion transmembrane transport",20,3,2.25,0.39492
"GO:0061003","positive regulation of dendritic spine morphogenesis",20,3,2.25,0.39492
"GO:1901569","fatty acid derivative catabolic process",20,3,2.25,0.39492
"GO:0032091","negative regulation of protein binding",20,3,2.25,0.39492
"GO:0010759","positive regulation of macrophage chemotaxis",20,3,2.25,0.39492
"GO:0050855","regulation of B cell receptor signaling pathway",20,3,2.25,0.39492
"GO:0000028","ribosomal small subunit assembly",20,3,2.25,0.39492
"GO:0003014","renal system process",119,14,13.4,0.39497
"GO:0045428","regulation of nitric oxide biosynthetic process",53,5,5.97,0.3955
"GO:0006259","DNA metabolic process",983,95,110.66,0.39558
"GO:0033627","cell adhesion mediated by integrin",80,7,9.01,0.39586
"GO:0071364","cellular response to epidermal growth factor stimulus",45,6,5.07,0.39609
"GO:0006261","DNA-templated DNA replication",166,16,18.69,0.3961
"GO:0038202","TORC1 signaling",110,21,12.38,0.39619
"GO:0002218","activation of innate immune response",315,31,35.46,0.39672
"GO:0048638","regulation of developmental growth",209,29,23.53,0.39703
"GO:0060259","regulation of feeding behavior",36,7,4.05,0.39772
"GO:0060292","long-term synaptic depression",27,5,3.04,0.39799
"GO:1900027","regulation of ruffle assembly",27,5,3.04,0.39799
"GO:0097192","extrinsic apoptotic signaling pathway in absence of ligand",42,6,4.73,0.39817
"GO:0060008","Sertoli cell differentiation",12,2,1.35,0.39834
"GO:0070934","CRD-mediated mRNA stabilization",12,2,1.35,0.39834
"GO:0051341","regulation of oxidoreductase activity",12,2,1.35,0.39834
"GO:0043306","positive regulation of mast cell degranulation",12,2,1.35,0.39834
"GO:0044849","estrous cycle",12,2,1.35,0.39834
"GO:0071492","cellular response to UV-A",12,2,1.35,0.39834
"GO:0032688","negative regulation of interferon-beta production",12,2,1.35,0.39834
"GO:2001198","regulation of dendritic cell differentiation",12,2,1.35,0.39834
"GO:0042045","epithelial fluid transport",12,2,1.35,0.39834
"GO:1905383","protein localization to presynapse",12,2,1.35,0.39834
"GO:0034085","establishment of sister chromatid cohesion",12,2,1.35,0.39834
"GO:0071233","cellular response to L-leucine",12,2,1.35,0.39834
"GO:0006448","regulation of translational elongation",12,2,1.35,0.39834
"GO:0007567","parturition",12,2,1.35,0.39834
"GO:0006167","AMP biosynthetic process",12,2,1.35,0.39834
"GO:1903911","positive regulation of receptor clustering",12,2,1.35,0.39834
"GO:1990253","cellular response to leucine starvation",12,2,1.35,0.39834
"GO:0051645","Golgi localization",12,2,1.35,0.39834
"GO:0006863","purine nucleobase transport",12,2,1.35,0.39834
"GO:0034105","positive regulation of tissue remodeling",12,2,1.35,0.39834
"GO:0098880","maintenance of postsynaptic specialization structure",12,2,1.35,0.39834
"GO:0070365","hepatocyte differentiation",12,2,1.35,0.39834
"GO:0051956","negative regulation of amino acid transport",12,2,1.35,0.39834
"GO:0070344","regulation of fat cell proliferation",12,2,1.35,0.39834
"GO:1990535","neuron projection maintenance",12,2,1.35,0.39834
"GO:0014842","regulation of skeletal muscle satellite cell proliferation",12,2,1.35,0.39834
"GO:1900038","negative regulation of cellular response to hypoxia",12,2,1.35,0.39834
"GO:0030200","heparan sulfate proteoglycan catabolic process",12,2,1.35,0.39834
"GO:0016322","neuron remodeling",12,2,1.35,0.39834
"GO:0010820","positive regulation of T cell chemotaxis",12,2,1.35,0.39834
"GO:2000774","positive regulation of cellular senescence",12,2,1.35,0.39834
"GO:0019336","phenol-containing compound catabolic process",12,2,1.35,0.39834
"GO:0036152","phosphatidylethanolamine acyl-chain remodeling",12,2,1.35,0.39834
"GO:0008356","asymmetric cell division",12,2,1.35,0.39834
"GO:0141212","phospholipase C/protein kinase C signal transduction",12,2,1.35,0.39834
"GO:0042921","nuclear receptor-mediated glucocorticoid signaling pathway",12,2,1.35,0.39834
"GO:1904779","regulation of protein localization to centrosome",12,2,1.35,0.39834
"GO:1904872","regulation of telomerase RNA localization to Cajal body",12,2,1.35,0.39834
"GO:1905330","regulation of morphogenesis of an epithelium",48,6,5.4,0.39836
"GO:0090183","regulation of kidney development",31,4,3.49,0.39838
"GO:0097623","potassium ion export across plasma membrane",23,3,2.59,0.39841
"GO:0051132","NK T cell activation",24,3,2.7,0.39844
"GO:0002478","antigen processing and presentation of exogenous peptide antigen",37,4,4.17,0.39856
"GO:0046825","regulation of protein export from nucleus",30,3,3.38,0.39862
"GO:0010469","regulation of signaling receptor activity",42,4,4.73,0.39871
"GO:0006913","nucleocytoplasmic transport",292,32,32.87,0.39876
"GO:0030162","regulation of proteolysis",140,11,15.76,0.3998
"GO:0009306","protein secretion",311,47,35.01,0.40079
"GO:0002696","positive regulation of leukocyte activation",315,27,35.46,0.40083
"GO:0055085","transmembrane transport",1492,203,167.96,0.40553
"GO:0030168","platelet activation",124,13,13.96,0.40601
"GO:0032355","response to estradiol",105,12,11.82,0.4067
"GO:1902532","negative regulation of intracellular signal transduction",703,87,79.14,0.41221
"GO:0043491","phosphatidylinositol 3-kinase/protein kinase B signal transduction",277,39,31.18,0.4123
"GO:0021510","spinal cord development",54,9,6.08,0.41434
"GO:0018193","peptidyl-amino acid modification",384,45,43.23,0.4148
"GO:0051281","positive regulation of release of sequestered calcium ion into cytosol",29,4,3.26,0.41524
"GO:0034315","regulation of Arp2/3 complex-mediated actin nucleation",29,4,3.26,0.41524
"GO:0030857","negative regulation of epithelial cell differentiation",29,4,3.26,0.41524
"GO:0030513","positive regulation of BMP signaling pathway",29,4,3.26,0.41524
"GO:0051781","positive regulation of cell division",88,14,9.91,0.41538
"GO:0001933","negative regulation of protein phosphorylation",105,12,11.82,0.41546
"GO:0006644","phospholipid metabolic process",381,58,42.89,0.42132
"GO:0006811","monoatomic ion transport",1176,177,132.39,0.42176
"GO:0046907","intracellular transport",1319,203,148.49,0.42267
"GO:0060326","cell chemotaxis",278,36,31.3,0.42396
"GO:0007420","brain development",516,80,58.09,0.42489
"GO:1902475","L-alpha-amino acid transmembrane transport",66,11,7.43,0.42549
"GO:0045776","negative regulation of blood pressure",38,7,4.28,0.42579
"GO:1901524","regulation of mitophagy",46,7,5.18,0.42611
"GO:0038084","vascular endothelial growth factor signaling pathway",50,7,5.63,0.42627
"GO:0010762","regulation of fibroblast migration",35,5,3.94,0.42638
"GO:0022898","regulation of transmembrane transporter activity",73,9,8.22,0.42647
"GO:0048806","genitalia development",21,3,2.36,0.42653
"GO:0033962","P-body assembly",21,3,2.36,0.42653
"GO:0071480","cellular response to gamma radiation",21,3,2.36,0.42653
"GO:0071474","cellular hyperosmotic response",21,3,2.36,0.42653
"GO:0000729","DNA double-strand break processing",21,3,2.36,0.42653
"GO:0045056","transcytosis",21,3,2.36,0.42653
"GO:0002223","stimulatory C-type lectin receptor signaling pathway",21,3,2.36,0.42653
"GO:0006525","arginine metabolic process",21,3,2.36,0.42653
"GO:0170044","non-proteinogenic amino acid catabolic process",21,3,2.36,0.42653
"GO:2000773","negative regulation of cellular senescence",21,3,2.36,0.42653
"GO:0014912","negative regulation of smooth muscle cell migration",21,3,2.36,0.42653
"GO:0090630","activation of GTPase activity",21,3,2.36,0.42653
"GO:0021536","diencephalon development",40,5,4.5,0.42657
"GO:0061462","protein localization to lysosome",49,6,5.52,0.42658
"GO:0032984","protein-containing complex disassembly",247,28,27.81,0.42668
"GO:2000573","positive regulation of DNA biosynthetic process",44,5,4.95,0.42673
"GO:0098708","D-glucose import across plasma membrane",63,6,7.09,0.42713
"GO:0099171","presynaptic modulation of chemical synaptic transmission",38,5,4.28,0.4284
"GO:0055082","intracellular chemical homeostasis",578,93,65.07,0.42974
"GO:0009966","regulation of signal transduction",2894,371,325.79,0.43025
"GO:0051050","positive regulation of transport",787,117,88.6,0.43099
"GO:0048513","animal organ development",2179,263,245.3,0.43369
"GO:0048731","system development",3310,440,372.62,0.4341
"GO:0120031","plasma membrane bounded cell projection assembly",557,78,62.7,0.43494
"GO:0060560","developmental growth involved in morphogenesis",167,34,18.8,0.43507
"GO:0170033","L-amino acid metabolic process",159,29,17.9,0.43624
"GO:0006090","pyruvate metabolic process",110,22,12.38,0.43667
"GO:1901292","nucleoside phosphate catabolic process",174,29,19.59,0.43672
"GO:0060429","epithelium development",807,99,90.85,0.43699
"GO:0010001","glial cell differentiation",160,24,18.01,0.43769
"GO:0062197","cellular response to chemical stress",288,38,32.42,0.4378
"GO:1902115","regulation of organelle assembly",224,30,25.22,0.43803
"GO:0046839","phospholipid dephosphorylation",39,9,4.39,0.43809
"GO:0030516","regulation of axon extension",67,12,7.54,0.43813
"GO:0005996","monosaccharide metabolic process",214,27,24.09,0.43856
"GO:0032098","regulation of appetite",28,5,3.15,0.43887
"GO:0045540","regulation of cholesterol biosynthetic process",28,5,3.15,0.43887
"GO:0007035","vacuolar acidification",37,6,4.17,0.43887
"GO:0000578","embryonic axis specification",29,5,3.26,0.4389
"GO:0097107","postsynaptic density assembly",29,5,3.26,0.4389
"GO:0045936","negative regulation of phosphate metabolic process",154,19,17.34,0.43892
"GO:1901526","positive regulation of mitophagy",23,4,2.59,0.43899
"GO:0043393","regulation of protein binding",33,5,3.71,0.43903
"GO:0045912","negative regulation of carbohydrate metabolic process",43,6,4.84,0.43906
"GO:0048008","platelet-derived growth factor receptor signaling pathway",44,6,4.95,0.4391
"GO:1902808","positive regulation of cell cycle G1/S phase transition",53,7,5.97,0.4391
"GO:0045687","positive regulation of glial cell differentiation",28,4,3.15,0.43915
"GO:0010992","ubiquitin recycling",13,2,1.46,0.43924
"GO:0061635","regulation of protein complex stability",13,2,1.46,0.43924
"GO:0007398","ectoderm development",13,2,1.46,0.43924
"GO:1900747","negative regulation of vascular endothelial growth factor signaling pathway",13,2,1.46,0.43924
"GO:1900748","positive regulation of vascular endothelial growth factor signaling pathway",13,2,1.46,0.43924
"GO:0030949","positive regulation of vascular endothelial growth factor receptor signaling pathway",13,2,1.46,0.43924
"GO:0072224","metanephric glomerulus development",13,2,1.46,0.43924
"GO:1903798","regulation of miRNA processing",13,2,1.46,0.43924
"GO:1901020","negative regulation of calcium ion transmembrane transporter activity",13,2,1.46,0.43924
"GO:0060122","inner ear receptor cell stereocilium organization",13,2,1.46,0.43924
"GO:0002063","chondrocyte development",13,2,1.46,0.43924
"GO:1903671","negative regulation of sprouting angiogenesis",13,2,1.46,0.43924
"GO:0014029","neural crest formation",13,2,1.46,0.43924
"GO:0060213","positive regulation of nuclear-transcribed mRNA poly(A) tail shortening",13,2,1.46,0.43924
"GO:2001214","positive regulation of vasculogenesis",13,2,1.46,0.43924
"GO:0042373","vitamin K metabolic process",13,2,1.46,0.43924
"GO:0006122","mitochondrial electron transport, ubiquinol to cytochrome c",13,2,1.46,0.43924
"GO:0006104","succinyl-CoA metabolic process",13,2,1.46,0.43924
"GO:0031665","negative regulation of lipopolysaccharide-mediated signaling pathway",13,2,1.46,0.43924
"GO:0090091","positive regulation of extracellular matrix disassembly",13,2,1.46,0.43924
"GO:0046716","muscle cell cellular homeostasis",13,2,1.46,0.43924
"GO:0009143","nucleoside triphosphate catabolic process",13,2,1.46,0.43924
"GO:0051639","actin filament network formation",13,2,1.46,0.43924
"GO:0042761","very long-chain fatty acid biosynthetic process",13,2,1.46,0.43924
"GO:0090399","replicative senescence",13,2,1.46,0.43924
"GO:2000320","negative regulation of T-helper 17 cell differentiation",13,2,1.46,0.43924
"GO:0006686","sphingomyelin biosynthetic process",13,2,1.46,0.43924
"GO:1902950","regulation of dendritic spine maintenance",13,2,1.46,0.43924
"GO:0043922","host-mediated suppression of viral transcription",13,2,1.46,0.43924
"GO:0033189","response to vitamin A",13,2,1.46,0.43924
"GO:0010896","regulation of triglyceride catabolic process",13,2,1.46,0.43924
"GO:0044027","negative regulation of gene expression via chromosomal CpG island methylation",13,2,1.46,0.43924
"GO:1904152","regulation of retrograde protein transport, ER to cytosol",13,2,1.46,0.43924
"GO:0033235","positive regulation of protein sumoylation",13,2,1.46,0.43924
"GO:0048388","endosomal lumen acidification",13,2,1.46,0.43924
"GO:0030836","positive regulation of actin filament depolymerization",13,2,1.46,0.43924
"GO:0050872","white fat cell differentiation",13,2,1.46,0.43924
"GO:0030502","negative regulation of bone mineralization",13,2,1.46,0.43924
"GO:1904749","regulation of protein localization to nucleolus",13,2,1.46,0.43924
"GO:1900153","positive regulation of nuclear-transcribed mRNA catabolic process, deadenylation-dependent decay",13,2,1.46,0.43924
"GO:1903490","positive regulation of mitotic cytokinesis",13,2,1.46,0.43924
"GO:0045048","protein insertion into ER membrane",32,4,3.6,0.43928
"GO:0043409","negative regulation of MAPK cascade",150,15,16.89,0.43928
"GO:0006623","protein targeting to vacuole",41,5,4.62,0.43928
"GO:0002407","dendritic cell chemotaxis",24,3,2.7,0.43931
"GO:0006896","Golgi to vacuole transport",25,3,2.81,0.43934
"GO:0030239","myofibril assembly",65,6,7.32,0.43976
"GO:0044788","host-mediated perturbation of viral process",74,7,8.33,0.43977
"GO:0050714","positive regulation of protein secretion",135,24,15.2,0.44067
"GO:0140467","integrated stress response signaling",53,7,5.97,0.44139
"GO:0031116","positive regulation of microtubule polymerization",30,4,3.38,0.44156
"GO:0042531","positive regulation of tyrosine phosphorylation of STAT protein",30,4,3.38,0.44156
"GO:0001568","blood vessel development",602,60,67.77,0.44166
"GO:0032481","positive regulation of type I interferon production",79,9,8.89,0.44178
"GO:0043524","negative regulation of neuron apoptotic process",122,16,13.73,0.44198
"GO:1901796","regulation of signal transduction by p53 class mediator",110,11,12.38,0.4424
"GO:0046903","secretion",850,131,95.69,0.44285
"GO:0051898","negative regulation of phosphatidylinositol 3-kinase/protein kinase B signal transduction",56,7,6.3,0.44529
"GO:0006813","potassium ion transport",218,46,24.54,0.44572
"GO:0051650","establishment of vesicle localization",190,41,21.39,0.44607
"GO:1901888","regulation of cell junction assembly",262,44,29.49,0.44702
"GO:0016482","cytosolic transport",138,28,15.54,0.44742
"GO:0009191","ribonucleoside diphosphate catabolic process",92,20,10.36,0.44795
"GO:0045937","positive regulation of phosphate metabolic process",296,42,33.32,0.44811
"GO:0009308","amine metabolic process",78,17,8.78,0.44822
"GO:0090174","organelle membrane fusion",132,23,14.86,0.44823
"GO:0019364","pyridine nucleotide catabolic process",88,17,9.91,0.44843
"GO:0008219","cell death",1730,201,194.75,0.44847
"GO:0006885","regulation of pH",101,18,11.37,0.44851
"GO:0097553","calcium ion transmembrane import into cytosol",170,24,19.14,0.44884
"GO:0006007","glucose catabolic process",24,7,2.7,0.44895
"GO:0019083","viral transcription",25,7,2.81,0.44897
"GO:0044090","positive regulation of vacuole organization",26,7,2.93,0.44899
"GO:1904376","negative regulation of protein localization to cell periphery",35,8,3.94,0.44899
"GO:0097035","regulation of membrane lipid distribution",65,11,7.32,0.44906
"GO:0050857","positive regulation of antigen receptor-mediated signaling pathway",22,6,2.48,0.44909
"GO:0046485","ether lipid metabolic process",23,6,2.59,0.44912
"GO:0032232","negative regulation of actin filament bundle assembly",32,7,3.6,0.44912
"GO:0060996","dendritic spine development",86,13,9.68,0.44913
"GO:0090313","regulation of protein targeting to membrane",29,6,3.26,0.44924
"GO:0006999","nuclear pore organization",15,4,1.69,0.44932
"GO:0042278","purine nucleoside metabolic process",24,5,2.7,0.44932
"GO:0003176","aortic valve development",43,7,4.84,0.44935
"GO:0099623","regulation of cardiac muscle cell membrane repolarization",26,5,2.93,0.44936
"GO:0071071","regulation of phospholipid biosynthetic process",19,4,2.14,0.4494
"GO:1903727","positive regulation of phospholipid metabolic process",19,4,2.14,0.4494
"GO:0036315","cellular response to sterol",20,4,2.25,0.44942
"GO:1905874","regulation of postsynaptic density organization",21,4,2.36,0.44944
"GO:1902175","regulation of oxidative stress-induced intrinsic apoptotic signaling pathway",40,6,4.5,0.44947
"GO:0014048","regulation of glutamate secretion",15,3,1.69,0.4495
"GO:0032925","regulation of activin receptor signaling pathway",24,4,2.7,0.44951
"GO:0008154","actin polymerization or depolymerization",167,20,18.8,0.44952
"GO:0051147","regulation of muscle cell differentiation",123,15,13.85,0.44953
"GO:0097699","vascular endothelial cell response to fluid shear stress",27,4,3.04,0.44957
"GO:0014909","smooth muscle cell migration",64,8,7.2,0.4496
"GO:0030947","regulation of vascular endothelial growth factor receptor signaling pathway",29,4,3.26,0.44961
"GO:0003309","type B pancreatic cell differentiation",21,3,2.36,0.44963
"GO:0014910","regulation of smooth muscle cell migration",58,7,6.53,0.44966
"GO:0060324","face development",24,3,2.7,0.44969
"GO:0006740","NADPH regeneration",24,3,2.7,0.44969
"GO:0071895","odontoblast differentiation",16,2,1.8,0.44971
"GO:0002756","MyD88-independent toll-like receptor signaling pathway",16,2,1.8,0.44971
"GO:1900424","regulation of defense response to bacterium",16,2,1.8,0.44971
"GO:0040001","establishment of mitotic spindle localization",34,4,3.83,0.44971
"GO:1903409","reactive oxygen species biosynthetic process",53,6,5.97,0.44974
"GO:0048021","regulation of melanin biosynthetic process",18,2,2.03,0.44975
"GO:1990822","basic amino acid transmembrane transport",20,2,2.25,0.44979
"GO:0032465","regulation of cytokinesis",89,14,10.02,0.44983
"GO:0009147","pyrimidine nucleoside triphosphate metabolic process",22,2,2.48,0.44983
"GO:1902108","regulation of mitochondrial membrane permeability involved in apoptotic process",32,3,3.6,0.44986
"GO:0042168","heme metabolic process",45,4,5.07,0.44994
"GO:0072595","maintenance of protein localization in organelle",37,3,4.17,0.44996
"GO:0044091","membrane biogenesis",65,6,7.32,0.44999
"GO:0030856","regulation of epithelial cell differentiation",120,12,13.51,0.45003
"GO:0050912","detection of chemical stimulus involved in sensory perception of taste",34,2,3.83,0.45008
"GO:0008406","gonad development",124,12,13.96,0.45011
"GO:0046822","regulation of nucleocytoplasmic transport",98,9,11.03,0.45012
"GO:0046850","regulation of bone remodeling",45,3,5.07,0.45013
"GO:0009299","mRNA transcription",49,3,5.52,0.45021
"GO:0010389","regulation of G2/M transition of mitotic cell cycle",96,8,10.81,0.45027
"GO:0002263","cell activation involved in immune response",269,26,30.28,0.45055
"GO:0061014","positive regulation of mRNA catabolic process",145,12,16.32,0.45055
"GO:0051250","negative regulation of lymphocyte activation",144,10,16.21,0.4509
"GO:0070979","protein K11-linked ubiquitination",39,5,4.39,0.45144
"GO:0072530","purine-containing compound transmembrane transport",39,5,4.39,0.45144
"GO:0002684","positive regulation of immune system process",1029,105,115.84,0.45188
"GO:0045321","leukocyte activation",837,78,94.22,0.4529
"GO:0070374","positive regulation of ERK1 and ERK2 cascade",179,21,20.15,0.45504
"GO:0022402","cell cycle process",1233,112,138.8,0.45508
"GO:0072594","establishment of protein localization to organelle",350,46,39.4,0.45529
"GO:0046777","protein autophosphorylation",109,13,12.27,0.45678
"GO:0046475","glycerophospholipid catabolic process",37,5,4.17,0.45741
"GO:0034389","lipid droplet organization",38,5,4.28,0.45745
"GO:1902074","response to salt",22,3,2.48,0.45752
"GO:0071468","cellular response to acidic pH",22,3,2.48,0.45752
"GO:0016973","poly(A)+ mRNA export from nucleus",22,3,2.48,0.45752
"GO:0042462","eye photoreceptor cell development",22,3,2.48,0.45752
"GO:0022612","gland morphogenesis",22,3,2.48,0.45752
"GO:1904491","protein localization to ciliary transition zone",22,3,2.48,0.45752
"GO:0097700","vascular endothelial cell response to laminar fluid shear stress",22,3,2.48,0.45752
"GO:0032469","endoplasmic reticulum calcium ion homeostasis",22,3,2.48,0.45752
"GO:1900102","negative regulation of endoplasmic reticulum unfolded protein response",22,3,2.48,0.45752
"GO:0019228","neuronal action potential",32,4,3.6,0.45757
"GO:0007608","sensory perception of smell",246,26,27.69,0.45834
"GO:0071709","membrane assembly",60,5,6.75,0.45835
"GO:0071216","cellular response to biotic stimulus",217,17,24.43,0.46043
"GO:0009968","negative regulation of signal transduction",1283,165,144.43,0.46374
"GO:0045165","cell fate commitment",184,22,20.71,0.46389
"GO:0051241","negative regulation of multicellular organismal process",999,117,112.46,0.46434
"GO:0009615","response to virus",380,39,42.78,0.46684
"GO:0003151","outflow tract morphogenesis",62,8,6.98,0.4673
"GO:0080135","regulation of cellular response to stress",506,57,56.96,0.46773
"GO:0045893","positive regulation of DNA-templated transcription",1588,163,178.77,0.47017
"GO:0006468","protein phosphorylation",615,75,69.23,0.47306
"GO:0061564","axon development",405,84,45.59,0.47339
"GO:1900087","positive regulation of G1/S transition of mitotic cell cycle",40,5,4.5,0.47421
"GO:0045597","positive regulation of cell differentiation",728,81,81.95,0.47495
"GO:0006520","amino acid metabolic process",271,40,30.51,0.47587
"GO:0001525","angiogenesis",511,49,57.53,0.4766
"GO:0034764","positive regulation of transmembrane transport",162,24,18.24,0.47699
"GO:0030510","regulation of BMP signaling pathway",94,14,10.58,0.47768
"GO:0099054","presynapse assembly",45,8,5.07,0.47783
"GO:1904385","cellular response to angiotensin",32,6,3.6,0.47798
"GO:0007004","telomere maintenance via telomerase",60,9,6.75,0.47803
"GO:1902176","negative regulation of oxidative stress-induced intrinsic apoptotic signaling pathway",28,5,3.15,0.47814
"GO:0006672","ceramide metabolic process",101,13,11.37,0.47821
"GO:0035459","vesicle cargo loading",33,5,3.71,0.47831
"GO:0006518","peptide metabolic process",55,7,6.19,0.47845
"GO:0006739","NADP+ metabolic process",38,5,4.28,0.47847
"GO:1903747","regulation of protein localization to mitochondrion",48,6,5.4,0.47851
"GO:0070601","centromeric sister chromatid cohesion",14,2,1.58,0.47856
"GO:0010958","regulation of amino acid import across plasma membrane",14,2,1.58,0.47856
"GO:0003084","positive regulation of systemic arterial blood pressure",14,2,1.58,0.47856
"GO:0010935","regulation of macrophage cytokine production",14,2,1.58,0.47856
"GO:0032754","positive regulation of interleukin-5 production",14,2,1.58,0.47856
"GO:0046007","negative regulation of activated T cell proliferation",14,2,1.58,0.47856
"GO:0035791","platelet-derived growth factor receptor-beta signaling pathway",14,2,1.58,0.47856
"GO:0006000","fructose metabolic process",14,2,1.58,0.47856
"GO:0044857","plasma membrane raft organization",14,2,1.58,0.47856
"GO:0007250","activation of NF-kappaB-inducing kinase activity",14,2,1.58,0.47856
"GO:0015801","aromatic amino acid transport",14,2,1.58,0.47856
"GO:0002089","lens morphogenesis in camera-type eye",14,2,1.58,0.47856
"GO:0046462","monoacylglycerol metabolic process",14,2,1.58,0.47856
"GO:0043278","response to morphine",14,2,1.58,0.47856
"GO:0045064","T-helper 2 cell differentiation",14,2,1.58,0.47856
"GO:0031571","mitotic G1 DNA damage checkpoint signaling",14,2,1.58,0.47856
"GO:0002327","immature B cell differentiation",14,2,1.58,0.47856
"GO:1903975","regulation of glial cell migration",14,2,1.58,0.47856
"GO:0009437","carnitine metabolic process",14,2,1.58,0.47856
"GO:0034333","adherens junction assembly",14,2,1.58,0.47856
"GO:0009164","nucleoside catabolic process",14,2,1.58,0.47856
"GO:1901142","insulin metabolic process",14,2,1.58,0.47856
"GO:0002283","neutrophil activation involved in immune response",14,2,1.58,0.47856
"GO:0030497","fatty acid elongation",14,2,1.58,0.47856
"GO:0097499","protein localization to non-motile cilium",14,2,1.58,0.47856
"GO:1902931","negative regulation of alcohol biosynthetic process",14,2,1.58,0.47856
"GO:0002830","positive regulation of type 2 immune response",14,2,1.58,0.47856
"GO:0045725","positive regulation of glycogen biosynthetic process",14,2,1.58,0.47856
"GO:1900044","regulation of protein K63-linked ubiquitination",14,2,1.58,0.47856
"GO:1904353","regulation of telomere capping",14,2,1.58,0.47856
"GO:0002503","peptide antigen assembly with MHC class II protein complex",14,2,1.58,0.47856
"GO:0010763","positive regulation of fibroblast migration",14,2,1.58,0.47856
"GO:0070207","protein homotrimerization",14,2,1.58,0.47856
"GO:0001782","B cell homeostasis",14,2,1.58,0.47856
"GO:0010642","negative regulation of platelet-derived growth factor receptor signaling pathway",14,2,1.58,0.47856
"GO:0010635","regulation of mitochondrial fusion",14,2,1.58,0.47856
"GO:0044314","protein K27-linked ubiquitination",14,2,1.58,0.47856
"GO:0044342","type B pancreatic cell proliferation",14,2,1.58,0.47856
"GO:0045916","negative regulation of complement activation",14,2,1.58,0.47856
"GO:0099159","regulation of modification of postsynaptic structure",14,2,1.58,0.47856
"GO:0033120","positive regulation of RNA splicing",28,3,3.15,0.47873
"GO:0032872","regulation of stress-activated MAPK cascade",32,3,3.6,0.47886
"GO:0032506","cytokinetic process",52,5,5.85,0.47893
"GO:0045190","isotype switching",37,3,4.17,0.47902
"GO:0006354","DNA-templated transcription elongation",165,15,18.57,0.47973
"GO:0006508","proteolysis",728,78,81.95,0.48388
"GO:0046474","glycerophospholipid biosynthetic process",209,34,23.53,0.48403
"GO:1903828","negative regulation of protein localization",188,31,21.16,0.48427
"GO:0032007","negative regulation of TOR signaling",71,17,7.99,0.48461
"GO:0008360","regulation of cell shape",120,14,13.51,0.48617
"GO:0035249","synaptic transmission, glutamatergic",91,14,10.24,0.48655
"GO:0007416","synapse assembly",264,53,29.72,0.48699
"GO:0097028","dendritic cell differentiation",35,5,3.94,0.48755
"GO:0071539","protein localization to centrosome",35,5,3.94,0.48755
"GO:0035720","intraciliary anterograde transport",23,3,2.59,0.48779
"GO:0009074","aromatic amino acid family catabolic process",23,3,2.59,0.48779
"GO:0043153","entrainment of circadian clock by photoperiod",23,3,2.59,0.48779
"GO:0051131","chaperone-mediated protein complex assembly",23,3,2.59,0.48779
"GO:0003148","outflow tract septum morphogenesis",23,3,2.59,0.48779
"GO:0034138","toll-like receptor 3 signaling pathway",23,3,2.59,0.48779
"GO:0030277","maintenance of gastrointestinal epithelium",23,3,2.59,0.48779
"GO:0090200","positive regulation of release of cytochrome c from mitochondria",23,3,2.59,0.48779
"GO:0036499","PERK-mediated unfolded protein response",23,3,2.59,0.48779
"GO:0007340","acrosome reaction",33,4,3.71,0.48783
"GO:0031100","animal organ regeneration",49,5,5.52,0.48813
"GO:0034243","regulation of transcription elongation by RNA polymerase II",92,9,10.36,0.48844
"GO:1902117","positive regulation of organelle assembly",80,12,9.01,0.4919
"GO:2000463","positive regulation of excitatory postsynaptic potential",32,4,3.6,0.49302
"GO:0022602","ovulation cycle process",32,4,3.6,0.49302
"GO:0042472","inner ear morphogenesis",45,5,5.07,0.49322
"GO:0007020","microtubule nucleation",51,5,5.74,0.49352
"GO:0006796","phosphate-containing compound metabolic process",1763,246,198.47,0.49482
"GO:0034332","adherens junction organization",55,7,6.19,0.49647
"GO:0048661","positive regulation of smooth muscle cell proliferation",80,9,9.01,0.49686
"GO:0034605","cellular response to heat",57,6,6.42,0.49706
"GO:0045739","positive regulation of DNA repair",140,15,15.76,0.49723
"GO:0006909","phagocytosis",223,29,25.1,0.49758
"GO:0046513","ceramide biosynthetic process",66,10,7.43,0.49831
"GO:0002931","response to ischemia",50,6,5.63,0.49949
"GO:0006260","DNA replication",307,33,34.56,0.50055
"GO:0048522","positive regulation of cellular process",5417,647,609.82,0.50086
"GO:0043525","positive regulation of neuron apoptotic process",59,7,6.64,0.50181
"GO:0048858","cell projection morphogenesis",551,110,62.03,0.50187
"GO:0019637","organophosphate metabolic process",1045,158,117.64,0.50318
"GO:0008285","negative regulation of cell population proliferation",580,62,65.29,0.5035
"GO:0043484","regulation of RNA splicing",187,17,21.05,0.50439
"GO:0051640","organelle localization",574,85,64.62,0.50754
"GO:0070201","regulation of establishment of protein localization",431,68,48.52,0.50776
"GO:0055080","monoatomic cation homeostasis",456,68,51.33,0.50833
"GO:0044057","regulation of system process",522,73,58.76,0.50881
"GO:0043632","modification-dependent macromolecule catabolic process",701,93,78.91,0.50881
"GO:0060627","regulation of vesicle-mediated transport",530,82,59.66,0.50933
"GO:0090276","regulation of peptide hormone secretion",177,31,19.93,0.5095
"GO:0006195","purine nucleotide catabolic process",129,25,14.52,0.50962
"GO:0015833","peptide transport",234,36,26.34,0.50977
"GO:0051057","positive regulation of small GTPase mediated signal transduction",79,18,8.89,0.5099
"GO:0071616","acyl-CoA biosynthetic process",55,14,6.19,0.51016
"GO:0046031","ADP metabolic process",91,18,10.24,0.51017
"GO:1902414","protein localization to cell junction",113,18,12.72,0.51066
"GO:0022604","regulation of cell morphogenesis",209,28,23.53,0.51081
"GO:0051938","L-glutamate import",34,8,3.83,0.51088
"GO:0086009","membrane repolarization",52,10,5.85,0.51088
"GO:1905476","negative regulation of protein localization to membrane",36,8,4.05,0.51092
"GO:0031630","regulation of synaptic vesicle fusion to presynaptic active zone membrane",21,6,2.36,0.51099
"GO:0097720","calcineurin-mediated signaling",48,9,5.4,0.51099
"GO:0035336","long-chain fatty-acyl-CoA metabolic process",25,6,2.81,0.51107
"GO:0001952","regulation of cell-matrix adhesion",116,16,13.06,0.51112
"GO:0071379","cellular response to prostaglandin stimulus",19,5,2.14,0.51114
"GO:1990776","response to angiotensin",38,7,4.28,0.51116
"GO:0001885","endothelial cell development",51,8,5.74,0.51126
"GO:0006568","L-tryptophan metabolic process",16,4,1.8,0.51127
"GO:0002182","cytoplasmic translational elongation",44,7,4.95,0.5113
"GO:0010574","regulation of vascular endothelial growth factor production",36,6,4.05,0.51132
"GO:0106070","regulation of adenylate cyclase-activating G protein-coupled receptor signaling pathway",20,4,2.25,0.51136
"GO:0032095","regulation of response to food",21,4,2.36,0.51138
"GO:0097398","cellular response to interleukin-17",22,4,2.48,0.5114
"GO:0043500","muscle adaptation",94,12,10.58,0.51142
"GO:2000846","regulation of corticosteroid hormone secretion",17,3,1.91,0.51149
"GO:0033623","regulation of integrin activation",17,3,1.91,0.51149
"GO:0097062","dendritic spine maintenance",19,3,2.14,0.51153
"GO:0010447","response to acidic pH",28,4,3.15,0.51153
"GO:0071774","response to fibroblast growth factor",93,11,10.47,0.5116
"GO:1900271","regulation of long-term synaptic potentiation",40,5,4.5,0.5116
"GO:1905562","regulation of vascular endothelial cell proliferation",23,3,2.59,0.51162
"GO:0060964","regulation of miRNA-mediated gene silencing",32,4,3.6,0.51162
"GO:0009268","response to pH",41,5,4.62,0.51163
"GO:0035272","exocrine system development",16,2,1.8,0.51166
"GO:1901659","glycosyl compound biosynthetic process",25,3,2.81,0.51167
"GO:2000318","positive regulation of T-helper 17 type immune response",17,2,1.91,0.51168
"GO:0098935","dendritic transport",17,2,1.91,0.51168
"GO:0046596","regulation of viral entry into host cell",18,2,2.03,0.51171
"GO:0034728","nucleosome organization",100,11,11.26,0.51175
"GO:1903036","positive regulation of response to wounding",68,7,7.66,0.51183
"GO:0042987","amyloid precursor protein catabolic process",60,6,6.75,0.51185
"GO:0000271","polysaccharide biosynthetic process",52,5,5.85,0.51187
"GO:0061005","cell differentiation involved in kidney development",44,4,4.95,0.51189
"GO:0039529","RIG-I signaling pathway",27,2,3.04,0.51191
"GO:0006023","aminoglycan biosynthetic process",36,3,4.05,0.51191
"GO:0002065","columnar/cuboidal epithelial cell differentiation",54,5,6.08,0.51191
"GO:0030195","negative regulation of blood coagulation",47,4,5.29,0.51196
"GO:0046640","regulation of alpha-beta T cell proliferation",31,2,3.49,0.512
"GO:0046636","negative regulation of alpha-beta T cell activation",40,3,4.5,0.512
"GO:0050730","regulation of peptidyl-tyrosine phosphorylation",78,6,8.78,0.51225
"GO:0032963","collagen metabolic process",96,7,10.81,0.51245
"GO:0002237","response to molecule of bacterial origin",289,28,32.53,0.51261
"GO:0000725","recombinational repair",192,16,21.61,0.51282
"GO:0000018","regulation of DNA recombination",122,8,13.73,0.51284
"GO:0032680","regulation of tumor necrosis factor production",168,12,18.91,0.51307
"GO:1902905","positive regulation of supramolecular fiber organization",157,25,17.67,0.51402
"GO:0012501","programmed cell death",1725,200,194.19,0.51432
"GO:0030901","midbrain development",76,13,8.56,0.5149
"GO:0051503","adenine nucleotide transport",39,7,4.39,0.51545
"GO:0050996","positive regulation of lipid catabolic process",25,5,2.81,0.51558
"GO:1901799","negative regulation of proteasomal protein catabolic process",54,8,6.08,0.51566
"GO:0048709","oligodendrocyte differentiation",72,10,8.11,0.51566
"GO:0010893","positive regulation of steroid biosynthetic process",30,5,3.38,0.51575
"GO:0072329","monocarboxylic acid catabolic process",121,17,13.62,0.51604
"GO:0030500","regulation of bone mineralization",68,8,7.66,0.51613
"GO:0048714","positive regulation of oligodendrocyte differentiation",15,2,1.69,0.51614
"GO:0051044","positive regulation of membrane protein ectodomain proteolysis",15,2,1.69,0.51614
"GO:1902358","sulfate transmembrane transport",15,2,1.69,0.51614
"GO:0086069","bundle of His cell to Purkinje myocyte communication",15,2,1.69,0.51614
"GO:0007216","G protein-coupled glutamate receptor signaling pathway",15,2,1.69,0.51614
"GO:0009067","aspartate family amino acid biosynthetic process",15,2,1.69,0.51614
"GO:1903543","positive regulation of exosomal secretion",15,2,1.69,0.51614
"GO:0002091","negative regulation of receptor internalization",15,2,1.69,0.51614
"GO:0080154","regulation of fertilization",15,2,1.69,0.51614
"GO:0006415","translational termination",15,2,1.69,0.51614
"GO:0043518","negative regulation of DNA damage response, signal transduction by p53 class mediator",15,2,1.69,0.51614
"GO:0098734","macromolecule depalmitoylation",15,2,1.69,0.51614
"GO:0046697","decidualization",15,2,1.69,0.51614
"GO:0010457","centriole-centriole cohesion",15,2,1.69,0.51614
"GO:0150011","regulation of neuron projection arborization",15,2,1.69,0.51614
"GO:0034638","phosphatidylcholine catabolic process",15,2,1.69,0.51614
"GO:0048385","regulation of retinoic acid receptor signaling pathway",15,2,1.69,0.51614
"GO:0045618","positive regulation of keratinocyte differentiation",15,2,1.69,0.51614
"GO:0001867","complement activation, lectin pathway",15,2,1.69,0.51614
"GO:0055003","cardiac myofibril assembly",15,2,1.69,0.51614
"GO:0045104","intermediate filament cytoskeleton organization",79,9,8.89,0.5162
"GO:0016556","mRNA modification",26,3,2.93,0.51621
"GO:0010721","negative regulation of cell development",213,24,23.98,0.51623
"GO:0097194","execution phase of apoptosis",71,8,7.99,0.51623
"GO:0001961","positive regulation of cytokine-mediated signaling pathway",56,9,6.3,0.5163
"GO:0003254","regulation of membrane depolarization",48,8,5.4,0.51634
"GO:0006641","triglyceride metabolic process",93,10,10.47,0.51637
"GO:0008089","anterograde axonal transport",43,7,4.84,0.5165
"GO:0016180","snRNA processing",37,3,4.17,0.51658
"GO:0045787","positive regulation of cell cycle",289,36,32.53,0.51659
"GO:0000380","alternative mRNA splicing, via spliceosome",83,8,9.34,0.51663
"GO:0060612","adipose tissue development",50,7,5.63,0.5168
"GO:0061136","regulation of proteasomal protein catabolic process",212,28,23.87,0.51684
"GO:0048010","vascular endothelial growth factor receptor signaling pathway",53,7,5.97,0.51692
"GO:0046039","GTP metabolic process",24,3,2.7,0.5172
"GO:0007274","neuromuscular synaptic transmission",24,3,2.7,0.5172
"GO:0090023","positive regulation of neutrophil chemotaxis",24,3,2.7,0.5172
"GO:0035909","aorta morphogenesis",24,3,2.7,0.5172
"GO:0050776","regulation of immune response",911,99,102.56,0.51736
"GO:1990000","amyloid fibril formation",41,4,4.62,0.51754
"GO:0090316","positive regulation of intracellular protein transport",89,9,10.02,0.51769
"GO:0003091","renal water homeostasis",33,4,3.71,0.518
"GO:0021915","neural tube development",61,5,6.87,0.51801
"GO:0070555","response to interleukin-1",108,10,12.16,0.51812
"GO:0007080","mitotic metaphase chromosome alignment",68,9,7.66,0.51823
"GO:0032206","positive regulation of telomere maintenance",71,7,7.99,0.51856
"GO:0032728","positive regulation of interferon-beta production",42,5,4.73,0.51876
"GO:0060391","positive regulation of SMAD protein signal transduction",42,5,4.73,0.51876
"GO:0042311","vasodilation",42,5,4.73,0.51876
"GO:0045668","negative regulation of osteoblast differentiation",42,5,4.73,0.51876
"GO:0010634","positive regulation of epithelial cell migration",42,5,4.73,0.51876
"GO:0045930","negative regulation of mitotic cell cycle",220,19,24.77,0.51949
"GO:0010212","response to ionizing radiation",113,9,12.72,0.51975
"GO:0009411","response to UV",130,12,14.63,0.52019
"GO:0040029","epigenetic regulation of gene expression",309,28,34.79,0.52113
"GO:0000082","G1/S transition of mitotic cell cycle",211,21,23.75,0.52201
"GO:0009892","negative regulation of metabolic process",2783,269,313.29,0.52208
"GO:0010564","regulation of cell cycle process",696,66,78.35,0.52212
"GO:0090407","organophosphate biosynthetic process",611,93,68.78,0.53625
"GO:0050829","defense response to Gram-negative bacterium",70,8,7.88,0.53793
"GO:0007565","female pregnancy",135,15,15.2,0.53813
"GO:0032868","response to insulin",235,31,26.46,0.53823
"GO:0006888","endoplasmic reticulum to Golgi vesicle-mediated transport",133,14,14.97,0.53836
"GO:0002064","epithelial cell development",125,19,14.07,0.54028
"GO:0001937","negative regulation of endothelial cell proliferation",43,5,4.84,0.54042
"GO:1905168","positive regulation of double-strand break repair via homologous recombination",43,5,4.84,0.54042
"GO:0016925","protein sumoylation",64,7,7.2,0.5406
"GO:0022603","regulation of anatomical structure morphogenesis",720,94,81.05,0.54065
"GO:1903749","positive regulation of protein localization to mitochondrion",34,4,3.83,0.54238
"GO:0015721","bile acid and bile salt transport",34,4,3.83,0.54238
"GO:1901223","negative regulation of non-canonical NF-kappaB signal transduction",34,4,3.83,0.54238
"GO:0006414","translational elongation",76,10,8.56,0.5452
"GO:0035458","cellular response to interferon-beta",25,3,2.81,0.54567
"GO:0016540","protein autoprocessing",25,3,2.81,0.54567
"GO:0038096","Fc-gamma receptor signaling pathway involved in phagocytosis",25,3,2.81,0.54567
"GO:0046426","negative regulation of receptor signaling pathway via JAK-STAT",25,3,2.81,0.54567
"GO:0070372","regulation of ERK1 and ERK2 cascade",266,30,29.94,0.54573
"GO:0001657","ureteric bud development",65,6,7.32,0.54624
"GO:0007188","adenylate cyclase-modulating G protein-coupled receptor signaling pathway",277,46,31.18,0.54736
"GO:0016055","Wnt signaling pathway",420,65,47.28,0.54869
"GO:0032386","regulation of intracellular transport",258,39,29.04,0.54887
"GO:0009267","cellular response to starvation",169,28,19.03,0.54897
"GO:0007167","enzyme-linked receptor protein signaling pathway",904,111,101.77,0.54898
"GO:0032101","regulation of response to external stimulus",1024,122,115.28,0.54977
"GO:0043122","regulation of canonical NF-kappaB signal transduction",312,41,35.12,0.55012
"GO:0009798","axis specification",61,9,6.87,0.55128
"GO:0014075","response to amine",36,6,4.05,0.55134
"GO:0051315","attachment of mitotic spindle microtubules to kinetochore",26,4,2.93,0.5516
"GO:0140042","lipid droplet formation",16,2,1.8,0.55187
"GO:0072112","podocyte differentiation",16,2,1.8,0.55187
"GO:1903729","regulation of plasma membrane organization",16,2,1.8,0.55187
"GO:0003356","regulation of cilium beat frequency",16,2,1.8,0.55187
"GO:0003323","type B pancreatic cell development",16,2,1.8,0.55187
"GO:0035672","oligopeptide transmembrane transport",16,2,1.8,0.55187
"GO:0035640","exploration behavior",16,2,1.8,0.55187
"GO:0071218","cellular response to misfolded protein",16,2,1.8,0.55187
"GO:0140718","facultative heterochromatin formation",16,2,1.8,0.55187
"GO:0018146","keratan sulfate proteoglycan biosynthetic process",16,2,1.8,0.55187
"GO:1990166","protein localization to site of double-strand break",16,2,1.8,0.55187
"GO:0046831","regulation of RNA export from nucleus",16,2,1.8,0.55187
"GO:0009265","2'-deoxyribonucleotide biosynthetic process",16,2,1.8,0.55187
"GO:0006570","tyrosine metabolic process",16,2,1.8,0.55187
"GO:1904036","negative regulation of epithelial cell apoptotic process",16,2,1.8,0.55187
"GO:0060965","negative regulation of miRNA-mediated gene silencing",16,2,1.8,0.55187
"GO:0006617","SRP-dependent cotranslational protein targeting to membrane, signal sequence recognition",16,2,1.8,0.55187
"GO:1902969","mitotic DNA replication",16,2,1.8,0.55187
"GO:0042832","defense response to protozoan",16,2,1.8,0.55187
"GO:0014829","vascular associated smooth muscle contraction",16,2,1.8,0.55187
"GO:0090190","positive regulation of branching involved in ureteric bud morphogenesis",16,2,1.8,0.55187
"GO:0008045","motor neuron axon guidance",16,2,1.8,0.55187
"GO:0070198","protein localization to chromosome, telomeric region",16,2,1.8,0.55187
"GO:0036444","calcium import into the mitochondrion",16,2,1.8,0.55187
"GO:0019370","leukotriene biosynthetic process",16,2,1.8,0.55187
"GO:0000012","single strand break repair",16,2,1.8,0.55187
"GO:0001953","negative regulation of cell-matrix adhesion",35,4,3.94,0.55191
"GO:0007099","centriole replication",45,5,5.07,0.55195
"GO:0014911","positive regulation of smooth muscle cell migration",34,3,3.83,0.55218
"GO:0009566","fertilization",142,15,15.99,0.55223
"GO:0042391","regulation of membrane potential",408,76,45.93,0.55252
"GO:0001659","temperature homeostasis",193,19,21.73,0.55276
"GO:0030097","hemopoiesis",746,57,83.98,0.55631
"GO:1990778","protein localization to cell periphery",344,69,38.73,0.56035
"GO:0006418","tRNA aminoacylation for protein translation",44,5,4.95,0.56162
"GO:0060322","head development",541,83,60.9,0.56201
"GO:0007034","vacuolar transport",170,25,19.14,0.56547
"GO:0045333","cellular respiration",295,39,33.21,0.56548
"GO:0016188","synaptic vesicle maturation",24,6,2.7,0.566
"GO:0001662","behavioral fear response",18,5,2.03,0.56607
"GO:0055022","negative regulation of cardiac muscle tissue growth",20,5,2.25,0.56612
"GO:0003170","heart valve development",66,10,7.43,0.56615
"GO:0097178","ruffle assembly",34,6,3.83,0.56623
"GO:0060306","regulation of membrane repolarization",35,6,3.94,0.56626
"GO:0050849","negative regulation of calcium-mediated signaling",19,4,2.14,0.5663
"GO:0044060","regulation of endocrine process",41,6,4.62,0.5664
"GO:0048199","vesicle targeting, to, from or within Golgi",33,5,3.71,0.56642
"GO:0010324","membrane invagination",61,8,6.87,0.56645
"GO:0099638","endosome to plasma membrane protein transport",17,3,1.91,0.56646
"GO:0035601","protein deacylation",35,5,3.94,0.56646
"GO:0045601","regulation of endothelial cell differentiation",35,5,3.94,0.56646
"GO:0036294","cellular response to decreased oxygen levels",151,18,17,0.56647
"GO:0043549","regulation of kinase activity",240,28,27.02,0.56648
"GO:0046184","aldehyde biosynthetic process",18,3,2.03,0.56648
"GO:0006620","post-translational protein targeting to endoplasmic reticulum membrane",18,3,2.03,0.56648
"GO:1905523","positive regulation of macrophage migration",27,4,3.04,0.56648
"GO:0010758","regulation of macrophage chemotaxis",27,4,3.04,0.56648
"GO:0051148","negative regulation of muscle cell differentiation",54,7,6.08,0.56649
"GO:0046463","acylglycerol biosynthetic process",47,6,5.29,0.56653
"GO:0048729","tissue morphogenesis",388,44,43.68,0.56661
"GO:0032885","regulation of polysaccharide biosynthetic process",34,4,3.83,0.56664
"GO:2000677","regulation of transcription regulatory region DNA binding",17,2,1.91,0.56666
"GO:0003283","atrial septum development",18,2,2.03,0.56668
"GO:0006925","inflammatory cell apoptotic process",18,2,2.03,0.56668
"GO:0033673","negative regulation of kinase activity",72,8,8.11,0.5667
"GO:1904659","D-glucose transmembrane transport",82,9,9.23,0.56673
"GO:0090208","positive regulation of triglyceride metabolic process",20,2,2.25,0.56673
"GO:0140719","constitutive heterochromatin formation",57,6,6.42,0.56676
"GO:0018345","protein palmitoylation",22,2,2.48,0.56677
"GO:0031400","negative regulation of protein modification process",191,21,21.5,0.56678
"GO:0002821","positive regulation of adaptive immune response",105,11,11.82,0.56685
"GO:0002891","positive regulation of immunoglobulin mediated immune response",26,2,2.93,0.56687
"GO:0010559","regulation of glycoprotein biosynthetic process",39,3,4.39,0.56696
"GO:1904894","positive regulation of receptor signaling pathway via STAT",48,4,5.4,0.56696
"GO:0032786","positive regulation of DNA-templated transcription, elongation",62,5,6.98,0.56708
"GO:0002711","positive regulation of T cell mediated immunity",62,5,6.98,0.56708
"GO:0046631","alpha-beta T cell activation",178,18,20.04,0.5671
"GO:0046824","positive regulation of nucleocytoplasmic transport",57,4,6.42,0.56717
"GO:0001706","endoderm formation",50,3,5.63,0.56721
"GO:0045066","regulatory T cell differentiation",49,2,5.52,0.5674
"GO:0051701","biological process involved in interaction with host",166,15,18.69,0.56744
"GO:0048514","blood vessel morphogenesis",564,54,63.49,0.56868
"GO:1901137","carbohydrate derivative biosynthetic process",593,56,66.76,0.56895
"GO:0007043","cell-cell junction assembly",138,23,15.54,0.56943
"GO:0030866","cortical actin cytoskeleton organization",36,5,4.05,0.57281
"GO:0007517","muscle organ development",242,21,27.24,0.57307
"GO:0044344","cellular response to fibroblast growth factor stimulus",87,10,9.79,0.57309
"GO:2001240","negative regulation of extrinsic apoptotic signaling pathway in absence of ligand",26,3,2.93,0.57314
"GO:0086004","regulation of cardiac muscle cell contraction",38,4,4.28,0.57327
"GO:0048468","cell development",2248,287,253.07,0.57372
"GO:0022408","negative regulation of cell-cell adhesion",180,16,20.26,0.5748
"GO:0045595","regulation of cell differentiation",1313,139,147.81,0.57678
"GO:0045669","positive regulation of osteoblast differentiation",54,6,6.08,0.57748
"GO:0019752","carboxylic acid metabolic process",827,111,93.1,0.57997
"GO:0097352","autophagosome maturation",63,9,7.09,0.58134
"GO:0031424","keratinization",45,5,5.07,0.58231
"GO:0010595","positive regulation of endothelial cell migration",110,10,12.38,0.58346
"GO:0035418","protein localization to synapse",84,15,9.46,0.58402
"GO:0055001","muscle cell development",141,20,15.87,0.58445
"GO:0008593","regulation of Notch signaling pathway",89,12,10.02,0.58511
"GO:0065003","protein-containing complex assembly",1587,204,178.66,0.58529
"GO:0097746","blood vessel diameter maintenance",123,14,13.85,0.58567
"GO:0070371","ERK1 and ERK2 cascade",283,32,31.86,0.58567
"GO:0035269","protein O-linked glycosylation via mannose",17,2,1.91,0.58569
"GO:0002021","response to dietary excess",17,2,1.91,0.58569
"GO:0006337","nucleosome disassembly",17,2,1.91,0.58569
"GO:1903978","regulation of microglial cell activation",17,2,1.91,0.58569
"GO:0009159","deoxyribonucleoside monophosphate catabolic process",17,2,1.91,0.58569
"GO:1905564","positive regulation of vascular endothelial cell proliferation",17,2,1.91,0.58569
"GO:0030325","adrenal gland development",17,2,1.91,0.58569
"GO:0042753","positive regulation of circadian rhythm",17,2,1.91,0.58569
"GO:0150079","negative regulation of neuroinflammatory response",17,2,1.91,0.58569
"GO:0006957","complement activation, alternative pathway",17,2,1.91,0.58569
"GO:0090201","negative regulation of release of cytochrome c from mitochondria",17,2,1.91,0.58569
"GO:0098915","membrane repolarization during ventricular cardiac muscle cell action potential",17,2,1.91,0.58569
"GO:0021515","cell differentiation in spinal cord",17,2,1.91,0.58569
"GO:0010633","negative regulation of epithelial cell migration",17,2,1.91,0.58569
"GO:0007063","regulation of sister chromatid cohesion",17,2,1.91,0.58569
"GO:0044320","cellular response to leptin stimulus",17,2,1.91,0.58569
"GO:0060688","regulation of morphogenesis of a branching structure",36,4,4.05,0.58573
"GO:0006693","prostaglandin metabolic process",45,5,5.07,0.58574
"GO:0043243","positive regulation of protein-containing complex disassembly",37,4,4.17,0.58577
"GO:0051346","negative regulation of hydrolase activity",32,3,3.6,0.5859
"GO:0038061","non-canonical NF-kappaB signal transduction",121,13,13.62,0.58591
"GO:0015909","long-chain fatty acid transport",61,6,6.87,0.58598
"GO:0015908","fatty acid transport",106,11,11.93,0.586
"GO:0008033","tRNA processing",139,13,15.65,0.58653
"GO:0048255","mRNA stabilization",75,12,8.44,0.58755
"GO:0032480","negative regulation of type I interferon production",48,6,5.4,0.58886
"GO:2000134","negative regulation of G1/S transition of mitotic cell cycle",51,6,5.74,0.58901
"GO:0007179","transforming growth factor beta receptor signaling pathway",193,25,21.73,0.58908
"GO:0046627","negative regulation of insulin receptor signaling pathway",36,4,4.05,0.58914
"GO:0045665","negative regulation of neuron differentiation",36,4,4.05,0.58914
"GO:0090303","positive regulation of wound healing",62,6,6.98,0.58955
"GO:0034614","cellular response to reactive oxygen species",127,12,14.3,0.59013
"GO:0032757","positive regulation of interleukin-8 production",64,7,7.2,0.59113
"GO:0045109","intermediate filament organization",64,7,7.2,0.59113
"GO:0030307","positive regulation of cell growth",149,22,16.77,0.5922
"GO:0034220","monoatomic ion transmembrane transport",989,149,111.34,0.59226
"GO:0010646","regulation of cell communication",3326,456,374.42,0.59397
"GO:0007186","G protein-coupled receptor signaling pathway",1055,152,118.77,0.59536
"GO:0010718","positive regulation of epithelial to mesenchymal transition",55,6,6.19,0.596
"GO:1904263","positive regulation of TORC1 signaling",55,6,6.19,0.596
"GO:0030534","adult behavior",67,14,7.54,0.59709
"GO:0030100","regulation of endocytosis",292,38,32.87,0.59757
"GO:0071385","cellular response to glucocorticoid stimulus",45,6,5.07,0.59918
"GO:0006334","nucleosome assembly",83,9,9.34,0.59932
"GO:0019369","arachidonate metabolic process",58,7,6.53,0.59936
"GO:0001974","blood vessel remodeling",27,3,3.04,0.59955
"GO:1901679","nucleotide transmembrane transport",27,3,3.04,0.59955
"GO:0045671","negative regulation of osteoclast differentiation",27,3,3.04,0.59955
"GO:0010613","positive regulation of cardiac muscle hypertrophy",27,3,3.04,0.59955
"GO:2001252","positive regulation of chromosome organization",98,10,11.03,0.59992
"GO:0006749","glutathione metabolic process",46,4,5.18,0.59998
"GO:0045815","transcription initiation-coupled chromatin remodeling",57,6,6.42,0.60258
"GO:0071260","cellular response to mechanical stimulus",74,8,8.33,0.60321
"GO:0007286","spermatid development",181,21,20.38,0.60746
"GO:0006275","regulation of DNA replication",123,16,13.85,0.61042
"GO:0044331","cell-cell adhesion mediated by cadherin",57,8,6.42,0.61068
"GO:0030593","neutrophil chemotaxis",68,9,7.66,0.61078
"GO:0007267","cell-cell signaling",1172,221,131.94,0.61123
"GO:0008543","fibroblast growth factor receptor signaling pathway",61,7,6.87,0.61131
"GO:0006873","intracellular monoatomic ion homeostasis",409,65,46.04,0.61143
"GO:2001222","regulation of neuron migration",37,4,4.17,0.61144
"GO:0045745","positive regulation of G protein-coupled receptor signaling pathway",37,4,4.17,0.61144
"GO:0006958","complement activation, classical pathway",37,4,4.17,0.61144
"GO:0070527","platelet aggregation",67,7,7.54,0.61161
"GO:0170039","proteinogenic amino acid metabolic process",151,28,17,0.61316
"GO:0045055","regulated exocytosis",211,38,23.75,0.61318
"GO:0009896","positive regulation of catabolic process",554,76,62.37,0.61328
"GO:0048284","organelle fusion",172,29,19.36,0.61345
"GO:0003015","heart process",231,34,26,0.61379
"GO:0015800","acidic amino acid transport",63,15,7.09,0.61382
"GO:0035265","organ growth",101,18,11.37,0.61408
"GO:0120193","tight junction organization",66,14,7.43,0.6141
"GO:0120192","tight junction assembly",58,13,6.53,0.61412
"GO:0007178","cell surface receptor protein serine/threonine kinase signaling pathway",337,43,37.94,0.61439
"GO:0002687","positive regulation of leukocyte migration",136,20,15.31,0.61448
"GO:1902745","positive regulation of lamellipodium organization",34,8,3.83,0.6146
"GO:0001938","positive regulation of endothelial cell proliferation",83,8,9.34,0.61465
"GO:0033146","regulation of intracellular estrogen receptor signaling pathway",31,7,3.49,0.61473
"GO:1904950","negative regulation of establishment of protein localization",104,15,11.71,0.61478
"GO:1904861","excitatory synapse assembly",42,8,4.73,0.61478
"GO:0033363","secretory granule organization",61,10,6.87,0.61481
"GO:0007031","peroxisome organization",37,7,4.17,0.61487
"GO:0043368","positive T cell selection",40,7,4.5,0.61494
"GO:0007423","sensory organ development",370,50,41.65,0.61498
"GO:0007062","sister chromatid cohesion",60,9,6.75,0.615
"GO:0072676","lymphocyte migration",97,13,10.92,0.61503
"GO:0031998","regulation of fatty acid beta-oxidation",18,4,2.03,0.61505
"GO:0072111","cell proliferation involved in kidney development",19,4,2.14,0.61508
"GO:0002437","inflammatory response to antigenic stimulus",56,8,6.3,0.61511
"GO:0060914","heart formation",21,4,2.36,0.61512
"GO:2000772","regulation of cellular senescence",40,6,4.5,0.61515
"GO:0022600","digestive system process",85,11,9.57,0.61516
"GO:0009855","determination of bilateral symmetry",94,12,10.58,0.61517
"GO:0044058","regulation of digestive system process",32,5,3.6,0.61517
"GO:0045859","regulation of protein kinase activity",219,26,24.65,0.61518
"GO:0034440","lipid oxidation",104,13,11.71,0.61519
"GO:0007007","inner mitochondrial membrane organization",44,6,4.95,0.61524
"GO:0036230","granulocyte activation",47,6,5.29,0.61531
"GO:1902412","regulation of mitotic cytokinesis",21,3,2.36,0.61533
"GO:0043467","regulation of generation of precursor metabolites and energy",119,14,13.4,0.61534
"GO:0051345","positive regulation of hydrolase activity",96,18,10.81,0.61537
"GO:0099010","modification of postsynaptic structure",34,4,3.83,0.61543
"GO:0033157","regulation of intracellular protein transport",133,15,14.97,0.61546
"GO:0007044","cell-substrate junction assembly",91,10,10.24,0.61551
"GO:0042634","regulation of hair cycle",21,2,2.36,0.61554
"GO:0036498","IRE1-mediated unfolded protein response",24,2,2.7,0.61561
"GO:1900076","regulation of cellular response to insulin stimulus",62,6,6.98,0.61566
"GO:0060042","retina morphogenesis in camera-type eye",40,3,4.5,0.61577
"GO:0061178","regulation of insulin secretion involved in cellular response to glucose stimulus",55,12,6.19,0.6158
"GO:0003229","ventricular cardiac muscle tissue development",45,2,5.07,0.6161
"GO:1902749","regulation of cell cycle G2/M phase transition",109,9,12.27,0.61614
"GO:0006112","energy reserve metabolic process",78,5,8.78,0.61625
"GO:0035148","tube formation",70,4,7.88,0.61627
"GO:0006694","steroid biosynthetic process",154,21,17.34,0.61645
"GO:0070828","heterochromatin organization",204,18,22.97,0.6165
"GO:2000378","negative regulation of reactive oxygen species metabolic process",37,6,4.17,0.61701
"GO:0032387","negative regulation of intracellular transport",52,7,5.85,0.61722
"GO:0060999","positive regulation of dendritic spine development",38,5,4.28,0.61735
"GO:0050982","detection of mechanical stimulus",48,6,5.4,0.61739
"GO:0003007","heart morphogenesis",182,21,20.49,0.61742
"GO:0010526","transposable element silencing",42,5,4.73,0.61749
"GO:1905332","positive regulation of morphogenesis of an epithelium",34,4,3.83,0.61752
"GO:0043031","negative regulation of macrophage activation",18,2,2.03,0.61758
"GO:0006044","N-acetylglucosamine metabolic process",18,2,2.03,0.61758
"GO:0071318","cellular response to ATP",18,2,2.03,0.61758
"GO:0086014","atrial cardiac muscle cell action potential",18,2,2.03,0.61758
"GO:0051447","negative regulation of meiotic cell cycle",18,2,2.03,0.61758
"GO:0099601","regulation of neurotransmitter receptor activity",18,2,2.03,0.61758
"GO:0051177","meiotic sister chromatid cohesion",18,2,2.03,0.61758
"GO:1902236","negative regulation of endoplasmic reticulum stress-induced intrinsic apoptotic signaling pathway",18,2,2.03,0.61758
"GO:0071276","cellular response to cadmium ion",18,2,2.03,0.61758
"GO:0045039","protein insertion into mitochondrial inner membrane",18,2,2.03,0.61758
"GO:0071816","tail-anchored membrane protein insertion into ER membrane",18,2,2.03,0.61758
"GO:0034375","high-density lipoprotein particle remodeling",18,2,2.03,0.61758
"GO:0035973","aggrephagy",18,2,2.03,0.61758
"GO:1990116","ribosome-associated ubiquitin-dependent protein catabolic process",18,2,2.03,0.61758
"GO:0018200","peptidyl-glutamic acid modification",18,2,2.03,0.61758
"GO:0006855","xenobiotic transmembrane transport",18,2,2.03,0.61758
"GO:0033003","regulation of mast cell activation",18,2,2.03,0.61758
"GO:0034244","negative regulation of transcription elongation by RNA polymerase II",18,2,2.03,0.61758
"GO:0034727","piecemeal microautophagy of the nucleus",18,2,2.03,0.61758
"GO:0045722","positive regulation of gluconeogenesis",18,2,2.03,0.61758
"GO:0042537","benzene-containing compound metabolic process",18,2,2.03,0.61758
"GO:0141163","positive regulation of cAMP/PKA signal transduction",18,2,2.03,0.61758
"GO:0019373","epoxygenase P450 pathway",18,2,2.03,0.61758
"GO:0042953","lipoprotein transport",18,2,2.03,0.61758
"GO:0051168","nuclear export",171,18,19.25,0.61796
"GO:0070542","response to fatty acid",56,5,6.3,0.61797
"GO:0007266","Rho protein signal transduction",135,23,15.2,0.61808
"GO:0042113","B cell activation",230,20,25.89,0.61938
"GO:2000379","positive regulation of reactive oxygen species metabolic process",67,11,7.54,0.62022
"GO:0007601","visual perception",194,22,21.84,0.62203
"GO:0042981","regulation of apoptotic process",1224,125,137.79,0.62221
"GO:0022607","cellular component assembly",3151,411,354.72,0.62321
"GO:0007009","plasma membrane organization",160,21,18.01,0.62367
"GO:0071711","basement membrane organization",28,3,3.15,0.62486
"GO:0006622","protein targeting to lysosome",28,3,3.15,0.62486
"GO:0070059","intrinsic apoptotic signaling pathway in response to endoplasmic reticulum stress",60,6,6.75,0.62508
"GO:0001701","in utero embryonic development",73,6,8.22,0.62563
"GO:0022409","positive regulation of cell-cell adhesion",287,19,32.31,0.62846
"GO:0050870","positive regulation of T cell activation",217,14,24.43,0.62874
"GO:0000278","mitotic cell cycle",846,86,95.24,0.62984
"GO:0035176","social behavior",38,4,4.28,0.63297
"GO:0016266","protein O-linked glycosylation via N-acetyl-galactosamine",38,4,4.28,0.63297
"GO:0001503","ossification",329,37,37.04,0.64088
"GO:0000245","spliceosomal complex assembly",84,7,9.46,0.64204
"GO:0090150","establishment of protein localization to membrane",266,44,29.94,0.64319
"GO:0009653","anatomical structure morphogenesis",2128,258,239.56,0.64397
"GO:0042594","response to starvation",201,32,22.63,0.64542
"GO:0002690","positive regulation of leukocyte chemotaxis",90,14,10.13,0.64633
"GO:0061025","membrane fusion",189,27,21.28,0.6468
"GO:0006509","membrane protein ectodomain proteolysis",44,7,4.95,0.64689
"GO:0048640","negative regulation of developmental growth",63,9,7.09,0.64693
"GO:0010639","negative regulation of organelle organization",343,40,38.61,0.64708
"GO:0032438","melanosome organization",38,5,4.28,0.64729
"GO:0006516","glycoprotein catabolic process",41,5,4.62,0.64739
"GO:0006098","pentose-phosphate shunt",19,2,2.14,0.64755
"GO:0060325","face morphogenesis",19,2,2.14,0.64755
"GO:0007130","synaptonemal complex assembly",19,2,2.14,0.64755
"GO:0002098","tRNA wobble uridine modification",19,2,2.14,0.64755
"GO:0043171","peptide catabolic process",19,2,2.14,0.64755
"GO:0051895","negative regulation of focal adhesion assembly",19,2,2.14,0.64755
"GO:0160240","RNA polymerase II transcription initiation surveillance",19,2,2.14,0.64755
"GO:0097066","response to thyroid hormone",19,2,2.14,0.64755
"GO:0090083","regulation of inclusion body assembly",19,2,2.14,0.64755
"GO:0097320","plasma membrane tubulation",19,2,2.14,0.64755
"GO:0098885","modification of postsynaptic actin cytoskeleton",19,2,2.14,0.64755
"GO:0150078","positive regulation of neuroinflammatory response",19,2,2.14,0.64755
"GO:0098801","regulation of renal system process",19,2,2.14,0.64755
"GO:0002840","regulation of T cell mediated immune response to tumor cell",19,2,2.14,0.64755
"GO:0035024","negative regulation of Rho protein signal transduction",19,2,2.14,0.64755
"GO:0021854","hypothalamus development",19,2,2.14,0.64755
"GO:2000737","negative regulation of stem cell differentiation",19,2,2.14,0.64755
"GO:0098974","postsynaptic actin cytoskeleton organization",19,2,2.14,0.64755
"GO:0021801","cerebral cortex radial glia-guided migration",19,2,2.14,0.64755
"GO:0030517","negative regulation of axon extension",19,2,2.14,0.64755
"GO:0046717","acid secretion",29,3,3.26,0.64758
"GO:0010803","regulation of tumor necrosis factor-mediated signaling pathway",65,7,7.32,0.6476
"GO:0043162","ubiquitin-dependent protein catabolic process via the multivesicular body sorting pathway",35,3,3.94,0.64779
"GO:0060349","bone morphogenesis",45,4,5.07,0.64783
"GO:0061045","negative regulation of wound healing",66,6,7.43,0.64794
"GO:0032956","regulation of actin cytoskeleton organization",322,50,36.25,0.64802
"GO:0042246","tissue regeneration",55,7,6.19,0.64864
"GO:0000132","establishment of mitotic spindle orientation",29,3,3.26,0.64904
"GO:0002092","positive regulation of receptor internalization",29,3,3.26,0.64904
"GO:0046676","negative regulation of insulin secretion",29,3,3.26,0.64904
"GO:0051968","positive regulation of synaptic transmission, glutamatergic",29,3,3.26,0.64904
"GO:0019216","regulation of lipid metabolic process",302,28,34,0.65121
"GO:0051209","release of sequestered calcium ion into cytosol",113,17,12.72,0.65171
"GO:0001578","microtubule bundle formation",122,6,13.73,0.65183
"GO:0042254","ribosome biogenesis",323,19,36.36,0.65281
"GO:0001676","long-chain fatty acid metabolic process",109,13,12.27,0.65324
"GO:0032367","intracellular cholesterol transport",39,4,4.39,0.65372
"GO:1904707","positive regulation of vascular associated smooth muscle cell proliferation",39,4,4.39,0.65372
"GO:1900182","positive regulation of protein localization to nucleus",85,9,9.57,0.6538
"GO:0014823","response to activity",62,6,6.98,0.65397
"GO:0016050","vesicle organization",374,63,42.1,0.65432
"GO:0018108","peptidyl-tyrosine phosphorylation",119,11,13.4,0.65459
"GO:0030111","regulation of Wnt signaling pathway",306,49,34.45,0.65568
"GO:1904951","positive regulation of establishment of protein localization",266,44,29.94,0.6558
"GO:1905475","regulation of protein localization to membrane",168,33,18.91,0.65581
"GO:0051656","establishment of organelle localization",367,55,41.31,0.65586
"GO:0008037","cell recognition",127,24,14.3,0.65673
"GO:0046434","organophosphate catabolic process",237,36,26.68,0.6568
"GO:0015748","organophosphate ester transport",175,28,19.7,0.65702
"GO:0043279","response to alkaloid",78,14,8.78,0.65767
"GO:0060485","mesenchyme development",264,34,29.72,0.65785
"GO:0070646","protein modification by small protein removal",127,18,14.3,0.65798
"GO:0035493","SNARE complex assembly",24,6,2.7,0.65807
"GO:0046164","alcohol catabolic process",36,6,4.05,0.65835
"GO:1902473","regulation of protein localization to synapse",28,5,3.15,0.65837
"GO:0032107","regulation of response to nutrient levels",30,5,3.38,0.65841
"GO:0042181","ketone biosynthetic process",53,7,5.97,0.65854
"GO:0045324","late endosome to vacuole transport",36,5,4.05,0.65855
"GO:0006144","purine nucleobase metabolic process",19,3,2.14,0.65857
"GO:0051957","positive regulation of amino acid transport",19,3,2.14,0.65857
"GO:0014812","muscle cell migration",73,9,8.22,0.65859
"GO:0070266","necroptotic process",38,5,4.28,0.6586
"GO:0006970","response to osmotic stress",74,9,8.33,0.65861
"GO:0071499","cellular response to laminar fluid shear stress",31,4,3.49,0.65864
"GO:0032205","negative regulation of telomere maintenance",40,5,4.5,0.65865
"GO:1990266","neutrophil migration",85,10,9.57,0.65866
"GO:1901028","regulation of mitochondrial outer membrane permeabilization involved in apoptotic signaling pathway",19,2,2.14,0.65878
"GO:0051969","regulation of transmission of nerve impulse",19,2,2.14,0.65878
"GO:0035358","regulation of peroxisome proliferator activated receptor signaling pathway",19,2,2.14,0.65878
"GO:0051156","glucose 6-phosphate metabolic process",28,3,3.15,0.65878
"GO:0070229","negative regulation of lymphocyte apoptotic process",20,2,2.25,0.6588
"GO:1902253","regulation of intrinsic apoptotic signaling pathway by p53 class mediator",29,3,3.26,0.6588
"GO:2001044","regulation of integrin-mediated signaling pathway",22,2,2.48,0.65885
"GO:0006221","pyrimidine nucleotide biosynthetic process",33,3,3.71,0.6589
"GO:0046626","regulation of insulin receptor signaling pathway",61,6,6.87,0.65893
"GO:0042730","fibrinolysis",26,2,2.93,0.65894
"GO:1904752","regulation of vascular associated smooth muscle cell migration",27,2,3.04,0.65896
"GO:0046456","icosanoid biosynthetic process",54,5,6.08,0.65897
"GO:0050764","regulation of phagocytosis",94,9,10.58,0.65908
"GO:0048524","positive regulation of viral process",61,5,6.87,0.65914
"GO:0002275","myeloid cell activation involved in immune response",88,7,9.91,0.65935
"GO:0055008","cardiac muscle tissue morphogenesis",46,2,5.18,0.65941
"GO:0006289","nucleotide-excision repair",89,8,10.02,0.66016
"GO:0051983","regulation of chromosome segregation",138,7,15.54,0.66052
"GO:0050867","positive regulation of cell activation",334,28,37.6,0.66077
"GO:0071826","protein-RNA complex organization",243,17,27.36,0.66091
"GO:0009890","negative regulation of biosynthetic process",2363,219,266.01,0.66372
"GO:0048706","embryonic skeletal system development",59,6,6.64,0.6655
"GO:0007265","Ras protein signal transduction",108,11,12.16,0.66577
"GO:0023061","signal release",425,77,47.84,0.66658
"GO:0051591","response to cAMP",80,12,9.01,0.67086
"GO:0021549","cerebellum development",62,9,6.98,0.67122
"GO:1903008","organelle disassembly",76,9,8.56,0.6718
"GO:0071404","cellular response to low-density lipoprotein particle stimulus",30,3,3.38,0.6721
"GO:0045648","positive regulation of erythrocyte differentiation",30,3,3.38,0.6721
"GO:0045948","positive regulation of translational initiation",30,3,3.38,0.6721
"GO:0048565","digestive tract development",74,7,8.33,0.67245
"GO:0001678","intracellular glucose homeostasis",143,25,16.1,0.67287
"GO:0097120","receptor localization to synapse",77,15,8.67,0.67365
"GO:0030501","positive regulation of bone mineralization",40,4,4.5,0.67367
"GO:0055117","regulation of cardiac muscle contraction",82,11,9.23,0.67501
"GO:0046889","positive regulation of lipid biosynthetic process",95,12,10.69,0.67515
"GO:0032814","regulation of natural killer cell activation",36,5,4.05,0.67526
"GO:0009948","anterior/posterior axis specification",36,5,4.05,0.67526
"GO:2000406","positive regulation of T cell migration",32,4,3.6,0.67542
"GO:0048754","branching morphogenesis of an epithelial tube",73,8,8.22,0.67561
"GO:1902001","fatty acid transmembrane transport",20,2,2.25,0.67562
"GO:0032736","positive regulation of interleukin-13 production",20,2,2.25,0.67562
"GO:0000290","deadenylation-dependent decapping of nuclear-transcribed mRNA",20,2,2.25,0.67562
"GO:1902254","negative regulation of intrinsic apoptotic signaling pathway by p53 class mediator",20,2,2.25,0.67562
"GO:0016075","rRNA catabolic process",20,2,2.25,0.67562
"GO:0045821","positive regulation of glycolytic process",20,2,2.25,0.67562
"GO:0010744","positive regulation of macrophage derived foam cell differentiation",20,2,2.25,0.67562
"GO:0070102","interleukin-6-mediated signaling pathway",20,2,2.25,0.67562
"GO:0045662","negative regulation of myoblast differentiation",20,2,2.25,0.67562
"GO:2000738","positive regulation of stem cell differentiation",20,2,2.25,0.67562
"GO:0035019","somatic stem cell population maintenance",20,2,2.25,0.67562
"GO:0040014","regulation of multicellular organism growth",20,2,2.25,0.67562
"GO:0045945","positive regulation of transcription by RNA polymerase III",20,2,2.25,0.67562
"GO:0090330","regulation of platelet aggregation",30,3,3.38,0.67565
"GO:0060021","roof of mouth development",38,3,4.28,0.67592
"GO:0048708","astrocyte differentiation",47,4,5.29,0.67593
"GO:0120316","sperm flagellum assembly",47,4,5.29,0.67593
"GO:0006120","mitochondrial electron transport, NADH to ubiquinone",50,5,5.63,0.67722
"GO:0042110","T cell activation",489,41,55.05,0.67722
"GO:0071345","cellular response to cytokine stimulus",699,64,78.69,0.67753
"GO:0050679","positive regulation of epithelial cell proliferation",152,16,17.11,0.68183
"GO:0150104","transport across blood-brain barrier",89,9,10.02,0.68355
"GO:0001649","osteoblast differentiation",195,20,21.95,0.68414
"GO:0032774","RNA biosynthetic process",4131,369,465.05,0.68417
"GO:0009891","positive regulation of biosynthetic process",2522,258,283.91,0.68451
"GO:0042127","regulation of cell population proliferation",1358,138,152.88,0.68659
"GO:0006986","response to unfolded protein",144,17,16.21,0.69222
"GO:0045860","positive regulation of protein kinase activity",118,17,13.28,0.69249
"GO:2000145","regulation of cell motility",952,124,107.17,0.69352
"GO:0001916","positive regulation of T cell mediated cytotoxicity",31,3,3.49,0.69402
"GO:0035235","ionotropic glutamate receptor signaling pathway",31,3,3.49,0.69402
"GO:0000466","maturation of 5.8S rRNA from tricistronic rRNA transcript (SSU-rRNA, 5.8S rRNA, LSU-rRNA)",31,3,3.49,0.69402
"GO:0006884","cell volume homeostasis",31,3,3.49,0.69402
"GO:0002230","positive regulation of defense response to virus by host",31,3,3.49,0.69402
"GO:0006506","GPI anchor biosynthetic process",31,3,3.49,0.69402
"GO:0019082","viral protein processing",31,3,3.49,0.69402
"GO:0019941","modification-dependent protein catabolic process",695,92,78.24,0.69424
"GO:0033209","tumor necrosis factor-mediated signaling pathway",116,12,13.06,0.69451
"GO:0031929","TOR signaling",175,30,19.7,0.69504
"GO:0032233","positive regulation of actin filament bundle assembly",60,14,6.75,0.69568
"GO:0001894","tissue homeostasis",189,16,21.28,0.69575
"GO:0090287","regulation of cellular response to growth factor stimulus",280,38,31.52,0.69582
"GO:0070848","response to growth factor",649,79,73.06,0.69591
"GO:0007617","mating behavior",21,4,2.36,0.69683
"GO:0072540","T-helper 17 cell lineage commitment",25,4,2.81,0.69692
"GO:0070723","response to cholesterol",25,4,2.81,0.69692
"GO:0099024","plasma membrane invagination",54,7,6.08,0.69698
"GO:0071875","adrenergic receptor signaling pathway",28,4,3.15,0.69699
"GO:0046033","AMP metabolic process",22,3,2.48,0.69706
"GO:0043302","positive regulation of leukocyte degranulation",22,3,2.48,0.69706
"GO:0030167","proteoglycan catabolic process",22,3,2.48,0.69706
"GO:2000108","positive regulation of leukocyte apoptotic process",23,3,2.59,0.69708
"GO:0010715","regulation of extracellular matrix disassembly",23,3,2.59,0.69708
"GO:0042461","photoreceptor cell development",32,4,3.6,0.69708
"GO:0048247","lymphocyte chemotaxis",41,5,4.62,0.69709
"GO:0060046","regulation of acrosome reaction",10,1,1.13,0.69719
"GO:0060033","anatomical structure regression",10,1,1.13,0.69719
"GO:1904580","regulation of intracellular mRNA localization",10,1,1.13,0.69719
"GO:0032201","telomere maintenance via semi-conservative replication",10,1,1.13,0.69719
"GO:0072189","ureter development",10,1,1.13,0.69719
"GO:0035137","hindlimb morphogenesis",10,1,1.13,0.69719
"GO:0001973","G protein-coupled adenosine receptor signaling pathway",10,1,1.13,0.69719
"GO:0046035","CMP metabolic process",10,1,1.13,0.69719
"GO:0060397","growth hormone receptor signaling pathway via JAK-STAT",10,1,1.13,0.69719
"GO:0007431","salivary gland development",10,1,1.13,0.69719
"GO:0019532","oxalate transport",10,1,1.13,0.69719
"GO:0060352","cell adhesion molecule production",10,1,1.13,0.69719
"GO:0060379","cardiac muscle cell myoblast differentiation",10,1,1.13,0.69719
"GO:0072710","response to hydroxyurea",10,1,1.13,0.69719
"GO:0035723","interleukin-15-mediated signaling pathway",10,1,1.13,0.69719
"GO:0071362","cellular response to ether",10,1,1.13,0.69719
"GO:0019673","GDP-mannose metabolic process",10,1,1.13,0.69719
"GO:0071389","cellular response to mineralocorticoid stimulus",10,1,1.13,0.69719
"GO:0044829","host-mediated activation of viral genome replication",10,1,1.13,0.69719
"GO:0086016","AV node cell action potential",10,1,1.13,0.69719
"GO:0015820","L-leucine transport",10,1,1.13,0.69719
"GO:0071421","manganese ion transmembrane transport",10,1,1.13,0.69719
"GO:1901072","glucosamine-containing compound catabolic process",10,1,1.13,0.69719
"GO:0044557","relaxation of smooth muscle",10,1,1.13,0.69719
"GO:1901029","negative regulation of mitochondrial outer membrane permeabilization involved in apoptotic signaling pathway",10,1,1.13,0.69719
"GO:0003401","axis elongation",10,1,1.13,0.69719
"GO:0072697","protein localization to cell cortex",10,1,1.13,0.69719
"GO:0060287","epithelial cilium movement involved in determination of left/right asymmetry",10,1,1.13,0.69719
"GO:0060216","definitive hemopoiesis",10,1,1.13,0.69719
"GO:0052646","alditol phosphate metabolic process",10,1,1.13,0.69719
"GO:0006307","DNA alkylation repair",10,1,1.13,0.69719
"GO:0051798","positive regulation of hair follicle development",10,1,1.13,0.69719
"GO:0003222","ventricular trabecula myocardium morphogenesis",10,1,1.13,0.69719
"GO:0045003","double-strand break repair via synthesis-dependent strand annealing",10,1,1.13,0.69719
"GO:0009396","folic acid-containing compound biosynthetic process",10,1,1.13,0.69719
"GO:1990314","cellular response to insulin-like growth factor stimulus",10,1,1.13,0.69719
"GO:0007512","adult heart development",10,1,1.13,0.69719
"GO:0006188","IMP biosynthetic process",10,1,1.13,0.69719
"GO:0060856","establishment of blood-brain barrier",10,1,1.13,0.69719
"GO:0031509","subtelomeric heterochromatin formation",10,1,1.13,0.69719
"GO:0106300","protein-DNA covalent cross-linking repair",10,1,1.13,0.69719
"GO:0007635","chemosensory behavior",10,1,1.13,0.69719
"GO:0034351","negative regulation of glial cell apoptotic process",10,1,1.13,0.69719
"GO:0042415","norepinephrine metabolic process",10,1,1.13,0.69719
"GO:0035999","tetrahydrofolate interconversion",10,1,1.13,0.69719
"GO:0002461","tolerance induction dependent upon immune response",10,1,1.13,0.69719
"GO:0006751","glutathione catabolic process",10,1,1.13,0.69719
"GO:0006784","heme A biosynthetic process",10,1,1.13,0.69719
"GO:0009138","pyrimidine nucleoside diphosphate metabolic process",10,1,1.13,0.69719
"GO:1905806","regulation of synapse pruning",10,1,1.13,0.69719
"GO:0006868","glutamine transport",10,1,1.13,0.69719
"GO:0061043","regulation of vascular wound healing",10,1,1.13,0.69719
"GO:0098743","cell aggregation",10,1,1.13,0.69719
"GO:0006560","L-proline metabolic process",10,1,1.13,0.69719
"GO:1990700","nucleolar chromatin organization",10,1,1.13,0.69719
"GO:0045176","apical protein localization",10,1,1.13,0.69719
"GO:0031946","regulation of glucocorticoid biosynthetic process",10,1,1.13,0.69719
"GO:1990859","cellular response to endothelin",10,1,1.13,0.69719
"GO:0010455","positive regulation of cell fate commitment",10,1,1.13,0.69719
"GO:0010459","negative regulation of heart rate",10,1,1.13,0.69719
"GO:1901856","negative regulation of cellular respiration",10,1,1.13,0.69719
"GO:0090331","negative regulation of platelet aggregation",10,1,1.13,0.69719
"GO:0034776","response to histamine",10,1,1.13,0.69719
"GO:0002890","negative regulation of immunoglobulin mediated immune response",10,1,1.13,0.69719
"GO:1902966","positive regulation of protein localization to early endosome",10,1,1.13,0.69719
"GO:0002829","negative regulation of type 2 immune response",10,1,1.13,0.69719
"GO:0014889","muscle atrophy",10,1,1.13,0.69719
"GO:2000425","regulation of apoptotic cell clearance",10,1,1.13,0.69719
"GO:0097119","postsynaptic density protein 95 clustering",10,1,1.13,0.69719
"GO:0061309","cardiac neural crest cell development involved in outflow tract morphogenesis",10,1,1.13,0.69719
"GO:0010255","glucose mediated signaling pathway",10,1,1.13,0.69719
"GO:0032025","response to cobalt ion",10,1,1.13,0.69719
"GO:0033152","immunoglobulin V(D)J recombination",10,1,1.13,0.69719
"GO:0090281","negative regulation of calcium ion import",10,1,1.13,0.69719
"GO:1905939","regulation of gonad development",10,1,1.13,0.69719
"GO:0046940","nucleoside monophosphate phosphorylation",10,1,1.13,0.69719
"GO:0036490","regulation of translation in response to endoplasmic reticulum stress",10,1,1.13,0.69719
"GO:1903059","regulation of protein lipidation",10,1,1.13,0.69719
"GO:0010887","negative regulation of cholesterol storage",10,1,1.13,0.69719
"GO:0036446","myofibroblast differentiation",10,1,1.13,0.69719
"GO:0045654","positive regulation of megakaryocyte differentiation",10,1,1.13,0.69719
"GO:0098976","excitatory chemical synaptic transmission",10,1,1.13,0.69719
"GO:0021591","ventricular system development",10,1,1.13,0.69719
"GO:0098903","regulation of membrane repolarization during action potential",10,1,1.13,0.69719
"GO:0098908","regulation of neuronal action potential",10,1,1.13,0.69719
"GO:0021559","trigeminal nerve development",10,1,1.13,0.69719
"GO:0036261","7-methylguanosine cap hypermethylation",10,1,1.13,0.69719
"GO:0097503","sialylation",10,1,1.13,0.69719
"GO:0021542","dentate gyrus development",10,1,1.13,0.69719
"GO:0048194","Golgi vesicle budding",10,1,1.13,0.69719
"GO:0002923","regulation of humoral immune response mediated by circulating immunoglobulin",10,1,1.13,0.69719
"GO:0070561","vitamin D receptor signaling pathway",10,1,1.13,0.69719
"GO:2000668","regulation of dendritic cell apoptotic process",10,1,1.13,0.69719
"GO:0001696","gastric acid secretion",10,1,1.13,0.69719
"GO:0035360","positive regulation of peroxisome proliferator activated receptor signaling pathway",10,1,1.13,0.69719
"GO:0045986","negative regulation of smooth muscle contraction",10,1,1.13,0.69719
"GO:2000679","positive regulation of transcription regulatory region DNA binding",10,1,1.13,0.69719
"GO:0035356","intracellular triglyceride homeostasis",10,1,1.13,0.69719
"GO:0061517","macrophage proliferation",10,1,1.13,0.69719
"GO:0070669","response to interleukin-2",10,1,1.13,0.69719
"GO:0043555","regulation of translation in response to stress",20,2,2.25,0.69721
"GO:0002097","tRNA wobble base modification",29,3,3.26,0.69722
"GO:0045123","cellular extravasation",65,7,7.32,0.69723
"GO:0015874","norepinephrine transport",21,2,2.36,0.69724
"GO:0003209","cardiac atrium morphogenesis",21,2,2.36,0.69724
"GO:0043470","regulation of carbohydrate catabolic process",57,6,6.42,0.69725
"GO:0071044","histone mRNA catabolic process",22,2,2.48,0.69726
"GO:1903902","positive regulation of viral life cycle",22,2,2.48,0.69726
"GO:0010565","regulation of ketone metabolic process",122,13,13.73,0.69731
"GO:0072528","pyrimidine-containing compound biosynthetic process",43,4,4.84,0.69734
"GO:0006027","glycosaminoglycan catabolic process",27,2,3.04,0.69738
"GO:0032507","maintenance of protein location in cell",47,4,5.29,0.69743
"GO:0035196","miRNA processing",45,3,5.07,0.69758
"GO:0006998","nuclear envelope organization",56,3,6.3,0.69784
"GO:0031032","actomyosin structure organization",191,32,21.5,0.69863
"GO:0072384","organelle transport along microtubule",90,18,10.13,0.69942
"GO:0000723","telomere maintenance",163,21,18.35,0.70095
"GO:0030833","regulation of actin filament polymerization",113,15,12.72,0.70106
"GO:2000060","positive regulation of ubiquitin-dependent protein catabolic process",97,13,10.92,0.70112
"GO:0060632","regulation of microtubule-based movement",59,8,6.64,0.70133
"GO:0042742","defense response to bacterium",249,19,28.03,0.70137
"GO:0039702","viral budding via host ESCRT complex",21,2,2.36,0.70184
"GO:0072234","metanephric nephron tubule development",21,2,2.36,0.70184
"GO:0071377","cellular response to glucagon stimulus",21,2,2.36,0.70184
"GO:0086012","membrane depolarization during cardiac muscle cell action potential",21,2,2.36,0.70184
"GO:2001259","positive regulation of cation channel activity",21,2,2.36,0.70184
"GO:0002323","natural killer cell activation involved in immune response",21,2,2.36,0.70184
"GO:0031643","positive regulation of myelination",21,2,2.36,0.70184
"GO:0036120","cellular response to platelet-derived growth factor stimulus",21,2,2.36,0.70184
"GO:0016242","negative regulation of macroautophagy",32,3,3.6,0.70191
"GO:0006473","protein acetylation",33,3,3.71,0.70194
"GO:0030149","sphingolipid catabolic process",42,3,4.73,0.70223
"GO:0003006","developmental process involved in reproduction",794,59,89.38,0.70359
"GO:0010628","positive regulation of gene expression",1069,105,120.34,0.70532
"GO:0050890","cognition",220,36,24.77,0.70617
"GO:0007018","microtubule-based movement",490,65,55.16,0.70669
"GO:0036211","protein modification process",1832,244,206.24,0.70704
"GO:0016579","protein deubiquitination",108,14,12.16,0.71097
"GO:0009953","dorsal/ventral pattern formation",42,4,4.73,0.71112
"GO:0050911","detection of chemical stimulus involved in sensory perception of smell",224,23,25.22,0.71225
"GO:0007338","single fertilization",123,12,13.85,0.7128
"GO:0006911","phagocytosis, engulfment",44,6,4.95,0.71423
"GO:0015701","bicarbonate transport",32,3,3.6,0.71481
"GO:0048646","anatomical structure formation involved in morphogenesis",977,96,109.99,0.71529
"GO:0006974","DNA damage response",922,75,103.79,0.71573
"GO:0071456","cellular response to hypoxia",144,17,16.21,0.72031
"GO:0021537","telencephalon development",180,36,20.26,0.72158
"GO:0048870","cell motility",1617,192,182.03,0.72299
"GO:0046887","positive regulation of hormone secretion",135,25,15.2,0.72331
"GO:0015837","amine transport",88,17,9.91,0.7241
"GO:0048278","vesicle docking",59,12,6.64,0.7246
"GO:0001881","receptor recycling",45,9,5.07,0.72501
"GO:0007271","synaptic transmission, cholinergic",33,6,3.71,0.72548
"GO:0010614","negative regulation of cardiac muscle hypertrophy",35,6,3.94,0.72554
"GO:0030326","embryonic limb morphogenesis",45,7,5.07,0.72558
"GO:0099022","vesicle tethering",32,5,3.6,0.72573
"GO:0046888","negative regulation of hormone secretion",56,7,6.3,0.72593
"GO:0019433","triglyceride catabolic process",35,4,3.94,0.72611
"GO:0000479","endonucleolytic cleavage of tricistronic rRNA transcript (SSU-rRNA, 5.8S rRNA, LSU-rRNA)",22,2,2.48,0.72627
"GO:0035721","intraciliary retrograde transport",22,2,2.48,0.72627
"GO:1902455","negative regulation of stem cell population maintenance",22,2,2.48,0.72627
"GO:0006658","phosphatidylserine metabolic process",22,2,2.48,0.72627
"GO:0034755","iron ion transmembrane transport",22,2,2.48,0.72627
"GO:0048143","astrocyte activation",22,2,2.48,0.72627
"GO:0032008","positive regulation of TOR signaling",77,8,8.67,0.72632
"GO:0071695","anatomical structure maturation",171,18,19.25,0.72649
"GO:0044458","motile cilium assembly",69,6,7.77,0.72664
"GO:0071560","cellular response to transforming growth factor beta stimulus",239,31,26.91,0.72664
"GO:0042572","retinol metabolic process",53,5,5.97,0.72673
"GO:0008585","female gonad development",57,4,6.42,0.72682
"GO:1990748","cellular detoxification",118,10,13.28,0.72707
"GO:0043488","regulation of mRNA stability",217,21,24.43,0.72712
"GO:0007155","cell adhesion",1415,173,159.29,0.72715
"GO:0033108","mitochondrial respiratory chain complex assembly",97,7,10.92,0.72725
"GO:0045765","regulation of angiogenesis",291,25,32.76,0.72837
"GO:0051239","regulation of multicellular organismal process",2666,312,300.12,0.72845
"GO:0045087","innate immune response",972,107,109.42,0.72854
"GO:0031623","receptor internalization",132,13,14.86,0.72904
"GO:0015698","inorganic anion transport",154,26,17.34,0.72951
"GO:1905477","positive regulation of protein localization to membrane",86,16,9.68,0.72999
"GO:0009416","response to light stimulus",247,32,27.81,0.73041
"GO:2000377","regulation of reactive oxygen species metabolic process",132,19,14.86,0.73042
"GO:0035337","fatty-acyl-CoA metabolic process",45,9,5.07,0.73047
"GO:0046785","microtubule polymerization",100,15,11.26,0.7305
"GO:1902373","negative regulation of mRNA catabolic process",87,13,9.79,0.73061
"GO:0002686","negative regulation of leukocyte migration",43,8,4.84,0.73062
"GO:0008544","epidermis development",241,21,27.13,0.73076
"GO:0014033","neural crest cell differentiation",69,10,7.77,0.73081
"GO:0021879","forebrain neuron differentiation",43,7,4.84,0.73082
"GO:0046470","phosphatidylcholine metabolic process",71,10,7.99,0.73085
"GO:0090382","phagosome maturation",28,5,3.15,0.73088
"GO:0006700","C21-steroid hormone biosynthetic process",22,3,2.48,0.73115
"GO:0070168","negative regulation of biomineral tissue development",24,3,2.7,0.73119
"GO:0010818","T cell chemotaxis",24,3,2.7,0.73119
"GO:0010669","epithelial structure maintenance",34,4,3.83,0.73122
"GO:1900246","positive regulation of RIG-I signaling pathway",11,1,1.24,0.7313
"GO:0051013","microtubule severing",11,1,1.24,0.7313
"GO:0035437","maintenance of protein localization in endoplasmic reticulum",11,1,1.24,0.7313
"GO:0071028","nuclear mRNA surveillance",11,1,1.24,0.7313
"GO:0010917","negative regulation of mitochondrial membrane potential",11,1,1.24,0.7313
"GO:0030948","negative regulation of vascular endothelial growth factor receptor signaling pathway",11,1,1.24,0.7313
"GO:0007379","segment specification",11,1,1.24,0.7313
"GO:0072283","metanephric renal vesicle morphogenesis",11,1,1.24,0.7313
"GO:1903764","regulation of potassium ion export across plasma membrane",11,1,1.24,0.7313
"GO:0071349","cellular response to interleukin-12",11,1,1.24,0.7313
"GO:0060413","atrial septum morphogenesis",11,1,1.24,0.7313
"GO:0086015","SA node cell action potential",11,1,1.24,0.7313
"GO:0051469","vesicle fusion with vacuole",11,1,1.24,0.7313
"GO:0032661","regulation of interleukin-18 production",11,1,1.24,0.7313
"GO:0035871","protein K11-linked deubiquitination",11,1,1.24,0.7313
"GO:1903589","positive regulation of blood vessel endothelial cell proliferation involved in sprouting angiogenesis",11,1,1.24,0.7313
"GO:0044571","[2Fe-2S] cluster assembly",11,1,1.24,0.7313
"GO:0075733","intracellular transport of virus",11,1,1.24,0.7313
"GO:0120186","negative regulation of protein localization to chromatin",11,1,1.24,0.7313
"GO:0014061","regulation of norepinephrine secretion",11,1,1.24,0.7313
"GO:2001256","regulation of store-operated calcium entry",11,1,1.24,0.7313
"GO:0035666","TRIF-dependent toll-like receptor signaling pathway",11,1,1.24,0.7313
"GO:1901329","regulation of odontoblast differentiation",11,1,1.24,0.7313
"GO:0006177","GMP biosynthetic process",11,1,1.24,0.7313
"GO:0160257","complement activation, GZMK pathway",11,1,1.24,0.7313
"GO:1990481","mRNA pseudouridine synthesis",11,1,1.24,0.7313
"GO:0071888","macrophage apoptotic process",11,1,1.24,0.7313
"GO:0097050","type B pancreatic cell apoptotic process",11,1,1.24,0.7313
"GO:0006283","transcription-coupled nucleotide-excision repair",11,1,1.24,0.7313
"GO:0031650","regulation of heat generation",11,1,1.24,0.7313
"GO:0060575","intestinal epithelial cell differentiation",11,1,1.24,0.7313
"GO:0034379","very-low-density lipoprotein particle assembly",11,1,1.24,0.7313
"GO:0086100","endothelin receptor signaling pathway",11,1,1.24,0.7313
"GO:0009188","ribonucleoside diphosphate biosynthetic process",11,1,1.24,0.7313
"GO:0009120","deoxyribonucleoside metabolic process",11,1,1.24,0.7313
"GO:0070099","regulation of chemokine-mediated signaling pathway",11,1,1.24,0.7313
"GO:0046886","positive regulation of hormone biosynthetic process",11,1,1.24,0.7313
"GO:0140507","granzyme-mediated programmed cell death signaling pathway",11,1,1.24,0.7313
"GO:0033079","immature T cell proliferation",11,1,1.24,0.7313
"GO:0009222","pyrimidine ribonucleotide catabolic process",11,1,1.24,0.7313
"GO:0034165","positive regulation of toll-like receptor 9 signaling pathway",11,1,1.24,0.7313
"GO:0071649","regulation of chemokine (C-C motif) ligand 5 production",11,1,1.24,0.7313
"GO:0062111","zinc ion import into organelle",11,1,1.24,0.7313
"GO:0042754","negative regulation of circadian rhythm",11,1,1.24,0.7313
"GO:0016056","G protein-coupled opsin signaling pathway",11,1,1.24,0.7313
"GO:2000392","regulation of lamellipodium morphogenesis",11,1,1.24,0.7313
"GO:2000321","positive regulation of T-helper 17 cell differentiation",11,1,1.24,0.7313
"GO:0060977","coronary vasculature morphogenesis",11,1,1.24,0.7313
"GO:0002838","negative regulation of immune response to tumor cell",11,1,1.24,0.7313
"GO:1902902","negative regulation of autophagosome assembly",11,1,1.24,0.7313
"GO:0019065","receptor-mediated endocytosis of virus by host cell",11,1,1.24,0.7313
"GO:0030213","hyaluronan biosynthetic process",11,1,1.24,0.7313
"GO:0090206","negative regulation of cholesterol metabolic process",11,1,1.24,0.7313
"GO:0021783","preganglionic parasympathetic fiber development",11,1,1.24,0.7313
"GO:0044070","regulation of monoatomic anion transport",11,1,1.24,0.7313
"GO:0010826","negative regulation of centrosome duplication",11,1,1.24,0.7313
"GO:0044029","positive regulation of gene expression via chromosomal CpG island demethylation",11,1,1.24,0.7313
"GO:0070233","negative regulation of T cell apoptotic process",11,1,1.24,0.7313
"GO:2000739","regulation of mesenchymal stem cell differentiation",11,1,1.24,0.7313
"GO:0045603","positive regulation of endothelial cell differentiation",11,1,1.24,0.7313
"GO:0098937","anterograde dendritic transport",11,1,1.24,0.7313
"GO:0048484","enteric nervous system development",11,1,1.24,0.7313
"GO:0055064","chloride ion homeostasis",11,1,1.24,0.7313
"GO:0050847","progesterone receptor signaling pathway",11,1,1.24,0.7313
"GO:1900426","positive regulation of defense response to bacterium",11,1,1.24,0.7313
"GO:0002934","desmosome organization",11,1,1.24,0.7313
"GO:2000508","regulation of dendritic cell chemotaxis",11,1,1.24,0.7313
"GO:0000050","urea cycle",11,1,1.24,0.7313
"GO:0061511","centriole elongation",11,1,1.24,0.7313
"GO:2000637","positive regulation of miRNA-mediated gene silencing",11,1,1.24,0.7313
"GO:0048241","epinephrine transport",11,1,1.24,0.7313
"GO:0009749","response to glucose",156,26,17.56,0.73131
"GO:0010888","negative regulation of lipid storage",21,2,2.36,0.73132
"GO:0045624","positive regulation of T-helper cell differentiation",22,2,2.48,0.73135
"GO:0034453","microtubule anchoring",25,2,2.81,0.73141
"GO:0061668","mitochondrial ribosome assembly",26,2,2.93,0.73144
"GO:2000191","regulation of fatty acid transport",26,2,2.93,0.73144
"GO:0045667","regulation of osteoblast differentiation",106,11,11.93,0.73144
"GO:0072091","regulation of stem cell proliferation",35,3,3.94,0.73144
"GO:1902882","regulation of response to oxidative stress",27,2,3.04,0.73146
"GO:0035315","hair cell differentiation",27,2,3.04,0.73146
"GO:0050435","amyloid-beta metabolic process",58,5,6.53,0.73156
"GO:0045143","homologous chromosome segregation",50,4,5.63,0.73158
"GO:0072080","nephron tubule development",73,6,8.22,0.73169
"GO:0060538","skeletal muscle organ development",101,8,11.37,0.73192
"GO:0072175","epithelial tube formation",62,3,6.98,0.73204
"GO:1903038","negative regulation of leukocyte cell-cell adhesion",131,9,14.75,0.7324
"GO:0002695","negative regulation of leukocyte activation",170,13,19.14,0.73248
"GO:0016525","negative regulation of angiogenesis",106,11,11.93,0.73291
"GO:2000243","positive regulation of reproductive process",64,8,7.2,0.73397
"GO:0032259","methylation",220,22,24.77,0.73399
"GO:0035278","miRNA-mediated gene silencing by inhibition of translation",33,3,3.71,0.73449
"GO:0060412","ventricular septum morphogenesis",33,3,3.71,0.73449
"GO:0048240","sperm capacitation",33,3,3.71,0.73449
"GO:0007276","gamete generation",685,44,77.11,0.73803
"GO:0032922","circadian regulation of gene expression",64,6,7.2,0.741
"GO:0070098","chemokine-mediated signaling pathway",85,8,9.57,0.74159
"GO:0010507","negative regulation of autophagy",86,8,9.68,0.74223
"GO:0051259","protein complex oligomerization",275,50,30.96,0.74343
"GO:0007166","cell surface receptor signaling pathway",2565,306,288.75,0.74497
"GO:0006814","sodium ion transport",234,37,26.34,0.74582
"GO:0030258","lipid modification",166,24,18.69,0.74733
"GO:0006816","calcium ion transport",404,59,45.48,0.74814
"GO:0034394","protein localization to cell surface",58,7,6.53,0.74869
"GO:0030518","nuclear receptor-mediated steroid hormone signaling pathway",130,15,14.63,0.74872
"GO:1903170","negative regulation of calcium ion transmembrane transport",36,4,4.05,0.74883
"GO:0030279","negative regulation of ossification",36,4,4.05,0.74883
"GO:0071470","cellular response to osmotic stress",54,6,6.08,0.74884
"GO:0032212","positive regulation of telomere maintenance via telomerase",23,2,2.59,0.74898
"GO:0010971","positive regulation of G2/M transition of mitotic cell cycle",23,2,2.59,0.74898
"GO:0032753","positive regulation of interleukin-4 production",23,2,2.59,0.74898
"GO:0000463","maturation of LSU-rRNA from tricistronic rRNA transcript (SSU-rRNA, 5.8S rRNA, LSU-rRNA)",23,2,2.59,0.74898
"GO:0061952","midbody abscission",23,2,2.59,0.74898
"GO:2000001","regulation of DNA damage checkpoint",23,2,2.59,0.74898
"GO:0014850","response to muscle activity",23,2,2.59,0.74898
"GO:0002675","positive regulation of acute inflammatory response",23,2,2.59,0.74898
"GO:0061158","3'-UTR-mediated mRNA destabilization",23,2,2.59,0.74898
"GO:0010894","negative regulation of steroid biosynthetic process",23,2,2.59,0.74898
"GO:0007097","nuclear migration",23,2,2.59,0.74898
"GO:0045987","positive regulation of smooth muscle contraction",23,2,2.59,0.74898
"GO:0048260","positive regulation of receptor-mediated endocytosis",52,5,5.85,0.74905
"GO:0010824","regulation of centrosome duplication",51,4,5.74,0.7493
"GO:0051180","vitamin transport",52,4,5.85,0.74933
"GO:0030219","megakaryocyte differentiation",52,3,5.85,0.74961
"GO:0019722","calcium-mediated signaling",213,31,23.98,0.75102
"GO:0030217","T cell differentiation",259,20,29.16,0.75138
"GO:0071392","cellular response to estradiol stimulus",34,3,3.83,0.75308
"GO:0050860","negative regulation of T cell receptor signaling pathway",34,3,3.83,0.75308
"GO:0008210","estrogen metabolic process",34,3,3.83,0.75308
"GO:0042908","xenobiotic transport",52,5,5.85,0.75309
"GO:1903829","positive regulation of protein localization",453,70,51,0.75336
"GO:0060337","type I interferon-mediated signaling pathway",73,6,8.22,0.75355
"GO:0032526","response to retinoic acid",97,8,10.92,0.75378
"GO:0006805","xenobiotic metabolic process",123,13,13.85,0.75551
"GO:0008217","regulation of blood pressure",156,17,17.56,0.75629
"GO:0009887","animal organ morphogenesis",593,61,66.76,0.75667
"GO:0006633","fatty acid biosynthetic process",164,15,18.46,0.75753
"GO:0009410","response to xenobiotic stimulus",339,38,38.16,0.75766
"GO:0030003","intracellular monoatomic cation homeostasis",401,64,45.14,0.75776
"GO:0006892","post-Golgi vesicle-mediated transport",118,26,13.28,0.75903
"GO:0002682","regulation of immune system process",1461,147,164.47,0.75914
"GO:0032103","positive regulation of response to external stimulus",618,74,69.57,0.76062
"GO:0006903","vesicle targeting",66,11,7.43,0.76081
"GO:0072593","reactive oxygen species metabolic process",192,25,21.61,0.76084
"GO:0032434","regulation of proteasomal ubiquitin-dependent protein catabolic process",123,17,13.85,0.76089
"GO:0051452","intracellular pH reduction",56,9,6.3,0.76098
"GO:0032924","activin receptor signaling pathway",46,6,5.18,0.76134
"GO:0060416","response to growth hormone",38,5,4.28,0.76136
"GO:1902116","negative regulation of organelle assembly",48,6,5.4,0.76138
"GO:0090594","inflammatory response to wounding",22,3,2.48,0.7614
"GO:0048738","cardiac muscle tissue development",176,20,19.81,0.76146
"GO:0016233","telomere capping",26,3,2.93,0.76149
"GO:0001990","regulation of systemic arterial blood pressure by hormone",38,4,4.28,0.76155
"GO:0051081","nuclear membrane disassembly",12,1,1.35,0.76157
"GO:0060004","reflex",12,1,1.35,0.76157
"GO:1904507","positive regulation of telomere maintenance in response to DNA damage",12,1,1.35,0.76157
"GO:0071045","nuclear histone mRNA catabolic process",12,1,1.35,0.76157
"GO:0047484","regulation of response to osmotic stress",12,1,1.35,0.76157
"GO:0048532","anatomical structure arrangement",12,1,1.35,0.76157
"GO:0050930","induction of positive chemotaxis",12,1,1.35,0.76157
"GO:0070914","UV-damage excision repair",12,1,1.35,0.76157
"GO:0006002","fructose 6-phosphate metabolic process",12,1,1.35,0.76157
"GO:0019682","glyceraldehyde-3-phosphate metabolic process",12,1,1.35,0.76157
"GO:0071340","skeletal muscle acetylcholine-gated channel clustering",12,1,1.35,0.76157
"GO:0015866","ADP transport",12,1,1.35,0.76157
"GO:0044828","host-mediated suppression of viral genome replication",12,1,1.35,0.76157
"GO:0031126","sno(s)RNA 3'-end processing",12,1,1.35,0.76157
"GO:0071493","cellular response to UV-B",12,1,1.35,0.76157
"GO:0046325","negative regulation of D-glucose import across plasma membrane",12,1,1.35,0.76157
"GO:0043174","nucleoside salvage",12,1,1.35,0.76157
"GO:0120181","focal adhesion disassembly",12,1,1.35,0.76157
"GO:0003198","epithelial to mesenchymal transition involved in endocardial cushion formation",12,1,1.35,0.76157
"GO:0051133","regulation of NK T cell activation",12,1,1.35,0.76157
"GO:0018394","peptidyl-lysine acetylation",12,1,1.35,0.76157
"GO:0060253","negative regulation of glial cell proliferation",12,1,1.35,0.76157
"GO:0002003","angiotensin maturation",12,1,1.35,0.76157
"GO:0003183","mitral valve morphogenesis",12,1,1.35,0.76157
"GO:0045050","protein insertion into ER membrane by stop-transfer membrane-anchor sequence",12,1,1.35,0.76157
"GO:0060841","venous blood vessel development",12,1,1.35,0.76157
"GO:0002357","defense response to tumor cell",12,1,1.35,0.76157
"GO:1903939","regulation of TORC2 signaling",12,1,1.35,0.76157
"GO:0006750","glutathione biosynthetic process",12,1,1.35,0.76157
"GO:0009174","pyrimidine ribonucleoside monophosphate biosynthetic process",12,1,1.35,0.76157
"GO:0034454","microtubule anchoring at centrosome",12,1,1.35,0.76157
"GO:0046598","positive regulation of viral entry into host cell",12,1,1.35,0.76157
"GO:0045161","neuronal ion channel clustering",12,1,1.35,0.76157
"GO:0034214","protein hexamerization",12,1,1.35,0.76157
"GO:0002725","negative regulation of T cell cytokine production",12,1,1.35,0.76157
"GO:0006678","glucosylceramide metabolic process",12,1,1.35,0.76157
"GO:0090481","pyrimidine nucleotide-sugar transmembrane transport",12,1,1.35,0.76157
"GO:0051918","negative regulation of fibrinolysis",12,1,1.35,0.76157
"GO:0097150","neuronal stem cell population maintenance",12,1,1.35,0.76157
"GO:0090435","protein localization to nuclear envelope",12,1,1.35,0.76157
"GO:0090160","Golgi to lysosome transport",12,1,1.35,0.76157
"GO:0002551","mast cell chemotaxis",12,1,1.35,0.76157
"GO:0030210","heparin proteoglycan biosynthetic process",12,1,1.35,0.76157
"GO:0045838","positive regulation of membrane potential",12,1,1.35,0.76157
"GO:0036302","atrioventricular canal development",12,1,1.35,0.76157
"GO:0034651","cortisol biosynthetic process",12,1,1.35,0.76157
"GO:0021756","striatum development",12,1,1.35,0.76157
"GO:0033262","regulation of nuclear cell cycle DNA replication",12,1,1.35,0.76157
"GO:0010832","negative regulation of myotube differentiation",12,1,1.35,0.76157
"GO:0001768","establishment of T cell polarity",12,1,1.35,0.76157
"GO:1904178","negative regulation of adipose tissue development",12,1,1.35,0.76157
"GO:0001711","endodermal cell fate commitment",12,1,1.35,0.76157
"GO:0098911","regulation of ventricular cardiac muscle cell action potential",12,1,1.35,0.76157
"GO:0010524","positive regulation of calcium ion transport into cytosol",12,1,1.35,0.76157
"GO:0061763","multivesicular body-lysosome fusion",12,1,1.35,0.76157
"GO:0061723","glycophagy",12,1,1.35,0.76157
"GO:0036295","cellular response to increased oxygen levels",12,1,1.35,0.76157
"GO:0055057","neuroblast division",12,1,1.35,0.76157
"GO:2000561","regulation of CD4-positive, alpha-beta T cell proliferation",12,1,1.35,0.76157
"GO:0070837","dehydroascorbic acid transport",12,1,1.35,0.76157
"GO:0034975","protein folding in endoplasmic reticulum",12,1,1.35,0.76157
"GO:2000660","negative regulation of interleukin-1-mediated signaling pathway",12,1,1.35,0.76157
"GO:1903332","regulation of protein folding",12,1,1.35,0.76157
"GO:0045989","positive regulation of striated muscle contraction",12,1,1.35,0.76157
"GO:0050665","hydrogen peroxide biosynthetic process",12,1,1.35,0.76157
"GO:1901797","negative regulation of signal transduction by p53 class mediator",39,4,4.39,0.76157
"GO:0006359","regulation of transcription by RNA polymerase III",32,3,3.6,0.76162
"GO:0045646","regulation of erythrocyte differentiation",42,4,4.73,0.76164
"GO:0000027","ribosomal large subunit assembly",27,2,3.04,0.7617
"GO:0051293","establishment of spindle localization",54,5,6.08,0.76171
"GO:0014009","glial cell proliferation",39,3,4.39,0.76177
"GO:0046638","positive regulation of alpha-beta T cell differentiation",42,3,4.73,0.76183
"GO:0006997","nucleus organization",125,12,14.07,0.7619
"GO:0048771","tissue remodeling",119,11,13.4,0.76196
"GO:0046328","regulation of JNK cascade",135,12,15.2,0.76212
"GO:0071214","cellular response to abiotic stimulus",308,30,34.67,0.76241
"GO:0007051","spindle organization",194,16,21.84,0.76263
"GO:1903046","meiotic cell cycle process",190,10,21.39,0.7637
"GO:0050852","T cell receptor signaling pathway",140,16,15.76,0.76516
"GO:0001501","skeletal system development",325,36,36.59,0.76714
"GO:0070373","negative regulation of ERK1 and ERK2 cascade",66,6,7.43,0.76753
"GO:0098869","cellular oxidant detoxification",84,7,9.46,0.76799
"GO:0030522","intracellular receptor signaling pathway",390,45,43.9,0.76956
"GO:0051155","positive regulation of striated muscle cell differentiation",34,4,3.83,0.76982
"GO:0048568","embryonic organ development",240,27,27.02,0.76987
"GO:0032727","positive regulation of interferon-alpha production",24,2,2.7,0.77005
"GO:0048546","digestive tract morphogenesis",24,2,2.7,0.77005
"GO:0007595","lactation",24,2,2.7,0.77005
"GO:0007588","excretion",24,2,2.7,0.77005
"GO:0090050","positive regulation of cell migration involved in sprouting angiogenesis",24,2,2.7,0.77005
"GO:0046835","carbohydrate phosphorylation",24,2,2.7,0.77005
"GO:0009220","pyrimidine ribonucleotide biosynthetic process",24,2,2.7,0.77005
"GO:0002227","innate immune response in mucosa",24,2,2.7,0.77005
"GO:1901673","regulation of mitotic spindle assembly",24,2,2.7,0.77005
"GO:0150105","protein localization to cell-cell junction",24,2,2.7,0.77005
"GO:0007026","negative regulation of microtubule depolymerization",24,2,2.7,0.77005
"GO:2000648","positive regulation of stem cell proliferation",24,2,2.7,0.77005
"GO:0015695","organic cation transport",118,13,13.28,0.7704
"GO:0048469","cell maturation",127,14,14.3,0.7704
"GO:2000781","positive regulation of double-strand break repair",99,10,11.14,0.77046
"GO:1901224","positive regulation of non-canonical NF-kappaB signal transduction",56,5,6.3,0.77053
"GO:0046329","negative regulation of JNK cascade",35,3,3.94,0.77061
"GO:0030330","DNA damage response, signal transduction by p53 class mediator",71,7,7.99,0.77063
"GO:0015711","organic anion transport",425,61,47.84,0.77092
"GO:0009612","response to mechanical stimulus",193,26,21.73,0.77433
"GO:0043124","negative regulation of canonical NF-kappaB signal transduction",87,8,9.79,0.77725
"GO:0051607","defense response to virus",291,30,32.76,0.77846
"GO:0010468","regulation of gene expression",4666,445,525.27,0.78154
"GO:0051028","mRNA transport",130,11,14.63,0.78477
"GO:0010038","response to metal ion",298,44,33.55,0.78637
"GO:0046718","symbiont entry into host cell",129,13,14.52,0.78726
"GO:0008589","regulation of smoothened signaling pathway",74,14,8.33,0.78729
"GO:0043536","positive regulation of blood vessel endothelial cell migration",60,5,6.75,0.78733
"GO:2000785","regulation of autophagosome assembly",45,8,5.07,0.7878
"GO:0043087","regulation of GTPase activity",116,19,13.06,0.7878
"GO:0071357","cellular response to type I interferon",109,9,12.27,0.78781
"GO:0008156","negative regulation of DNA replication",28,5,3.15,0.788
"GO:1903725","regulation of phospholipid metabolic process",37,6,4.17,0.788
"GO:0046173","polyol biosynthetic process",58,8,6.53,0.78807
"GO:0030177","positive regulation of Wnt signaling pathway",137,20,15.42,0.78816
"GO:0072012","glomerulus vasculature development",27,4,3.04,0.78816
"GO:0050810","regulation of steroid biosynthetic process",72,9,8.11,0.78818
"GO:0170034","L-amino acid biosynthetic process",46,6,5.18,0.78819
"GO:0032835","glomerulus development",58,7,6.53,0.78826
"GO:0048333","mesodermal cell differentiation",23,3,2.59,0.78827
"GO:0005979","regulation of glycogen biosynthetic process",27,3,3.04,0.78835
"GO:0006691","leukotriene metabolic process",29,3,3.26,0.78839
"GO:2001046","positive regulation of integrin-mediated signaling pathway",13,1,1.46,0.78843
"GO:0010944","negative regulation of transcription by competitive promoter binding",13,1,1.46,0.78843
"GO:0032780","negative regulation of ATP-dependent activity",13,1,1.46,0.78843
"GO:1903251","multi-ciliated epithelial cell differentiation",13,1,1.46,0.78843
"GO:1905063","regulation of vascular associated smooth muscle cell differentiation",13,1,1.46,0.78843
"GO:0006054","N-acetylneuraminate metabolic process",13,1,1.46,0.78843
"GO:0043392","negative regulation of DNA binding",13,1,1.46,0.78843
"GO:0035771","interleukin-4-mediated signaling pathway",13,1,1.46,0.78843
"GO:0071360","cellular response to exogenous dsRNA",13,1,1.46,0.78843
"GO:0007100","mitotic centrosome separation",13,1,1.46,0.78843
"GO:0099545","trans-synaptic signaling by trans-synaptic complex",13,1,1.46,0.78843
"GO:0060456","positive regulation of digestive system process",13,1,1.46,0.78843
"GO:0015838","amino-acid betaine transport",13,1,1.46,0.78843
"GO:0000101","sulfur amino acid transport",13,1,1.46,0.78843
"GO:0031293","membrane protein intracellular domain proteolysis",13,1,1.46,0.78843
"GO:0071472","cellular response to salt stress",13,1,1.46,0.78843
"GO:0031274","positive regulation of pseudopodium assembly",13,1,1.46,0.78843
"GO:0060117","auditory receptor cell development",13,1,1.46,0.78843
"GO:0034088","maintenance of mitotic sister chromatid cohesion",13,1,1.46,0.78843
"GO:0045006","DNA deamination",13,1,1.46,0.78843
"GO:0007530","sex determination",13,1,1.46,0.78843
"GO:0042362","fat-soluble vitamin biosynthetic process",13,1,1.46,0.78843
"GO:0032933","SREBP signaling pathway",13,1,1.46,0.78843
"GO:0034372","very-low-density lipoprotein particle remodeling",13,1,1.46,0.78843
"GO:0046761","viral budding from plasma membrane",13,1,1.46,0.78843
"GO:0002486","antigen processing and presentation of endogenous peptide antigen via MHC class I via ER pathway, TAP-independent",13,1,1.46,0.78843
"GO:0043501","skeletal muscle adaptation",13,1,1.46,0.78843
"GO:0043506","regulation of JUN kinase activity",13,1,1.46,0.78843
"GO:0110095","cellular detoxification of aldehyde",13,1,1.46,0.78843
"GO:1901298","regulation of hydrogen peroxide-mediated programmed cell death",13,1,1.46,0.78843
"GO:0051610","serotonin uptake",13,1,1.46,0.78843
"GO:0009791","post-embryonic development",13,1,1.46,0.78843
"GO:0098712","L-glutamate import across plasma membrane",13,1,1.46,0.78843
"GO:0006563","L-serine metabolic process",13,1,1.46,0.78843
"GO:0030318","melanocyte differentiation",13,1,1.46,0.78843
"GO:1904037","positive regulation of epithelial cell apoptotic process",13,1,1.46,0.78843
"GO:0036006","cellular response to macrophage colony-stimulating factor stimulus",13,1,1.46,0.78843
"GO:1902953","positive regulation of ER to Golgi vesicle-mediated transport",13,1,1.46,0.78843
"GO:0014821","phasic smooth muscle contraction",13,1,1.46,0.78843
"GO:0048023","positive regulation of melanin biosynthetic process",13,1,1.46,0.78843
"GO:0070493","thrombin-activated receptor signaling pathway",13,1,1.46,0.78843
"GO:1901533","negative regulation of hematopoietic progenitor cell differentiation",13,1,1.46,0.78843
"GO:0070486","leukocyte aggregation",13,1,1.46,0.78843
"GO:0090103","cochlea morphogenesis",13,1,1.46,0.78843
"GO:0010745","negative regulation of macrophage derived foam cell differentiation",13,1,1.46,0.78843
"GO:2000272","negative regulation of signaling receptor activity",13,1,1.46,0.78843
"GO:2000234","positive regulation of rRNA processing",13,1,1.46,0.78843
"GO:0070294","renal sodium ion absorption",13,1,1.46,0.78843
"GO:0010867","positive regulation of triglyceride biosynthetic process",13,1,1.46,0.78843
"GO:0030889","negative regulation of B cell proliferation",13,1,1.46,0.78843
"GO:0072070","loop of Henle development",13,1,1.46,0.78843
"GO:0001765","membrane raft assembly",13,1,1.46,0.78843
"GO:0001780","neutrophil homeostasis",13,1,1.46,0.78843
"GO:0010572","positive regulation of platelet activation",13,1,1.46,0.78843
"GO:1901993","regulation of meiotic cell cycle phase transition",13,1,1.46,0.78843
"GO:0002902","regulation of B cell apoptotic process",13,1,1.46,0.78843
"GO:0000054","ribosomal subunit export from nucleus",13,1,1.46,0.78843
"GO:0048266","behavioral response to pain",13,1,1.46,0.78843
"GO:0001682","tRNA 5'-leader removal",13,1,1.46,0.78843
"GO:0032964","collagen biosynthetic process",50,5,5.63,0.78846
"GO:2000107","negative regulation of leukocyte apoptotic process",33,3,3.71,0.78847
"GO:0003272","endocardial cushion formation",25,2,2.81,0.78849
"GO:0043065","positive regulation of apoptotic process",443,43,49.87,0.78851
"GO:0046425","regulation of receptor signaling pathway via JAK-STAT",76,7,8.56,0.78863
"GO:0030521","androgen receptor signaling pathway",44,3,4.95,0.7887
"GO:1990845","adaptive thermogenesis",165,16,18.57,0.78882
"GO:0060294","cilium movement involved in cell motility",229,23,25.78,0.78886
"GO:2001235","positive regulation of apoptotic signaling pathway",103,8,11.6,0.78901
"GO:0042692","muscle cell differentiation",339,33,38.16,0.78931
"GO:0060041","retina development in camera-type eye",97,11,10.92,0.78933
"GO:0045621","positive regulation of lymphocyte differentiation",112,7,12.61,0.78938
"GO:0061982","meiosis I cell cycle process",123,8,13.85,0.78943
"GO:0008209","androgen metabolic process",25,2,2.81,0.78956
"GO:1900745","positive regulation of p38MAPK cascade",25,2,2.81,0.78956
"GO:0019886","antigen processing and presentation of exogenous peptide antigen via MHC class II",25,2,2.81,0.78956
"GO:0007339","binding of sperm to zona pellucida",25,2,2.81,0.78956
"GO:0046339","diacylglycerol metabolic process",25,2,2.81,0.78956
"GO:2000042","negative regulation of double-strand break repair via homologous recombination",25,2,2.81,0.78956
"GO:0046599","regulation of centriole replication",25,2,2.81,0.78956
"GO:0010458","exit from mitosis",25,2,2.81,0.78956
"GO:0045672","positive regulation of osteoclast differentiation",25,2,2.81,0.78956
"GO:1901135","carbohydrate derivative metabolic process",947,99,106.61,0.78983
"GO:0045071","negative regulation of viral genome replication",47,4,5.29,0.79071
"GO:0035194","regulatory ncRNA-mediated post-transcriptional gene silencing",215,11,24.2,0.7908
"GO:1901652","response to peptide",801,76,90.17,0.79108
"GO:0001960","negative regulation of cytokine-mediated signaling pathway",86,7,9.68,0.79121
"GO:0000381","regulation of alternative mRNA splicing, via spliceosome",68,6,7.66,0.79198
"GO:0070301","cellular response to hydrogen peroxide",58,5,6.53,0.79661
"GO:0010506","regulation of autophagy",353,56,39.74,0.79803
"GO:0043434","response to peptide hormone",407,54,45.82,0.7997
"GO:0009967","positive regulation of signal transduction",1497,189,168.52,0.80172
"GO:0007259","cell surface receptor signaling pathway via JAK-STAT",133,13,14.97,0.80285
"GO:1902459","positive regulation of stem cell population maintenance",48,4,5.4,0.80431
"GO:0120163","negative regulation of cold-induced thermogenesis",48,4,5.4,0.80431
"GO:0001889","liver development",86,8,9.68,0.80441
"GO:0001818","negative regulation of cytokine production",294,25,33.1,0.80666
"GO:0051899","membrane depolarization",94,13,10.58,0.80676
"GO:0051046","regulation of secretion",555,91,62.48,0.80689
"GO:0097191","extrinsic apoptotic signaling pathway",180,21,20.26,0.80718
"GO:0032740","positive regulation of interleukin-17 production",26,2,2.93,0.8076
"GO:0050995","negative regulation of lipid catabolic process",26,2,2.93,0.8076
"GO:0097421","liver regeneration",26,2,2.93,0.8076
"GO:0045907","positive regulation of vasoconstriction",26,2,2.93,0.8076
"GO:0002639","positive regulation of immunoglobulin production",45,3,5.07,0.80788
"GO:0030316","osteoclast differentiation",90,8,10.13,0.8079
"GO:0030163","protein catabolic process",1052,151,118.43,0.81001
"GO:0017157","regulation of exocytosis",173,31,19.48,0.8101
"GO:0048545","response to steroid hormone",305,43,34.34,0.8106
"GO:0050770","regulation of axonogenesis",104,20,11.71,0.81068
"GO:0050900","leukocyte migration",329,44,37.04,0.81091
"GO:0006835","dicarboxylic acid transport",87,16,9.79,0.81106
"GO:0042417","dopamine metabolic process",34,9,3.83,0.81125
"GO:0007600","sensory perception",669,78,75.31,0.81167
"GO:0000422","autophagy of mitochondrion",112,15,12.61,0.81174
"GO:0060997","dendritic spine morphogenesis",60,9,6.75,0.81176
"GO:0007585","respiratory gaseous exchange by respiratory system",36,6,4.05,0.81182
"GO:1902275","regulation of chromatin organization",32,5,3.6,0.81191
"GO:0050000","chromosome localization",121,15,13.62,0.81192
"GO:0046688","response to copper ion",35,5,3.94,0.81197
"GO:0016477","cell migration",1348,166,151.75,0.81203
"GO:0042119","neutrophil activation",39,5,4.39,0.81205
"GO:0010332","response to gamma radiation",35,4,3.94,0.81215
"GO:0045777","positive regulation of blood pressure",28,3,3.15,0.81219
"GO:0048261","negative regulation of receptor-mediated endocytosis",29,3,3.26,0.81221
"GO:0023035","CD40 signaling pathway",14,1,1.58,0.81226
"GO:1904688","regulation of cytoplasmic translational initiation",14,1,1.58,0.81226
"GO:0044241","lipid digestion",14,1,1.58,0.81226
"GO:0001964","startle response",14,1,1.58,0.81226
"GO:0060252","positive regulation of glial cell proliferation",14,1,1.58,0.81226
"GO:0015671","oxygen transport",14,1,1.58,0.81226
"GO:0046185","aldehyde catabolic process",14,1,1.58,0.81226
"GO:0042363","fat-soluble vitamin catabolic process",14,1,1.58,0.81226
"GO:1901385","regulation of voltage-gated calcium channel activity",14,1,1.58,0.81226
"GO:0042308","negative regulation of protein import into nucleus",14,1,1.58,0.81226
"GO:0006264","mitochondrial DNA replication",14,1,1.58,0.81226
"GO:0034374","low-density lipoprotein particle remodeling",14,1,1.58,0.81226
"GO:0042447","hormone catabolic process",14,1,1.58,0.81226
"GO:0060546","negative regulation of necroptotic process",14,1,1.58,0.81226
"GO:0002476","antigen processing and presentation of endogenous peptide antigen via MHC class Ib",14,1,1.58,0.81226
"GO:0071578","zinc ion import across plasma membrane",14,1,1.58,0.81226
"GO:0042167","heme catabolic process",14,1,1.58,0.81226
"GO:0042117","monocyte activation",14,1,1.58,0.81226
"GO:0060633","negative regulation of transcription initiation by RNA polymerase II",14,1,1.58,0.81226
"GO:0006878","intracellular copper ion homeostasis",14,1,1.58,0.81226
"GO:1901201","regulation of extracellular matrix assembly",14,1,1.58,0.81226
"GO:0006555","methionine metabolic process",14,1,1.58,0.81226
"GO:0046655","folic acid metabolic process",14,1,1.58,0.81226
"GO:0090370","negative regulation of cholesterol efflux",14,1,1.58,0.81226
"GO:0070314","G1 to G0 transition",14,1,1.58,0.81226
"GO:0048026","positive regulation of mRNA splicing, via spliceosome",14,1,1.58,0.81226
"GO:0090136","epithelial cell-cell adhesion",14,1,1.58,0.81226
"GO:1904380","endoplasmic reticulum mannose trimming",14,1,1.58,0.81226
"GO:0034551","mitochondrial respiratory chain complex III assembly",14,1,1.58,0.81226
"GO:0033194","response to hydroperoxide",14,1,1.58,0.81226
"GO:0090209","negative regulation of triglyceride metabolic process",14,1,1.58,0.81226
"GO:0072075","metanephric mesenchyme development",14,1,1.58,0.81226
"GO:0048311","mitochondrion distribution",14,1,1.58,0.81226
"GO:0055089","fatty acid homeostasis",14,1,1.58,0.81226
"GO:0040037","negative regulation of fibroblast growth factor receptor signaling pathway",14,1,1.58,0.81226
"GO:0031069","hair follicle morphogenesis",14,1,1.58,0.81226
"GO:2000644","regulation of receptor catabolic process",14,1,1.58,0.81226
"GO:1902235","regulation of endoplasmic reticulum stress-induced intrinsic apoptotic signaling pathway",32,3,3.6,0.81227
"GO:0061384","heart trabecula morphogenesis",24,2,2.7,0.81229
"GO:0030194","positive regulation of blood coagulation",26,2,2.93,0.81233
"GO:0019076","viral release from host cell",28,2,3.15,0.81237
"GO:0042255","ribosome assembly",64,6,7.2,0.81238
"GO:0003281","ventricular septum development",47,4,5.29,0.81239
"GO:0042180","ketone metabolic process",198,21,22.29,0.81239
"GO:0006308","DNA catabolic process",30,2,3.38,0.81241
"GO:0043247","telomere maintenance in response to DNA damage",30,2,3.38,0.81241
"GO:0033077","T cell differentiation in thymus",55,4,6.19,0.81255
"GO:0001935","endothelial cell proliferation",141,13,15.87,0.81267
"GO:0003341","cilium movement",258,26,29.04,0.81271
"GO:0033344","cholesterol efflux",59,3,6.64,0.81281
"GO:0140013","meiotic nuclear division",164,8,18.46,0.81402
"GO:0090307","mitotic spindle assembly",73,8,8.22,0.81684
"GO:0051338","regulation of transferase activity",278,31,31.3,0.81686
"GO:0071398","cellular response to fatty acid",38,3,4.28,0.81715
"GO:0061053","somite development",38,3,4.28,0.81715
"GO:0033574","response to testosterone",38,3,4.28,0.81715
"GO:0030225","macrophage differentiation",49,4,5.52,0.81719
"GO:0006968","cellular defense response",49,4,5.52,0.81719
"GO:0032722","positive regulation of chemokine production",60,5,6.75,0.82031
"GO:0006952","defense response",1699,180,191.26,0.8204
"GO:0017148","negative regulation of translation",150,14,16.89,0.82091
"GO:0006906","vesicle fusion",127,22,14.3,0.82214
"GO:0070633","transepithelial transport",39,4,4.39,0.82409
"GO:0007288","sperm axoneme assembly",27,2,3.04,0.82424
"GO:0045724","positive regulation of cilium assembly",27,2,3.04,0.82424
"GO:0044273","sulfur compound catabolic process",37,3,4.17,0.82427
"GO:0000077","DNA damage checkpoint signaling",109,9,12.27,0.82477
"GO:0045089","positive regulation of innate immune response",379,39,42.67,0.82488
"GO:0033554","cellular response to stress",1793,194,201.85,0.82607
"GO:0006869","lipid transport",428,51,48.18,0.8279
"GO:0044272","sulfur compound biosynthetic process",114,20,12.83,0.82834
"GO:0051301","cell division",612,69,68.9,0.82899
"GO:0050727","regulation of inflammatory response",380,46,42.78,0.82946
"GO:0048584","positive regulation of response to stimulus",2215,267,249.35,0.82986
"GO:0042176","regulation of protein catabolic process",391,60,44.02,0.83053
"GO:0051047","positive regulation of secretion",290,48,32.65,0.83066
"GO:0032981","mitochondrial respiratory chain complex I assembly",39,3,4.39,0.83077
"GO:0035567","non-canonical Wnt signaling pathway",63,13,7.09,0.8323
"GO:0017015","regulation of transforming growth factor beta receptor signaling pathway",129,18,14.52,0.83271
"GO:0060395","SMAD protein signal transduction",84,12,9.46,0.83287
"GO:0014003","oligodendrocyte development",32,6,3.6,0.8329
"GO:0055078","sodium ion homeostasis",43,6,4.84,0.83311
"GO:0009880","embryonic pattern specification",47,6,5.29,0.83318
"GO:0120162","positive regulation of cold-induced thermogenesis",103,9,11.6,0.83327
"GO:0033280","response to vitamin D",34,4,3.83,0.83327
"GO:0050775","positive regulation of dendrite morphogenesis",35,4,3.94,0.83329
"GO:2001028","positive regulation of endothelial cell chemotaxis",15,1,1.69,0.83342
"GO:0033629","negative regulation of cell adhesion mediated by integrin",15,1,1.69,0.83342
"GO:1902047","polyamine transmembrane transport",15,1,1.69,0.83342
"GO:0030953","astral microtubule organization",15,1,1.69,0.83342
"GO:0046036","CTP metabolic process",15,1,1.69,0.83342
"GO:0031440","regulation of mRNA 3'-end processing",15,1,1.69,0.83342
"GO:1903826","L-arginine transmembrane transport",15,1,1.69,0.83342
"GO:2001140","positive regulation of phospholipid transport",15,1,1.69,0.83342
"GO:0051151","negative regulation of smooth muscle cell differentiation",15,1,1.69,0.83342
"GO:0072537","fibroblast activation",15,1,1.69,0.83342
"GO:0002031","G protein-coupled receptor internalization",15,1,1.69,0.83342
"GO:0060263","regulation of respiratory burst",15,1,1.69,0.83342
"GO:0043248","proteasome assembly",15,1,1.69,0.83342
"GO:0071243","cellular response to arsenic-containing substance",15,1,1.69,0.83342
"GO:0003214","cardiac left ventricle morphogenesis",15,1,1.69,0.83342
"GO:1902775","mitochondrial large ribosomal subunit assembly",15,1,1.69,0.83342
"GO:0018149","peptide cross-linking",15,1,1.69,0.83342
"GO:0006271","DNA strand elongation involved in DNA replication",15,1,1.69,0.83342
"GO:0042448","progesterone metabolic process",15,1,1.69,0.83342
"GO:0035988","chondrocyte proliferation",15,1,1.69,0.83342
"GO:0018230","peptidyl-L-cysteine S-palmitoylation",15,1,1.69,0.83342
"GO:1901163","regulation of trophoblast cell migration",15,1,1.69,0.83342
"GO:0002430","complement receptor mediated signaling pathway",15,1,1.69,0.83342
"GO:0006825","copper ion transport",15,1,1.69,0.83342
"GO:0034260","negative regulation of GTPase activity",15,1,1.69,0.83342
"GO:1901857","positive regulation of cellular respiration",15,1,1.69,0.83342
"GO:0045779","negative regulation of bone resorption",15,1,1.69,0.83342
"GO:0141196","transposable element silencing by piRNA-mediated DNA methylation",15,1,1.69,0.83342
"GO:0005513","detection of calcium ion",15,1,1.69,0.83342
"GO:0030852","regulation of granulocyte differentiation",15,1,1.69,0.83342
"GO:0001787","natural killer cell proliferation",15,1,1.69,0.83342
"GO:0010560","positive regulation of glycoprotein biosynthetic process",15,1,1.69,0.83342
"GO:0036151","phosphatidylcholine acyl-chain remodeling",15,1,1.69,0.83342
"GO:0030575","nuclear body organization",15,1,1.69,0.83342
"GO:0032303","regulation of icosanoid secretion",15,1,1.69,0.83342
"GO:0090656","t-circle formation",15,1,1.69,0.83342
"GO:0061548","ganglion development",15,1,1.69,0.83342
"GO:0050687","negative regulation of defense response to virus",15,1,1.69,0.83342
"GO:0032365","intracellular lipid transport",54,5,6.08,0.83348
"GO:1902410","mitotic cytokinetic process",38,3,4.28,0.83352
"GO:0141156","cAMP/PKA signal transduction",65,6,7.32,0.83352
"GO:0030851","granulocyte differentiation",30,2,3.38,0.83353
"GO:0002385","mucosal immune response",39,3,4.39,0.83353
"GO:0060765","regulation of androgen receptor signaling pathway",31,2,3.49,0.83355
"GO:0007346","regulation of mitotic cell cycle",463,41,52.12,0.83356
"GO:0030879","mammary gland development",62,4,6.98,0.8338
"GO:0050871","positive regulation of B cell activation",64,4,7.2,0.83384
"GO:0000956","nuclear-transcribed mRNA catabolic process",141,12,15.87,0.83395
"GO:0000070","mitotic sister chromatid segregation",203,18,22.85,0.83412
"GO:2000026","regulation of multicellular organismal development",1222,129,137.57,0.83485
"GO:0046330","positive regulation of JNK cascade",93,8,10.47,0.83575
"GO:0065008","regulation of biological quality",2765,389,311.27,0.83656
"GO:0050767","regulation of neurogenesis",276,41,31.07,0.83701
"GO:0034504","protein localization to nucleus",278,36,31.3,0.83823
"GO:0051247","positive regulation of protein metabolic process",733,86,82.52,0.83849
"GO:0008361","regulation of cell size",137,19,15.42,0.8385
"GO:0055007","cardiac muscle cell differentiation",90,12,10.13,0.83889
"GO:0007029","endoplasmic reticulum organization",90,11,10.13,0.83912
"GO:0009152","purine ribonucleotide biosynthetic process",154,17,17.34,0.83939
"GO:0048634","regulation of muscle organ development",28,2,3.15,0.83958
"GO:0099149","regulation of postsynaptic neurotransmitter receptor internalization",28,2,3.15,0.83958
"GO:0000184","nuclear-transcribed mRNA catabolic process, nonsense-mediated decay",44,3,4.95,0.83976
"GO:0045862","positive regulation of proteolysis",66,5,7.43,0.83987
"GO:0061157","mRNA destabilization",140,11,15.76,0.8404
"GO:0050680","negative regulation of epithelial cell proliferation",94,9,10.58,0.8408
"GO:0032743","positive regulation of interleukin-2 production",40,3,4.5,0.8435
"GO:0031295","T cell costimulation",40,3,4.5,0.8435
"GO:0030488","tRNA methylation",40,3,4.5,0.8435
"GO:0051216","cartilage development",128,10,14.41,0.84429
"GO:0044089","positive regulation of cellular component biogenesis",474,73,53.36,0.84881
"GO:0051493","regulation of cytoskeleton organization",502,73,56.51,0.84934
"GO:0048193","Golgi vesicle transport",314,50,35.35,0.84967
"GO:0046395","carboxylic acid catabolic process",242,40,27.24,0.84999
"GO:0097305","response to alcohol",243,40,27.36,0.85001
"GO:0030317","flagellated sperm motility",211,20,23.75,0.85087
"GO:1901890","positive regulation of cell junction assembly",95,16,10.69,0.85121
"GO:0071300","cellular response to retinoic acid",63,5,7.09,0.85162
"GO:0007173","epidermal growth factor receptor signaling pathway",123,12,13.85,0.85168
"GO:2001244","positive regulation of intrinsic apoptotic signaling pathway",52,4,5.85,0.85169
"GO:0032200","telomere organization",179,22,20.15,0.85176
"GO:0032094","response to food",37,5,4.17,0.85193
"GO:0008608","attachment of spindle microtubules to kinetochore",55,7,6.19,0.85193
"GO:0051693","actin filament capping",42,5,4.73,0.85202
"GO:0035329","hippo signaling",62,7,6.98,0.85206
"GO:0030970","retrograde protein transport, ER to cytosol",29,3,3.26,0.8521
"GO:0016553","base conversion or substitution editing",16,1,1.8,0.85219
"GO:0016558","protein import into peroxisome matrix",16,1,1.8,0.85219
"GO:0048846","axon extension involved in axon guidance",16,1,1.8,0.85219
"GO:0050965","detection of temperature stimulus involved in sensory perception of pain",16,1,1.8,0.85219
"GO:0048538","thymus development",16,1,1.8,0.85219
"GO:1903894","regulation of IRE1-mediated unfolded protein response",16,1,1.8,0.85219
"GO:0043328","protein transport to vacuole involved in ubiquitin-dependent protein catabolic process via the multivesicular body sorting pathway",16,1,1.8,0.85219
"GO:0051481","negative regulation of cytosolic calcium ion concentration",16,1,1.8,0.85219
"GO:0035809","regulation of urine volume",16,1,1.8,0.85219
"GO:0072531","pyrimidine-containing compound transmembrane transport",16,1,1.8,0.85219
"GO:0002026","regulation of the force of heart contraction",16,1,1.8,0.85219
"GO:0060219","camera-type eye photoreceptor cell differentiation",16,1,1.8,0.85219
"GO:0060231","mesenchymal to epithelial transition",16,1,1.8,0.85219
"GO:0006309","apoptotic DNA fragmentation",16,1,1.8,0.85219
"GO:0060766","negative regulation of androgen receptor signaling pathway",16,1,1.8,0.85219
"GO:0060586","multicellular organismal-level iron ion homeostasis",16,1,1.8,0.85219
"GO:0006206","pyrimidine nucleobase metabolic process",16,1,1.8,0.85219
"GO:0034497","protein localization to phagophore assembly site",16,1,1.8,0.85219
"GO:0140588","chromatin looping",16,1,1.8,0.85219
"GO:0042182","ketone catabolic process",16,1,1.8,0.85219
"GO:0070071","proton-transporting two-sector ATPase complex assembly",16,1,1.8,0.85219
"GO:0071625","vocalization behavior",16,1,1.8,0.85219
"GO:0071636","positive regulation of transforming growth factor beta production",16,1,1.8,0.85219
"GO:0034144","negative regulation of toll-like receptor 4 signaling pathway",16,1,1.8,0.85219
"GO:0002827","positive regulation of T-helper 1 type immune response",16,1,1.8,0.85219
"GO:0045721","negative regulation of gluconeogenesis",16,1,1.8,0.85219
"GO:1900034","regulation of cellular response to heat",16,1,1.8,0.85219
"GO:1903083","protein localization to condensed chromosome",16,1,1.8,0.85219
"GO:1900407","regulation of cellular response to oxidative stress",16,1,1.8,0.85219
"GO:2000622","regulation of nuclear-transcribed mRNA catabolic process, nonsense-mediated decay",16,1,1.8,0.85219
"GO:0062014","negative regulation of small molecule metabolic process",101,10,11.37,0.85228
"GO:0006405","RNA export from nucleus",94,9,10.58,0.85231
"GO:0050892","intestinal absorption",34,2,3.83,0.85235
"GO:0032369","negative regulation of lipid transport",38,2,4.28,0.85242
"GO:0048599","oocyte development",39,2,4.39,0.85244
"GO:0001523","retinoid metabolic process",85,7,9.57,0.85247
"GO:0071897","DNA biosynthetic process",152,21,17.11,0.85257
"GO:0034381","plasma lipoprotein particle clearance",47,2,5.29,0.85258
"GO:0042100","B cell proliferation",73,4,8.22,0.85273
"GO:0043068","positive regulation of programmed cell death",468,47,52.68,0.85298
"GO:0070665","positive regulation of leukocyte proliferation",132,9,14.86,0.85299
"GO:0006688","glycosphingolipid biosynthetic process",45,6,5.07,0.85322
"GO:0070252","actin-mediated cell contraction",114,13,12.83,0.85338
"GO:0051881","regulation of mitochondrial membrane potential",59,6,6.64,0.85356
"GO:0033631","cell-cell adhesion mediated by integrin",29,2,3.26,0.85369
"GO:0006882","intracellular zinc ion homeostasis",29,2,3.26,0.85369
"GO:0030511","positive regulation of transforming growth factor beta receptor signaling pathway",29,2,3.26,0.85369
"GO:0045947","negative regulation of translational initiation",29,2,3.26,0.85369
"GO:0031124","mRNA 3'-end processing",44,3,4.95,0.85384
"GO:0002040","sprouting angiogenesis",141,13,15.87,0.85404
"GO:0034446","substrate adhesion-dependent cell spreading",98,14,11.03,0.85421
"GO:0050832","defense response to fungus",51,6,5.74,0.85492
"GO:2001238","positive regulation of extrinsic apoptotic signaling pathway",41,3,4.62,0.8554
"GO:0046427","positive regulation of receptor signaling pathway via JAK-STAT",41,3,4.62,0.8554
"GO:0070269","pyroptotic inflammatory response",41,3,4.62,0.8554
"GO:0006955","immune response",1755,182,197.57,0.85737
"GO:0006351","DNA-templated transcription",3204,304,360.69,0.86281
"GO:0034976","response to endoplasmic reticulum stress",262,31,29.49,0.86569
"GO:0009062","fatty acid catabolic process",97,14,10.92,0.86574
"GO:0090068","positive regulation of cell cycle process",231,25,26,0.86632
"GO:0032715","negative regulation of interleukin-6 production",42,3,4.73,0.8665
"GO:0045840","positive regulation of mitotic nuclear division",42,3,4.73,0.8665
"GO:0000462","maturation of SSU-rRNA from tricistronic rRNA transcript (SSU-rRNA, 5.8S rRNA, LSU-rRNA)",30,2,3.38,0.86666
"GO:0050901","leukocyte tethering or rolling",30,2,3.38,0.86666
"GO:0045070","positive regulation of viral genome replication",30,2,3.38,0.86666
"GO:0141162","negative regulation of cAMP/PKA signal transduction",30,2,3.38,0.86666
"GO:0010804","negative regulation of tumor necrosis factor-mediated signaling pathway",30,2,3.38,0.86666
"GO:2000819","regulation of nucleotide-excision repair",30,2,3.38,0.86666
"GO:0030324","lung development",68,6,7.66,0.86672
"GO:0031638","zymogen activation",55,3,6.19,0.86704
"GO:0043542","endothelial cell migration",226,22,25.44,0.8671
"GO:0098771","inorganic ion homeostasis",392,54,44.13,0.86718
"GO:0048477","oogenesis",72,4,8.11,0.86723
"GO:0006282","regulation of DNA repair",233,21,26.23,0.86737
"GO:0006637","acyl-CoA metabolic process",104,20,11.71,0.86745
"GO:0006457","protein folding",214,20,24.09,0.86789
"GO:0050778","positive regulation of immune response",731,73,82.29,0.86836
"GO:0035108","limb morphogenesis",63,8,7.09,0.86857
"GO:0043277","apoptotic cell clearance",37,5,4.17,0.86858
"GO:0050974","detection of mechanical stimulus involved in sensory perception",30,4,3.38,0.86861
"GO:0170038","proteinogenic amino acid biosynthetic process",50,6,5.63,0.86865
"GO:0051489","regulation of filopodium assembly",44,5,4.95,0.8687
"GO:0009395","phospholipid catabolic process",54,6,6.08,0.86872
"GO:0035162","embryonic hemopoiesis",17,1,1.91,0.86884
"GO:0060382","regulation of DNA strand elongation",17,1,1.91,0.86884
"GO:0018022","peptidyl-lysine methylation",17,1,1.91,0.86884
"GO:0015871","choline transport",17,1,1.91,0.86884
"GO:0051446","positive regulation of meiotic cell cycle",17,1,1.91,0.86884
"GO:0043117","positive regulation of vascular permeability",17,1,1.91,0.86884
"GO:0043517","positive regulation of DNA damage response, signal transduction by p53 class mediator",17,1,1.91,0.86884
"GO:0043691","reverse cholesterol transport",17,1,1.91,0.86884
"GO:0042574","retinal metabolic process",17,1,1.91,0.86884
"GO:0048011","neurotrophin TRK receptor signaling pathway",17,1,1.91,0.86884
"GO:0002523","leukocyte migration involved in inflammatory response",17,1,1.91,0.86884
"GO:0030214","hyaluronan catabolic process",17,1,1.91,0.86884
"GO:1905906","regulation of amyloid fibril formation",17,1,1.91,0.86884
"GO:0090713","immunological memory process",17,1,1.91,0.86884
"GO:0021846","cell proliferation in forebrain",17,1,1.91,0.86884
"GO:0032495","response to muramyl dipeptide",17,1,1.91,0.86884
"GO:0031054","pre-miRNA processing",17,1,1.91,0.86884
"GO:0050655","dermatan sulfate proteoglycan metabolic process",17,1,1.91,0.86884
"GO:0035332","positive regulation of hippo signaling",17,1,1.91,0.86884
"GO:1903429","regulation of cell maturation",17,1,1.91,0.86884
"GO:0006783","heme biosynthetic process",27,2,3.04,0.86886
"GO:0001658","branching involved in ureteric bud morphogenesis",36,3,4.05,0.86886
"GO:0016226","iron-sulfur cluster assembly",28,2,3.15,0.86888
"GO:0002710","negative regulation of T cell mediated immunity",29,2,3.26,0.86889
"GO:0045730","respiratory burst",32,2,3.6,0.86895
"GO:0061515","myeloid cell development",62,5,6.98,0.869
"GO:0002456","T cell mediated immunity",117,11,13.17,0.86903
"GO:0032655","regulation of interleukin-12 production",51,2,5.74,0.86927
"GO:0022904","respiratory electron transport chain",111,8,12.5,0.86938
"GO:0045944","positive regulation of transcription by RNA polymerase II",1143,114,128.67,0.87088
"GO:0006950","response to stress",3683,391,414.61,0.87316
"GO:0043085","positive regulation of catalytic activity",278,39,31.3,0.87455
"GO:0007052","mitotic spindle organization",133,15,14.97,0.8764
"GO:0045892","negative regulation of DNA-templated transcription",1261,121,141.96,0.87644
"GO:0039532","negative regulation of cytoplasmic pattern recognition receptor signaling pathway",62,6,6.98,0.87664
"GO:0000244","spliceosomal tri-snRNP complex assembly",43,3,4.84,0.87684
"GO:0045214","sarcomere organization",43,3,4.84,0.87684
"GO:0007224","smoothened signaling pathway",105,16,11.82,0.87745
"GO:0032760","positive regulation of tumor necrosis factor production",109,9,12.27,0.87762
"GO:0045727","positive regulation of translation",125,12,14.07,0.87799
"GO:0032570","response to progesterone",31,2,3.49,0.87857
"GO:0000079","regulation of cyclin-dependent protein serine/threonine kinase activity",31,2,3.49,0.87857
"GO:0019229","regulation of vasoconstriction",57,4,6.42,0.87875
"GO:0048585","negative regulation of response to stimulus",1602,206,180.34,0.87942
"GO:0043410","positive regulation of MAPK cascade",411,46,46.27,0.87958
"GO:0032968","positive regulation of transcription elongation by RNA polymerase II",55,4,6.19,0.88049
"GO:0048589","developmental growth",361,59,40.64,0.88081
"GO:0006941","striated muscle contraction",228,22,25.67,0.88089
"GO:0030334","regulation of cell migration",897,116,100.98,0.88092
"GO:0001822","kidney development",222,21,24.99,0.88097
"GO:0019538","protein metabolic process",3963,456,446.13,0.88164
"GO:0050773","regulation of dendrite development",90,14,10.13,0.88293
"GO:0048839","inner ear development",97,13,10.92,0.88318
"GO:0000289","nuclear-transcribed mRNA poly(A) tail shortening",33,4,3.71,0.88344
"GO:0009226","nucleotide-sugar biosynthetic process",28,3,3.15,0.8835
"GO:0001516","prostaglandin biosynthetic process",28,3,3.15,0.8835
"GO:0048041","focal adhesion assembly",83,9,9.34,0.88353
"GO:0001656","metanephros development",68,7,7.66,0.88357
"GO:0034308","primary alcohol metabolic process",105,11,11.82,0.88359
"GO:0031670","cellular response to nutrient",44,4,4.95,0.88361
"GO:0039531","regulation of cytoplasmic pattern recognition receptor signaling pathway",133,14,14.97,0.88362
"GO:0035461","vitamin transmembrane transport",18,1,2.03,0.88362
"GO:0032874","positive regulation of stress-activated MAPK cascade",18,1,2.03,0.88362
"GO:0032693","negative regulation of interleukin-10 production",18,1,2.03,0.88362
"GO:0051450","myoblast proliferation",18,1,2.03,0.88362
"GO:0043407","negative regulation of MAP kinase activity",18,1,2.03,0.88362
"GO:0062009","secondary palate development",18,1,2.03,0.88362
"GO:0046827","positive regulation of protein export from nucleus",18,1,2.03,0.88362
"GO:0034122","negative regulation of toll-like receptor signaling pathway",18,1,2.03,0.88362
"GO:0006590","thyroid hormone generation",18,1,2.03,0.88362
"GO:0098856","intestinal lipid absorption",18,1,2.03,0.88362
"GO:0046629","gamma-delta T cell activation",18,1,2.03,0.88362
"GO:0046641","positive regulation of alpha-beta T cell proliferation",18,1,2.03,0.88362
"GO:0009820","alkaloid metabolic process",18,1,2.03,0.88362
"GO:0070431","nucleotide-binding oligomerization domain containing 2 signaling pathway",18,1,2.03,0.88362
"GO:0010561","negative regulation of glycoprotein biosynthetic process",18,1,2.03,0.88362
"GO:0055093","response to hyperoxia",18,1,2.03,0.88362
"GO:0019430","removal of superoxide radicals",18,1,2.03,0.88362
"GO:1904754","positive regulation of vascular associated smooth muscle cell migration",18,1,2.03,0.88362
"GO:0048286","lung alveolus development",18,1,2.03,0.88362
"GO:0035372","protein localization to microtubule",18,1,2.03,0.88362
"GO:0006346","DNA methylation-dependent constitutive heterochromatin formation",33,2,3.71,0.88372
"GO:0006413","translational initiation",126,11,14.18,0.88393
"GO:0000302","response to reactive oxygen species",167,13,18.8,0.8843
"GO:0071222","cellular response to lipopolysaccharide",185,14,20.83,0.88554
"GO:0042776","proton motive force-driven mitochondrial ATP synthesis",67,5,7.54,0.88618
"GO:0001708","cell fate specification",67,5,7.54,0.88618
"GO:0062208","positive regulation of pattern recognition receptor signaling pathway",82,9,9.23,0.88923
"GO:0032147","activation of protein kinase activity",46,4,5.18,0.88941
"GO:0045746","negative regulation of Notch signaling pathway",32,2,3.6,0.88949
"GO:0007162","negative regulation of cell adhesion",270,27,30.4,0.88983
"GO:1902533","positive regulation of intracellular signal transduction",1076,142,121.13,0.89011
"GO:0048667","cell morphogenesis involved in neuron differentiation",462,92,52.01,0.89103
"GO:0009101","glycoprotein biosynthetic process",295,23,33.21,0.8911
"GO:0008584","male gonad development",80,7,9.01,0.89348
"GO:1901136","carbohydrate derivative catabolic process",245,33,27.58,0.89586
"GO:0016052","carbohydrate catabolic process",161,20,18.12,0.89634
"GO:1902003","regulation of amyloid-beta formation",39,4,4.39,0.89664
"GO:0043114","regulation of vascular permeability",49,5,5.52,0.89666
"GO:0000038","very long-chain fatty acid metabolic process",32,3,3.6,0.89667
"GO:0010968","regulation of microtubule nucleation",19,1,2.14,0.89674
"GO:0032781","positive regulation of ATP-dependent activity",19,1,2.14,0.89674
"GO:0071391","cellular response to estrogen stimulus",19,1,2.14,0.89674
"GO:0071294","cellular response to zinc ion",19,1,2.14,0.89674
"GO:0003228","atrial cardiac muscle tissue development",19,1,2.14,0.89674
"GO:1902692","regulation of neuroblast proliferation",19,1,2.14,0.89674
"GO:0033032","regulation of myeloid cell apoptotic process",19,1,2.14,0.89674
"GO:0009223","pyrimidine deoxyribonucleotide catabolic process",19,1,2.14,0.89674
"GO:0002281","macrophage activation involved in immune response",19,1,2.14,0.89674
"GO:0010499","proteasomal ubiquitin-independent protein catabolic process",19,1,2.14,0.89674
"GO:0014898","cardiac muscle hypertrophy in response to stress",19,1,2.14,0.89674
"GO:0043931","ossification involved in bone maturation",19,1,2.14,0.89674
"GO:0014819","regulation of skeletal muscle contraction",19,1,2.14,0.89674
"GO:0045830","positive regulation of isotype switching",19,1,2.14,0.89674
"GO:0045591","positive regulation of regulatory T cell differentiation",19,1,2.14,0.89674
"GO:0010842","retina layer formation",19,1,2.14,0.89674
"GO:0007076","mitotic chromosome condensation",19,1,2.14,0.89674
"GO:0031053","primary miRNA processing",19,1,2.14,0.89674
"GO:0035335","peptidyl-tyrosine dephosphorylation",19,1,2.14,0.89674
"GO:0002762","negative regulation of myeloid leukocyte differentiation",46,4,5.18,0.89674
"GO:0006024","glycosaminoglycan biosynthetic process",30,2,3.38,0.89677
"GO:0014014","negative regulation of gliogenesis",31,2,3.49,0.89678
"GO:0006636","unsaturated fatty acid biosynthetic process",49,4,5.52,0.89679
"GO:0001890","placenta development",60,5,6.75,0.89682
"GO:0061756","leukocyte adhesion to vascular endothelial cell",49,3,5.52,0.89692
"GO:0009593","detection of chemical stimulus",295,27,33.21,0.89742
"GO:0007159","leukocyte cell-cell adhesion",381,26,42.89,0.89884
"GO:0045429","positive regulation of nitric oxide biosynthetic process",33,2,3.71,0.89949
"GO:2000179","positive regulation of neural precursor cell proliferation",33,2,3.71,0.89949
"GO:0001843","neural tube closure",33,2,3.71,0.89949
"GO:0007095","mitotic G2 DNA damage checkpoint signaling",33,2,3.71,0.89949
"GO:0070328","triglyceride homeostasis",43,3,4.84,0.89951
"GO:0098655","monoatomic cation transmembrane transport",833,128,93.77,0.90222
"GO:0019221","cytokine-mediated signaling pathway",488,48,54.94,0.90255
"GO:0006357","regulation of transcription by RNA polymerase II",2446,240,275.36,0.9046
"GO:0055074","calcium ion homeostasis",192,30,21.61,0.90717
"GO:0008625","extrinsic apoptotic signaling pathway via death domain receptors",69,9,7.77,0.90813
"GO:0002446","neutrophil mediated immunity",33,3,3.71,0.90831
"GO:2001185","regulation of CD8-positive, alpha-beta T cell activation",20,1,2.25,0.90838
"GO:0042359","vitamin D metabolic process",20,1,2.25,0.90838
"GO:0002755","MyD88-dependent toll-like receptor signaling pathway",20,1,2.25,0.90838
"GO:0046628","positive regulation of insulin receptor signaling pathway",20,1,2.25,0.90838
"GO:0010165","response to X-ray",20,1,2.25,0.90838
"GO:0034587","piRNA processing",20,1,2.25,0.90838
"GO:0035590","purinergic nucleotide receptor signaling pathway",30,2,3.38,0.90839
"GO:0007129","homologous chromosome pairing at meiosis",39,3,4.39,0.90839
"GO:0070972","protein localization to endoplasmic reticulum",31,2,3.49,0.9084
"GO:0044773","mitotic DNA damage checkpoint signaling",66,5,7.43,0.90852
"GO:0010656","negative regulation of muscle cell apoptotic process",47,2,5.29,0.90863
"GO:0043029","T cell homeostasis",34,2,3.83,0.90864
"GO:0003161","cardiac conduction system development",34,2,3.83,0.90864
"GO:0035633","maintenance of blood-brain barrier",34,2,3.83,0.90864
"GO:0006699","bile acid biosynthetic process",34,2,3.83,0.90864
"GO:0030890","positive regulation of B cell proliferation",34,2,3.83,0.90864
"GO:0007520","myoblast fusion",78,5,8.78,0.90869
"GO:0007098","centrosome cycle",142,11,15.99,0.90916
"GO:1990090","cellular response to nerve growth factor stimulus",47,3,5.29,0.91142
"GO:0002376","immune system process",2394,246,269.5,0.91154
"GO:0051129","negative regulation of cellular component organization",721,97,81.17,0.91662
"GO:0001541","ovarian follicle development",35,2,3.94,0.917
"GO:0007131","reciprocal meiotic recombination",60,4,6.75,0.91775
"GO:0016485","protein processing",223,18,25.1,0.91806
"GO:0002691","regulation of cellular extravasation",36,4,4.05,0.91855
"GO:0035850","epithelial cell differentiation involved in kidney development",38,3,4.28,0.91869
"GO:0033630","positive regulation of cell adhesion mediated by integrin",21,1,2.36,0.9187
"GO:0048566","embryonic digestive tract development",21,1,2.36,0.9187
"GO:0051457","maintenance of protein location in nucleus",21,1,2.36,0.9187
"GO:0002082","regulation of oxidative phosphorylation",21,1,2.36,0.9187
"GO:0006123","mitochondrial electron transport, cytochrome c to oxygen",21,1,2.36,0.9187
"GO:0034114","regulation of heterotypic cell-cell adhesion",21,1,2.36,0.9187
"GO:0046514","ceramide catabolic process",21,1,2.36,0.9187
"GO:0045762","positive regulation of adenylate cyclase activity",21,1,2.36,0.9187
"GO:0045723","positive regulation of fatty acid biosynthetic process",21,1,2.36,0.9187
"GO:0001824","blastocyst development",21,1,2.36,0.9187
"GO:0033688","regulation of osteoblast proliferation",21,1,2.36,0.9187
"GO:0031016","pancreas development",52,4,5.85,0.91876
"GO:1901798","positive regulation of signal transduction by p53 class mediator",38,2,4.28,0.91881
"GO:0002224","toll-like receptor signaling pathway",76,6,8.56,0.91884
"GO:0045814","negative regulation of gene expression, epigenetic",223,19,25.1,0.91925
"GO:0031297","replication fork processing",61,4,6.87,0.92382
"GO:0045600","positive regulation of fat cell differentiation",52,5,5.85,0.92447
"GO:0032691","negative regulation of interleukin-1 beta production",36,2,4.05,0.92464
"GO:0006376","mRNA splice site recognition",36,2,4.05,0.92464
"GO:0042307","positive regulation of protein import into nucleus",36,2,4.05,0.92464
"GO:0006493","protein O-linked glycosylation",145,14,16.32,0.92468
"GO:0015850","organic hydroxy compound transport",259,28,29.16,0.92494
"GO:0051276","chromosome organization",561,49,63.15,0.92645
"GO:0006338","chromatin remodeling",646,58,72.72,0.92682
"GO:0051893","regulation of focal adhesion assembly",65,8,7.32,0.92763
"GO:1905898","positive regulation of response to endoplasmic reticulum stress",40,5,4.5,0.92765
"GO:0050731","positive regulation of peptidyl-tyrosine phosphorylation",52,5,5.85,0.9278
"GO:0034472","snRNA 3'-end processing",22,1,2.48,0.92787
"GO:1901970","positive regulation of mitotic sister chromatid separation",22,1,2.48,0.92787
"GO:1901655","cellular response to ketone",93,11,10.47,0.92883
"GO:0006412","translation",670,57,75.42,0.92973
"GO:0031640","killing of cells of another organism",85,7,9.57,0.93001
"GO:0042632","cholesterol homeostasis",97,7,10.92,0.93056
"GO:0000724","double-strand break repair via homologous recombination",186,15,20.94,0.93104
"GO:0071396","cellular response to lipid",573,62,64.51,0.93127
"GO:0030968","endoplasmic reticulum unfolded protein response",92,10,10.36,0.93137
"GO:0042475","odontogenesis of dentin-containing tooth",37,2,4.17,0.93162
"GO:0030218","erythrocyte differentiation",106,7,11.93,0.932
"GO:0008630","intrinsic apoptotic signaling pathway in response to DNA damage",91,5,10.24,0.93204
"GO:0031669","cellular response to nutrient levels",230,33,25.89,0.93512
"GO:0095500","acetylcholine receptor signaling pathway",43,6,4.84,0.93572
"GO:0032967","positive regulation of collagen biosynthetic process",23,1,2.59,0.936
"GO:0042744","hydrogen peroxide catabolic process",23,1,2.59,0.936
"GO:0017145","stem cell division",23,1,2.59,0.936
"GO:0019081","viral translation",23,1,2.59,0.936
"GO:0050732","negative regulation of peptidyl-tyrosine phosphorylation",23,1,2.59,0.936
"GO:0001556","oocyte maturation",23,1,2.59,0.936
"GO:1904706","negative regulation of vascular associated smooth muscle cell proliferation",23,1,2.59,0.936
"GO:1900273","positive regulation of long-term synaptic potentiation",23,1,2.59,0.936
"GO:0045124","regulation of bone resorption",38,2,4.28,0.93606
"GO:0097306","cellular response to alcohol",90,13,10.13,0.93607
"GO:0031123","RNA 3'-end processing",94,6,10.58,0.93629
"GO:0042273","ribosomal large subunit biogenesis",77,4,8.67,0.9363
"GO:0006936","muscle contraction",363,41,40.86,0.93649
"GO:0006954","inflammatory response",779,80,87.7,0.9366
"GO:0006406","mRNA export from nucleus",73,6,8.22,0.93686
"GO:0071347","cellular response to interleukin-1",84,7,9.46,0.93689
"GO:0051093","negative regulation of developmental process",798,84,89.83,0.93744
"GO:0042771","intrinsic apoptotic signaling pathway in response to DNA damage by p53 class mediator",38,2,4.28,0.93798
"GO:0000122","negative regulation of transcription by RNA polymerase II",916,89,103.12,0.93845
"GO:0006959","humoral immune response",241,15,27.13,0.93924
"GO:0002062","chondrocyte differentiation",77,6,8.67,0.93959
"GO:0030199","collagen fibril organization",64,4,7.2,0.93968
"GO:0042102","positive regulation of T cell proliferation",82,5,9.23,0.93985
"GO:0043066","negative regulation of apoptotic process",715,76,80.49,0.94036
"GO:0000165","MAPK cascade",694,79,78.13,0.94161
"GO:0008654","phospholipid biosynthetic process",261,41,29.38,0.94196
"GO:1902904","negative regulation of supramolecular fiber organization",149,22,16.77,0.94257
"GO:1903426","regulation of reactive oxygen species biosynthetic process",43,5,4.84,0.94304
"GO:0030282","bone mineralization",92,9,10.36,0.94318
"GO:0010954","positive regulation of protein processing",24,1,2.7,0.94321
"GO:0032703","negative regulation of interleukin-2 production",24,1,2.7,0.94321
"GO:0032682","negative regulation of chemokine production",24,1,2.7,0.94321
"GO:0006491","N-glycan processing",24,1,2.7,0.94321
"GO:2000209","regulation of anoikis",24,1,2.7,0.94321
"GO:0010667","negative regulation of cardiac muscle cell apoptotic process",24,1,2.7,0.94321
"GO:0055023","positive regulation of cardiac muscle tissue growth",24,1,2.7,0.94321
"GO:0045953","negative regulation of natural killer cell mediated cytotoxicity",24,1,2.7,0.94321
"GO:2000242","negative regulation of reproductive process",42,3,4.73,0.94321
"GO:0043303","mast cell degranulation",47,3,5.29,0.94327
"GO:0006383","transcription by RNA polymerase III",62,4,6.98,0.94333
"GO:0032733","positive regulation of interleukin-10 production",39,2,4.39,0.94377
"GO:0010948","negative regulation of cell cycle process",289,24,32.53,0.94385
"GO:0030490","maturation of SSU-rRNA",69,4,7.77,0.94394
"GO:0042476","odontogenesis",76,4,8.56,0.94403
"GO:0007005","mitochondrion organization",351,37,39.51,0.94691
"GO:0019731","antibacterial humoral response",66,4,7.43,0.94851
"GO:0006605","protein targeting",204,24,22.97,0.94865
"GO:0030574","collagen catabolic process",40,2,4.5,0.94905
"GO:0051058","negative regulation of small GTPase mediated signal transduction",59,4,6.64,0.94906
"GO:0007422","peripheral nervous system development",55,9,6.19,0.94922
"GO:0045446","endothelial cell differentiation",94,11,10.58,0.94942
"GO:0032892","positive regulation of organic acid transport",35,3,3.94,0.94954
"GO:0031468","nuclear membrane reassembly",25,1,2.81,0.94961
"GO:0031145","anaphase-promoting complex-dependent catabolic process",25,1,2.81,0.94961
"GO:0009312","oligosaccharide biosynthetic process",25,1,2.81,0.94961
"GO:0031639","plasminogen activation",25,1,2.81,0.94961
"GO:1902993","positive regulation of amyloid precursor protein catabolic process",25,1,2.81,0.94961
"GO:0061180","mammary gland epithelium development",25,1,2.81,0.94961
"GO:0072378","blood coagulation, fibrin clot formation",25,1,2.81,0.94961
"GO:0042267","natural killer cell mediated cytotoxicity",73,6,8.22,0.94965
"GO:0048662","negative regulation of smooth muscle cell proliferation",48,2,5.4,0.94975
"GO:0051130","positive regulation of cellular component organization",1031,151,116.06,0.95214
"GO:0071479","cellular response to ionizing radiation",62,5,6.98,0.95379
"GO:0022617","extracellular matrix disassembly",64,5,7.2,0.95381
"GO:0036297","interstrand cross-link repair",41,2,4.62,0.95385
"GO:0030030","cell projection organization",1436,232,161.66,0.95425
"GO:0048639","positive regulation of developmental growth",113,16,12.72,0.95488
"GO:0055013","cardiac muscle cell development",62,10,6.98,0.95491
"GO:0050830","defense response to Gram-positive bacterium",80,5,9.01,0.95505
"GO:0007143","female meiotic nuclear division",26,1,2.93,0.95529
"GO:0046326","positive regulation of D-glucose import across plasma membrane",26,1,2.93,0.95529
"GO:0051291","protein heterooligomerization",26,1,2.93,0.95529
"GO:0060218","hematopoietic stem cell differentiation",26,1,2.93,0.95529
"GO:0019985","translesion synthesis",26,1,2.93,0.95529
"GO:0045061","thymic T cell selection",26,1,2.93,0.95529
"GO:0140861","DNA repair-dependent chromatin remodeling",26,1,2.93,0.95529
"GO:0061036","positive regulation of cartilage development",26,1,2.93,0.95529
"GO:0002726","positive regulation of T cell cytokine production",26,1,2.93,0.95529
"GO:0050482","arachidonate secretion",26,1,2.93,0.95529
"GO:0010875","positive regulation of cholesterol efflux",26,1,2.93,0.95529
"GO:0000076","DNA replication checkpoint signaling",26,1,2.93,0.95529
"GO:0031663","lipopolysaccharide-mediated signaling pathway",54,3,6.08,0.95538
"GO:0034142","toll-like receptor 4 signaling pathway",58,2,6.53,0.9555
"GO:0008284","positive regulation of cell population proliferation",766,71,86.23,0.95569
"GO:0051017","actin filament bundle assembly",155,26,17.45,0.95711
"GO:0031667","response to nutrient levels",442,58,49.76,0.95712
"GO:0007519","skeletal muscle tissue development",90,7,10.13,0.95826
"GO:0051240","positive regulation of multicellular organismal process",1515,164,170.55,0.95871
"GO:0006401","RNA catabolic process",392,32,44.13,0.95914
"GO:0071705","nitrogen compound transport",733,104,82.52,0.95953
"GO:0071248","cellular response to metal ion",150,21,16.89,0.95989
"GO:0019827","stem cell population maintenance",119,12,13.4,0.96029
"GO:2001032","regulation of double-strand break repair via nonhomologous end joining",27,1,3.04,0.96033
"GO:0006833","water transport",27,1,3.04,0.96033
"GO:1901861","regulation of muscle tissue development",27,1,3.04,0.96033
"GO:0061436","establishment of skin barrier",27,1,3.04,0.96033
"GO:0006910","phagocytosis, recognition",27,1,3.04,0.96033
"GO:0044794","host-mediated activation of viral process",37,2,4.17,0.96034
"GO:0018205","peptidyl-lysine modification",120,10,13.51,0.96044
"GO:0009617","response to bacterium",513,46,57.75,0.96105
"GO:0044087","regulation of cellular component biogenesis",995,154,112.01,0.96158
"GO:0061844","antimicrobial humoral immune response mediated by antimicrobial peptide",106,7,11.93,0.96161
"GO:0006953","acute-phase response",43,2,4.84,0.96219
"GO:0007596","blood coagulation",216,20,24.32,0.96232
"GO:0050766","positive regulation of phagocytosis",70,4,7.88,0.96272
"GO:0045861","negative regulation of proteolysis",57,3,6.42,0.96274
"GO:0051056","regulation of small GTPase mediated signal transduction",305,40,34.34,0.96326
"GO:0030166","proteoglycan biosynthetic process",77,9,8.67,0.96464
"GO:0007586","digestion",114,13,12.83,0.96465
"GO:1902230","negative regulation of intrinsic apoptotic signaling pathway in response to DNA damage",28,1,3.15,0.96481
"GO:0045026","plasma membrane fusion",28,1,3.15,0.96481
"GO:0009408","response to heat",85,7,9.57,0.96484
"GO:0045581","negative regulation of T cell differentiation",53,3,5.97,0.96486
"GO:0048872","homeostasis of number of cells",208,16,23.42,0.96516
"GO:0034097","response to cytokine",788,75,88.71,0.96561
"GO:0042789","mRNA transcription by RNA polymerase II",44,2,4.95,0.96579
"GO:0051123","RNA polymerase II preinitiation complex assembly",58,3,6.53,0.96592
"GO:0045596","negative regulation of cell differentiation",538,57,60.57,0.96593
"GO:0045582","positive regulation of T cell differentiation",99,6,11.14,0.96598
"GO:0001817","regulation of cytokine production",754,76,84.88,0.96632
"GO:0006366","transcription by RNA polymerase II",2571,247,289.43,0.96784
"GO:0006790","sulfur compound metabolic process",257,36,28.93,0.9682
"GO:0007368","determination of left/right symmetry",86,11,9.68,0.96856
"GO:0033617","mitochondrial respiratory chain complex IV assembly",29,1,3.26,0.96878
"GO:0031167","rRNA methylation",29,1,3.26,0.96878
"GO:0034390","smooth muscle cell apoptotic process",29,1,3.26,0.96878
"GO:0001580","detection of chemical stimulus involved in sensory perception of bitter taste",29,1,3.26,0.96878
"GO:0042130","negative regulation of T cell proliferation",59,4,6.64,0.96904
"GO:0034644","cellular response to UV",80,6,9.01,0.96906
"GO:0042593","glucose homeostasis",216,29,24.32,0.97001
"GO:0030183","B cell differentiation",113,10,12.72,0.97075
"GO:0060043","regulation of cardiac muscle cell proliferation",30,1,3.38,0.9723
"GO:2000352","negative regulation of endothelial cell apoptotic process",30,1,3.38,0.9723
"GO:0031214","biomineral tissue development",140,11,15.76,0.97243
"GO:0007281","germ cell development",279,25,31.41,0.97253
"GO:2000045","regulation of G1/S transition of mitotic cell cycle",151,14,17,0.97394
"GO:0006487","protein N-linked glycosylation",85,4,9.57,0.97415
"GO:0030509","BMP signaling pathway",141,16,15.87,0.9745
"GO:0140115","export across plasma membrane",85,11,9.57,0.97522
"GO:0032729","positive regulation of type II interferon production",75,4,8.44,0.97537
"GO:0051382","kinetochore assembly",31,1,3.49,0.97542
"GO:0034383","low-density lipoprotein particle clearance",31,1,3.49,0.97542
"GO:0035914","skeletal muscle cell differentiation",31,1,3.49,0.97542
"GO:0045742","positive regulation of epidermal growth factor receptor signaling pathway",31,1,3.49,0.97542
"GO:1904888","cranial skeletal system development",31,1,3.49,0.97542
"GO:0035987","endodermal cell differentiation",43,2,4.84,0.97544
"GO:0048863","stem cell differentiation",186,17,20.94,0.9755
"GO:0009311","oligosaccharide metabolic process",56,2,6.3,0.97551
"GO:0030154","cell differentiation",3745,431,421.59,0.97724
"GO:0006325","chromatin organization",826,71,92.99,0.97792
"GO:0050654","chondroitin sulfate proteoglycan metabolic process",32,1,3.6,0.97819
"GO:0006400","tRNA modification",96,7,10.81,0.97825
"GO:0098754","detoxification",150,11,16.89,0.97835
"GO:0048732","gland development",225,19,25.33,0.97837
"GO:0071363","cellular response to growth factor stimulus",621,72,69.91,0.98044
"GO:0006284","base-excision repair",46,4,5.18,0.98059
"GO:0035279","miRNA-mediated gene silencing by mRNA destabilization",33,1,3.71,0.98065
"GO:0033119","negative regulation of RNA splicing",33,1,3.71,0.98065
"GO:0000387","spliceosomal snRNP assembly",76,4,8.56,0.98073
"GO:0006368","transcription elongation by RNA polymerase II",142,11,15.99,0.98147
"GO:0006898","receptor-mediated endocytosis",268,25,30.17,0.98205
"GO:0045766","positive regulation of angiogenesis",166,14,18.69,0.98206
"GO:0006355","regulation of DNA-templated transcription",3076,298,346.28,0.98273
"GO:0048821","erythrocyte development",34,1,3.83,0.98284
"GO:0032735","positive regulation of interleukin-12 production",34,1,3.83,0.98284
"GO:0070316","regulation of G0 to G1 transition",34,1,3.83,0.98284
"GO:0015718","monocarboxylic acid transport",170,16,19.14,0.98285
"GO:0051055","negative regulation of lipid biosynthetic process",57,3,6.42,0.98286
"GO:0006612","protein targeting to membrane",120,15,13.51,0.98295
"GO:0006367","transcription initiation at RNA polymerase II promoter",194,11,21.84,0.98315
"GO:0006364","rRNA processing",234,11,26.34,0.98452
"GO:0000388","spliceosome conformational change to release U4 (or U4atac) and U1 (or U11)",35,1,3.94,0.98477
"GO:0045943","positive regulation of transcription by RNA polymerase I",35,1,3.94,0.98477
"GO:0048024","regulation of mRNA splicing, via spliceosome",112,8,12.61,0.98483
"GO:0031507","heterochromatin formation",194,17,21.84,0.98606
"GO:0098586","cellular response to virus",68,3,7.66,0.98638
"GO:0048705","skeletal system morphogenesis",98,6,11.03,0.98638
"GO:0045063","T-helper 1 cell differentiation",36,1,4.05,0.98649
"GO:0050821","protein stabilization",226,16,25.44,0.98683
"GO:0048666","neuron development",945,168,106.38,0.98734
"GO:0007015","actin filament organization",437,55,49.2,0.98755
"GO:0032689","negative regulation of type II interferon production",37,1,4.17,0.98801
"GO:0051321","meiotic cell cycle",279,14,31.41,0.98816
"GO:0007059","chromosome segregation",415,29,46.72,0.9882
"GO:0002699","positive regulation of immune effector process",223,25,25.1,0.98928
"GO:0002183","cytoplasmic translational initiation",52,2,5.85,0.98938
"GO:0022008","neurogenesis",1425,226,160.42,0.98976
"GO:0007507","heart development",416,49,46.83,0.99013
"GO:0071356","cellular response to tumor necrosis factor",189,15,21.28,0.99154
"GO:0043537","negative regulation of blood vessel endothelial cell migration",41,1,4.62,0.99257
"GO:0032720","negative regulation of tumor necrosis factor production",59,2,6.64,0.99268
"GO:0030071","regulation of mitotic metaphase/anaphase transition",100,5,11.26,0.99346
"GO:0009303","rRNA transcription",43,1,4.84,0.99416
"GO:0001819","positive regulation of cytokine production",472,47,53.14,0.9942
"GO:0060261","positive regulation of transcription initiation by RNA polymerase II",62,2,6.98,0.99466
"GO:0000902","cell morphogenesis",756,128,85.11,0.99529
"GO:0022618","protein-RNA complex assembly",234,16,26.34,0.99549
"GO:0050853","B cell receptor signaling pathway",67,4,7.54,0.99637
"GO:1901740","negative regulation of myoblast fusion",47,1,5.29,0.99638
"GO:0045786","negative regulation of cell cycle",360,28,40.53,0.99687
"GO:0032543","mitochondrial translation",129,6,14.52,0.99747
"GO:0002250","adaptive immune response",488,41,54.94,0.99825
"GO:0002181","cytoplasmic translation",212,16,23.87,0.99839
"GO:0000398","mRNA splicing, via spliceosome",329,21,37.04,0.99878
"GO:0007169","cell surface receptor protein tyrosine kinase signaling pathway",578,69,65.07,0.99899
"GO:0000959","mitochondrial RNA metabolic process",63,1,7.09,0.99947
"GO:0035082","axoneme assembly",93,3,10.47,0.99963
"GO:0035195","miRNA-mediated post-transcriptional gene silencing",202,10,22.74,0.99998
"GO:0006396","RNA processing",1121,80,126.2,0.99999
"GO:0006281","DNA repair",625,46,70.36,1
"GO:0007283","spermatogenesis",572,39,64.39,1
"GO:0033628","regulation of cell adhesion mediated by integrin",45,2,5.07,1
"GO:0032291","axon ensheathment in central nervous system",17,5,1.91,1
"GO:0032292","peripheral nervous system axon ensheathment",17,3,1.91,1
"GO:0060048","cardiac muscle contraction",137,18,15.42,1
"GO:0048762","mesenchymal cell differentiation",218,29,24.54,1
"GO:0043062","extracellular structure organization",263,28,29.61,1
"GO:0048753","pigment granule organization",38,5,4.28,1
"GO:0048757","pigment granule maturation",11,2,1.24,1
"GO:0043067","regulation of programmed cell death",1277,141,143.76,1
"GO:0051051","negative regulation of transport",370,54,41.65,1
"GO:0051054","positive regulation of DNA metabolic process",267,31,30.06,1
"GO:1903405","protein localization to nuclear body",12,3,1.35,1
"GO:0008206","bile acid metabolic process",41,2,4.62,1
"GO:0008207","C21-steroid hormone metabolic process",35,4,3.94,1
"GO:0019751","polyol metabolic process",100,17,11.26,1
"GO:0032252","secretory granule localization",21,6,2.36,1
"GO:0044403","biological process involved in symbiotic interaction",179,16,20.15,1
"GO:0032253","dense core granule localization",21,6,2.36,1
"GO:0044409","symbiont entry into host",134,13,15.08,1
"GO:0061614","miRNA transcription",74,12,8.33,1
"GO:1902019","regulation of cilium-dependent cell motility",28,6,3.15,1
"GO:0061640","cytoskeleton-dependent cytokinesis",129,15,14.52,1
"GO:0048713","regulation of oligodendrocyte differentiation",28,2,3.15,1
"GO:0032271","regulation of protein polymerization",181,27,20.38,1
"GO:0032272","negative regulation of protein polymerization",69,13,7.77,1
"GO:0032273","positive regulation of protein polymerization",80,10,9.01,1
"GO:0019724","B cell mediated immunity",114,10,12.83,1
"GO:0019725","cellular homeostasis",671,105,75.54,1
"GO:0048730","epidermis morphogenesis",16,1,1.8,1
"GO:0051049","regulation of transport",1451,215,163.35,1
"GO:0048736","appendage development",91,14,10.24,1
"GO:0003096","renal sodium ion transport",13,1,1.46,1
"GO:0043030","regulation of macrophage activation",56,5,6.3,1
"GO:0140053","mitochondrial gene expression",169,6,19.03,1
"GO:0043038","amino acid activation",47,5,5.29,1
"GO:0043039","tRNA aminoacylation",47,5,5.29,1
"GO:0010962","regulation of glucan biosynthetic process",27,3,3.04,1
"GO:0010965","regulation of mitotic sister chromatid separation",69,4,7.77,1
"GO:0019748","secondary metabolic process",56,8,6.3,1
"GO:0071025","RNA surveillance",39,3,4.39,1
"GO:0071027","nuclear RNA surveillance",34,3,3.83,1
"GO:0019730","antimicrobial humoral response",143,7,16.1,1
"GO:0032231","regulation of actin filament bundle assembly",97,24,10.92,1
"GO:0120036","plasma membrane bounded cell projection organization",1390,228,156.48,1
"GO:0120039","plasma membrane bounded cell projection morphogenesis",545,109,61.35,1
"GO:0032239","regulation of nucleobase-containing compound transport",17,2,1.91,1
"GO:0010959","regulation of metal ion transport",315,52,35.46,1
"GO:1904505","regulation of telomere maintenance in response to DNA damage",16,1,1.8,1
"GO:0010970","transport along microtubule",192,36,21.61,1
"GO:0140029","exocytic process",85,20,9.57,1
"GO:0043009","chordate embryonic development",223,19,25.1,1
"GO:0140014","mitotic nuclear division",278,22,31.3,1
"GO:1903115","regulation of actin filament-based movement",43,4,4.84,1
"GO:0010927","cellular component assembly involved in morphogenesis",109,15,12.27,1
"GO:0003073","regulation of systemic arterial blood pressure",77,9,8.67,1
"GO:0072163","mesonephric epithelium development",66,6,7.43,1
"GO:0072164","mesonephric tubule development",66,6,7.43,1
"GO:1903146","regulation of autophagy of mitochondrion",51,7,5.74,1
"GO:0010919","regulation of inositol phosphate biosynthetic process",11,2,1.24,1
"GO:1903131","mononuclear cell differentiation",428,35,48.18,1
"GO:0003012","muscle system process",451,52,50.77,1
"GO:0003013","circulatory system process",544,71,61.24,1
"GO:0032790","ribosome disassembly",46,6,5.18,1
"GO:0003018","vascular process in circulatory system",248,26,27.92,1
"GO:0010934","macrophage cytokine production",14,2,1.58,1
"GO:1900744","regulation of p38MAPK cascade",37,2,4.17,1
"GO:1900746","regulation of vascular endothelial growth factor signaling pathway",29,4,3.26,1
"GO:0003044","regulation of systemic arterial blood pressure mediated by a chemical signal",45,4,5.07,1
"GO:0072170","metanephric tubule development",21,2,2.36,1
"GO:0048869","cellular developmental process",3746,431,421.7,1
"GO:0072171","mesonephric tubule morphogenesis",42,3,4.73,1
"GO:0048856","anatomical structure development",4978,605,560.4,1
"GO:0035150","regulation of tube size",123,14,13.85,1
"GO:0007350","blastoderm segmentation",19,3,2.14,1
"GO:0007351","tripartite regional subdivision",16,3,1.8,1
"GO:0048880","sensory system development",268,36,30.17,1
"GO:0010907","positive regulation of glucose metabolic process",40,4,4.5,1
"GO:0048871","multicellular organismal-level homeostasis",654,61,73.62,1
"GO:0007389","pattern specification process",263,24,29.61,1
"GO:0036507","protein demannosylation",15,1,1.69,1
"GO:0048878","chemical homeostasis",866,121,97.49,1
"GO:0036508","protein alpha-1,2-demannosylation",15,1,1.69,1
"GO:0003009","skeletal muscle contraction",51,1,5.74,1
"GO:0072132","mesenchyme morphogenesis",42,2,4.73,1
"GO:0019883","antigen processing and presentation of endogenous antigen",27,1,3.04,1
"GO:0032784","regulation of DNA-templated transcription elongation",104,11,11.71,1
"GO:0019884","antigen processing and presentation of exogenous antigen",41,4,4.62,1
"GO:0019885","antigen processing and presentation of endogenous peptide antigen via MHC class I",21,1,2.36,1
"GO:0047497","mitochondrion transport along microtubule",26,5,2.93,1
"GO:0035113","embryonic appendage morphogenesis",45,7,5.07,1
"GO:0048844","artery morphogenesis",49,3,5.52,1
"GO:1904645","response to amyloid-beta",50,7,5.63,1
"GO:0021988","olfactory lobe development",21,4,2.36,1
"GO:0031396","regulation of protein ubiquitination",169,25,19.03,1
"GO:0031399","regulation of protein modification process",591,77,66.53,1
"GO:0072109","glomerular mesangium development",14,3,1.58,1
"GO:0000393","spliceosomal conformational changes to generate catalytic conformation",39,1,4.39,1
"GO:0000394","RNA splicing, via endonucleolytic cleavage and ligation",15,3,1.69,1
"GO:0032732","positive regulation of interleukin-1 production",70,10,7.88,1
"GO:1903276","regulation of sodium ion export across plasma membrane",10,2,1.13,1
"GO:0035107","appendage morphogenesis",63,8,7.09,1
"GO:0044281","small molecule metabolic process",1629,216,183.38,1
"GO:0048592","eye morphogenesis",101,16,11.37,1
"GO:0007492","endoderm development",56,3,6.3,1
"GO:0035296","regulation of tube diameter",123,14,13.85,1
"GO:0007498","mesoderm development",74,7,8.33,1
"GO:0001991","regulation of systemic arterial blood pressure by circulatory renin-angiotensin",19,1,2.14,1
"GO:0000375","RNA splicing, via transesterification reactions",333,21,37.49,1
"GO:0000377","RNA splicing, via transesterification reactions with bulged adenosine as nucleophile",329,21,37.04,1
"GO:0032890","regulation of organic acid transport",61,7,6.87,1
"GO:0046068","cGMP metabolic process",20,4,2.25,1
"GO:1905089","regulation of type 2 mitophagy",12,2,1.35,1
"GO:0031341","regulation of cell killing",94,10,10.58,1
"GO:0048562","embryonic organ morphogenesis",150,15,16.89,1
"GO:0031342","negative regulation of cell killing",33,1,3.71,1
"GO:0031344","regulation of cell projection organization",587,97,66.08,1
"GO:0031346","positive regulation of cell projection organization",321,51,36.14,1
"GO:0031347","regulation of defense response",801,95,90.17,1
"GO:0031348","negative regulation of defense response",261,33,29.38,1
"GO:0072273","metanephric nephron morphogenesis",20,1,2.25,1
"GO:0050994","regulation of lipid catabolic process",58,6,6.53,1
"GO:0044238","primary metabolic process",9327,981,1049.98,1
"GO:0031338","regulation of vesicle fusion",32,8,3.6,1
"GO:0180064","protein O-linked glycosylation via xylose",54,6,6.08,1
"GO:0048588","developmental cell growth",173,38,19.48,1
"GO:0072210","metanephric nephron development",33,3,3.71,1
"GO:0035282","segmentation",50,4,5.63,1
"GO:0001959","regulation of cytokine-mediated signaling pathway",164,17,18.46,1
"GO:0035270","endocrine system development",77,5,8.67,1
"GO:0050961","detection of temperature stimulus involved in sensory perception",17,1,1.91,1
"GO:0050962","detection of light stimulus involved in sensory perception",17,3,1.91,1
"GO:0072243","metanephric nephron epithelium development",21,2,2.36,1
"GO:0048521","negative regulation of behavior",13,2,1.46,1
"GO:0048523","negative regulation of cellular process",4877,538,549.03,1
"GO:0048525","negative regulation of viral process",73,9,8.22,1
"GO:0032881","regulation of polysaccharide metabolic process",38,4,4.28,1
"GO:0050953","sensory perception of light stimulus",197,22,22.18,1
"GO:0050954","sensory perception of mechanical stimulus",137,20,15.42,1
"GO:0048515","spermatid differentiation",189,21,21.28,1
"GO:0032878","regulation of establishment or maintenance of cell polarity",24,4,2.7,1
"GO:0032879","regulation of localization",1801,268,202.75,1
"GO:0000303","response to superoxide",21,1,2.36,1
"GO:0000305","response to oxygen radical",22,1,2.48,1
"GO:0060390","regulation of SMAD protein signal transduction",69,11,7.77,1
"GO:0001910","regulation of leukocyte mediated cytotoxicity",84,9,9.46,1
"GO:0001911","negative regulation of leukocyte mediated cytotoxicity",28,1,3.15,1
"GO:0044793","host-mediated suppression of viral proces",16,2,1.8,1
"GO:0001914","regulation of T cell mediated cytotoxicity",40,3,4.5,1
"GO:0050920","regulation of chemotaxis",186,28,20.94,1
"GO:0001941","postsynaptic membrane organization",36,2,4.05,1
"GO:0001942","hair follicle development",41,2,4.62,1
"GO:0001944","vasculature development",626,61,70.47,1
"GO:0050926","regulation of positive chemotaxis",23,3,2.59,1
"GO:0072207","metanephric epithelium development",22,2,2.48,1
"GO:0035239","tube morphogenesis",690,65,77.68,1
"GO:0033993","response to lipid",832,100,93.66,1
"GO:0006066","alcohol metabolic process",325,53,36.59,1
"GO:0180046","GPI anchored protein biosynthesis",31,3,3.49,1
"GO:0006067","ethanol metabolic process",14,3,1.58,1
"GO:0050913","sensory perception of bitter taste",30,1,3.38,1
"GO:0001936","regulation of endothelial cell proliferation",124,12,13.96,1
"GO:0000491","small nucleolar ribonucleoprotein complex assembly",12,2,1.35,1
"GO:0046006","regulation of activated T cell proliferation",37,2,4.17,1
"GO:1903789","regulation of amino acid transmembrane transport",14,2,1.58,1
"GO:0006082","organic acid metabolic process",856,114,96.36,1
"GO:0060350","endochondral bone morphogenesis",26,2,2.93,1
"GO:0050931","pigment cell differentiation",23,2,2.59,1
"GO:0060351","cartilage development involved in endochondral bone morphogenesis",13,2,1.46,1
"GO:0055123","digestive system development",79,7,8.89,1
"GO:0044784","metaphase/anaphase transition of cell cycle",107,5,12.05,1
"GO:0001906","cell killing",201,19,22.63,1
"GO:0044786","cell cycle DNA replication",40,3,4.5,1
"GO:0070920","regulation of regulatory ncRNA processing",14,2,1.58,1
"GO:0000460","maturation of 5.8S rRNA",41,3,4.62,1
"GO:0001909","leukocyte mediated cytotoxicity",123,14,13.85,1
"GO:0006022","aminoglycan metabolic process",77,5,8.67,1
"GO:0006026","aminoglycan catabolic process",33,2,3.71,1
"GO:0044770","cell cycle phase transition",517,49,58.2,1
"GO:0006029","proteoglycan metabolic process",104,12,11.71,1
"GO:0044771","meiotic cell cycle phase transition",15,1,1.69,1
"GO:0044772","mitotic cell cycle phase transition",408,40,45.93,1
"GO:0044774","mitotic DNA integrity checkpoint signaling",71,5,7.99,1
"GO:1903715","regulation of aerobic respiration",28,1,3.15,1
"GO:0048699","generation of neurons",1215,203,136.78,1
"GO:0060323","head morphogenesis",21,2,2.36,1
"GO:0035794","positive regulation of mitochondrial membrane permeability",31,2,3.49,1
"GO:0035795","negative regulation of mitochondrial membrane permeability",14,1,1.58,1
"GO:0050906","detection of stimulus involved in sensory perception",317,33,35.69,1
"GO:0050907","detection of chemical stimulus involved in sensory perception",261,25,29.38,1
"GO:0015780","nucleotide-sugar transmembrane transport",13,1,1.46,1
"GO:0006040","amino sugar metabolic process",42,3,4.73,1
"GO:0050909","sensory perception of taste",50,2,5.63,1
"GO:0070942","neutrophil mediated cytotoxicity",13,2,1.46,1
"GO:0039535","regulation of RIG-I signaling pathway",21,1,2.36,1
"GO:0006047","UDP-N-acetylglucosamine metabolic process",13,2,1.46,1
"GO:0038093","Fc receptor signaling pathway",57,9,6.42,1
"GO:0038094","Fc-gamma receptor signaling pathway",34,3,3.83,1
"GO:0060317","cardiac epithelial to mesenchymal transition",26,2,2.93,1
"GO:0000470","maturation of LSU-rRNA",32,2,3.6,1
"GO:1902369","negative regulation of RNA catabolic process",100,13,11.26,1
"GO:0060341","regulation of cellular localization",503,83,56.62,1
"GO:1900542","regulation of purine nucleotide metabolic process",79,11,8.89,1
"GO:0044743","protein transmembrane import into intracellular organelle",16,1,1.8,1
"GO:0019693","ribose phosphate metabolic process",360,56,40.53,1
"GO:1900544","positive regulation of purine nucleotide metabolic process",37,7,4.17,1
"GO:0060330","regulation of response to type II interferon",13,3,1.46,1
"GO:0007164","establishment of tissue polarity",12,3,1.35,1
"GO:0060338","regulation of type I interferon-mediated signaling pathway",39,3,4.39,1
"GO:0043367","CD4-positive, alpha-beta T cell differentiation",105,10,11.82,1
"GO:0099590","neurotransmitter receptor internalization",36,5,4.05,1
"GO:1903707","negative regulation of hemopoiesis",107,9,12.05,1
"GO:0015740","C4-dicarboxylate transport",27,4,3.04,1
"GO:1903708","positive regulation of hemopoiesis",165,9,18.57,1
"GO:0015749","monosaccharide transmembrane transport",90,9,10.13,1
"GO:0051383","kinetochore organization",32,1,3.6,1
"GO:0015732","prostaglandin transport",22,2,2.48,1
"GO:0043388","positive regulation of DNA binding",21,1,2.36,1
"GO:0031401","positive regulation of protein modification process",338,46,38.05,1
"GO:0043371","negative regulation of CD4-positive, alpha-beta T cell differentiation",20,2,2.25,1
"GO:0043372","positive regulation of CD4-positive, alpha-beta T cell differentiation",30,2,3.38,1
"GO:0043373","CD4-positive, alpha-beta T cell lineage commitment",31,5,3.49,1
"GO:0061919","process utilizing autophagic mechanism",575,89,64.73,1
"GO:0099563","modification of synaptic structure",42,4,4.73,1
"GO:0007127","meiosis I",110,7,12.38,1
"GO:0051310","metaphase chromosome alignment",107,14,12.05,1
"GO:0071350","cellular response to interleukin-15",10,1,1.13,1
"GO:0071353","cellular response to interleukin-4",26,1,2.93,1
"GO:0048644","muscle organ morphogenesis",54,2,6.08,1
"GO:0071354","cellular response to interleukin-6",36,2,4.05,1
"GO:0048645","animal organ formation",28,6,3.15,1
"GO:0007140","male meiotic nuclear division",42,3,4.73,1
"GO:0071359","cellular response to dsRNA",16,1,1.8,1
"GO:0035743","CD4-positive, alpha-beta T cell cytokine production",17,2,1.91,1
"GO:0035745","T-helper 2 cell cytokine production",11,2,1.24,1
"GO:0032527","protein exit from endoplasmic reticulum",47,5,5.29,1
"GO:0099587","inorganic ion import across plasma membrane",134,20,15.08,1
"GO:0032528","microvillus organization",21,3,2.36,1
"GO:0071384","cellular response to corticosteroid stimulus",54,7,6.08,1
"GO:0032510","endosome to lysosome transport via multivesicular body sorting pathway",19,1,2.14,1
"GO:0043330","response to exogenous dsRNA",29,1,3.26,1
"GO:0035739","CD4-positive, alpha-beta T cell proliferation",12,1,1.35,1
"GO:0043331","response to dsRNA",33,1,3.71,1
"GO:0140352","export from cell",831,133,93.55,1
"GO:0071378","cellular response to growth hormone stimulus",26,4,2.93,1
"GO:0075294","positive regulation by symbiont of entry into host",12,1,1.35,1
"GO:0019646","aerobic electron transport chain",88,7,9.91,1
"GO:0061900","glial cell activation",51,7,5.74,1
"GO:0071322","cellular response to carbohydrate stimulus",135,25,15.2,1
"GO:0071326","cellular response to monosaccharide stimulus",128,24,14.41,1
"GO:0099514","synaptic vesicle cytoskeletal transport",19,4,2.14,1
"GO:0099517","synaptic vesicle transport along microtubule",19,4,2.14,1
"GO:0099518","vesicle cytoskeletal trafficking",55,12,6.19,1
"GO:0031163","metallo-sulfur cluster assembly",28,2,3.15,1
"GO:0086065","cell communication involved in cardiac conduction",57,10,6.42,1
"GO:0086066","atrial cardiac muscle cell to AV node cell communication",18,2,2.03,1
"GO:0086067","AV node cell to bundle of His cell communication",12,1,1.35,1
"GO:0048608","reproductive structure development",153,16,17.22,1
"GO:0051304","chromosome separation",88,4,9.91,1
"GO:0051306","mitotic sister chromatid separation",71,4,7.99,1
"GO:0043300","regulation of leukocyte degranulation",39,3,4.39,1
"GO:0003352","regulation of cilium movement",38,6,4.28,1
"GO:0003353","positive regulation of cilium movement",14,4,1.58,1
"GO:0043304","regulation of mast cell degranulation",23,2,2.59,1
"GO:0099537","trans-synaptic signaling",709,162,79.82,1
"GO:0015865","purine nucleotide transport",40,7,4.5,1
"GO:0032501","multicellular organismal process",6246,766,703.14,1
"GO:0032502","developmental process",5542,651,623.89,1
"GO:0044872","lipoprotein localization",19,2,2.14,1
"GO:0086070","SA node cell to atrial cardiac muscle cell communication",13,1,1.46,1
"GO:0015851","nucleobase transport",13,2,1.46,1
"GO:0000154","rRNA modification",40,1,4.5,1
"GO:0060420","regulation of heart growth",50,7,5.63,1
"GO:0035891","exit from host cell",28,2,3.15,1
"GO:0007292","female gamete generation",112,5,12.61,1
"GO:0051494","negative regulation of cytoskeleton organization",147,22,16.55,1
"GO:1903846","positive regulation of cellular response to transforming growth factor beta stimulus",29,2,3.26,1
"GO:0044827","host-mediated perturbation of viral genome replication",11,1,1.24,1
"GO:0008610","lipid biosynthetic process",711,96,80.04,1
"GO:0086026","atrial cardiac muscle cell to AV node cell signaling",18,2,2.03,1
"GO:0086027","AV node cell to bundle of His cell signaling",10,1,1.13,1
"GO:0099500","vesicle fusion to plasma membrane",29,8,3.26,1
"GO:0060411","cardiac septum morphogenesis",52,6,5.85,1
"GO:0060415","muscle tissue morphogenesis",54,2,6.08,1
"GO:0044818","mitotic G2/M transition checkpoint",53,2,5.97,1
"GO:0031110","regulation of microtubule polymerization or depolymerization",92,13,10.36,1
"GO:0086011","membrane repolarization during action potential",32,5,3.6,1
"GO:0044819","mitotic G1/S transition checkpoint signaling",15,2,1.69,1
"GO:0031111","negative regulation of microtubule polymerization or depolymerization",36,6,4.05,1
"GO:0060419","heart growth",65,12,7.32,1
"GO:0015872","dopamine transport",36,11,4.05,1
"GO:0031112","positive regulation of microtubule polymerization or depolymerization",35,4,3.94,1
"GO:0008643","carbohydrate transport",105,9,11.82,1
"GO:0031114","regulation of microtubule depolymerization",30,2,3.38,1
"GO:0008645","hexose transmembrane transport",88,9,9.91,1
"GO:0086018","SA node cell to atrial cardiac muscle cell signaling",11,1,1.24,1
"GO:0032692","negative regulation of interleukin-1 production",44,2,4.95,1
"GO:0044843","cell cycle G1/S phase transition",237,24,26.68,1
"GO:0008637","apoptotic mitochondrial changes",92,11,10.36,1
"GO:0044839","cell cycle G2/M phase transition",145,15,16.32,1
"GO:0043462","regulation of ATP-dependent activity",34,2,3.83,1
"GO:0015844","monoamine transport",64,13,7.2,1
"GO:0071495","cellular response to endogenous stimulus",1135,153,127.77,1
"GO:0043455","regulation of secondary metabolic process",18,2,2.03,1
"GO:0071496","cellular response to external stimulus",75,8,8.44,1
"GO:0015846","polyamine transport",17,1,1.91,1
"GO:0032660","regulation of interleukin-17 production",40,2,4.5,1
"GO:0071498","cellular response to fluid shear stress",43,5,4.84,1
"GO:0015849","organic acid transport",321,50,36.14,1
"GO:0035883","enteroendocrine cell differentiation",26,3,2.93,1
"GO:0032663","regulation of interleukin-2 production",63,4,7.09,1
"GO:0035886","vascular associated smooth muscle cell differentiation",24,1,2.7,1
"GO:0007289","spermatid nucleus differentiation",18,3,2.03,1
"GO:0043482","cellular pigment accumulation",13,2,1.46,1
"GO:0043485","endosome to pigment granule transport",11,2,1.24,1
"GO:0043487","regulation of RNA stability",230,21,25.89,1
"GO:0032651","regulation of interleukin-1 beta production",97,11,10.92,1
"GO:0043489","RNA stabilization",87,12,9.79,1
"GO:0035872","nucleotide-binding domain, leucine rich repeat containing receptor signaling pathway",28,1,3.15,1
"GO:0007272","ensheathment of neurons",111,22,12.5,1
"GO:0032652","regulation of interleukin-1 production",116,11,13.06,1
"GO:0044804","nucleophagy",23,2,2.59,1
"GO:0032656","regulation of interleukin-13 production",26,2,2.93,1
"GO:0003300","cardiac muscle hypertrophy",77,12,8.67,1
"GO:1901099","negative regulation of signal transduction in absence of ligand",26,3,2.93,1
"GO:0003301","physiological cardiac muscle hypertrophy",21,7,2.36,1
"GO:0031102","neuron projection regeneration",36,7,4.05,1
"GO:0043473","pigmentation",84,11,9.46,1
"GO:0086003","cardiac muscle cell contraction",85,11,9.57,1
"GO:0031103","axon regeneration",33,6,3.71,1
"GO:0043476","pigment accumulation",13,2,1.46,1
"GO:0031109","microtubule polymerization or depolymerization",137,15,15.42,1
"GO:0035825","homologous recombination",70,4,7.88,1
"GO:1903599","positive regulation of autophagy of mitochondrion",26,4,2.93,1
"GO:0071467","cellular response to pH",29,3,3.26,1
"GO:0032673","regulation of interleukin-4 production",29,2,3.26,1
"GO:0032674","regulation of interleukin-5 production",19,2,2.14,1
"GO:0007215","glutamate receptor signaling pathway",60,5,6.75,1
"GO:0032677","regulation of interleukin-8 production",88,7,9.91,1
"GO:0009060","aerobic respiration",261,33,29.38,1
"GO:0071450","cellular response to oxygen radical",19,1,2.14,1
"GO:0071451","cellular response to superoxide",19,1,2.14,1
"GO:0015802","basic amino acid transport",23,2,2.59,1
"GO:0043412","macromolecule modification",2028,258,228.3,1
"GO:0009063","amino acid catabolic process",111,21,12.5,1
"GO:0032620","interleukin-17 production",40,2,4.5,1
"GO:0032621","interleukin-18 production",11,1,1.24,1
"GO:0032623","interleukin-2 production",63,4,7.09,1
"GO:0051445","regulation of meiotic cell cycle",57,3,6.42,1
"GO:0007249","canonical NF-kappaB signal transduction",325,41,36.59,1
"GO:0031294","lymphocyte costimulation",41,3,4.62,1
"GO:0009056","catabolic process",2680,358,301.7,1
"GO:0009057","macromolecule catabolic process",1513,187,170.33,1
"GO:0009058","biosynthetic process",7547,746,849.6,1
"GO:0009059","macromolecule biosynthetic process",6531,599,735.22,1
"GO:0032611","interleukin-1 beta production",97,11,10.92,1
"GO:0032612","interleukin-1 production",116,11,13.06,1
"GO:0032613","interleukin-10 production",56,4,6.3,1
"GO:0032615","interleukin-12 production",51,2,5.74,1
"GO:0032616","interleukin-13 production",26,2,2.93,1
"GO:0009081","branched-chain amino acid metabolic process",25,5,2.81,1
"GO:0043436","oxoacid metabolic process",847,114,95.35,1
"GO:0032640","tumor necrosis factor production",168,12,18.91,1
"GO:0071478","cellular response to radiation",152,13,17.11,1
"GO:0022029","telencephalon cell migration",36,9,4.05,1
"GO:0032642","regulation of chemokine production",83,6,9.34,1
"GO:0099622","cardiac muscle cell membrane repolarization",38,8,4.28,1
"GO:1903555","regulation of tumor necrosis factor superfamily cytokine production",172,13,19.36,1
"GO:0099625","ventricular cardiac muscle cell membrane repolarization",27,5,3.04,1
"GO:1903556","negative regulation of tumor necrosis factor superfamily cytokine production",61,2,6.87,1
"GO:0032648","regulation of interferon-beta production",57,7,6.42,1
"GO:0042069","regulation of catecholamine metabolic process",15,8,1.69,1
"GO:0009072","aromatic amino acid metabolic process",42,7,4.73,1
"GO:1903580","positive regulation of ATP metabolic process",35,6,3.94,1
"GO:0032633","interleukin-4 production",29,2,3.26,1
"GO:0032634","interleukin-5 production",19,2,2.14,1
"GO:0032635","interleukin-6 production",132,17,14.86,1
"GO:1903587","regulation of blood vessel endothelial cell proliferation involved in sprouting angiogenesis",21,1,2.36,1
"GO:0032637","interleukin-8 production",88,7,9.91,1
"GO:0044550","secondary metabolite biosynthetic process",27,4,3.04,1
"GO:0031268","pseudopodium organization",16,1,1.8,1
"GO:0031269","pseudopodium assembly",15,1,1.69,1
"GO:1903573","negative regulation of response to endoplasmic reticulum stress",49,5,5.52,1
"GO:0099643","signal release from synapse",141,35,15.87,1
"GO:0042088","T-helper 1 type immune response",61,2,6.87,1
"GO:0022030","telencephalon glial cell migration",19,2,2.14,1
"GO:1903579","negative regulation of ATP metabolic process",20,3,2.25,1
"GO:0072599","establishment of protein localization to endoplasmic reticulum",49,8,5.52,1
"GO:0043401","steroid hormone receptor signaling pathway",130,15,14.63,1
"GO:0043405","regulation of MAP kinase activity",56,8,6.3,1
"GO:0022037","metencephalon development",64,9,7.2,1
"GO:2001169","regulation of ATP biosynthetic process",20,4,2.25,1
"GO:1903522","regulation of blood circulation",244,34,27.47,1
"GO:0099633","protein localization to postsynaptic specialization membrane",36,8,4.05,1
"GO:1903524","positive regulation of blood circulation",35,4,3.94,1
"GO:0099639","neurotransmitter receptor transport, endosome to plasma membrane",10,2,1.13,1
"GO:0009048","dosage compensation by inactivation of X chromosome",19,2,2.14,1
"GO:0032602","chemokine production",83,6,9.34,1
"GO:1903513","endoplasmic reticulum to cytosol transport",29,3,3.26,1
"GO:1903514","release of sequestered calcium ion into cytosol by endoplasmic reticulum",41,10,4.62,1
"GO:0032606","type I interferon production",134,18,15.08,1
"GO:0032607","interferon-alpha production",29,4,3.26,1
"GO:0032608","interferon-beta production",57,7,6.42,1
"GO:0032609","type II interferon production",115,7,12.95,1
"GO:0031272","regulation of pseudopodium assembly",13,1,1.46,1
"GO:0106057","negative regulation of calcineurin-mediated signaling",12,3,1.35,1
"GO:1903540","establishment of protein localization to postsynaptic membrane",15,3,1.69,1
"GO:0106058","positive regulation of calcineurin-mediated signaling",19,4,2.14,1
"GO:0140448","signaling receptor ligand precursor processing",40,6,4.5,1
"GO:0035592","establishment of protein localization to extracellular region",313,47,35.24,1
"GO:0000280","nuclear division",417,29,46.94,1
"GO:0080164","regulation of nitric oxide metabolic process",57,5,6.42,1
"GO:1903530","regulation of secretion by cell",512,87,57.64,1
"GO:0000288","nuclear-transcribed mRNA catabolic process, deadenylation-dependent decay",68,8,7.66,1
"GO:0002090","regulation of receptor internalization",76,7,8.56,1
"GO:1903532","positive regulation of secretion by cell",274,47,30.85,1
"GO:1903533","regulation of protein targeting",29,6,3.26,1
"GO:0060113","inner ear receptor cell differentiation",27,5,3.04,1
"GO:0042044","fluid transport",34,2,3.83,1
"GO:1903539","protein localization to postsynaptic membrane",51,11,5.74,1
"GO:0071402","cellular response to lipoprotein particle stimulus",38,3,4.28,1
"GO:0000272","polysaccharide catabolic process",30,1,3.38,1
"GO:0046364","monosaccharide biosynthetic process",81,11,9.12,1
"GO:0046365","monosaccharide catabolic process",51,7,5.74,1
"GO:0003416","endochondral bone growth",14,2,1.58,1
"GO:0060142","regulation of syncytium formation by plasma membrane fusion",64,5,7.2,1
"GO:0044546","NLRP3 inflammasome complex assembly",52,8,5.85,1
"GO:0060147","regulation of post-transcriptional gene silencing",33,4,3.71,1
"GO:0060148","positive regulation of post-transcriptional gene silencing",11,1,1.24,1
"GO:0060149","negative regulation of post-transcriptional gene silencing",16,2,1.8,1
"GO:0072574","hepatocyte proliferation",15,2,1.69,1
"GO:0060135","maternal process involved in female pregnancy",28,3,3.15,1
"GO:0072577","endothelial cell apoptotic process",57,1,6.42,1
"GO:2001141","regulation of RNA biosynthetic process",3089,298,347.74,1
"GO:0051169","nuclear transport",292,32,32.87,1
"GO:0080171","lytic vacuole organization",110,21,12.38,1
"GO:0046385","deoxyribose phosphate biosynthetic process",16,2,1.8,1
"GO:0046386","deoxyribose phosphate catabolic process",31,4,3.49,1
"GO:0051150","regulation of smooth muscle cell differentiation",31,4,3.49,1
"GO:0072521","purine-containing compound metabolic process",551,94,62.03,1
"GO:0072522","purine-containing compound biosynthetic process",259,43,29.16,1
"GO:0051153","regulation of striated muscle cell differentiation",72,9,8.11,1
"GO:0072524","pyridine-containing compound metabolic process",164,31,18.46,1
"GO:1903504","regulation of mitotic spindle checkpoint",32,4,3.6,1
"GO:0051154","negative regulation of striated muscle cell differentiation",33,5,3.71,1
"GO:0072525","pyridine-containing compound biosynthetic process",25,5,2.81,1
"GO:0072526","pyridine-containing compound catabolic process",91,17,10.24,1
"GO:0072527","pyrimidine-containing compound metabolic process",68,7,7.66,1
"GO:1902170","cellular response to reactive nitrogen species",15,4,1.69,1
"GO:1903509","liposaccharide metabolic process",112,10,12.61,1
"GO:1905314","semi-lunar valve development",47,8,5.29,1
"GO:2001138","regulation of phospholipid transport",15,1,1.69,1
"GO:0035588","G protein-coupled purinergic receptor signaling pathway",10,1,1.13,1
"GO:0106030","neuron projection fasciculation",17,5,1.91,1
"GO:0046320","regulation of fatty acid oxidation",31,4,3.49,1
"GO:0046321","positive regulation of fatty acid oxidation",15,3,1.69,1
"GO:0051170","import into nucleus",144,16,16.21,1
"GO:0051174","regulation of phosphorus metabolic process",540,67,60.79,1
"GO:0043170","macromolecule metabolic process",8548,841,962.29,1
"GO:1902110","positive regulation of mitochondrial membrane permeability involved in apoptotic process",27,2,3.04,1
"GO:0051179","localization",5017,689,564.79,1
"GO:0043173","nucleotide salvage",27,4,3.04,1
"GO:0120180","cell-substrate junction disassembly",12,1,1.35,1
"GO:0051125","regulation of actin nucleation",35,4,3.94,1
"GO:0051128","regulation of cellular component organization",2388,330,268.83,1
"GO:0072539","T-helper 17 cell differentiation",52,4,5.85,1
"GO:0046341","CDP-diacylglycerol metabolic process",14,3,1.58,1
"GO:0080134","regulation of response to stress",1359,153,152.99,1
"GO:0046348","amino sugar catabolic process",13,1,1.46,1
"GO:0006399","tRNA metabolic process",207,18,23.3,1
"GO:0046349","amino sugar biosynthetic process",13,2,1.46,1
"GO:0120178","steroid hormone biosynthetic process",46,3,5.18,1
"GO:0043112","receptor metabolic process",70,15,7.88,1
"GO:0051145","smooth muscle cell differentiation",48,4,5.4,1
"GO:0051146","striated muscle cell differentiation",254,25,28.59,1
"GO:0051149","positive regulation of muscle cell differentiation",59,8,6.64,1
"GO:0043144","sno(s)RNA processing",12,1,1.35,1
"GO:0003197","endocardial cushion development",42,2,4.73,1
"GO:0043149","stress fiber assembly",100,22,11.26,1
"GO:0002043","blood vessel endothelial cell proliferation involved in sprouting angiogenesis",27,1,3.04,1
"GO:0160307","protein biosynthetic process",670,57,75.42,1
"GO:0006360","transcription by RNA polymerase I",69,1,7.77,1
"GO:0071173","spindle assembly checkpoint signaling",56,4,6.3,1
"GO:0071174","mitotic spindle checkpoint signaling",56,4,6.3,1
"GO:1902100","negative regulation of metaphase/anaphase transition of cell cycle",60,4,6.75,1
"GO:0006352","DNA-templated transcription initiation",251,11,28.26,1
"GO:0015693","magnesium ion transport",20,3,2.25,1
"GO:1902105","regulation of leukocyte differentiation",286,19,32.2,1
"GO:0006356","regulation of transcription by RNA polymerase I",44,1,4.95,1
"GO:1902107","positive regulation of leukocyte differentiation",165,9,18.57,1
"GO:0015697","quaternary ammonium group transport",17,1,1.91,1
"GO:0060260","regulation of transcription initiation by RNA polymerase II",79,3,8.89,1
"GO:0014072","response to isoquinoline alkaloid",14,2,1.58,1
"GO:0052652","cyclic purine nucleotide metabolic process",45,4,5.07,1
"GO:1903670","regulation of sprouting angiogenesis",45,7,5.07,1
"GO:0051100","negative regulation of binding",36,4,4.05,1
"GO:0014020","primary neural tube formation",35,2,3.94,1
"GO:0051101","regulation of DNA binding",39,3,4.39,1
"GO:0060251","regulation of glial cell proliferation",27,2,3.04,1
"GO:0060255","regulation of macromolecule metabolic process",5472,553,616.01,1
"GO:0072698","protein localization to microtubule cytoskeleton",55,6,6.19,1
"GO:0043101","purine-containing compound salvage",23,4,2.59,1
"GO:0003158","endothelium development",115,14,12.95,1
"GO:0003159","morphogenesis of an endothelium",17,3,1.91,1
"GO:0002002","regulation of angiotensin levels in blood",12,1,1.35,1
"GO:0014013","regulation of gliogenesis",72,7,8.11,1
"GO:0060284","regulation of cell development",682,70,76.78,1
"GO:0060285","cilium-dependent cell motility",231,23,26,1
"GO:0014015","positive regulation of gliogenesis",45,5,5.07,1
"GO:2001251","negative regulation of chromosome organization",106,9,11.93,1
"GO:0003181","atrioventricular valve morphogenesis",23,1,2.59,1
"GO:0002009","morphogenesis of an epithelium",303,38,34.11,1
"GO:0140112","extracellular vesicle biogenesis",23,5,2.59,1
"GO:0046496","nicotinamide nucleotide metabolic process",152,31,17.11,1
"GO:0000768","syncytium formation by plasma membrane fusion",87,6,9.79,1
"GO:0062099","negative regulation of programmed necrotic cell death",17,1,1.91,1
"GO:0015669","gas transport",20,1,2.25,1
"GO:0014046","dopamine secretion",23,10,2.59,1
"GO:0003171","atrioventricular valve development",26,1,2.93,1
"GO:0003174","mitral valve development",13,1,1.46,1
"GO:0034086","maintenance of sister chromatid cohesion",13,1,1.46,1
"GO:0072662","protein localization to peroxisome",19,1,2.14,1
"GO:0072663","establishment of protein localization to peroxisome",21,1,2.36,1
"GO:0051294","establishment of spindle orientation",38,3,4.28,1
"GO:0072665","protein localization to vacuole",74,9,8.33,1
"GO:0072666","establishment of protein localization to vacuole",52,6,5.85,1
"GO:0051298","centrosome duplication",80,7,9.01,1
"GO:0051299","centrosome separation",15,1,1.69,1
"GO:0046460","neutral lipid biosynthetic process",47,6,5.29,1
"GO:0046461","neutral lipid catabolic process",46,4,5.18,1
"GO:0046464","acylglycerol catabolic process",46,4,5.18,1
"GO:0060249","anatomical structure homeostasis",189,16,21.28,1
"GO:0003143","embryonic heart tube morphogenesis",46,7,5.18,1
"GO:0046457","prostanoid biosynthetic process",30,3,3.38,1
"GO:0014002","astrocyte development",27,2,3.04,1
"GO:2001242","regulation of intrinsic apoptotic signaling pathway",154,16,17.34,1
"GO:0046486","glycerolipid metabolic process",384,54,43.23,1
"GO:0043267","negative regulation of potassium ion transport",27,3,3.04,1
"GO:0043268","positive regulation of potassium ion transport",31,8,3.49,1
"GO:0051251","positive regulation of lymphocyte activation",280,21,31.52,1
"GO:0043269","regulation of monoatomic ion transport",366,58,41.2,1
"GO:0051252","regulation of RNA metabolic process",3402,322,382.98,1
"GO:0051253","negative regulation of RNA metabolic process",1389,134,156.37,1
"GO:0051255","spindle midzone assembly",13,3,1.46,1
"GO:0034032","purine nucleoside bisphosphate metabolic process",16,3,1.8,1
"GO:0046473","phosphatidic acid metabolic process",38,5,4.28,1
"GO:2001233","regulation of apoptotic signaling pathway",293,38,32.98,1
"GO:0006304","DNA modification",28,1,3.15,1
"GO:0071295","cellular response to vitamin",26,3,2.93,1
"GO:0043255","regulation of carbohydrate biosynthetic process",86,9,9.68,1
"GO:0034035","purine ribonucleoside bisphosphate metabolic process",16,3,1.8,1
"GO:2001236","regulation of extrinsic apoptotic signaling pathway",121,17,13.62,1
"GO:0120261","regulation of heterochromatin organization",15,4,1.69,1
"GO:0120262","negative regulation of heterochromatin organization",10,3,1.13,1
"GO:1902229","regulation of intrinsic apoptotic signaling pathway in response to DNA damage",32,1,3.6,1
"GO:0019953","sexual reproduction",937,60,105.48,1
"GO:0120254","olefinic compound metabolic process",162,13,18.24,1
"GO:0120255","olefinic compound biosynthetic process",31,2,3.49,1
"GO:0043270","positive regulation of monoatomic ion transport",170,29,19.14,1
"GO:0051279","regulation of release of sequestered calcium ion into cytosol",67,10,7.54,1
"GO:0062012","regulation of small molecule metabolic process",302,35,34,1
"GO:0043276","anoikis",32,1,3.6,1
"GO:0051224","negative regulation of protein transport",96,14,10.81,1
"GO:0051225","spindle assembly",126,10,14.18,1
"GO:0060795","cell fate commitment involved in formation of primary germ layer",21,3,2.36,1
"GO:0051246","regulation of protein metabolic process",1435,171,161.54,1
"GO:0051248","negative regulation of protein metabolic process",535,56,60.23,1
"GO:0051249","regulation of lymphocyte activation",442,31,49.76,1
"GO:0045069","regulation of viral genome replication",76,6,8.56,1
"GO:0043242","negative regulation of protein-containing complex disassembly",80,7,9.01,1
"GO:0043244","regulation of protein-containing complex disassembly",125,11,14.07,1
"GO:0003298","physiological muscle hypertrophy",21,7,2.36,1
"GO:0051231","spindle elongation",13,3,1.46,1
"GO:0003299","muscle hypertrophy in response to stress",19,1,2.14,1
"GO:0051234","establishment of localization",4353,602,490.04,1
"GO:0051235","maintenance of location",56,6,6.3,1
"GO:0019915","lipid storage",77,8,8.67,1
"GO:0051236","establishment of RNA localization",160,16,18.01,1
"GO:0045058","T cell selection",63,7,7.09,1
"GO:0140253","cell-cell fusion",88,6,9.91,1
"GO:0006450","regulation of translational fidelity",16,3,1.8,1
"GO:0045088","regulation of innate immune response",461,47,51.9,1
"GO:0060760","positive regulation of response to cytokine stimulus",63,9,7.09,1
"GO:0071229","cellular response to acid chemical",69,10,7.77,1
"GO:0060761","negative regulation of response to cytokine stimulus",91,7,10.24,1
"GO:0140271","hexose import across plasma membrane",63,6,7.09,1
"GO:0071219","cellular response to molecule of bacterial origin",195,14,21.95,1
"GO:0045023","G0 to G1 transition",36,1,4.05,1
"GO:0043201","response to L-leucine",15,2,1.69,1
"GO:0060759","regulation of response to cytokine stimulus",176,17,19.81,1
"GO:0006476","protein deacetylation",28,4,3.15,1
"GO:0045010","actin nucleation",55,9,6.19,1
"GO:0045017","glycerolipid biosynthetic process",247,37,27.81,1
"GO:0003279","cardiac septum development",69,7,7.77,1
"GO:0051797","regulation of hair follicle development",13,1,1.46,1
"GO:0007599","hemostasis",222,20,24.99,1
"GO:0140239","postsynaptic endocytosis",36,5,4.05,1
"GO:0046165","alcohol biosynthetic process",136,25,15.31,1
"GO:1902750","negative regulation of cell cycle G2/M phase transition",73,5,8.22,1
"GO:1902751","positive regulation of cell cycle G2/M phase transition",26,2,2.93,1
"GO:0045005","DNA-templated DNA replication maintenance of fidelity",69,4,7.77,1
"GO:0003230","cardiac atrium development",28,3,3.15,1
"GO:0046189","phenol-containing compound biosynthetic process",44,7,4.95,1
"GO:0000819","sister chromatid segregation",244,19,27.47,1
"GO:0006402","mRNA catabolic process",307,27,34.56,1
"GO:0006403","RNA localization",199,19,22.4,1
"GO:0051783","regulation of nuclear division",134,7,15.08,1
"GO:0051784","negative regulation of nuclear division",70,4,7.88,1
"GO:0032965","regulation of collagen biosynthetic process",37,4,4.17,1
"GO:0051785","positive regulation of nuclear division",51,3,5.74,1
"GO:0051788","response to misfolded protein",19,2,2.14,1
"GO:0009394","2'-deoxyribonucleotide metabolic process",46,6,5.18,1
"GO:1905144","response to acetylcholine",48,6,5.4,1
"GO:1905145","cellular response to acetylcholine",45,6,5.07,1
"GO:1905146","lysosomal protein catabolic process",22,3,2.48,1
"GO:0046112","nucleobase biosynthetic process",20,2,2.25,1
"GO:0003203","endocardial cushion morphogenesis",34,2,3.83,1
"GO:0003205","cardiac chamber development",109,9,12.27,1
"GO:0003206","cardiac chamber morphogenesis",90,7,10.13,1
"GO:0003208","cardiac ventricle morphogenesis",57,2,6.42,1
"GO:0017062","respiratory chain complex III assembly",14,1,1.58,1
"GO:0032986","protein-DNA complex disassembly",19,2,2.14,1
"GO:0032989","cellular anatomical entity morphogenesis",109,15,12.27,1
"GO:1902743","regulation of lamellipodium organization",49,11,5.52,1
"GO:0071763","nuclear membrane organization",46,2,5.18,1
"GO:0032970","regulation of actin filament-based process",367,54,41.31,1
"GO:0046148","pigment biosynthetic process",54,6,6.08,1
"GO:0046149","pigment catabolic process",14,1,1.58,1
"GO:0051716","cellular response to stimulus",6834,823,769.33,1
"GO:0007548","sex differentiation",154,14,17.34,1
"GO:0032928","regulation of superoxide anion generation",21,6,2.36,1
"GO:0007549","sex-chromosome dosage compensation",20,2,2.25,1
"GO:0071772","response to BMP",149,18,16.77,1
"GO:0006163","purine nucleotide metabolic process",414,70,46.61,1
"GO:0032940","secretion by cell",750,123,84.43,1
"GO:0032943","mononuclear cell proliferation",224,20,25.22,1
"GO:0032944","regulation of mononuclear cell proliferation",195,15,21.95,1
"GO:0032945","negative regulation of mononuclear cell proliferation",71,5,7.99,1
"GO:0032946","positive regulation of mononuclear cell proliferation",116,8,13.06,1
"GO:0051703","biological process involved in intraspecies interaction between organisms",40,4,4.5,1
"GO:0051707","response to other organism",1393,147,156.82,1
"GO:0009310","amine catabolic process",17,4,1.91,1
"GO:0009314","response to radiation",346,39,38.95,1
"GO:1901317","regulation of flagellated sperm motility",20,4,2.25,1
"GO:0071731","response to nitric oxide",21,4,2.36,1
"GO:1902893","regulation of miRNA transcription",73,12,8.22,1
"GO:1901342","regulation of vasculature development",298,26,33.55,1
"GO:1901343","negative regulation of vasculature development",108,11,12.16,1
"GO:0032905","transforming growth factor beta1 production",16,3,1.8,1
"GO:0042325","regulation of phosphorylation",404,46,45.48,1
"GO:0042326","negative regulation of phosphorylation",118,13,13.28,1
"GO:0042327","positive regulation of phosphorylation",234,29,26.34,1
"GO:0006110","regulation of glycolytic process",47,5,5.29,1
"GO:0031570","DNA integrity checkpoint signaling",122,10,13.73,1
"GO:0006111","regulation of gluconeogenesis",43,3,4.84,1
"GO:0010092","specification of animal organ identity",16,3,1.8,1
"GO:0031577","spindle checkpoint signaling",57,4,6.42,1
"GO:1905268","negative regulation of chromatin organization",13,3,1.46,1
"GO:0006119","oxidative phosphorylation",134,9,15.08,1
"GO:0006140","regulation of nucleotide metabolic process",79,11,8.89,1
"GO:0002396","MHC protein complex assembly",19,2,2.14,1
"GO:0002399","MHC class II protein complex assembly",14,2,1.58,1
"GO:0071706","tumor necrosis factor superfamily cytokine production",172,13,19.36,1
"GO:0042330","taxis",408,56,45.93,1
"GO:0060840","artery development",63,5,7.09,1
"GO:1902850","microtubule cytoskeleton organization involved in mitosis",159,17,17.9,1
"GO:0042339","keratan sulfate proteoglycan metabolic process",18,2,2.03,1
"GO:0009309","amine biosynthetic process",33,7,3.71,1
"GO:0002360","T cell lineage commitment",35,6,3.94,1
"GO:0051851","host-mediated perturbation of symbiont process",105,12,11.82,1
"GO:0002363","alpha-beta T cell lineage commitment",32,5,3.6,1
"GO:0002366","leukocyte activation involved in immune response",264,25,29.72,1
"GO:0002367","cytokine production involved in immune response",94,10,10.58,1
"GO:0030098","lymphocyte differentiation",350,29,39.4,1
"GO:0030099","myeloid cell differentiation",349,21,39.29,1
"GO:0002369","T cell cytokine production",39,3,4.39,1
"GO:0006109","regulation of carbohydrate metabolic process",149,19,16.77,1
"GO:0051882","mitochondrial depolarization",20,3,2.25,1
"GO:0042303","molting cycle",55,3,6.19,1
"GO:0042304","regulation of fatty acid biosynthetic process",48,1,5.4,1
"GO:0042306","regulation of protein import into nucleus",52,3,5.85,1
"GO:1905244","regulation of modification of synaptic structure",20,2,2.25,1
"GO:0051875","pigment granule localization",24,6,2.7,1
"GO:0140894","endolysosomal toll-like receptor signaling pathway",53,6,5.97,1
"GO:0140895","cell surface toll-like receptor signaling pathway",67,2,7.54,1
"GO:0002371","dendritic cell cytokine production",13,2,1.46,1
"GO:0007622","rhythmic behavior",44,11,4.95,1
"GO:0002377","immunoglobulin production",85,6,9.57,1
"GO:0038179","neurotrophin signaling pathway",30,1,3.38,1
"GO:0071867","response to monoamine",58,15,6.53,1
"GO:0007610","behavior",391,73,44.02,1
"GO:0071868","cellular response to monoamine stimulus",57,15,6.42,1
"GO:0042490","mechanoreceptor differentiation",30,5,3.38,1
"GO:0071869","response to catecholamine",56,15,6.3,1
"GO:0042491","inner ear auditory receptor cell differentiation",16,1,1.8,1
"GO:0010042","response to manganese ion",15,3,1.69,1
"GO:0097061","dendritic spine organization",81,12,9.12,1
"GO:0002312","B cell activation involved in immune response",74,7,8.33,1
"GO:0009451","RNA modification",177,12,19.93,1
"GO:0065005","protein-lipid complex assembly",25,4,2.81,1
"GO:0065007","biological regulation",11489,1368,1293.37,1
"GO:0071887","leukocyte apoptotic process",81,9,9.12,1
"GO:1905207","regulation of cardiocyte differentiation",27,2,3.04,1
"GO:0065009","regulation of molecular function",667,79,75.09,1
"GO:0007632","visual behavior",27,4,3.04,1
"GO:0030072","peptide hormone secretion",206,32,23.19,1
"GO:0030073","insulin secretion",168,27,18.91,1
"GO:1903963","arachidonate transport",26,1,2.93,1
"GO:0002335","mature B cell differentiation",28,4,3.15,1
"GO:0030029","actin filament-based process",785,101,88.37,1
"GO:0022411","cellular component disassembly",445,47,50.1,1
"GO:0022412","cellular process involved in reproduction in multicellular organism",313,25,35.24,1
"GO:0022414","reproductive process",1304,103,146.8,1
"GO:0071824","protein-DNA complex organization",187,18,21.05,1
"GO:0071825","protein-lipid complex organization",52,6,5.85,1
"GO:1902806","regulation of cell cycle G1/S phase transition",175,17,19.7,1
"GO:0071827","plasma lipoprotein particle organization",50,6,5.63,1
"GO:0140888","interferon-mediated signaling pathway",97,11,10.92,1
"GO:0042451","purine nucleoside biosynthetic process",10,2,1.13,1
"GO:0060563","neuroepithelial cell differentiation",24,2,2.7,1
"GO:0042455","ribonucleoside biosynthetic process",11,2,1.24,1
"GO:0010002","cardioblast differentiation",15,1,1.69,1
"GO:0031664","regulation of lipopolysaccharide-mediated signaling pathway",28,2,3.15,1
"GO:0030042","actin filament depolymerization",59,5,6.64,1
"GO:0007603","phototransduction, visible light",17,1,1.91,1
"GO:0007606","sensory perception of chemical stimulus",303,28,34.11,1
"GO:0071840","cellular component organization or biogenesis",6502,792,731.96,1
"GO:0030048","actin filament-based movement",135,13,15.2,1
"GO:0034367","protein-containing complex remodeling",36,3,4.05,1
"GO:0006278","RNA-templated DNA biosynthetic process",62,9,6.98,1
"GO:0034368","protein-lipid complex remodeling",35,3,3.94,1
"GO:0030031","cell projection assembly",569,79,64.05,1
"GO:0042471","ear morphogenesis",52,5,5.85,1
"GO:0034369","plasma lipoprotein particle remodeling",35,3,3.94,1
"GO:0006220","pyrimidine nucleotide metabolic process",53,5,5.97,1
"GO:0030038","contractile actin filament bundle assembly",100,22,11.26,1
"GO:0034350","regulation of glial cell apoptotic process",11,1,1.24,1
"GO:0046794","transport of virus",11,1,1.24,1
"GO:0042423","catecholamine biosynthetic process",17,3,1.91,1
"GO:0097048","dendritic cell apoptotic process",10,1,1.13,1
"GO:0009435","NAD+ biosynthetic process",19,4,2.14,1
"GO:0034370","triglyceride-rich lipoprotein particle remodeling",14,1,1.58,1
"GO:0015980","energy derivation by oxidation of organic compounds",370,44,41.65,1
"GO:0022401","negative adaptation of signaling pathway",20,3,2.25,1
"GO:0022404","molting cycle process",42,2,4.73,1
"GO:0006244","pyrimidine nucleotide catabolic process",22,2,2.48,1
"GO:0022405","hair cycle process",42,2,4.73,1
"GO:0015986","proton motive force-driven ATP synthesis",75,5,8.44,1
"GO:0034377","plasma lipoprotein particle assembly",23,4,2.59,1
"GO:0042440","pigment metabolic process",75,8,8.44,1
"GO:0002495","antigen processing and presentation of peptide antigen via MHC class II",30,2,3.38,1
"GO:0042446","hormone biosynthetic process",62,3,6.98,1
"GO:0090092","regulation of transmembrane receptor protein serine/threonine kinase signaling pathway",249,34,28.03,1
"GO:0071806","protein transmembrane transport",73,10,8.22,1
"GO:0042430","indole-containing compound metabolic process",28,7,3.15,1
"GO:0060541","respiratory system development",83,6,9.34,1
"GO:0034310","primary alcohol catabolic process",17,3,1.91,1
"GO:0034311","diol metabolic process",32,3,3.6,1
"GO:0034312","diol biosynthetic process",23,3,2.59,1
"GO:0046753","non-lytic viral release",14,1,1.58,1
"GO:0046755","viral budding",24,2,2.7,1
"GO:0031649","heat generation",12,1,1.35,1
"GO:0035966","response to topologically incorrect protein",160,19,18.01,1
"GO:0060537","muscle tissue development",280,30,31.52,1
"GO:0035967","cellular response to topologically incorrect protein",117,15,13.17,1
"GO:0034340","response to type I interferon",115,9,12.95,1
"GO:0046782","regulation of viral transcription",20,6,2.25,1
"GO:0031632","positive regulation of synaptic vesicle fusion to presynaptic active zone membrane",15,5,1.69,1
"GO:0043562","cellular response to nitrogen levels",11,3,1.24,1
"GO:0002460","adaptive immune response based on somatic recombination of immune receptors built from immunoglobulin superfamily domains",303,31,34.11,1
"GO:0015918","sterol transport",115,8,12.95,1
"GO:1903900","regulation of viral life cycle",109,9,12.27,1
"GO:0015919","peroxisomal membrane transport",23,1,2.59,1
"GO:0018210","peptidyl-threonine modification",32,8,3.6,1
"GO:0034330","cell junction organization",796,134,89.61,1
"GO:0034331","cell junction maintenance",57,12,6.42,1
"GO:1903909","regulation of receptor clustering",16,2,1.8,1
"GO:0018212","peptidyl-tyrosine modification",121,11,13.62,1
"GO:0090066","regulation of anatomical structure size",415,56,46.72,1
"GO:0042401","biogenic amine biosynthetic process",32,7,3.6,1
"GO:0051588","regulation of neurotransmitter transport",97,20,10.92,1
"GO:0009190","cyclic nucleotide biosynthetic process",25,4,2.81,1
"GO:0002483","antigen processing and presentation of endogenous peptide antigen",23,1,2.59,1
"GO:0002484","antigen processing and presentation of endogenous peptide antigen via MHC class I via ER pathway",13,1,1.46,1
"GO:0018231","peptidyl-S-diacylglycerol-L-cysteine biosynthetic process from peptidyl-cysteine",15,1,1.69,1
"GO:0043574","peroxisomal transport",23,1,2.59,1
"GO:0090087","regulation of peptide transport",183,31,20.6,1
"GO:0002475","antigen processing and presentation via MHC class Ib",18,1,2.03,1
"GO:0035929","steroid hormone secretion",25,3,2.81,1
"GO:0006793","phosphorus metabolic process",1764,246,198.58,1
"GO:0043523","regulation of neuron apoptotic process",196,23,22.06,1
"GO:0090075","relaxation of muscle",34,6,3.83,1
"GO:1902547","regulation of cellular response to vascular endothelial growth factor stimulus",31,4,3.49,1
"GO:0090077","foam cell differentiation",39,4,4.39,1
"GO:1902548","negative regulation of cellular response to vascular endothelial growth factor stimulus",15,2,1.69,1
"GO:0034309","primary alcohol biosynthetic process",16,2,1.8,1
"GO:0002423","natural killer cell mediated immune response to tumor cell",11,3,1.24,1
"GO:0002424","T cell mediated immune response to tumor cell",20,2,2.25,1
"GO:0002428","antigen processing and presentation of peptide antigen via MHC class Ib",15,1,1.69,1
"GO:1902531","regulation of intracellular signal transduction",1913,241,215.36,1
"GO:0002429","immune response-activating cell surface receptor signaling pathway",316,27,35.57,1
"GO:0009163","nucleoside biosynthetic process",19,2,2.14,1
"GO:0009165","nucleotide biosynthetic process",222,27,24.99,1
"GO:0009166","nucleotide catabolic process",152,26,17.11,1
"GO:0009167","purine ribonucleoside monophosphate metabolic process",41,6,4.62,1
"GO:2000050","regulation of non-canonical Wnt signaling pathway",21,5,2.36,1
"GO:0009168","purine ribonucleoside monophosphate biosynthetic process",18,2,2.03,1
"GO:0002418","immune response to tumor cell",36,5,4.05,1
"GO:0009150","purine ribonucleotide metabolic process",333,52,37.49,1
"GO:2000059","negative regulation of ubiquitin-dependent protein catabolic process",55,6,6.19,1
"GO:0002440","production of molecular mediator of immune response",177,17,19.93,1
"GO:0035930","corticosteroid hormone secretion",19,3,2.14,1
"GO:0009158","ribonucleoside monophosphate catabolic process",17,3,1.91,1
"GO:0018209","peptidyl-serine modification",67,13,7.54,1
"GO:1905709","negative regulation of membrane permeability",16,1,1.8,1
"GO:0002443","leukocyte mediated immunity",353,33,39.74,1
"GO:0035933","glucocorticoid secretion",12,2,1.35,1
"GO:0006760","folic acid-containing compound metabolic process",26,3,2.93,1
"GO:0002448","mast cell mediated immunity",48,3,5.4,1
"GO:0002449","lymphocyte mediated immunity",265,24,29.83,1
"GO:0090042","tubulin deacetylation",17,4,1.91,1
"GO:0043535","regulation of blood vessel endothelial cell migration",101,6,11.37,1
"GO:0009185","ribonucleoside diphosphate metabolic process",115,23,12.95,1
"GO:0006766","vitamin metabolic process",38,4,4.28,1
"GO:0009187","cyclic nucleotide metabolic process",46,4,5.18,1
"GO:0090049","regulation of cell migration involved in sprouting angiogenesis",45,2,5.07,1
"GO:0002431","Fc receptor mediated stimulatory signaling pathway",33,5,3.71,1
"GO:1901184","regulation of ERBB signaling pathway",77,8,8.67,1
"GO:1901185","negative regulation of ERBB signaling pathway",36,5,4.05,1
"GO:1901186","positive regulation of ERBB signaling pathway",33,1,3.71,1
"GO:0002438","acute inflammatory response to antigenic stimulus",23,2,2.59,1
"GO:0006753","nucleoside phosphate metabolic process",624,96,70.25,1
"GO:0009173","pyrimidine ribonucleoside monophosphate metabolic process",17,1,1.91,1
"GO:0006754","ATP biosynthetic process",98,9,11.03,1
"GO:0009179","purine ribonucleoside diphosphate metabolic process",102,22,11.48,1
"GO:0042158","lipoprotein biosynthetic process",46,6,5.18,1
"GO:0009123","nucleoside monophosphate metabolic process",76,11,8.56,1
"GO:0009124","nucleoside monophosphate biosynthetic process",41,6,4.62,1
"GO:0009125","nucleoside monophosphate catabolic process",20,3,2.25,1
"GO:0009126","purine nucleoside monophosphate metabolic process",44,7,4.95,1
"GO:0006787","porphyrin-containing compound catabolic process",15,1,1.69,1
"GO:0009128","purine nucleoside monophosphate catabolic process",12,3,1.35,1
"GO:0009129","pyrimidine nucleoside monophosphate metabolic process",23,1,2.59,1
"GO:0009111","vitamin catabolic process",16,1,1.8,1
"GO:0043502","regulation of muscle adaptation",76,9,8.56,1
"GO:0009112","nucleobase metabolic process",33,4,3.71,1
"GO:0009116","nucleoside metabolic process",43,5,4.84,1
"GO:0140527","reciprocal homologous recombination",60,4,6.75,1
"GO:0009117","nucleotide metabolic process",470,72,52.91,1
"GO:0071548","response to dexamethasone",31,3,3.49,1
"GO:0009119","ribonucleoside metabolic process",22,4,2.48,1
"GO:0038203","TORC2 signaling",23,1,2.59,1
"GO:0006720","isoprenoid metabolic process",118,14,13.28,1
"GO:0046890","regulation of lipid biosynthetic process",179,17,20.15,1
"GO:0009141","nucleoside triphosphate metabolic process",255,37,28.71,1
"GO:0009142","nucleoside triphosphate biosynthetic process",120,9,13.51,1
"GO:0009144","purine nucleoside triphosphate metabolic process",239,34,26.91,1
"GO:0009145","purine nucleoside triphosphate biosynthetic process",108,9,12.16,1
"GO:0045342","MHC class II biosynthetic process",15,2,1.69,1
"GO:0060675","ureteric bud morphogenesis",40,3,4.5,1
"GO:0045346","regulation of MHC class II biosynthetic process",14,2,1.58,1
"GO:0009130","pyrimidine nucleoside monophosphate biosynthetic process",17,1,1.91,1
"GO:0009132","nucleoside diphosphate metabolic process",120,23,13.51,1
"GO:0009133","nucleoside diphosphate biosynthetic process",13,1,1.46,1
"GO:0009134","nucleoside diphosphate catabolic process",93,20,10.47,1
"GO:0009135","purine nucleoside diphosphate metabolic process",102,22,11.48,1
"GO:0140546","defense response to symbiont",1049,108,118.09,1
"GO:0009137","purine nucleoside diphosphate catabolic process",87,19,9.79,1
"GO:0060628","regulation of ER to Golgi vesicle-mediated transport",20,1,2.25,1
"GO:0071501","cellular response to sterol depletion",14,1,1.58,1
"GO:0106120","positive regulation of sterol biosynthetic process",15,3,1.69,1
"GO:2000008","regulation of protein localization to cell surface",35,5,3.94,1
"GO:0009100","glycoprotein metabolic process",353,28,39.74,1
"GO:0046851","negative regulation of bone remodeling",17,1,1.91,1
"GO:1902653","secondary alcohol biosynthetic process",61,15,6.87,1
"GO:1902656","calcium ion import into cytosol",39,7,4.39,1
"GO:1902680","positive regulation of RNA biosynthetic process",1591,163,179.11,1
"GO:1905820","positive regulation of chromosome separation",31,1,3.49,1
"GO:0046885","regulation of hormone biosynthetic process",20,2,2.25,1
"GO:1902686","mitochondrial outer membrane permeabilization involved in programmed cell death",29,2,3.26,1
"GO:0110096","cellular response to aldehyde",23,1,2.59,1
"GO:0106118","regulation of sterol biosynthetic process",28,5,3.15,1
"GO:0051653","spindle localization",56,5,6.3,1
"GO:0071692","protein localization to extracellular region",313,47,35.24,1
"GO:0006705","mineralocorticoid biosynthetic process",12,2,1.35,1
"GO:1905818","regulation of chromosome separation",82,4,9.23,1
"GO:0046879","hormone secretion",264,41,29.72,1
"GO:1905819","negative regulation of chromosome separation",60,4,6.75,1
"GO:1902679","negative regulation of RNA biosynthetic process",1270,121,142.97,1
"GO:1902622","regulation of neutrophil migration",39,5,4.39,1
"GO:1902624","positive regulation of neutrophil migration",30,3,3.38,1
"GO:1901293","nucleoside phosphate biosynthetic process",313,46,35.24,1
"GO:0060606","tube closure",33,2,3.71,1
"GO:0033059","cellular pigmentation",62,11,6.98,1
"GO:0140694","membraneless organelle assembly",417,38,46.94,1
"GO:0034404","nucleobase-containing small molecule biosynthetic process",19,2,2.14,1
"GO:1902644","tertiary alcohol metabolic process",24,1,2.7,1
"GO:1902645","tertiary alcohol biosynthetic process",12,1,1.35,1
"GO:0009261","ribonucleotide catabolic process",127,24,14.3,1
"GO:0009262","deoxyribonucleotide metabolic process",47,6,5.29,1
"GO:0009263","deoxyribonucleotide biosynthetic process",16,2,1.8,1
"GO:0009264","deoxyribonucleotide catabolic process",31,4,3.49,1
"GO:0009266","response to temperature stimulus",131,11,14.75,1
"GO:0051641","cellular localization",2191,337,246.65,1
"GO:0061061","muscle structure development",542,49,61.02,1
"GO:0002115","store-operated calcium entry",20,1,2.25,1
"GO:0051647","nucleus localization",27,2,3.04,1
"GO:0051648","vesicle localization",209,45,23.53,1
"GO:0009250","glucan biosynthetic process",39,3,4.39,1
"GO:0033028","myeloid cell apoptotic process",24,2,2.7,1
"GO:0009251","glucan catabolic process",28,1,3.15,1
"GO:0110075","regulation of ferroptosis",30,12,3.38,1
"GO:1905809","negative regulation of synapse organization",14,3,1.58,1
"GO:0009259","ribonucleotide metabolic process",353,54,39.74,1
"GO:0033013","tetrapyrrole metabolic process",58,6,6.53,1
"GO:0045453","bone resorption",48,2,5.4,1
"GO:0033014","tetrapyrrole biosynthetic process",30,3,3.38,1
"GO:0033015","tetrapyrrole catabolic process",15,1,1.69,1
"GO:0006862","nucleotide transport",48,8,5.4,1
"GO:0071674","mononuclear cell migration",196,29,22.06,1
"GO:0071675","regulation of mononuclear cell migration",131,23,14.75,1
"GO:0061082","myeloid leukocyte cytokine production",24,4,2.7,1
"GO:0033044","regulation of chromosome organization",247,24,27.81,1
"GO:0033045","regulation of sister chromatid segregation",115,6,12.95,1
"GO:0033046","negative regulation of sister chromatid segregation",58,4,6.53,1
"GO:0033047","regulation of mitotic sister chromatid segregation",65,5,7.32,1
"GO:0033048","negative regulation of mitotic sister chromatid segregation",58,4,6.53,1
"GO:0006851","mitochondrial calcium ion transmembrane transport",23,2,2.59,1
"GO:0042269","regulation of natural killer cell mediated cytotoxicity",47,4,5.29,1
"GO:0071622","regulation of granulocyte chemotaxis",50,8,5.63,1
"GO:0071624","positive regulation of granulocyte chemotaxis",26,3,2.93,1
"GO:0006857","oligopeptide transport",18,3,2.03,1
"GO:0006858","extracellular transport",24,3,2.7,1
"GO:0033036","macromolecule localization",2736,383,308,1
"GO:0009225","nucleotide-sugar metabolic process",41,3,4.62,1
"GO:1901222","regulation of non-canonical NF-kappaB signal transduction",90,9,10.13,1
"GO:0051606","detection of stimulus",430,46,48.41,1
"GO:0034162","toll-like receptor 9 signaling pathway",29,3,3.26,1
"GO:0009218","pyrimidine ribonucleotide metabolic process",33,3,3.71,1
"GO:0009219","pyrimidine deoxyribonucleotide metabolic process",26,1,2.93,1
"GO:0061013","regulation of mRNA catabolic process",239,24,26.91,1
"GO:0042274","ribosomal small subunit biogenesis",107,7,12.05,1
"GO:0006820","monoatomic anion transport",156,26,17.56,1
"GO:0071634","regulation of transforming growth factor beta production",32,5,3.6,1
"GO:0009247","glycolipid biosynthetic process",86,9,9.68,1
"GO:0006828","manganese ion transport",11,1,1.24,1
"GO:0042221","response to chemical",3330,412,374.87,1
"GO:0006829","zinc ion transport",32,4,3.6,1
"GO:0061041","regulation of wound healing",125,11,14.07,1
"GO:0033002","muscle cell proliferation",177,19,19.93,1
"GO:0061042","vascular wound healing",19,1,2.14,1
"GO:0045445","myoblast differentiation",92,7,10.36,1
"GO:0006810","transport",4150,577,467.18,1
"GO:0006812","monoatomic cation transport",1000,153,112.57,1
"GO:0006817","phosphate ion transport",23,4,2.59,1
"GO:0061035","regulation of cartilage development",47,1,5.29,1
"GO:0140632","canonical inflammasome complex assembly",54,8,6.08,1
"GO:0002292","T cell differentiation involved in immune response",84,7,9.46,1
"GO:0071604","transforming growth factor beta production",38,5,4.28,1
"GO:0071609","chemokine (C-C motif) ligand 5 production",11,1,1.24,1
"GO:0034110","regulation of homotypic cell-cell adhesion",39,4,4.39,1
"GO:0098751","bone cell development",11,3,1.24,1
"GO:0009201","ribonucleoside triphosphate biosynthetic process",114,9,12.83,1
"GO:0009205","purine ribonucleoside triphosphate metabolic process",234,34,26.34,1
"GO:0009206","purine ribonucleoside triphosphate biosynthetic process",108,9,12.16,1
"GO:0009208","pyrimidine ribonucleoside triphosphate metabolic process",17,1,1.91,1
"GO:0061008","hepaticobiliary system development",87,8,9.79,1
"GO:0141091","transforming growth factor beta receptor superfamily signaling pathway",312,39,35.12,1
"GO:0034143","regulation of toll-like receptor 4 signaling pathway",32,1,3.6,1
"GO:0030397","membrane disassembly",13,1,1.46,1
"GO:0002269","leukocyte activation involved in inflammatory response",45,6,5.07,1
"GO:0098773","skin epidermis development",71,3,7.99,1
"GO:1905517","macrophage migration",50,10,5.63,1
"GO:0046578","regulation of Ras protein signal transduction",49,5,5.52,1
"GO:0002251","organ or tissue specific immune response",42,3,4.73,1
"GO:0002252","immune effector process",555,54,62.48,1
"GO:0002253","activation of immune response",570,58,64.17,1
"GO:0046520","sphingoid biosynthetic process",16,3,1.8,1
"GO:0009790","embryo development",607,69,68.33,1
"GO:0098727","maintenance of cell number",122,12,13.73,1
"GO:0045191","regulation of isotype switching",23,1,2.59,1
"GO:0009799","specification of symmetry",94,12,10.58,1
"GO:0002285","lymphocyte activation involved in immune response",183,19,20.6,1
"GO:0097396","response to interleukin-17",22,4,2.48,1
"GO:0002286","T cell activation involved in immune response",116,11,13.06,1
"GO:0002287","alpha-beta T cell activation involved in immune response",79,7,8.89,1
"GO:0141061","disruption of cell in another organism",85,7,9.57,1
"GO:0046519","sphingoid metabolic process",23,3,2.59,1
"GO:0002274","myeloid leukocyte activation",213,20,23.98,1
"GO:0034101","erythrocyte homeostasis",109,7,12.27,1
"GO:0034103","regulation of tissue remodeling",68,5,7.66,1
"GO:0034104","negative regulation of tissue remodeling",20,1,2.25,1
"GO:0006595","polyamine metabolic process",18,4,2.03,1
"GO:0046545","development of primary female sexual characteristics",59,4,6.64,1
"GO:0046546","development of primary male sexual characteristics",81,7,9.12,1
"GO:0002220","innate immune response activating cell surface receptor signaling pathway",94,5,10.58,1
"GO:0002221","pattern recognition receptor signaling pathway",281,26,31.63,1
"GO:0034109","homotypic cell-cell adhesion",92,8,10.36,1
"GO:0042795","snRNA transcription by RNA polymerase II",16,4,1.8,1
"GO:0098732","macromolecule deacylation",45,6,5.07,1
"GO:0141084","inflammasome-mediated signaling pathway",58,8,6.53,1
"GO:0141085","regulation of inflammasome-mediated signaling pathway",51,8,5.74,1
"GO:0141086","negative regulation of inflammasome-mediated signaling pathway",19,3,2.14,1
"GO:0141087","positive regulation of inflammasome-mediated signaling pathway",30,5,3.38,1
"GO:0009757","hexose mediated signaling",10,1,1.13,1
"GO:1905508","protein localization to microtubule organizing center",36,5,4.05,1
"GO:0097354","prenylation",11,2,1.24,1
"GO:0002244","hematopoietic progenitor cell differentiation",65,5,7.32,1
"GO:1904064","positive regulation of cation transmembrane transport",111,18,12.5,1
"GO:0042762","regulation of sulfur metabolic process",13,3,1.46,1
"GO:0045185","maintenance of protein location",47,4,5.29,1
"GO:0046503","glycerolipid catabolic process",76,9,8.56,1
"GO:0046504","glycerol ether biosynthetic process",12,3,1.35,1
"GO:0098704","carbohydrate import across plasma membrane",63,6,7.09,1
"GO:0031960","response to corticosteroid",135,22,15.2,1
"GO:0006582","melanin metabolic process",25,4,2.81,1
"GO:0006584","catecholamine metabolic process",44,9,4.95,1
"GO:0009712","catechol-containing compound metabolic process",44,9,4.95,1
"GO:0009713","catechol-containing compound biosynthetic process",17,3,1.91,1
"GO:0006575","modified amino acid metabolic process",171,22,19.25,1
"GO:0031958","nuclear receptor-mediated corticosteroid signaling pathway",13,2,1.46,1
"GO:0002200","somatic diversification of immune receptors",59,3,6.64,1
"GO:0009719","response to endogenous stimulus",1359,188,152.99,1
"GO:0042773","ATP synthesis coupled electron transport",93,7,10.47,1
"GO:0002204","somatic recombination of immunoglobulin genes involved in immune response",37,3,4.17,1
"GO:0042775","mitochondrial ATP synthesis coupled electron transport",93,7,10.47,1
"GO:0045116","protein neddylation",25,3,2.81,1
"GO:0002208","somatic diversification of immunoglobulins involved in immune response",37,3,4.17,1
"GO:0002209","behavioral defense response",19,5,2.14,1
"GO:0016064","immunoglobulin mediated immune response",109,10,12.27,1
"GO:0000966","RNA 5'-end processing",40,2,4.5,1
"GO:0009746","response to hexose",163,27,18.35,1
"GO:0097345","mitochondrial outer membrane permeabilization",25,2,2.81,1
"GO:0016051","carbohydrate biosynthetic process",175,19,19.7,1
"GO:1904019","epithelial cell apoptotic process",42,3,4.73,1
"GO:0016053","organic acid biosynthetic process",311,35,35.01,1
"GO:0034284","response to monosaccharide",169,27,19.03,1
"GO:0016054","organic acid catabolic process",242,40,27.24,1
"GO:1905664","regulation of calcium ion import across plasma membrane",13,3,1.46,1
"GO:1905666","regulation of protein localization to endosome",14,1,1.58,1
"GO:1905668","positive regulation of protein localization to endosome",13,1,1.46,1
"GO:0045132","meiotic chromosome segregation",70,4,7.88,1
"GO:0045137","development of primary sexual characteristics",127,12,14.3,1
"GO:0002790","peptide secretion",210,32,23.64,1
"GO:0030301","cholesterol transport",110,8,12.38,1
"GO:0002791","regulation of peptide secretion",181,31,20.38,1
"GO:0002792","negative regulation of peptide secretion",36,5,4.05,1
"GO:0002793","positive regulation of peptide secretion",104,21,11.71,1
"GO:0042743","hydrogen peroxide metabolic process",42,3,4.73,1
"GO:1904035","regulation of epithelial cell apoptotic process",32,3,3.6,1
"GO:0046660","female sex differentiation",68,4,7.66,1
"GO:0016071","mRNA metabolic process",783,70,88.15,1
"GO:0016072","rRNA metabolic process",285,14,32.08,1
"GO:0016073","snRNA metabolic process",59,7,6.64,1
"GO:0016074","sno(s)RNA metabolic process",14,1,1.58,1
"GO:1990868","response to chemokine",93,8,10.47,1
"GO:1990869","cellular response to chemokine",93,8,10.47,1
"GO:0010463","mesenchymal cell proliferation",23,4,2.59,1
"GO:0031943","regulation of glucocorticoid metabolic process",12,1,1.35,1
"GO:0097300","programmed necrotic cell death",49,6,5.52,1
"GO:0034219","carbohydrate transmembrane transport",102,9,11.48,1
"GO:0045103","intermediate filament-based process",80,9,9.01,1
"GO:0000910","cytokinesis",186,25,20.94,1
"GO:1990858","cellular response to lectin",21,3,2.36,1
"GO:0034242","negative regulation of syncytium formation by plasma membrane fusion",48,1,5.4,1
"GO:0046683","response to organophosphorus",115,16,12.95,1
"GO:0010453","regulation of cell fate commitment",35,3,3.94,1
"GO:0101023","vascular endothelial cell proliferation",24,3,2.7,1
"GO:0002761","regulation of myeloid leukocyte differentiation",105,6,11.82,1
"GO:0002763","positive regulation of myeloid leukocyte differentiation",54,2,6.08,1
"GO:0002764","immune response-regulating signaling pathway",550,54,61.92,1
"GO:0002768","immune response-regulating cell surface receptor signaling pathway",357,32,40.19,1
"GO:0006505","GPI anchor metabolic process",32,3,3.6,1
"GO:0098876","vesicle-mediated transport to the plasma membrane",171,33,19.25,1
"GO:0150076","neuroinflammatory response",76,9,8.56,1
"GO:0098877","neurotransmitter receptor transport to plasma membrane",14,3,1.58,1
"GO:0150077","regulation of neuroinflammatory response",41,4,4.62,1
"GO:0016048","detection of temperature stimulus",18,1,2.03,1
"GO:0016049","cell growth",414,72,46.61,1
"GO:0002752","cell surface pattern recognition receptor signaling pathway",78,2,8.78,1
"GO:1990874","vascular associated smooth muscle cell proliferation",62,5,6.98,1
"GO:0002757","immune response-activating signaling pathway",510,50,57.41,1
"GO:0046620","regulation of organ growth",60,8,6.75,1
"GO:0002758","innate immune response-activating signaling pathway",295,28,33.21,1
"GO:0046621","negative regulation of organ growth",25,5,2.81,1
"GO:0009894","regulation of catabolic process",1041,139,117.19,1
"GO:0170062","nutrient storage",81,8,9.12,1
"GO:0098810","neurotransmitter reuptake",31,2,3.49,1
"GO:0098813","nuclear chromosome segregation",312,25,35.12,1
"GO:1905634","regulation of protein localization to chromatin",14,1,1.58,1
"GO:0006690","icosanoid metabolic process",114,11,12.83,1
"GO:0006692","prostanoid metabolic process",47,5,5.29,1
"GO:0034204","lipid translocation",60,10,6.75,1
"GO:0034205","amyloid-beta formation",47,4,5.29,1
"GO:1990840","response to lectin",21,3,2.36,1
"GO:0046649","lymphocyte activation",685,61,77.11,1
"GO:1990849","vacuolar localization",80,9,9.01,1
"GO:0090322","regulation of superoxide metabolic process",30,6,3.38,1
"GO:0046632","alpha-beta T cell differentiation",122,11,13.73,1
"GO:0046633","alpha-beta T cell proliferation",33,2,3.71,1
"GO:0046634","regulation of alpha-beta T cell activation",97,9,10.92,1
"GO:0046635","positive regulation of alpha-beta T cell activation",56,5,6.3,1
"GO:0062237","protein localization to postsynapse",52,11,5.85,1
"GO:0046637","regulation of alpha-beta T cell differentiation",64,6,7.2,1
"GO:2000351","regulation of endothelial cell apoptotic process",52,1,5.85,1
"GO:0090329","regulation of DNA-templated DNA replication",46,6,5.18,1
"GO:0046639","negative regulation of alpha-beta T cell differentiation",25,2,2.81,1
"GO:0002712","regulation of B cell mediated immunity",39,3,4.39,1
"GO:0060993","kidney morphogenesis",62,4,6.98,1
"GO:0002713","negative regulation of B cell mediated immunity",10,1,1.13,1
"GO:0002714","positive regulation of B cell mediated immunity",26,2,2.93,1
"GO:0002715","regulation of natural killer cell mediated immunity",53,4,5.97,1
"GO:0002716","negative regulation of natural killer cell mediated immunity",24,1,2.7,1
"GO:0002717","positive regulation of natural killer cell mediated immunity",30,4,3.38,1
"GO:0060998","regulation of dendritic spine development",52,8,5.85,1
"GO:0097468","programmed cell death in response to reactive oxygen species",17,2,1.91,1
"GO:0002718","regulation of cytokine production involved in immune response",94,10,10.58,1
"GO:0002719","negative regulation of cytokine production involved in immune response",25,1,2.81,1
"GO:1990839","response to endothelin",11,1,1.24,1
"GO:0090311","regulation of protein deacetylation",17,4,1.91,1
"GO:0036037","CD8-positive, alpha-beta T cell activation",37,1,4.17,1
"GO:0006664","glycolipid metabolic process",111,10,12.5,1
"GO:1901880","negative regulation of protein depolymerization",70,7,7.88,1
"GO:0002730","regulation of dendritic cell cytokine production",13,2,1.46,1
"GO:1901881","positive regulation of protein depolymerization",20,2,2.25,1
"GO:0097485","neuron projection guidance",186,39,20.94,1
"GO:0006650","glycerophospholipid metabolic process",303,47,34.11,1
"GO:0090335","regulation of brown fat cell differentiation",24,3,2.7,1
"GO:0046605","regulation of centrosome cycle",59,4,6.64,1
"GO:0046606","negative regulation of centrosome cycle",11,1,1.24,1
"GO:0062207","regulation of pattern recognition receptor signaling pathway",186,19,20.94,1
"GO:0170041","non-proteinogenic amino acid metabolic process",55,6,6.19,1
"GO:1901873","regulation of post-translational protein modification",215,30,24.2,1
"GO:1901874","negative regulation of post-translational protein modification",83,10,9.34,1
"GO:1901875","positive regulation of post-translational protein modification",117,17,13.17,1
"GO:0060966","regulation of gene silencing by regulatory ncRNA",37,4,4.17,1
"GO:1990806","ligand-gated ion channel signaling pathway",36,3,4.05,1
"GO:0060967","negative regulation of gene silencing by regulatory ncRNA",19,2,2.14,1
"GO:1901879","regulation of protein depolymerization",88,7,9.91,1
"GO:0097479","synaptic vesicle localization",61,14,6.87,1
"GO:0006684","sphingomyelin metabolic process",21,2,2.36,1
"GO:0006687","glycosphingolipid metabolic process",69,7,7.77,1
"GO:0036005","response to macrophage colony-stimulating factor",17,1,1.91,1
"GO:2000316","regulation of T-helper 17 type immune response",34,4,3.83,1
"GO:2000317","negative regulation of T-helper 17 type immune response",14,2,1.58,1
"GO:0006670","sphingosine metabolic process",22,3,2.48,1
"GO:2000319","regulation of T-helper 17 cell differentiation",26,3,2.93,1
"GO:0030449","regulation of complement activation",27,2,3.04,1
"GO:0034762","regulation of transmembrane transport",355,49,39.96,1
"GO:0034763","negative regulation of transmembrane transport",101,10,11.37,1
"GO:0034765","regulation of monoatomic ion transmembrane transport",257,40,28.93,1
"GO:0034766","negative regulation of monoatomic ion transmembrane transport",70,9,7.88,1
"GO:0034767","positive regulation of monoatomic ion transmembrane transport",115,19,12.95,1
"GO:0006677","glycosylceramide metabolic process",19,1,2.14,1
"GO:0002700","regulation of production of molecular mediator of immune response",142,14,15.99,1
"GO:0002701","negative regulation of production of molecular mediator of immune response",33,1,3.71,1
"GO:0002703","regulation of leukocyte mediated immunity",212,19,23.87,1
"GO:0002704","negative regulation of leukocyte mediated immunity",63,4,7.09,1
"GO:0002705","positive regulation of leukocyte mediated immunity",124,14,13.96,1
"GO:0045216","cell-cell junction organization",183,26,20.6,1
"GO:0002706","regulation of lymphocyte mediated immunity",162,12,18.24,1
"GO:0002707","negative regulation of lymphocyte mediated immunity",56,4,6.3,1
"GO:0002708","positive regulation of lymphocyte mediated immunity",102,8,11.48,1
"GO:0002709","regulation of T cell mediated immunity",95,8,10.69,1
"GO:1902991","regulation of amyloid precursor protein catabolic process",46,5,5.18,1
"GO:1902992","negative regulation of amyloid precursor protein catabolic process",21,3,2.36,1
"GO:0090304","nucleic acid metabolic process",4933,437,555.33,1
"GO:0014741","negative regulation of muscle hypertrophy",37,6,4.17,1
"GO:0060972","left/right pattern formation",87,11,9.79,1
"GO:0014742","positive regulation of muscle hypertrophy",28,3,3.15,1
"GO:0014743","regulation of muscle hypertrophy",63,9,7.09,1
"GO:0060976","coronary vasculature development",22,1,2.48,1
"GO:0006614","SRP-dependent cotranslational protein targeting to membrane",26,4,2.93,1
"GO:0001325","formation of extrachromosomal circular DNA",15,1,1.69,1
"GO:0090493","catecholamine uptake",17,2,1.91,1
"GO:0090494","dopamine uptake",16,2,1.8,1
"GO:1902965","regulation of protein localization to early endosome",10,1,1.13,1
"GO:0090497","mesenchymal cell migration",43,6,4.84,1
"GO:0006638","neutral lipid metabolic process",119,12,13.4,1
"GO:0006639","acylglycerol metabolic process",119,12,13.4,1
"GO:1901800","positive regulation of proteasomal protein catabolic process",109,15,12.27,1
"GO:0051960","regulation of nervous system development",341,50,38.39,1
"GO:0051961","negative regulation of nervous system development",100,16,11.26,1
"GO:0051962","positive regulation of nervous system development",213,34,23.98,1
"GO:0014706","striated muscle tissue development",260,27,29.27,1
"GO:0051952","regulation of amine transport",66,15,7.43,1
"GO:0051953","negative regulation of amine transport",21,5,2.36,1
"GO:0030193","regulation of blood coagulation",65,5,7.32,1
"GO:0051954","positive regulation of amine transport",32,6,3.6,1
"GO:0051955","regulation of amino acid transport",33,5,3.71,1
"GO:0010182","sugar mediated signaling pathway",10,1,1.13,1
"GO:0043954","cellular component maintenance",79,15,8.89,1
"GO:0051984","positive regulation of chromosome segregation",28,2,3.15,1
"GO:0051985","negative regulation of chromosome segregation",61,4,6.87,1
"GO:0009595","detection of biotic stimulus",38,2,4.28,1
"GO:0002886","regulation of myeloid leukocyte mediated immunity",47,7,5.29,1
"GO:0014896","muscle hypertrophy",82,12,9.23,1
"GO:0014897","striated muscle hypertrophy",80,12,9.01,1
"GO:0002889","regulation of immunoglobulin mediated immune response",39,3,4.39,1
"GO:0051926","negative regulation of calcium ion transport",47,4,5.29,1
"GO:0043921","host-mediated perturbation of viral transcription",28,2,3.15,1
"GO:0098542","defense response to other organism",1061,109,119.44,1
"GO:1902946","protein localization to early endosome",13,1,1.46,1
"GO:0002820","negative regulation of adaptive immune response",63,5,7.09,1
"GO:0070341","fat cell proliferation",17,2,1.91,1
"GO:0042592","homeostatic process",1454,182,163.68,1
"GO:0002823","negative regulation of adaptive immune response based on somatic recombination of immune receptors built from immunoglobulin superfamily domains",60,5,6.75,1
"GO:0002824","positive regulation of adaptive immune response based on somatic recombination of immune receptors built from immunoglobulin superfamily domains",98,10,11.03,1
"GO:0002825","regulation of T-helper 1 type immune response",34,1,3.83,1
"GO:0042596","fear response",21,5,2.36,1
"GO:0051917","regulation of fibrinolysis",17,1,1.91,1
"GO:0002828","regulation of type 2 immune response",24,3,2.7,1
"GO:1902930","regulation of alcohol biosynthetic process",49,9,5.52,1
"GO:0098534","centriole assembly",50,5,5.63,1
"GO:0045761","regulation of adenylate cyclase activity",31,4,3.49,1
"GO:1901568","fatty acid derivative metabolic process",80,14,9.01,1
"GO:0002819","regulation of adaptive immune response",183,18,20.6,1
"GO:0140962","multicellular organismal-level chemical homeostasis",65,5,7.32,1
"GO:0140966","piRNA-mediated heterochromatin formation",16,1,1.8,1
"GO:1901550","regulation of endothelial cell development",17,3,1.91,1
"GO:0051931","regulation of sensory perception",17,6,1.91,1
"GO:0014855","striated muscle cell proliferation",51,5,5.74,1
"GO:0048066","developmental pigmentation",34,2,3.83,1
"GO:0014856","skeletal muscle cell proliferation",15,2,1.69,1
"GO:0014857","regulation of skeletal muscle cell proliferation",12,2,1.35,1
"GO:0051937","catecholamine transport",52,12,5.85,1
"GO:0009581","detection of external stimulus",113,16,12.72,1
"GO:0043933","protein-containing complex organization",1778,222,200.16,1
"GO:0009583","detection of light stimulus",53,9,5.97,1
"GO:0002832","negative regulation of response to biotic stimulus",120,13,13.51,1
"GO:0002833","positive regulation of response to biotic stimulus",402,41,45.25,1
"GO:0061383","trabecula morphogenesis",28,2,3.15,1
"GO:0002834","regulation of response to tumor cell",32,4,3.6,1
"GO:0002835","negative regulation of response to tumor cell",11,1,1.24,1
"GO:0002836","positive regulation of response to tumor cell",17,3,1.91,1
"GO:0002837","regulation of immune response to tumor cell",31,4,3.49,1
"GO:0061387","regulation of extent of cell growth",78,14,8.78,1
"GO:0014887","cardiac muscle adaptation",19,1,2.14,1
"GO:0014888","striated muscle adaptation",34,2,3.83,1
"GO:0061371","determination of heart left/right asymmetry",46,7,5.18,1
"GO:0070302","regulation of stress-activated protein kinase signaling cascade",33,3,3.71,1
"GO:0070304","positive regulation of stress-activated protein kinase signaling cascade",18,1,2.03,1
"GO:0042558","pteridine-containing compound metabolic process",33,3,3.71,1
"GO:0042559","pteridine-containing compound biosynthetic process",15,1,1.69,1
"GO:0019068","virion assembly",34,2,3.83,1
"GO:0051904","pigment granule transport",19,5,2.14,1
"GO:0051905","establishment of pigment granule localization",20,5,2.25,1
"GO:0071941","nitrogen cycle metabolic process",13,2,1.46,1
"GO:0019058","viral life cycle",279,22,31.41,1
"GO:0019080","viral gene expression",79,11,8.89,1
"GO:0061318","renal filtration cell differentiation",16,2,1.8,1
"GO:0098698","postsynaptic specialization assembly",36,6,4.05,1
"GO:0014841","skeletal muscle satellite cell proliferation",13,2,1.46,1
"GO:0019079","viral genome replication",107,7,12.05,1
"GO:1901532","regulation of hematopoietic progenitor cell differentiation",34,1,3.83,1
"GO:0061333","renal tubule morphogenesis",52,3,5.85,1
"GO:0045738","negative regulation of DNA repair",39,2,4.39,1
"GO:0048048","embryonic eye morphogenesis",26,3,2.93,1
"GO:0061339","establishment or maintenance of monopolar cell polarity",15,4,1.69,1
"GO:0030101","natural killer cell activation",84,9,9.46,1
"GO:0042542","response to hydrogen peroxide",79,5,8.89,1
"GO:0071900","regulation of protein serine/threonine kinase activity",105,12,11.82,1
"GO:0071901","negative regulation of protein serine/threonine kinase activity",29,1,3.26,1
"GO:0090199","regulation of release of cytochrome c from mitochondria",40,5,4.5,1
"GO:2000403","positive regulation of lymphocyte migration",38,6,4.28,1
"GO:0098657","import into cell",948,137,106.72,1
"GO:0098659","inorganic cation import across plasma membrane",134,20,15.08,1
"GO:1901503","ether biosynthetic process",13,3,1.46,1
"GO:0008064","regulation of actin polymerization or depolymerization",131,15,14.75,1
"GO:0061307","cardiac neural crest cell differentiation involved in heart development",10,1,1.13,1
"GO:0061308","cardiac neural crest cell development involved in heart development",10,1,1.13,1
"GO:0010256","endomembrane system organization",583,83,65.63,1
"GO:0010257","NADH dehydrogenase complex assembly",39,3,4.39,1
"GO:0048002","antigen processing and presentation of peptide antigen",65,6,7.32,1
"GO:0002562","somatic diversification of immune receptors via germline recombination within a single locus",52,3,5.85,1
"GO:0050432","catecholamine secretion",38,11,4.28,1
"GO:0050433","regulation of catecholamine secretion",36,11,4.05,1
"GO:0042509","regulation of tyrosine phosphorylation of STAT protein",34,4,3.83,1
"GO:0090181","regulation of cholesterol metabolic process",47,5,5.29,1
"GO:0010224","response to UV-B",17,1,1.91,1
"GO:1900077","negative regulation of cellular response to insulin stimulus",37,4,4.17,1
"GO:1900078","positive regulation of cellular response to insulin stimulus",21,1,2.36,1
"GO:0090189","regulation of branching involved in ureteric bud morphogenesis",19,2,2.14,1
"GO:0030261","chromosome condensation",41,1,4.62,1
"GO:0030262","apoptotic nuclear changes",24,1,2.7,1
"GO:0002573","myeloid leukocyte differentiation",195,14,21.95,1
"GO:1900024","regulation of substrate adhesion-dependent cell spreading",57,11,6.42,1
"GO:0002520","immune system development",121,11,13.62,1
"GO:0002521","leukocyte differentiation",518,43,58.31,1
"GO:0002526","acute inflammatory response",91,5,10.24,1
"GO:0042698","ovulation cycle",48,6,5.4,1
"GO:1901661","quinone metabolic process",23,5,2.59,1
"GO:1901663","quinone biosynthetic process",19,4,2.14,1
"GO:2000155","positive regulation of cilium-dependent cell motility",14,4,1.58,1
"GO:0009651","response to salt stress",18,1,2.03,1
"GO:0010232","vascular transport",89,9,10.02,1
"GO:0090114","COPII-coated vesicle budding",43,5,4.84,1
"GO:0032096","negative regulation of response to food",15,3,1.69,1
"GO:1900046","regulation of hemostasis",66,5,7.43,1
"GO:1900047","negative regulation of hemostasis",47,4,5.29,1
"GO:0061450","trophoblast cell migration",21,1,2.36,1
"GO:1900048","positive regulation of hemostasis",26,2,2.93,1
"GO:2000181","negative regulation of blood vessel morphogenesis",107,11,12.05,1
"GO:0061458","reproductive system development",154,16,17.34,1
"GO:0090140","regulation of mitochondrial fission",30,5,3.38,1
"GO:0030278","regulation of ossification",100,14,11.26,1
"GO:1901658","glycosyl compound catabolic process",20,2,2.25,1
"GO:0002532","production of molecular mediator involved in inflammatory response",87,11,9.79,1
"GO:0002534","cytokine production involved in inflammatory response",65,11,7.32,1
"GO:1904356","regulation of telomere maintenance via telomere lengthening",55,7,6.19,1
"GO:2000177","regulation of neural precursor cell proliferation",57,6,6.42,1
"GO:1904357","negative regulation of telomere maintenance via telomere lengthening",31,4,3.49,1
"GO:0090130","tissue migration",87,10,9.79,1
"GO:1904358","positive regulation of telomere maintenance via telomere lengthening",26,2,2.93,1
"GO:0090132","epithelium migration",83,10,9.34,1
"GO:0022613","ribonucleoprotein complex biogenesis",497,27,55.95,1
"GO:0022616","DNA strand elongation",37,2,4.17,1
"GO:0030212","hyaluronan metabolic process",34,2,3.83,1
"GO:0009620","response to fungus",56,6,6.3,1
"GO:0045822","negative regulation of heart contraction",18,1,2.03,1
"GO:0045823","positive regulation of heart contraction",34,4,3.83,1
"GO:1901623","regulation of lymphocyte chemotaxis",21,4,2.36,1
"GO:1904375","regulation of protein localization to cell periphery",151,32,17,1
"GO:0002501","peptide antigen assembly with MHC protein complex",19,2,2.14,1
"GO:2000142","regulation of DNA-templated transcription initiation",88,3,9.91,1
"GO:2000143","negative regulation of DNA-templated transcription initiation",14,1,1.58,1
"GO:0002504","antigen processing and presentation of peptide or polysaccharide antigen via MHC class II",32,2,3.6,1
"GO:2000144","positive regulation of DNA-templated transcription initiation",71,2,7.99,1
"GO:0002507","tolerance induction",28,1,3.15,1
"GO:2000147","positive regulation of cell motility",554,72,62.37,1
"GO:0090100","positive regulation of transmembrane receptor protein serine/threonine kinase signaling pathway",94,9,10.58,1
"GO:0061440","kidney vasculature development",29,4,3.26,1
"GO:0045841","negative regulation of mitotic metaphase/anaphase transition",58,4,6.53,1
"GO:0009649","entrainment of circadian clock",26,3,2.93,1
"GO:0090109","regulation of cell-substrate junction assembly",65,8,7.32,1
"GO:0070192","chromosome organization involved in meiotic cell cycle",46,3,5.18,1
"GO:0070193","synaptonemal complex organization",19,2,2.14,1
"GO:0061448","connective tissue development",193,20,21.73,1
"GO:0070199","establishment of protein localization to chromosome",21,3,2.36,1
"GO:1901632","regulation of synaptic vesicle membrane organization",21,6,2.36,1
"GO:0045833","negative regulation of lipid metabolic process",95,5,10.69,1
"GO:0045834","positive regulation of lipid metabolic process",130,15,14.63,1
"GO:1901634","positive regulation of synaptic vesicle membrane organization",15,5,1.69,1
"GO:0045837","negative regulation of membrane potential",11,1,1.24,1
"GO:0061437","renal system vasculature development",29,4,3.26,1
"GO:0045839","negative regulation of mitotic nuclear division",64,4,7.2,1
"GO:1905952","regulation of lipid localization",152,15,17.11,1
"GO:1905953","negative regulation of lipid localization",54,4,6.08,1
"GO:0099084","postsynaptic specialization organization",57,9,6.42,1
"GO:1905954","positive regulation of lipid localization",92,9,10.36,1
"GO:0030201","heparan sulfate proteoglycan metabolic process",45,8,5.07,1
"GO:0030202","heparin proteoglycan metabolic process",15,1,1.69,1
"GO:0030203","glycosaminoglycan metabolic process",64,4,7.2,1
"GO:0002694","regulation of leukocyte activation",507,39,57.08,1
"GO:0002697","regulation of immune effector process",333,33,37.49,1
"GO:0042633","hair cycle",55,3,6.19,1
"GO:2000106","regulation of leukocyte apoptotic process",62,8,6.98,1
"GO:0070167","regulation of biomineral tissue development",87,9,9.79,1
"GO:0070169","positive regulation of biomineral tissue development",47,4,5.29,1
"GO:0009605","response to external stimulus",2123,248,239,1
"GO:0009607","response to biotic stimulus",1438,155,161.88,1
"GO:0097205","renal filtration",23,5,2.59,1
"GO:1901605","alpha-amino acid metabolic process",193,31,21.73,1
"GO:1901606","alpha-amino acid catabolic process",101,20,11.37,1
"GO:1901607","alpha-amino acid biosynthetic process",56,6,6.3,1
"GO:0090266","regulation of mitotic cell cycle spindle assembly checkpoint",32,4,3.6,1
"GO:0010770","positive regulation of cell morphogenesis",37,4,4.17,1
"GO:0001101","response to acid chemical",106,18,11.93,1
"GO:0090257","regulation of muscle system process",230,30,25.89,1
"GO:0033151","V(D)J recombination",15,1,1.69,1
"GO:0002683","negative regulation of immune system process",482,51,54.26,1
"GO:0002685","regulation of leukocyte migration",200,31,22.51,1
"GO:0045598","regulation of fat cell differentiation",107,12,12.05,1
"GO:0002688","regulation of leukocyte chemotaxis",113,18,12.72,1
"GO:0010720","positive regulation of cell development",355,38,39.96,1
"GO:0002673","regulation of acute inflammatory response",39,3,4.39,1
"GO:0006991","response to sterol depletion",16,1,1.8,1
"GO:0034502","protein localization to chromosome",107,13,12.05,1
"GO:0010712","regulation of collagen metabolic process",42,4,4.73,1
"GO:0010713","negative regulation of collagen metabolic process",14,3,1.58,1
"GO:0110154","RNA decapping",27,2,3.04,1
"GO:0010714","positive regulation of collagen metabolic process",24,1,2.7,1
"GO:0110156","mRNA methylguanosine-cap decapping",23,2,2.59,1
"GO:0006996","organelle organization",3394,408,382.08,1
"GO:0010717","regulation of epithelial to mesenchymal transition",104,13,11.71,1
"GO:0090279","regulation of calcium ion import",40,7,4.5,1
"GO:0070142","synaptic vesicle budding",12,3,1.35,1
"GO:0033173","calcineurin-NFAT signaling cascade",41,7,4.62,1
"GO:0036314","response to sterol",30,5,3.38,1
"GO:0099003","vesicle-mediated transport in synapse",240,58,27.02,1
"GO:0010743","regulation of macrophage derived foam cell differentiation",33,3,3.71,1
"GO:0090224","regulation of spindle organization",47,6,5.29,1
"GO:0033121","regulation of purine nucleotide catabolic process",47,5,5.29,1
"GO:0061162","establishment of monopolar cell polarity",14,4,1.58,1
"GO:0033122","negative regulation of purine nucleotide catabolic process",15,3,1.69,1
"GO:0033123","positive regulation of purine nucleotide catabolic process",20,2,2.25,1
"GO:0036336","dendritic cell migration",29,3,3.26,1
"GO:0034694","response to prostaglandin",31,5,3.49,1
"GO:0034695","response to prostaglandin E",22,4,2.48,1
"GO:0045580","regulation of T cell differentiation",164,10,18.46,1
"GO:0033143","regulation of intracellular steroid hormone receptor signaling pathway",70,10,7.88,1
"GO:0033144","negative regulation of intracellular steroid hormone receptor signaling pathway",37,4,4.17,1
"GO:0002637","regulation of immunoglobulin production",53,3,5.97,1
"GO:0045589","regulation of regulatory T cell differentiation",42,1,4.73,1
"GO:0090231","regulation of spindle checkpoint",33,4,3.71,1
"GO:0090232","positive regulation of spindle checkpoint",21,4,2.36,1
"GO:0006956","complement activation",61,5,6.87,1
"GO:0033135","regulation of peptidyl-serine phosphorylation",30,4,3.38,1
"GO:0045576","mast cell activation",61,5,6.87,1
"GO:0097722","sperm motility",211,20,23.75,1
"GO:0006971","hypotonic response",13,2,1.46,1
"GO:2000241","regulation of reproductive process",139,11,15.65,1
"GO:0021761","limbic system development",68,14,7.66,1
"GO:0061117","negative regulation of heart growth",20,5,2.25,1
"GO:1904427","positive regulation of calcium ion transmembrane transport",53,7,5.97,1
"GO:0034650","cortisol metabolic process",14,1,1.58,1
"GO:0006921","cellular component disassembly involved in execution phase of apoptosis",26,1,2.93,1
"GO:0034654","nucleobase-containing compound biosynthetic process",4528,424,509.74,1
"GO:0034655","nucleobase-containing compound catabolic process",594,62,66.87,1
"GO:0090205","positive regulation of cholesterol metabolic process",22,3,2.48,1
"GO:0090207","regulation of triglyceride metabolic process",37,2,4.17,1
"GO:2000232","regulation of rRNA processing",18,1,2.03,1
"GO:0070293","renal absorption",33,1,3.71,1
"GO:0070296","sarcoplasmic reticulum calcium ion transport",45,10,5.07,1
"GO:0021782","glial cell development",91,14,10.24,1
"GO:0097734","extracellular exosome biogenesis",21,5,2.36,1
"GO:0044092","negative regulation of molecular function",212,26,23.87,1
"GO:0006942","regulation of striated muscle contraction",99,11,11.14,1
"GO:0044093","positive regulation of molecular function",358,47,40.3,1
"GO:0018958","phenol-containing compound metabolic process",96,17,10.81,1
"GO:0006949","syncytium formation",89,6,10.02,1
"GO:0006937","regulation of muscle contraction",162,21,18.24,1
"GO:1903053","regulation of extracellular matrix organization",62,7,6.98,1
"GO:0010866","regulation of triglyceride biosynthetic process",20,1,2.25,1
"GO:0036465","synaptic vesicle recycling",84,23,9.46,1
"GO:0097707","ferroptosis",31,12,3.49,1
"GO:0141193","nuclear receptor-mediated signaling pathway",182,23,20.49,1
"GO:0034643","establishment of mitochondrion localization, microtubule-mediated",26,5,2.93,1
"GO:0016441","post-transcriptional gene silencing",221,11,24.88,1
"GO:0010883","regulation of lipid storage",44,6,4.95,1
"GO:0016444","somatic cell DNA recombination",52,3,5.85,1
"GO:0016445","somatic diversification of immunoglobulins",54,3,6.08,1
"GO:0010885","regulation of cholesterol storage",17,1,1.91,1
"GO:0016447","somatic recombination of immunoglobulin gene segments",47,3,5.29,1
"GO:0006907","pinocytosis",23,6,2.59,1
"GO:0036480","neuron intrinsic apoptotic signaling pathway in response to oxidative stress",23,3,2.59,1
"GO:0033260","nuclear DNA replication",36,3,4.05,1
"GO:1903020","positive regulation of glycoprotein metabolic process",17,1,1.91,1
"GO:0010874","regulation of cholesterol efflux",45,2,5.07,1
"GO:0044085","cellular component biogenesis",3412,421,384.1,1
"GO:0010876","lipid localization",446,56,50.21,1
"GO:0010878","cholesterol storage",19,1,2.14,1
"GO:0044088","regulation of vacuole organization",55,10,6.19,1
"GO:0070227","lymphocyte apoptotic process",52,6,5.85,1
"GO:0070228","regulation of lymphocyte apoptotic process",39,6,4.39,1
"GO:0010827","regulation of D-glucose transmembrane transport",55,5,6.19,1
"GO:1903018","regulation of glycoprotein metabolic process",44,3,4.95,1
"GO:1903019","negative regulation of glycoprotein metabolic process",21,1,2.36,1
"GO:0010829","negative regulation of D-glucose transmembrane transport",16,1,1.8,1
"GO:0010817","regulation of hormone levels",472,62,53.14,1
"GO:0021700","developmental maturation",244,38,27.47,1
"GO:0010819","regulation of T cell chemotaxis",13,2,1.46,1
"GO:2000765","regulation of cytoplasmic translation",42,6,4.73,1
"GO:0030858","positive regulation of epithelial cell differentiation",55,3,6.19,1
"GO:1903034","regulation of response to wounding",151,19,17,1
"GO:0141187","nucleic acid biosynthetic process",4234,382,476.64,1
"GO:1903037","regulation of leukocyte cell-cell adhesion",339,22,38.16,1
"GO:0141188","nucleic acid catabolic process",419,33,47.17,1
"GO:0070230","positive regulation of lymphocyte apoptotic process",13,2,1.46,1
"GO:1903039","positive regulation of leukocyte cell-cell adhesion",240,14,27.02,1
"GO:0070231","T cell apoptotic process",33,5,3.71,1
"GO:0045661","regulation of myoblast differentiation",65,7,7.32,1
"GO:0030888","regulation of B cell proliferation",57,3,6.42,1
"GO:0010830","regulation of myotube differentiation",33,3,3.71,1
"GO:0044042","glucan metabolic process",71,4,7.99,1
"GO:0010833","telomere maintenance via telomere lengthening",73,9,8.22,1
"GO:0019395","fatty acid oxidation",96,12,10.81,1
"GO:0141176","gene silencing by piRNA-directed DNA methylation",15,1,1.69,1
"GO:0072087","renal vesicle development",14,1,1.58,1
"GO:2000780","negative regulation of double-strand break repair",37,2,4.17,1
"GO:0072088","nephron epithelium morphogenesis",51,3,5.74,1
"GO:0045652","regulation of megakaryocyte differentiation",29,1,3.26,1
"GO:0050790","regulation of catalytic activity",494,63,55.61,1
"GO:0048368","lateral mesoderm development",13,4,1.46,1
"GO:0050792","regulation of viral process",135,15,15.2,1
"GO:0050793","regulation of developmental process",2119,241,238.55,1
"GO:0050794","regulation of cellular process",10670,1254,1201.17,1
"GO:0141124","intracellular signaling cassette",1816,237,204.44,1
"GO:0072074","kidney mesenchyme development",16,1,1.8,1
"GO:0072077","renal vesicle morphogenesis",13,1,1.46,1
"GO:0072078","nephron tubule morphogenesis",49,3,5.52,1
"GO:0050798","activated T cell proliferation",38,2,4.28,1
"GO:0045682","regulation of epidermis development",45,5,5.07,1
"GO:0045684","positive regulation of epidermis development",25,2,2.81,1
"GO:0045685","regulation of glial cell differentiation",49,4,5.52,1
"GO:2000779","regulation of double-strand break repair",146,12,16.44,1
"GO:0001763","morphogenesis of a branching structure",89,10,10.02,1
"GO:0001767","establishment of lymphocyte polarity",13,1,1.46,1
"GO:0090737","telomere maintenance via telomere trimming",15,1,1.69,1
"GO:0072028","nephron morphogenesis",51,3,5.74,1
"GO:0030810","positive regulation of nucleotide biosynthetic process",15,5,1.69,1
"GO:0045670","regulation of osteoclast differentiation",59,5,6.64,1
"GO:0030811","regulation of nucleotide catabolic process",47,5,5.29,1
"GO:0030812","negative regulation of nucleotide catabolic process",15,3,1.69,1
"GO:0033233","regulation of protein sumoylation",21,2,2.36,1
"GO:0030813","positive regulation of nucleotide catabolic process",20,2,2.25,1
"GO:0033238","regulation of amine metabolic process",17,8,1.91,1
"GO:0072010","glomerular epithelium development",20,2,2.25,1
"GO:0019363","pyridine nucleotide biosynthetic process",22,5,2.48,1
"GO:0019365","pyridine nucleotide salvage",10,2,1.13,1
"GO:0035088","establishment or maintenance of apical/basal cell polarity",36,7,4.05,1
"GO:0045620","negative regulation of lymphocyte differentiation",58,3,6.53,1
"GO:0045622","regulation of T-helper cell differentiation",41,4,4.62,1
"GO:0045623","negative regulation of T-helper cell differentiation",16,2,1.8,1
"GO:1904177","regulation of adipose tissue development",26,4,2.93,1
"GO:0001783","B cell apoptotic process",16,1,1.8,1
"GO:0030832","regulation of actin filament length",134,15,15.08,1
"GO:0030834","regulation of actin filament depolymerization",54,5,6.08,1
"GO:0030835","negative regulation of actin filament depolymerization",46,5,5.18,1
"GO:0035020","regulation of Rac protein signal transduction",35,7,3.94,1
"GO:0045619","regulation of lymphocyte differentiation",188,11,21.16,1
"GO:0001775","cell activation",977,90,109.99,1
"GO:0061245","establishment or maintenance of bipolar cell polarity",36,7,4.05,1
"GO:2000736","regulation of stem cell differentiation",68,4,7.66,1
"GO:0021885","forebrain cell migration",37,9,4.17,1
"GO:0036196","zymosterol metabolic process",15,3,1.69,1
"GO:0045637","regulation of myeloid cell differentiation",177,10,19.93,1
"GO:0019320","hexose catabolic process",47,7,5.29,1
"GO:0045638","negative regulation of myeloid cell differentiation",74,4,8.33,1
"GO:0045639","positive regulation of myeloid cell differentiation",93,6,10.47,1
"GO:0050779","RNA destabilization",143,11,16.1,1
"GO:0021872","forebrain generation of neurons",47,7,5.29,1
"GO:0048332","mesoderm morphogenesis",39,3,4.39,1
"GO:0030808","regulation of nucleotide biosynthetic process",23,5,2.59,1
"GO:0072001","renal system development",228,22,25.67,1
"GO:0035036","sperm-egg recognition",33,2,3.71,1
"GO:0072006","nephron development",120,12,13.51,1
"GO:0019318","hexose metabolic process",197,25,22.18,1
"GO:0072009","nephron epithelium development",88,7,9.91,1
"GO:0010562","positive regulation of phosphorus metabolic process",296,42,33.32,1
"GO:0010563","negative regulation of phosphorus metabolic process",154,19,17.34,1
"GO:0016125","sterol metabolic process",145,23,16.32,1
"GO:0016126","sterol biosynthetic process",66,15,7.43,1
"GO:0001738","morphogenesis of a polarized epithelium",29,7,3.26,1
"GO:0010569","regulation of double-strand break repair via homologous recombination",81,7,9.12,1
"GO:0045604","regulation of epidermal cell differentiation",40,5,4.5,1
"GO:0008366","axon ensheathment",111,22,12.5,1
"GO:0045606","positive regulation of epidermal cell differentiation",20,2,2.25,1
"GO:0016114","terpenoid biosynthetic process",25,6,2.81,1
"GO:0050746","regulation of lipoprotein metabolic process",16,1,1.8,1
"GO:0010556","regulation of macromolecule biosynthetic process",4783,461,538.44,1
"GO:0010557","positive regulation of macromolecule biosynthetic process",2404,245,270.63,1
"GO:1900368","regulation of post-transcriptional gene silencing by regulatory ncRNA",32,4,3.6,1
"GO:1900369","negative regulation of post-transcriptional gene silencing by regulatory ncRNA",16,2,1.8,1
"GO:0030595","leukocyte chemotaxis",199,26,22.4,1
"GO:0048308","organelle inheritance",16,3,1.8,1
"GO:0010586","miRNA metabolic process",100,12,11.26,1
"GO:0033762","response to glucagon",29,2,3.26,1
"GO:0001704","formation of primary germ layer",86,6,9.68,1
"GO:0009994","oocyte differentiation",42,2,4.73,1
"GO:0001707","mesoderm formation",38,3,4.28,1
"GO:0033750","ribosome localization",13,1,1.46,1
"GO:1901990","regulation of mitotic cell cycle phase transition",319,25,35.91,1
"GO:1901991","negative regulation of mitotic cell cycle phase transition",175,15,19.7,1
"GO:1901992","positive regulation of mitotic cell cycle phase transition",80,6,9.01,1
"GO:1900370","positive regulation of post-transcriptional gene silencing by RNA",11,1,1.24,1
"GO:1900371","regulation of purine nucleotide biosynthetic process",23,5,2.59,1
"GO:0010522","regulation of calcium ion transport into cytosol",17,1,1.91,1
"GO:0150115","cell-substrate junction organization",101,11,11.37,1
"GO:0150116","regulation of cell-substrate junction organization",73,8,8.22,1
"GO:1900376","regulation of secondary metabolite biosynthetic process",18,2,2.03,1
"GO:0098916","anterograde trans-synaptic signaling",699,161,78.69,1
"GO:0150117","positive regulation of cell-substrate junction organization",32,5,3.6,1
"GO:0150118","negative regulation of cell-substrate junction organization",20,2,2.25,1
"GO:1900378","positive regulation of secondary metabolite biosynthetic process",13,1,1.46,1
"GO:1904292","regulation of ERAD pathway",25,4,2.81,1
"GO:0048499","synaptic vesicle membrane organization",34,8,3.83,1
"GO:0050708","regulation of protein secretion",236,38,26.57,1
"GO:0070741","response to interleukin-6",40,2,4.5,1
"GO:0001892","embryonic placenta development",25,2,2.81,1
"GO:0010543","regulation of platelet activation",54,4,6.08,1
"GO:0010544","negative regulation of platelet activation",17,1,1.91,1
"GO:0001895","retina homeostasis",45,5,5.07,1
"GO:0008347","glial cell migration",42,4,4.73,1
"GO:0009952","anterior/posterior pattern specification",96,5,10.81,1
"GO:1901950","dense core granule transport",10,2,1.13,1
"GO:0008334","histone mRNA metabolic process",28,2,3.15,1
"GO:0050891","multicellular organismal-level water homeostasis",38,4,4.28,1
"GO:0050896","response to stimulus",8007,941,901.38,1
"GO:0009987","cellular process",16338,1844,1839.24,1
"GO:0009988","cell-cell recognition",49,5,5.52,1
"GO:0030520","estrogen receptor signaling pathway",49,7,5.52,1
"GO:0097581","lamellipodium organization",77,17,8.67,1
"GO:1901988","negative regulation of cell cycle phase transition",250,22,28.14,1
"GO:1901989","positive regulation of cell cycle phase transition",99,8,11.14,1
"GO:0048483","autonomic nervous system development",33,2,3.71,1
"GO:0097576","vacuole fusion",13,1,1.46,1
"GO:0048486","parasympathetic nervous system development",13,1,1.46,1
"GO:1901976","regulation of cell cycle checkpoint",56,6,6.3,1
"GO:1901978","positive regulation of cell cycle checkpoint",26,4,2.93,1
"GO:0032366","intracellular sterol transport",39,4,4.39,1
"GO:0042982","amyloid precursor protein metabolic process",77,6,8.67,1
"GO:2000816","negative regulation of mitotic sister chromatid separation",58,4,6.53,1
"GO:0032350","regulation of hormone metabolic process",35,2,3.94,1
"GO:0097529","myeloid leukocyte migration",189,28,21.28,1
"GO:0032352","positive regulation of hormone metabolic process",16,1,1.8,1
"GO:0009913","epidermal cell differentiation",150,17,16.89,1
"GO:0050863","regulation of T cell activation",335,22,37.71,1
"GO:0009914","hormone transport",276,43,31.07,1
"GO:0050864","regulation of B cell activation",106,5,11.93,1
"GO:0050865","regulation of cell activation",564,43,63.49,1
"GO:0055090","acylglycerol homeostasis",43,3,4.84,1
"GO:0050868","negative regulation of T cell activation",120,8,13.51,1
"GO:0050869","negative regulation of B cell activation",25,1,2.81,1
"GO:0055092","sterol homeostasis",98,7,11.03,1
"GO:0055094","response to lipoprotein particle",31,3,3.49,1
"GO:0061718","glucose catabolic process to pyruvate",19,6,2.14,1
"GO:0050854","regulation of antigen receptor-mediated signaling pathway",71,10,7.99,1
"GO:0050856","regulation of T cell receptor signaling pathway",54,8,6.08,1
"GO:0050858","negative regulation of antigen receptor-mediated signaling pathway",44,3,4.95,1
"GO:2000831","regulation of steroid hormone secretion",22,3,2.48,1
"GO:0070897","transcription preinitiation complex assembly",71,3,7.99,1
"GO:0032370","positive regulation of lipid transport",76,5,8.56,1
"GO:0032371","regulation of sterol transport",63,2,7.09,1
"GO:0032372","negative regulation of sterol transport",22,1,2.48,1
"GO:0001823","mesonephros development",72,6,8.11,1
"GO:0032373","positive regulation of sterol transport",34,1,3.83,1
"GO:0032374","regulation of cholesterol transport",63,2,7.09,1
"GO:0032375","negative regulation of cholesterol transport",22,1,2.48,1
"GO:0050886","endocrine process",87,13,9.79,1
"GO:0032376","positive regulation of cholesterol transport",34,1,3.83,1
"GO:0097530","granulocyte migration",122,16,13.73,1
"GO:0097531","mast cell migration",12,1,1.35,1
"GO:0036293","response to decreased oxygen levels",276,36,31.07,1
"GO:0036296","response to increased oxygen levels",26,2,2.93,1
"GO:0022900","electron transport chain",120,8,13.51,1
"GO:0001816","cytokine production",762,77,85.78,1
"GO:0050878","regulation of body fluid levels",318,32,35.8,1
"GO:0021575","hindbrain morphogenesis",23,4,2.59,1
"GO:0050820","positive regulation of coagulation",28,2,3.15,1
"GO:0001841","neural tube formation",37,2,4.17,1
"GO:0090592","DNA synthesis involved in DNA replication",27,1,3.04,1
"GO:0070861","regulation of protein exit from endoplasmic reticulum",25,4,2.81,1
"GO:0010660","regulation of muscle cell apoptotic process",69,4,7.77,1
"GO:0032341","aldosterone metabolic process",12,2,1.35,1
"GO:0010661","positive regulation of muscle cell apoptotic process",22,2,2.48,1
"GO:0050812","regulation of acyl-CoA biosynthetic process",10,3,1.13,1
"GO:0010662","regulation of striated muscle cell apoptotic process",37,3,4.17,1
"GO:0010663","positive regulation of striated muscle cell apoptotic process",11,2,1.24,1
"GO:0010664","negative regulation of striated muscle cell apoptotic process",27,1,3.04,1
"GO:0010665","regulation of cardiac muscle cell apoptotic process",34,3,3.83,1
"GO:0001836","release of cytochrome c from mitochondria",52,5,5.85,1
"GO:0050817","coagulation",217,20,24.43,1
"GO:0001838","embryonic epithelial tube formation",51,2,5.74,1
"GO:0036260","RNA capping",18,1,2.03,1
"GO:0050818","regulation of coagulation",70,6,7.88,1
"GO:0055081","monoatomic anion homeostasis",13,1,1.46,1
"GO:0055086","nucleobase-containing small molecule metabolic process",648,99,72.95,1
"GO:0010657","muscle cell apoptotic process",73,5,8.22,1
"GO:0055070","copper ion homeostasis",17,1,1.91,1
"GO:0050848","regulation of calcium-mediated signaling",81,17,9.12,1
"GO:0010658","striated muscle cell apoptotic process",39,3,4.39,1
"GO:0010659","cardiac muscle cell apoptotic process",36,3,4.05,1
"GO:0021543","pallium development",124,29,13.96,1
"GO:0021544","subpallium development",12,1,1.35,1
"GO:0070884","regulation of calcineurin-NFAT signaling cascade",33,7,3.71,1
"GO:0055075","potassium ion homeostasis",30,4,3.38,1
"GO:0070887","cellular response to chemical stimulus",2014,267,226.73,1
"GO:0036257","multivesicular body organization",33,5,3.71,1
"GO:0055021","regulation of cardiac muscle tissue growth",45,6,5.07,1
"GO:0070873","regulation of glycogen metabolic process",31,3,3.49,1
"GO:0033865","nucleoside bisphosphate metabolic process",16,3,1.8,1
"GO:0070875","positive regulation of glycogen metabolic process",17,2,1.91,1
"GO:0055010","ventricular cardiac muscle tissue morphogenesis",37,1,4.17,1
"GO:0097696","cell surface receptor signaling pathway via STAT",152,14,17.11,1
"GO:0032309","icosanoid secretion",38,3,4.28,1
"GO:0007091","metaphase/anaphase transition of mitotic cell cycle",104,5,11.71,1
"GO:0010611","regulation of cardiac muscle hypertrophy",60,9,6.75,1
"GO:0050802","circadian sleep/wake cycle, sleep",20,4,2.25,1
"GO:0007093","mitotic cell cycle checkpoint signaling",140,9,15.76,1
"GO:0007094","mitotic spindle assembly checkpoint signaling",56,4,6.3,1
"GO:0002920","regulation of humoral immune response",38,2,4.28,1
"GO:0002921","negative regulation of humoral immune response",17,2,1.91,1
"GO:0033875","ribonucleoside bisphosphate metabolic process",16,3,1.8,1
"GO:0090520","sphingolipid mediated signaling pathway",18,4,2.03,1
"GO:0010640","regulation of platelet-derived growth factor receptor signaling pathway",23,2,2.59,1
"GO:0010644","cell communication by electrical coupling",32,6,3.6,1
"GO:0010647","positive regulation of cell communication",1675,222,188.56,1
"GO:0010649","regulation of cell communication by electrical coupling",16,2,1.8,1
"GO:0010632","regulation of epithelial cell migration",62,7,6.98,1
"GO:0055002","striated muscle cell development",124,18,13.96,1
"GO:0021695","cerebellar cortex development",31,5,3.49,1
"GO:0021696","cerebellar cortex morphogenesis",20,3,2.25,1
"GO:0055006","cardiac cell development",69,10,7.77,1
"GO:0001562","response to protozoan",16,2,1.8,1
"GO:0010604","positive regulation of macromolecule metabolic process",2988,316,336.37,1
"GO:0007088","regulation of mitotic nuclear division",119,7,13.4,1
"GO:0010608","post-transcriptional regulation of gene expression",666,58,74.97,1
"GO:0030641","regulation of cellular pH",96,17,10.81,1
"GO:2000514","regulation of CD4-positive, alpha-beta T cell activation",67,7,7.54,1
"GO:2000515","negative regulation of CD4-positive, alpha-beta T cell activation",29,2,3.26,1
"GO:0001573","ganglioside metabolic process",25,4,2.81,1
"GO:0019184","nonribosomal peptide biosynthetic process",14,1,1.58,1
"GO:0090504","epiboly",38,5,4.28,1
"GO:0090505","epiboly involved in wound healing",37,5,4.17,1
"GO:0061842","microtubule organizing center localization",23,4,2.59,1
"GO:0001522","pseudouridine synthesis",18,1,2.03,1
"GO:0007017","microtubule-based process",991,121,111.56,1
"GO:0007019","microtubule depolymerization",45,2,5.07,1
"GO:0048145","regulation of fibroblast proliferation",60,10,6.75,1
"GO:0007049","cell cycle",1572,150,176.97,1
"GO:0021675","nerve development",57,14,6.42,1
"GO:1904738","vascular associated smooth muscle cell migration",28,2,3.15,1
"GO:0032410","negative regulation of transporter activity",22,2,2.48,1
"GO:0031099","regeneration",136,18,15.31,1
"GO:0032411","positive regulation of transporter activity",33,4,3.71,1
"GO:0007033","vacuole organization",229,39,25.78,1
"GO:0032413","negative regulation of ion transmembrane transporter activity",21,2,2.36,1
"GO:1903365","regulation of fear response",12,4,1.35,1
"GO:0007039","protein catabolic process in the vacuole",26,5,2.93,1
"GO:0040012","regulation of locomotion",987,130,111.11,1
"GO:0040013","negative regulation of locomotion",310,47,34.9,1
"GO:1903350","response to dopamine",51,14,5.74,1
"GO:0001539","cilium or flagellum-dependent cell motility",231,23,26,1
"GO:0014902","myotube differentiation",125,11,14.07,1
"GO:0014904","myotube cell development",23,4,2.59,1
"GO:0000096","sulfur amino acid metabolic process",33,1,3.71,1
"GO:0008150","biological_process",16780,1889,1889,1
"GO:0008152","metabolic process",10542,1108,1186.76,1
"GO:1904705","regulation of vascular associated smooth muscle cell proliferation",61,5,6.87,1
"GO:0007000","nucleolus organization",13,1,1.46,1
"GO:1900151","regulation of nuclear-transcribed mRNA catabolic process, deadenylation-dependent decay",25,5,2.81,1
"GO:0072393","microtubule anchoring at microtubule organizing center",14,1,1.58,1
"GO:1903376","regulation of oxidative stress-induced neuron intrinsic apoptotic signaling pathway",21,3,2.36,1
"GO:0070570","regulation of neuron projection regeneration",19,7,2.14,1
"GO:0007008","outer mitochondrial membrane organization",14,4,1.58,1
"GO:1903320","regulation of protein modification by small protein conjugation or removal",210,30,23.64,1
"GO:0044380","protein localization to cytoskeleton",62,6,6.98,1
"GO:1903321","negative regulation of protein modification by small protein conjugation or removal",80,10,9.01,1
"GO:1903322","positive regulation of protein modification by small protein conjugation or removal",116,17,13.06,1
"GO:0052372","modulation by symbiont of entry into host",25,2,2.81,1
"GO:0033559","unsaturated fatty acid metabolic process",108,10,12.16,1
"GO:1903311","regulation of mRNA metabolic process",355,33,39.96,1
"GO:0032401","establishment of melanosome localization",20,5,2.25,1
"GO:1903312","negative regulation of mRNA metabolic process",115,13,12.95,1
"GO:1903313","positive regulation of mRNA metabolic process",162,13,18.24,1
"GO:0090685","RNA localization to nucleus",19,2,2.14,1
"GO:1903317","regulation of protein maturation",52,1,5.85,1
"GO:1903319","positive regulation of protein maturation",25,1,2.81,1
"GO:1904892","regulation of receptor signaling pathway via STAT",88,8,9.91,1
"GO:1904893","negative regulation of receptor signaling pathway via STAT",30,3,3.38,1
"GO:1904896","ESCRT complex disassembly",10,2,1.13,1
"GO:0031076","embryonic camera-type eye development",19,3,2.14,1
"GO:0040007","growth",606,94,68.22,1
"GO:0090670","RNA localization to Cajal body",19,2,2.14,1
"GO:0090671","telomerase RNA localization to Cajal body",19,2,2.14,1
"GO:0044321","response to leptin",21,2,2.36,1
"GO:0090672","telomerase RNA localization",19,2,2.14,1
"GO:0000075","cell cycle checkpoint signaling",191,14,21.5,1
"GO:0031018","endocrine pancreas development",31,3,3.49,1
"GO:2000659","regulation of interleukin-1-mediated signaling pathway",14,1,1.58,1
"GO:0000022","mitotic spindle elongation",12,3,1.35,1
"GO:1904867","protein localization to Cajal body",12,3,1.35,1
"GO:0031047","regulatory ncRNA-mediated gene silencing",283,16,31.86,1
"GO:1904869","regulation of protein localization to Cajal body",10,3,1.13,1
"GO:0050691","regulation of defense response to virus by host",41,3,4.62,1
"GO:0104004","cellular response to environmental stimulus",308,30,34.67,1
"GO:0072376","protein activation cascade",28,1,3.15,1
"GO:0045980","negative regulation of nucleotide metabolic process",23,4,2.59,1
"GO:0045981","positive regulation of nucleotide metabolic process",37,7,4.17,1
"GO:0048259","regulation of receptor-mediated endocytosis",119,12,13.4,1
"GO:1903305","regulation of regulated secretory pathway",115,18,12.95,1
"GO:0001667","ameboidal-type cell migration",193,23,21.73,1
"GO:1903307","positive regulation of regulated secretory pathway",44,6,4.95,1
"GO:0061572","actin filament bundle organization",158,26,17.79,1
"GO:0048285","organelle fission",463,39,52.12,1
"GO:0061577","calcium ion transmembrane transport via high voltage-gated calcium channel",18,3,2.03,1
"GO:2000628","regulation of miRNA metabolic process",84,12,9.46,1
"GO:2000629","negative regulation of miRNA metabolic process",29,4,3.26,1
"GO:0070509","calcium ion import",73,11,8.22,1
"GO:0072311","glomerular epithelial cell differentiation",17,2,1.91,1
"GO:0001654","eye development",258,35,29.04,1
"GO:0001655","urogenital system development",29,3,3.26,1
"GO:0045922","negative regulation of fatty acid metabolic process",36,2,4.05,1
"GO:0045923","positive regulation of fatty acid metabolic process",36,4,4.05,1
"GO:0045926","negative regulation of growth",183,23,20.6,1
"GO:0045927","positive regulation of growth",198,24,22.29,1
"GO:1900101","regulation of endoplasmic reticulum unfolded protein response",38,3,4.28,1
"GO:0045910","negative regulation of DNA recombination",44,2,4.95,1
"GO:0045911","positive regulation of DNA recombination",65,6,7.32,1
"GO:0045913","positive regulation of carbohydrate metabolic process",72,8,8.11,1
"GO:0072331","signal transduction by p53 class mediator",166,14,18.69,1
"GO:0072332","intrinsic apoptotic signaling pathway by p53 class mediator",67,5,7.54,1
"GO:0050657","nucleic acid transport",157,16,17.67,1
"GO:2000630","positive regulation of miRNA metabolic process",61,8,6.87,1
"GO:0045940","positive regulation of steroid metabolic process",37,5,4.17,1
"GO:0035313","wound healing, spreading of epidermal cells",23,2,2.59,1
"GO:0050684","regulation of mRNA processing",134,9,15.08,1
"GO:0050685","positive regulation of mRNA processing",18,1,2.03,1
"GO:0050688","regulation of defense response to virus",58,4,6.53,1
"GO:0045932","negative regulation of muscle contraction",18,1,2.03,1
"GO:0048243","norepinephrine secretion",11,1,1.24,1
"GO:0008298","intracellular mRNA localization",18,1,2.03,1
"GO:0050670","regulation of lymphocyte proliferation",193,15,21.73,1
"GO:0008299","isoprenoid biosynthetic process",31,6,3.49,1
"GO:0045939","negative regulation of steroid metabolic process",27,2,3.04,1
"GO:0050672","negative regulation of lymphocyte proliferation",70,5,7.88,1
"GO:0019222","regulation of metabolic process",5938,609,668.47,1
"GO:0050673","epithelial cell proliferation",299,31,33.66,1
"GO:0050678","regulation of epithelial cell proliferation",257,27,28.93,1
"GO:0048232","male gamete generation",585,39,65.86,1
"GO:0035330","regulation of hippo signaling",46,6,5.18,1
"GO:0099173","postsynapse organization",234,36,26.34,1
"GO:0099177","regulation of trans-synaptic signaling",470,96,52.91,1
"GO:0019217","regulation of fatty acid metabolic process",90,8,10.13,1
"GO:0019218","regulation of steroid metabolic process",94,9,10.58,1
"GO:0070661","leukocyte proliferation",254,21,28.59,1
"GO:0019219","regulation of nucleobase-containing compound metabolic process",3703,354,416.86,1
"GO:0070663","regulation of leukocyte proliferation",218,16,24.54,1
"GO:0070664","negative regulation of leukocyte proliferation",79,5,8.89,1
"GO:0099111","microtubule-based transport",213,39,23.98,1
"GO:0099116","tRNA 5'-end processing",16,1,1.8,1
"GO:0005980","glycogen catabolic process",27,1,3.04,1
"GO:0099118","microtubule-based protein transport",23,6,2.59,1
"GO:0048207","vesicle targeting, rough ER to cis-Golgi",26,4,2.93,1
"GO:0060055","angiogenesis involved in wound healing",23,1,2.59,1
"GO:0072497","mesenchymal stem cell differentiation",13,1,1.46,1
"GO:0070670","response to interleukin-4",28,1,3.15,1
"GO:0070671","response to interleukin-12",12,1,1.35,1
"GO:0070672","response to interleukin-15",10,1,1.13,1
"GO:0005976","polysaccharide metabolic process",88,6,9.91,1
"GO:0005977","glycogen metabolic process",70,4,7.88,1
"GO:0060080","inhibitory postsynaptic potential",19,3,2.14,1
"GO:0005978","glycogen biosynthetic process",39,3,4.39,1
"GO:2001057","reactive nitrogen species metabolic process",78,10,8.78,1
"GO:1902099","regulation of metaphase/anaphase transition of cell cycle",103,5,11.6,1
"GO:0032102","negative regulation of response to external stimulus",367,48,41.31,1
"GO:0032108","negative regulation of response to nutrient levels",15,3,1.69,1
"GO:0070613","regulation of protein processing",48,1,5.4,1
"GO:0033687","osteoblast proliferation",24,1,2.7,1
"GO:0048799","animal organ maturation",22,2,2.48,1
"GO:0023051","regulation of signaling",3317,460,373.41,1
"GO:0023052","signaling",5972,793,672.29,1
"GO:1900225","regulation of NLRP3 inflammasome complex assembly",47,8,5.29,1
"GO:0023056","positive regulation of signaling",1677,227,188.79,1
"GO:0051098","regulation of binding",84,9,9.46,1
"GO:0023058","adaptation of signaling pathway",20,3,2.25,1
"GO:0008212","mineralocorticoid metabolic process",13,2,1.46,1
"GO:0008213","protein alkylation",43,5,4.84,1
"GO:0033674","positive regulation of kinase activity",125,17,14.07,1
"GO:0043094","metabolic compound salvage",46,4,5.18,1
"GO:0070647","protein modification by small protein conjugation or removal",880,127,99.07,1
"GO:0044419","biological process involved in interspecies interaction between organisms",1559,160,175.5,1
"GO:0033622","integrin activation",26,3,2.93,1
"GO:2001026","regulation of endothelial cell chemotaxis",21,1,2.36,1
"GO:0000097","sulfur amino acid biosynthetic process",16,0,1.8,1
"GO:0000098","sulfur amino acid catabolic process",12,0,1.35,1
"GO:0000212","meiotic spindle organization",15,0,1.69,1
"GO:0000395","mRNA 5'-splice site recognition",12,0,1.35,1
"GO:0000425","pexophagy",16,0,1.8,1
"GO:0000712","resolution of meiotic recombination intermediates",15,0,1.69,1
"GO:0000722","telomere maintenance via recombination",15,0,1.69,1
"GO:0000727","double-strand break repair via break-induced replication",12,0,1.35,1
"GO:0000731","DNA synthesis involved in DNA repair",16,0,1.8,1
"GO:0000963","mitochondrial RNA processing",30,0,3.38,1
"GO:0001188","RNA polymerase I preinitiation complex assembly",10,0,1.13,1
"GO:0001731","formation of translation preinitiation complex",14,0,1.58,1
"GO:0001732","formation of cytoplasmic translation initiation complex",15,0,1.69,1
"GO:0001756","somitogenesis",22,0,2.48,1
"GO:0001773","myeloid dendritic cell activation",16,0,1.8,1
"GO:0001821","histamine secretion",10,0,1.13,1
"GO:0001825","blastocyst formation",13,0,1.46,1
"GO:0001866","NK T cell proliferation",11,0,1.24,1
"GO:0001945","lymph vessel development",22,0,2.48,1
"GO:0001946","lymphangiogenesis",13,0,1.46,1
"GO:0001958","endochondral ossification",11,0,1.24,1
"GO:0002052","positive regulation of neuroblast proliferation",13,0,1.46,1
"GO:0002093","auditory receptor cell morphogenesis",10,0,1.13,1
"GO:0002468","dendritic cell antigen processing and presentation",14,0,1.58,1
"GO:0002517","T cell tolerance induction",14,0,1.58,1
"GO:0002524","hypersensitivity",14,0,1.58,1
"GO:0002544","chronic inflammatory response",13,0,1.46,1
"GO:0002566","somatic diversification of immune receptors via somatic mutation",10,0,1.13,1
"GO:0002577","regulation of antigen processing and presentation",21,0,2.36,1
"GO:0002604","regulation of dendritic cell antigen processing and presentation",10,0,1.13,1
"GO:0002643","regulation of tolerance induction",16,0,1.8,1
"GO:0002664","regulation of T cell tolerance induction",12,0,1.35,1
"GO:0002679","respiratory burst involved in defense response",11,0,1.24,1
"GO:0002765","immune response-inhibiting signal transduction",24,0,2.7,1
"GO:0002767","immune response-inhibiting cell surface receptor signaling pathway",23,0,2.59,1
"GO:0002826","negative regulation of T-helper 1 type immune response",15,0,1.69,1
"GO:0002922","positive regulation of humoral immune response",16,0,1.8,1
"GO:0003163","sinoatrial node development",11,0,1.24,1
"GO:0003188","heart valve formation",14,0,1.58,1
"GO:0003207","cardiac chamber formation",10,0,1.13,1
"GO:0003215","cardiac right ventricle morphogenesis",15,0,1.69,1
"GO:0006004","fucose metabolic process",17,0,1.91,1
"GO:0006012","galactose metabolic process",12,0,1.35,1
"GO:0006089","lactate metabolic process",13,0,1.46,1
"GO:0006171","cAMP biosynthetic process",13,0,1.46,1
"GO:0006183","GTP biosynthetic process",10,0,1.13,1
"GO:0006198","cAMP catabolic process",10,0,1.13,1
"GO:0006213","pyrimidine nucleoside metabolic process",13,0,1.46,1
"GO:0006222","UMP biosynthetic process",11,0,1.24,1
"GO:0006241","CTP biosynthetic process",13,0,1.46,1
"GO:0006265","DNA topological change",10,0,1.13,1
"GO:0006285","base-excision repair, AP site formation",12,0,1.35,1
"GO:0006298","mismatch repair",32,0,3.6,1
"GO:0006312","mitotic recombination",26,0,2.93,1
"GO:0006353","DNA-templated transcription termination",46,0,5.18,1
"GO:0006361","transcription initiation at RNA polymerase I promoter",25,0,2.81,1
"GO:0006362","transcription elongation by RNA polymerase I",13,0,1.46,1
"GO:0006363","termination of RNA polymerase I transcription",15,0,1.69,1
"GO:0006369","termination of RNA polymerase II transcription",13,0,1.46,1
"GO:0006384","transcription initiation at RNA polymerase III promoter",26,0,2.93,1
"GO:0006386","termination of RNA polymerase III transcription",17,0,1.91,1
"GO:0006390","mitochondrial transcription",18,0,2.03,1
"GO:0006458","'de novo' protein folding",11,0,1.24,1
"GO:0006488","dolichol-linked oligosaccharide biosynthetic process",20,0,2.25,1
"GO:0006521","regulation of amino acid metabolic process",11,0,1.24,1
"GO:0006534","cysteine metabolic process",10,0,1.13,1
"GO:0006544","glycine metabolic process",10,0,1.13,1
"GO:0006702","androgen biosynthetic process",12,0,1.35,1
"GO:0006703","estrogen biosynthetic process",12,0,1.35,1
"GO:0007084","mitotic nuclear membrane reassembly",10,0,1.13,1
"GO:0007096","regulation of exit from mitosis",15,0,1.69,1
"GO:0007175","negative regulation of epidermal growth factor-activated receptor activity",10,0,1.13,1
"GO:0007190","activation of adenylate cyclase activity",16,0,1.8,1
"GO:0007342","fusion of sperm to egg plasma membrane involved in single fertilization",25,0,2.81,1
"GO:0007343","egg activation",10,0,1.13,1
"GO:0007597","blood coagulation, intrinsic pathway",13,0,1.46,1
"GO:0008228","opsonization",22,0,2.48,1
"GO:0009070","serine family amino acid biosynthetic process",12,0,1.35,1
"GO:0009148","pyrimidine nucleoside triphosphate biosynthetic process",17,0,1.91,1
"GO:0009176","pyrimidine deoxyribonucleoside monophosphate metabolic process",14,0,1.58,1
"GO:0009209","pyrimidine ribonucleoside triphosphate biosynthetic process",14,0,1.58,1
"GO:0009214","cyclic nucleotide catabolic process",16,0,1.8,1
"GO:0009235","cobalamin metabolic process",10,0,1.13,1
"GO:0009304","tRNA transcription",12,0,1.35,1
"GO:0009313","oligosaccharide catabolic process",12,0,1.35,1
"GO:0009954","proximal/distal pattern formation",12,0,1.35,1
"GO:0010225","response to UV-C",10,0,1.13,1
"GO:0010273","detoxification of copper ion",12,0,1.35,1
"GO:0010466","negative regulation of peptidase activity",11,0,1.24,1
"GO:0010587","miRNA catabolic process",16,0,1.8,1
"GO:0010612","regulation of cardiac muscle adaptation",13,0,1.46,1
"GO:0010755","regulation of plasminogen activation",17,0,1.91,1
"GO:0010955","negative regulation of protein processing",18,0,2.03,1
"GO:0010984","regulation of lipoprotein particle clearance",27,0,3.04,1
"GO:0010985","negative regulation of lipoprotein particle clearance",16,0,1.8,1
"GO:0010988","regulation of low-density lipoprotein particle clearance",19,0,2.14,1
"GO:0010989","negative regulation of low-density lipoprotein particle clearance",13,0,1.46,1
"GO:0014745","negative regulation of muscle adaptation",13,0,1.46,1
"GO:0014816","skeletal muscle satellite cell differentiation",10,0,1.13,1
"GO:0014854","response to inactivity",11,0,1.24,1
"GO:0015670","carbon dioxide transport",14,0,1.58,1
"GO:0015747","urate transport",11,0,1.24,1
"GO:0015791","polyol transmembrane transport",11,0,1.24,1
"GO:0016045","detection of bacterium",16,0,1.8,1
"GO:0016078","tRNA decay",17,0,1.91,1
"GO:0016137","glycoside metabolic process",16,0,1.8,1
"GO:0016202","regulation of striated muscle tissue development",25,0,2.81,1
"GO:0016264","gap junction assembly",18,0,2.03,1
"GO:0016338","calcium-independent cell-cell adhesion",21,0,2.36,1
"GO:0016446","somatic hypermutation of immunoglobulin genes",10,0,1.13,1
"GO:0016554","cytidine to uridine editing",11,0,1.24,1
"GO:0018126","protein hydroxylation",15,0,1.69,1
"GO:0019062","virion attachment to host cell",10,0,1.13,1
"GO:0019317","fucose catabolic process",10,0,1.13,1
"GO:0019321","pentose metabolic process",11,0,1.24,1
"GO:0019377","glycolipid catabolic process",21,0,2.36,1
"GO:0019530","taurine metabolic process",10,0,1.13,1
"GO:0019694","alkanesulfonate metabolic process",10,0,1.13,1
"GO:0019755","one-carbon compound transport",23,0,2.59,1
"GO:0019856","pyrimidine nucleobase biosynthetic process",11,0,1.24,1
"GO:0020027","hemoglobin metabolic process",12,0,1.35,1
"GO:0021535","cell migration in hindbrain",10,0,1.13,1
"GO:0021983","pituitary gland development",17,0,1.91,1
"GO:0030049","muscle filament sliding",17,0,1.91,1
"GO:0030220","platelet formation",18,0,2.03,1
"GO:0030224","monocyte differentiation",34,0,3.83,1
"GO:0030242","autophagy of peroxisome",16,0,1.8,1
"GO:0030299","intestinal cholesterol absorption",13,0,1.46,1
"GO:0030638","polyketide metabolic process",10,0,1.13,1
"GO:0030878","thyroid gland development",12,0,1.35,1
"GO:0031118","rRNA pseudouridine synthesis",10,0,1.13,1
"GO:0031125","rRNA 3'-end processing",12,0,1.35,1
"GO:0031392","regulation of prostaglandin biosynthetic process",12,0,1.35,1
"GO:0031573","mitotic intra-S DNA damage checkpoint signaling",18,0,2.03,1
"GO:0031666","positive regulation of lipopolysaccharide-mediated signaling pathway",11,0,1.24,1
"GO:0031915","positive regulation of synaptic plasticity",10,0,1.13,1
"GO:0032011","ARF protein signal transduction",21,0,2.36,1
"GO:0032012","regulation of ARF protein signal transduction",21,0,2.36,1
"GO:0032305","positive regulation of icosanoid secretion",13,0,1.46,1
"GO:0032330","regulation of chondrocyte differentiation",36,0,4.05,1
"GO:0032331","negative regulation of chondrocyte differentiation",16,0,1.8,1
"GO:0032332","positive regulation of chondrocyte differentiation",17,0,1.91,1
"GO:0032354","response to follicle-stimulating hormone",13,0,1.46,1
"GO:0032377","regulation of intracellular lipid transport",11,0,1.24,1
"GO:0032380","regulation of intracellular sterol transport",10,0,1.13,1
"GO:0032383","regulation of intracellular cholesterol transport",10,0,1.13,1
"GO:0032488","Cdc42 protein signal transduction",15,0,1.69,1
"GO:0032489","regulation of Cdc42 protein signal transduction",12,0,1.35,1
"GO:0032490","detection of molecule of bacterial origin",13,0,1.46,1
"GO:0032604","granulocyte macrophage colony-stimulating factor production",14,0,1.58,1
"GO:0032610","interleukin-1 alpha production",10,0,1.13,1
"GO:0032645","regulation of granulocyte macrophage colony-stimulating factor production",14,0,1.58,1
"GO:0032650","regulation of interleukin-1 alpha production",10,0,1.13,1
"GO:0032695","negative regulation of interleukin-12 production",14,0,1.58,1
"GO:0032700","negative regulation of interleukin-17 production",16,0,1.8,1
"GO:0032717","negative regulation of interleukin-8 production",22,0,2.48,1
"GO:0032725","positive regulation of granulocyte macrophage colony-stimulating factor production",13,0,1.46,1
"GO:0032817","regulation of natural killer cell proliferation",12,0,1.35,1
"GO:0032819","positive regulation of natural killer cell proliferation",10,0,1.13,1
"GO:0032957","inositol trisphosphate metabolic process",10,0,1.13,1
"GO:0033275","actin-myosin filament sliding",19,0,2.14,1
"GO:0033313","meiotic cell cycle checkpoint signaling",11,0,1.24,1
"GO:0033314","mitotic DNA replication checkpoint signaling",13,0,1.46,1
"GO:0033539","fatty acid beta-oxidation using acyl-CoA dehydrogenase",12,0,1.35,1
"GO:0033540","fatty acid beta-oxidation using acyl-CoA oxidase",14,0,1.58,1
"GO:0033632","regulation of cell-cell adhesion mediated by integrin",12,0,1.35,1
"GO:0033700","phospholipid efflux",12,0,1.35,1
"GO:0034080","CENP-A containing chromatin assembly",11,0,1.24,1
"GO:0034112","positive regulation of homotypic cell-cell adhesion",19,0,2.14,1
"GO:0034116","positive regulation of heterotypic cell-cell adhesion",13,0,1.46,1
"GO:0034134","toll-like receptor 2 signaling pathway",17,0,1.91,1
"GO:0034135","regulation of toll-like receptor 2 signaling pathway",12,0,1.35,1
"GO:0034145","positive regulation of toll-like receptor 4 signaling pathway",15,0,1.69,1
"GO:0034154","toll-like receptor 7 signaling pathway",11,0,1.24,1
"GO:0034384","high-density lipoprotein particle clearance",14,0,1.58,1
"GO:0034391","regulation of smooth muscle cell apoptotic process",28,0,3.15,1
"GO:0034392","negative regulation of smooth muscle cell apoptotic process",15,0,1.69,1
"GO:0034393","positive regulation of smooth muscle cell apoptotic process",12,0,1.35,1
"GO:0034501","protein localization to kinetochore",15,0,1.69,1
"GO:0034505","tooth mineralization",21,0,2.36,1
"GO:0034698","response to gonadotropin",23,0,2.59,1
"GO:0035115","embryonic forelimb morphogenesis",10,0,1.13,1
"GO:0035136","forelimb morphogenesis",12,0,1.35,1
"GO:0035425","autocrine signaling",10,0,1.13,1
"GO:0035589","G protein-coupled purinergic nucleotide receptor signaling pathway",14,0,1.58,1
"GO:0035630","bone mineralization involved in bone maturation",10,0,1.13,1
"GO:0035655","interleukin-18-mediated signaling pathway",10,0,1.13,1
"GO:0035728","response to hepatocyte growth factor",13,0,1.46,1
"GO:0035729","cellular response to hepatocyte growth factor stimulus",12,0,1.35,1
"GO:0035855","megakaryocyte development",13,0,1.46,1
"GO:0036017","response to erythropoietin",10,0,1.13,1
"GO:0036075","replacement ossification",11,0,1.24,1
"GO:0036109","alpha-linolenic acid metabolic process",10,0,1.13,1
"GO:0036158","outer dynein arm assembly",21,0,2.36,1
"GO:0036159","inner dynein arm assembly",16,0,1.8,1
"GO:0036303","lymph vessel morphogenesis",16,0,1.8,1
"GO:0036344","platelet morphogenesis",19,0,2.14,1
"GO:0036462","TRAIL-activated apoptotic signaling pathway",10,0,1.13,1
"GO:0038065","collagen-activated signaling pathway",10,0,1.13,1
"GO:0038083","peptidyl-tyrosine autophosphorylation",11,0,1.24,1
"GO:0038180","nerve growth factor signaling pathway",12,0,1.35,1
"GO:0039530","MDA-5 signaling pathway",11,0,1.24,1
"GO:0039692","single stranded viral RNA replication via double stranded DNA intermediate",14,0,1.58,1
"GO:0039694","viral RNA genome replication",23,0,2.59,1
"GO:0040020","regulation of meiotic nuclear division",21,0,2.36,1
"GO:0042104","positive regulation of activated T cell proliferation",21,0,2.36,1
"GO:0042276","error-prone translesion synthesis",12,0,1.35,1
"GO:0042354","L-fucose metabolic process",10,0,1.13,1
"GO:0042355","L-fucose catabolic process",10,0,1.13,1
"GO:0042368","vitamin D biosynthetic process",11,0,1.24,1
"GO:0042541","hemoglobin biosynthetic process",11,0,1.24,1
"GO:0042659","regulation of cell fate specification",19,0,2.14,1
"GO:0042693","muscle cell fate commitment",11,0,1.24,1
"GO:0042790","nucleolar large rRNA transcription by RNA polymerase I",30,0,3.38,1
"GO:0042797","tRNA transcription by RNA polymerase III",11,0,1.24,1
"GO:0042983","amyloid precursor protein biosynthetic process",16,0,1.8,1
"GO:0042984","regulation of amyloid precursor protein biosynthetic process",16,0,1.8,1
"GO:0042985","negative regulation of amyloid precursor protein biosynthetic process",10,0,1.13,1
"GO:0043045","epigenetic programming of gene expression",21,0,2.36,1
"GO:0043129","surfactant homeostasis",11,0,1.24,1
"GO:0043249","erythrocyte maturation",15,0,1.69,1
"GO:0043252","sodium-independent organic anion transport",16,0,1.8,1
"GO:0043335","protein unfolding",12,0,1.35,1
"GO:0043374","CD8-positive, alpha-beta T cell differentiation",24,0,2.7,1
"GO:0043379","memory T cell differentiation",10,0,1.13,1
"GO:0043380","regulation of memory T cell differentiation",10,0,1.13,1
"GO:0043584","nose development",10,0,1.13,1
"GO:0043651","linoleic acid metabolic process",19,0,2.14,1
"GO:0043923","host-mediated activation of viral transcription",17,0,1.91,1
"GO:0044346","fibroblast apoptotic process",10,0,1.13,1
"GO:0044406","adhesion of symbiont to host",14,0,1.58,1
"GO:0044598","doxorubicin metabolic process",10,0,1.13,1
"GO:0044650","adhesion of symbiont to host cell",11,0,1.24,1
"GO:0044725","epigenetic programming in the zygotic pronuclei",10,0,1.13,1
"GO:0045019","negative regulation of nitric oxide biosynthetic process",13,0,1.46,1
"GO:0045091","regulation of single stranded viral RNA replication via double stranded DNA intermediate",13,0,1.46,1
"GO:0045117","azole transmembrane transport",15,0,1.69,1
"GO:0045292","mRNA cis splicing, via spliceosome",36,0,4.05,1
"GO:0045577","regulation of B cell differentiation",25,0,2.81,1
"GO:0045579","positive regulation of B cell differentiation",12,0,1.35,1
"GO:0045590","negative regulation of regulatory T cell differentiation",19,0,2.14,1
"GO:0045649","regulation of macrophage differentiation",21,0,2.36,1
"GO:0045651","positive regulation of macrophage differentiation",14,0,1.58,1
"GO:0045653","negative regulation of megakaryocyte differentiation",13,0,1.46,1
"GO:0045655","regulation of monocyte differentiation",16,0,1.8,1
"GO:0045657","positive regulation of monocyte differentiation",10,0,1.13,1
"GO:0045686","negative regulation of glial cell differentiation",15,0,1.69,1
"GO:0045717","negative regulation of fatty acid biosynthetic process",22,0,2.48,1
"GO:0045780","positive regulation of bone resorption",14,0,1.58,1
"GO:0045835","negative regulation of meiotic nuclear division",10,0,1.13,1
"GO:0045842","positive regulation of mitotic metaphase/anaphase transition",18,0,2.03,1
"GO:0045844","positive regulation of striated muscle tissue development",13,0,1.46,1
"GO:0045869","negative regulation of single stranded viral RNA replication via double stranded DNA intermediate",10,0,1.13,1
"GO:0045906","negative regulation of vasoconstriction",12,0,1.35,1
"GO:0045917","positive regulation of complement activation",10,0,1.13,1
"GO:0046049","UMP metabolic process",16,0,1.8,1
"GO:0046051","UTP metabolic process",11,0,1.24,1
"GO:0046058","cAMP metabolic process",25,0,2.81,1
"GO:0046073","dTMP metabolic process",11,0,1.24,1
"GO:0046459","short-chain fatty acid metabolic process",14,0,1.58,1
"GO:0046479","glycosphingolipid catabolic process",19,0,2.14,1
"GO:0046580","negative regulation of Ras protein signal transduction",22,0,2.48,1
"GO:0046601","positive regulation of centriole replication",11,0,1.24,1
"GO:0046618","xenobiotic export from cell",19,0,2.14,1
"GO:0046642","negative regulation of alpha-beta T cell proliferation",12,0,1.35,1
"GO:0048025","negative regulation of mRNA splicing, via spliceosome",27,0,3.04,1
"GO:0048485","sympathetic nervous system development",17,0,1.91,1
"GO:0048636","positive regulation of muscle organ development",13,0,1.46,1
"GO:0048641","regulation of skeletal muscle tissue development",15,0,1.69,1
"GO:0048643","positive regulation of skeletal muscle tissue development",12,0,1.35,1
"GO:0048665","neuron fate specification",13,0,1.46,1
"GO:0048701","embryonic cranial skeleton morphogenesis",15,0,1.69,1
"GO:0048704","embryonic skeletal system morphogenesis",36,0,4.05,1
"GO:0048710","regulation of astrocyte differentiation",20,0,2.25,1
"GO:0048841","regulation of axon extension involved in axon guidance",11,0,1.24,1
"GO:0050650","chondroitin sulfate proteoglycan biosynthetic process",24,0,2.7,1
"GO:0050651","dermatan sulfate proteoglycan biosynthetic process",13,0,1.46,1
"GO:0050667","homocysteine metabolic process",15,0,1.69,1
"GO:0050686","negative regulation of mRNA processing",28,0,3.15,1
"GO:0050859","negative regulation of B cell receptor signaling pathway",10,0,1.13,1
"GO:0050966","detection of mechanical stimulus involved in sensory perception of pain",10,0,1.13,1
"GO:0051014","actin filament severing",17,0,1.91,1
"GO:0051290","protein heterotetramerization",16,0,1.8,1
"GO:0051307","meiotic chromosome separation",10,0,1.13,1
"GO:0051438","regulation of ubiquitin-protein transferase activity",19,0,2.14,1
"GO:0051443","positive regulation of ubiquitin-protein transferase activity",12,0,1.35,1
"GO:0051546","keratinocyte migration",18,0,2.03,1
"GO:0051547","regulation of keratinocyte migration",14,0,1.58,1
"GO:0051549","positive regulation of keratinocyte migration",12,0,1.35,1
"GO:0051608","histamine transport",13,0,1.46,1
"GO:0051764","actin crosslink formation",14,0,1.58,1
"GO:0051775","response to redox state",11,0,1.24,1
"GO:0051782","negative regulation of cell division",12,0,1.35,1
"GO:0051791","medium-chain fatty acid metabolic process",15,0,1.69,1
"GO:0052547","regulation of peptidase activity",20,0,2.25,1
"GO:0052548","regulation of endopeptidase activity",12,0,1.35,1
"GO:0060037","pharyngeal system development",23,0,2.59,1
"GO:0060045","positive regulation of cardiac muscle cell proliferation",21,0,2.36,1
"GO:0060099","regulation of phagocytosis, engulfment",14,0,1.58,1
"GO:0060100","positive regulation of phagocytosis, engulfment",12,0,1.35,1
"GO:0060221","retinal rod cell differentiation",10,0,1.13,1
"GO:0060339","negative regulation of type I interferon-mediated signaling pathway",19,0,2.14,1
"GO:0060343","trabecula formation",11,0,1.24,1
"GO:0060623","regulation of chromosome condensation",10,0,1.13,1
"GO:0061037","negative regulation of cartilage development",18,0,2.03,1
"GO:0061097","regulation of protein tyrosine kinase activity",21,0,2.36,1
"GO:0061099","negative regulation of protein tyrosine kinase activity",12,0,1.35,1
"GO:0061370","testosterone biosynthetic process",11,0,1.24,1
"GO:0061644","protein localization to CENP-A containing chromatin",12,0,1.35,1
"GO:0061687","detoxification of inorganic compound",20,0,2.25,1
"GO:0061760","antifungal innate immune response",19,0,2.14,1
"GO:0062125","regulation of mitochondrial gene expression",28,0,3.15,1
"GO:0062176","R-loop processing",10,0,1.13,1
"GO:0070106","interleukin-27-mediated signaling pathway",10,0,1.13,1
"GO:0070129","regulation of mitochondrial translation",20,0,2.25,1
"GO:0070131","positive regulation of mitochondrial translation",13,0,1.46,1
"GO:0070166","enamel mineralization",10,0,1.13,1
"GO:0070213","protein auto-ADP-ribosylation",12,0,1.35,1
"GO:0070286","axonemal dynein complex assembly",39,0,4.39,1
"GO:0070417","cellular response to cold",12,0,1.35,1
"GO:0070424","regulation of nucleotide-binding domain, leucine rich repeat containing receptor signaling pathway",14,0,1.58,1
"GO:0070475","rRNA base methylation",10,0,1.13,1
"GO:0070508","cholesterol import",10,0,1.13,1
"GO:0070673","response to interleukin-18",12,0,1.35,1
"GO:0070900","mitochondrial tRNA modification",14,0,1.58,1
"GO:0070922","RISC complex assembly",10,0,1.13,1
"GO:0071103","DNA conformation change",18,0,2.03,1
"GO:0071107","response to parathyroid hormone",11,0,1.24,1
"GO:0071166","ribonucleoprotein complex localization",11,0,1.24,1
"GO:0071225","cellular response to muramyl dipeptide",10,0,1.13,1
"GO:0071265","L-methionine biosynthetic process",11,0,1.24,1
"GO:0071351","cellular response to interleukin-18",10,0,1.13,1
"GO:0071371","cellular response to gonadotropin stimulus",17,0,1.91,1
"GO:0071372","cellular response to follicle-stimulating hormone stimulus",10,0,1.13,1
"GO:0071459","protein localization to chromosome, centromeric region",31,0,3.49,1
"GO:0071514","genomic imprinting",11,0,1.24,1
"GO:0071605","monocyte chemotactic protein-1 production",17,0,1.91,1
"GO:0071637","regulation of monocyte chemotactic protein-1 production",17,0,1.91,1
"GO:0071639","positive regulation of monocyte chemotactic protein-1 production",11,0,1.24,1
"GO:0071800","podosome assembly",11,0,1.24,1
"GO:0072017","distal tubule development",13,0,1.46,1
"GO:0072079","nephron tubule formation",15,0,1.69,1
"GO:0072160","nephron tubule epithelial cell differentiation",12,0,1.35,1
"GO:0072182","regulation of nephron tubule epithelial cell differentiation",10,0,1.13,1
"GO:0072488","ammonium transmembrane transport",11,0,1.24,1
"GO:0072567","chemokine (C-X-C motif) ligand 2 production",16,0,1.8,1
"GO:0072578","neurotransmitter-gated ion channel clustering",14,0,1.58,1
"GO:0072672","neutrophil extravasation",12,0,1.35,1
"GO:0075522","IRES-dependent viral translational initiation",11,0,1.24,1
"GO:0090051","negative regulation of cell migration involved in sprouting angiogenesis",21,0,2.36,1
"GO:0090069","regulation of ribosome biogenesis",11,0,1.24,1
"GO:0090084","negative regulation of inclusion body assembly",10,0,1.13,1
"GO:0090085","regulation of protein deubiquitination",12,0,1.35,1
"GO:0090153","regulation of sphingolipid biosynthetic process",15,0,1.69,1
"GO:0090306","meiotic spindle assembly",10,0,1.13,1
"GO:0090646","mitochondrial tRNA processing",18,0,2.03,1
"GO:0090657","telomeric loop disassembly",11,0,1.24,1
"GO:0090715","immunological memory formation process",11,0,1.24,1
"GO:0097011","cellular response to granulocyte macrophage colony-stimulating factor stimulus",10,0,1.13,1
"GO:0097012","response to granulocyte macrophage colony-stimulating factor",10,0,1.13,1
"GO:0097067","cellular response to thyroid hormone stimulus",11,0,1.24,1
"GO:0097090","presynaptic membrane organization",11,0,1.24,1
"GO:0097186","amelogenesis",15,0,1.69,1
"GO:0097254","renal tubular secretion",15,0,1.69,1
"GO:0097278","complement-dependent cytotoxicity",10,0,1.13,1
"GO:0097501","stress response to metal ion",17,0,1.91,1
"GO:0097646","calcitonin family receptor signaling pathway",12,0,1.35,1
"GO:0098543","detection of other organism",19,0,2.14,1
"GO:0098581","detection of external biotic stimulus",26,0,2.93,1
"GO:0098953","receptor diffusion trapping",11,0,1.24,1
"GO:0098970","postsynaptic neurotransmitter receptor diffusion trapping",11,0,1.24,1
"GO:0099628","neurotransmitter receptor diffusion trapping",11,0,1.24,1
"GO:0101024","mitotic nuclear membrane organization",10,0,1.13,1
"GO:0106049","regulation of cellular response to osmotic stress",11,0,1.24,1
"GO:0110025","DNA strand resection involved in replication fork processing",10,0,1.13,1
"GO:0120182","regulation of focal adhesion disassembly",11,0,1.24,1
"GO:0140052","cellular response to oxidised low-density lipoprotein particle stimulus",11,0,1.24,1
"GO:0140367","antibacterial innate immune response",16,0,1.8,1
"GO:0140673","transcription elongation-coupled chromatin remodeling",15,0,1.69,1
"GO:0140896","cGAS/STING signaling pathway",28,0,3.15,1
"GO:0141198","protein branched polyubiquitination",19,0,2.14,1
"GO:0160049","negative regulation of cGAS/STING signaling pathway",15,0,1.69,1
"GO:0160165","CD8-positive, alpha-beta T cell homeostasis",14,0,1.58,1
"GO:0180012","co-transcriptional RNA 3'-end processing, cleavage and polyadenylation pathway",11,0,1.24,1
"GO:1900103","positive regulation of endoplasmic reticulum unfolded protein response",14,0,1.58,1
"GO:1900449","regulation of glutamate receptor signaling pathway",13,0,1.46,1
"GO:1900451","positive regulation of glutamate receptor signaling pathway",10,0,1.13,1
"GO:1900864","mitochondrial RNA modification",17,0,1.91,1
"GO:1901523","icosanoid catabolic process",10,0,1.13,1
"GO:1901731","positive regulation of platelet aggregation",12,0,1.35,1
"GO:1901836","regulation of transcription of nucleolar large rRNA by RNA polymerase I",15,0,1.69,1
"GO:1901838","positive regulation of transcription of nucleolar large rRNA by RNA polymerase I",11,0,1.24,1
"GO:1901847","nicotinate metabolic process",12,0,1.35,1
"GO:1901863","positive regulation of muscle tissue development",13,0,1.46,1
"GO:1902004","positive regulation of amyloid-beta formation",20,0,2.25,1
"GO:1902036","regulation of hematopoietic stem cell differentiation",16,0,1.8,1
"GO:1902101","positive regulation of metaphase/anaphase transition of cell cycle",19,0,2.14,1
"GO:1902165","regulation of intrinsic apoptotic signaling pathway in response to DNA damage by p53 class mediator",16,0,1.8,1
"GO:1902166","negative regulation of intrinsic apoptotic signaling pathway in response to DNA damage by p53 class mediator",15,0,1.69,1
"GO:1902237","positive regulation of endoplasmic reticulum stress-induced intrinsic apoptotic signaling pathway",10,0,1.13,1
"GO:1903027","regulation of opsonization",18,0,2.03,1
"GO:1903028","positive regulation of opsonization",16,0,1.8,1
"GO:1903236","regulation of leukocyte tethering or rolling",15,0,1.69,1
"GO:1903238","positive regulation of leukocyte tethering or rolling",10,0,1.13,1
"GO:1903241","U2-type prespliceosome assembly",25,0,2.81,1
"GO:1903242","regulation of cardiac muscle hypertrophy in response to stress",13,0,1.46,1
"GO:1903318","negative regulation of protein maturation",20,0,2.25,1
"GO:1903428","positive regulation of reactive oxygen species biosynthetic process",16,0,1.8,1
"GO:1903596","regulation of gap junction assembly",10,0,1.13,1
"GO:1903897","regulation of PERK-mediated unfolded protein response",16,0,1.8,1
"GO:1903898","negative regulation of PERK-mediated unfolded protein response",12,0,1.35,1
"GO:1904321","response to forskolin",15,0,1.69,1
"GO:1904322","cellular response to forskolin",13,0,1.46,1
"GO:1904478","regulation of intestinal absorption",11,0,1.24,1
"GO:1904627","response to phorbol 13-acetate 12-myristate",11,0,1.24,1
"GO:1904666","regulation of ubiquitin protein ligase activity",10,0,1.13,1
"GO:1904994","regulation of leukocyte adhesion to vascular endothelial cell",30,0,3.38,1
"GO:1904996","positive regulation of leukocyte adhesion to vascular endothelial cell",23,0,2.59,1
"GO:1905153","regulation of membrane invagination",14,0,1.58,1
"GO:1905155","positive regulation of membrane invagination",12,0,1.35,1
"GO:1905209","positive regulation of cardiocyte differentiation",15,0,1.69,1
"GO:1905288","vascular associated smooth muscle cell apoptotic process",10,0,1.13,1
"GO:1905456","regulation of lymphoid progenitor cell differentiation",10,0,1.13,1
"GO:1905459","regulation of vascular associated smooth muscle cell apoptotic process",10,0,1.13,1
"GO:1905907","negative regulation of amyloid fibril formation",13,0,1.46,1
"GO:1990169","stress response to copper ion",12,0,1.35,1
"GO:1990961","xenobiotic detoxification by transmembrane export across the plasma membrane",16,0,1.8,1
"GO:2000035","regulation of stem cell division",11,0,1.24,1
"GO:2000105","positive regulation of DNA-templated DNA replication",11,0,1.24,1
"GO:2000193","positive regulation of fatty acid transport",16,0,1.8,1
"GO:2000197","regulation of ribonucleoprotein complex localization",10,0,1.13,1
"GO:2000291","regulation of myoblast proliferation",12,0,1.35,1
"GO:2000303","regulation of ceramide biosynthetic process",14,0,1.58,1
"GO:2000311","regulation of AMPA receptor activity",10,0,1.13,1
"GO:2000341","regulation of chemokine (C-X-C motif) ligand 2 production",16,0,1.8,1
"GO:2000353","positive regulation of endothelial cell apoptotic process",21,0,2.36,1
"GO:2000696","regulation of epithelial cell differentiation involved in kidney development",13,0,1.46,1
"GO:2000725","regulation of cardiac muscle cell differentiation",17,0,1.91,1
"GO:2000811","negative regulation of anoikis",18,0,2.03,1
"GO:2001014","regulation of skeletal muscle cell differentiation",21,0,2.36,1
"GO:2001034","positive regulation of double-strand break repair via nonhomologous end joining",17,0,1.91,1
"GO:2001224","positive regulation of neuron migration",16,0,1.8,1
"GO:2001279","regulation of unsaturated fatty acid biosynthetic process",14,0,1.58,1
"GO:2001280","positive regulation of unsaturated fatty acid biosynthetic process",10,0,1.13,1
